{"type":"FeatureCollection","features":[{"type":"Feature","geometry":{"type":"Polygon","coordinates":[[[61.45015936168273,67.11426035087958],[61.111062417169215,66.99111128514146],[61.27660613204139,66.92993878926708],[61.61560083718354,67.05274095754345],[61.45015936168273,67.11426035087958]]]},"properties":{"name":"Tree cover (2000)","source":"JRC GLC2000 v1.1","threshold":0.4}},{"type":"Feature","geometry":{"type":"Polygon","coordinates":[[[64.95967219963197,63.52114242540423],[64.50295944913778,63.346267393102835],[64.64389083846788,63.28239680698741],[64.79533891682041,63.340723347697256],[64.93564079626232,63.276581515257035],[65.08769069894373,63.33457585676627],[64.94748326700942,63.39886637087749],[65.10032647549653,63.45682457506744],[64.95967219963197,63.52114242540423]]]},"properties":{"name":"Tree cover (2000)","source":"JRC GLC2000 v1.1","threshold":0.4}},{"type":"Feature","geometry":{"type":"Polygon","coordinates":[[[64.93564079626232,63.276581515257035],[64.78428348502875,63.21840338738112],[64.64389083846788,63.28239680698741],[64.49313643007062,63.223888041735684],[64.63361620693081,63.16004276183523],[64.48363638863539,63.10150091894514],[64.76317087956272,62.973738069129595],[64.91297738549635,63.031985366222955],[64.77356223498742,63.096074966757854],[65.0754047786703,63.2123179687932],[64.93564079626232,63.276581515257035]]]},"properties":{"name":"Tree cover (2000)","source":"JRC GLC2000 v1.1","threshold":0.4}},{"type":"Feature","geometry":{"type":"Polygon","coordinates":[[[64.76317087956272,62.973738069129595],[64.61404217646499,62.915310279298154],[64.89164707608903,62.78735388365037],[65.04060139719927,62.845489230909116],[64.76317087956272,62.973738069129595]]]},"properties":{"name":"Tree cover (2000)","source":"JRC GLC2000 v1.1","threshold":0.4}},{"type":"Feature","geometry":{"type":"Polygon","coordinates":[[[53.74389550778139,67.05651910011143],[53.30273186964411,66.84794389079659],[53.484385045485794,66.7947484914978],[53.92601871442155,67.00282054279599],[53.74389550778139,67.05651910011143]]]},"properties":{"name":"Tree cover (2000)","source":"JRC GLC2000 v1.1","threshold":0.4}},{"type":"Feature","geometry":{"type":"Polygon","coordinates":[[[52.675212184223014,67.25198474344182],[52.529023420897566,67.18161811275154],[52.34288077134072,67.2338492147499],[52.19781414517379,67.16317397565902],[52.75350148547616,67.00641068195701],[52.60879213237526,66.93609790809298],[52.7924044376285,66.88363009836478],[53.083094771092014,67.0237806087377],[52.899127996805575,67.07658262804401],[53.04567844907668,67.14661235000352],[52.675212184223014,67.25198474344182]]]},"properties":{"name":"Tree cover (2000)","source":"JRC GLC2000 v1.1","threshold":0.4}},{"type":"Feature","geometry":{"type":"Polygon","coordinates":[[[51.49208439490936,67.24688608967642],[51.207815183722836,67.10385126112783],[51.58207736781765,67.00169345615267],[51.86719906318776,67.1440633344608],[51.49208439490936,67.24688608967642]]]},"properties":{"name":"Tree cover (2000)","source":"JRC GLC2000 v1.1","threshold":0.4}},{"type":"Feature","geometry":{"type":"Polygon","coordinates":[[[50.87907772845738,67.08275430461138],[50.739450170465474,67.01074287174825],[51.11424322066652,66.9096362189366],[51.25432104839439,66.98131894858491],[50.87907772845738,67.08275430461138]]]},"properties":{"name":"Tree cover (2000)","source":"JRC GLC2000 v1.1","threshold":0.4}},{"type":"Feature","geometry":{"type":"Polygon","coordinates":[[[24.880181046449355,70.37967262983621],[24.753958239897347,70.20311837148219],[25.00846989733171,70.18356078795013],[25.136693410811972,70.35993487909563],[24.880181046449355,70.37967262983621]]]},"properties":{"name":"Tree cover (2000)","source":"JRC GLC2000 v1.1","threshold":0.4}},{"type":"Feature","geometry":{"type":"Polygon","coordinates":[[[63.9552766055225,60.71892493192538],[63.82036768826219,60.659189286748024],[64.08542440388597,60.53330123406407],[64.22022675977851,60.59276668306283],[63.9552766055225,60.71892493192538]]]},"properties":{"name":"Tree cover (2000)","source":"JRC GLC2000 v1.1","threshold":0.4}},{"type":"Feature","geometry":{"type":"Polygon","coordinates":[[[19.080331897252034,69.99769029917415],[19.042277718152576,69.90785937502395],[19.80642456771925,69.87058404715825],[19.847588509237035,69.96024401611537],[19.080331897252034,69.99769029917415]]]},"properties":{"name":"Tree cover (2000)","source":"JRC GLC2000 v1.1","threshold":0.4}},{"type":"Feature","geometry":{"type":"Polygon","coordinates":[[[18.750337206321507,69.82973452931124],[18.677984187703057,69.64997570717091],[18.930173320440304,69.63837699387722],[19.004569648289728,69.81803014466121],[18.750337206321507,69.82973452931124]]]},"properties":{"name":"Tree cover (2000)","source":"JRC GLC2000 v1.1","threshold":0.4}},{"type":"Feature","geometry":{"type":"Polygon","coordinates":[[[19.76563365652553,69.78092421709482],[19.685151066090587,69.60160528414441],[19.936257872113437,69.58869140489031],[20.01875408303027,69.76789324954238],[19.76563365652553,69.78092421709482]]]},"properties":{"name":"Tree cover (2000)","source":"JRC GLC2000 v1.1","threshold":0.4}},{"type":"Feature","geometry":{"type":"Polygon","coordinates":[[[40.62262522544491,67.10732910023341],[40.408673609957184,66.94715786410978],[40.61323953448546,66.90852039110057],[40.82813314710417,67.06841396225128],[40.62262522544491,67.10732910023341]]]},"properties":{"name":"Tree cover (2000)","source":"JRC GLC2000 v1.1","threshold":0.4}},{"type":"Feature","geometry":{"type":"Polygon","coordinates":[[[28.89967561050792,68.80019260068612],[28.826099994598678,68.71360076746167],[28.591162369423188,68.73792612907242],[28.518994996478302,68.65120778084585],[28.986802692594456,68.60246486275351],[29.134932575861168,68.77546899063167],[28.89967561050792,68.80019260068612]]]},"properties":{"name":"Tree cover (2000)","source":"JRC GLC2000 v1.1","threshold":0.4}},{"type":"Feature","geometry":{"type":"Polygon","coordinates":[[[28.191019238592553,68.87258146433857],[28.119870230267395,68.78568698860771],[27.883524214261456,68.80912059473113],[27.81378438379319,68.72210510868285],[27.577798021781874,68.74514260779631],[27.509454688723746,68.65800908923279],[27.979347983322285,68.61182941349102],[28.049315534507645,68.69876952107448],[28.284387155155304,68.67513676819627],[28.42771473056194,68.84874980242205],[28.191019238592553,68.87258146433857]]]},"properties":{"name":"Tree cover (2000)","source":"JRC GLC2000 v1.1","threshold":0.4}},{"type":"Feature","geometry":{"type":"Polygon","coordinates":[[[19.81525300328702,69.31988766093211],[19.77562948359008,69.23028645635947],[19.528448615100015,69.24297236525817],[19.490134077742173,69.15331556377706],[19.98230495346907,69.1277347115425],[20.063126848568572,69.30682230664301],[19.81525300328702,69.31988766093211]]]},"properties":{"name":"Tree cover (2000)","source":"JRC GLC2000 v1.1","threshold":0.4}},{"type":"Feature","geometry":{"type":"Polygon","coordinates":[[[33.46001266322789,68.44974131289929],[33.28251908114856,68.28091143304792],[33.507888886546596,68.25074963550162],[33.33184431506593,68.08198870849016],[33.107833565025444,68.11191200898978],[32.85093398061286,67.85810469285991],[33.07293233371415,67.82853253267952],[33.24486067332978,67.99754473564357],[33.46766362984829,67.96746592928758],[33.380697349023514,67.88309815940607],[33.602305337691604,67.85286552606182],[33.689930430713304,67.9371147450695],[34.35348847035683,67.84443744508104],[34.53472214591082,68.01207723421801],[33.86725495254848,68.1054825469446],[33.95696985772943,68.18959998092463],[33.73270669960143,68.22031212419516],[33.822461751550684,68.3045065826329],[33.59696548125368,68.33506545693426],[33.686755577943366,68.4193374124419],[33.46001266322789,68.44974131289929]]]},"properties":{"name":"Tree cover (2000)","source":"JRC GLC2000 v1.1","threshold":0.4}},{"type":"Feature","geometry":{"type":"Polygon","coordinates":[[[27.037780210674118,68.70299694800205],[26.9060522017573,68.52829420986615],[27.140475337493935,68.50613557403213],[27.27383789696633,68.68065244497993],[27.037780210674118,68.70299694800205]]]},"properties":{"name":"Tree cover (2000)","source":"JRC GLC2000 v1.1","threshold":0.4}},{"type":"Feature","geometry":{"type":"Polygon","coordinates":[[[28.376446926699984,68.47769870836461],[28.236234018107623,68.30409552196669],[28.467235168050358,68.28026752716362],[28.60900707645566,68.45367415583019],[28.376446926699984,68.47769870836461]]]},"properties":{"name":"Tree cover (2000)","source":"JRC GLC2000 v1.1","threshold":0.4}},{"type":"Feature","geometry":{"type":"Polygon","coordinates":[[[31.496488851664697,69.08019567248905],[31.32793786961309,68.90931435482318],[30.858821897313316,68.96404132788903],[30.777132748036465,68.8783200565191],[29.835658440397317,68.98380538663152],[29.757785766980465,68.89761152044035],[29.521922486583474,68.92313718050706],[29.14606461766275,68.49121399920439],[28.913653988506184,68.51592379320856],[28.841106441357866,68.42935723075512],[29.534600387256727,68.3546615539467],[29.38670249650518,68.18206051335595],[29.615415918598174,68.15678959168059],[29.916673513403154,68.5014659684349],[30.147921786493647,68.47549000220884],[29.843660567862308,68.13123286145317],[30.751880610981654,68.02616674731208],[30.829941607654508,68.11185128479539],[31.056505563940682,68.08477170815036],[30.899577914522673,67.91358623121108],[31.124230906483426,67.88644264768728],[31.203087749351894,67.97194355902828],[31.652324814823633,67.9166039441915],[31.73321440941658,68.00185130171957],[31.282574483201007,68.05741119485668],[31.362698332894304,68.14284509860042],[31.13591526522231,68.17031532620602],[31.21596526037212,68.2558255922127],[31.443466629180207,68.22824480565836],[31.524886810526716,68.31360984324797],[31.752594732977546,68.28563514023566],[31.588977343273452,68.11509407152907],[31.814749129091005,68.0870632458742],[31.89693634446767,68.17223929453112],[32.12289839194913,68.14381659945151],[32.040010590211054,68.05875362737194],[32.264758693484254,68.03016622645318],[32.60312539181459,68.36973178156325],[32.830134495062914,68.34040357831074],[32.74382595237958,68.25568772991143],[32.969597722906784,68.22619871953171],[33.14430069458549,68.39535267372597],[32.91713772963377,68.42507883979361],[33.00484362583315,68.5097129608962],[33.2327077393847,68.47986686188393],[33.411673431516405,68.64876679863373],[33.64037870561338,68.61839703504288],[33.73165953118374,68.70265810182873],[33.27225872773405,68.76336280274508],[33.36285730985499,68.84782663368848],[32.6672543243539,68.93712459789909],[32.578844648844495,68.85229474419977],[32.346568735661826,68.88136752959834],[32.17338655386771,68.7113486444219],[31.942034118600347,68.73989784917681],[31.857239031802376,68.65471354810792],[31.626083106217777,68.68286011452938],[31.8803293337259,68.9386496133405],[31.646372537787183,68.96685669718705],[31.731769162059905,69.05216258277764],[31.496488851664697,69.08019567248905]],[[30.777132748036465,68.8783200565191],[31.011186687856743,68.85121569504153],[30.92940471718398,68.76557346471553],[30.696120007124684,68.79256561096534],[30.777132748036465,68.8783200565191]],[[31.24470733923808,68.82382022766686],[31.477691119540435,68.79613471752299],[31.311770566114465,68.62526924308133],[31.542718168803017,68.59752373383812],[31.460031725262358,68.51215159786112],[31.22982548109152,68.53978395488794],[30.98795719742068,68.2831237213584],[30.759445760967264,68.31013819098305],[30.838680657958612,68.39583485811559],[30.608928942962716,68.42267345287141],[30.688065660574097,68.50844718027825],[30.91856213273501,68.48149895210295],[30.999097775622243,68.5671300107777],[30.76785205724537,68.59418873355989],[30.84829581126978,68.67989765154516],[31.080295290999473,68.65272756366484],[31.24470733923808,68.82382022766686]],[[32.232361368421195,68.51257459435203],[32.461165074487695,68.4836908760357],[32.37557565164066,68.39877998245858],[32.14748829101334,68.42754711932203],[32.232361368421195,68.51257459435203]],[[31.378015908208162,68.42674420433553],[31.60696642499144,68.39893973024958],[31.524886810526716,68.31360984324797],[31.296662965925133,68.34130204229064],[31.378015908208162,68.42674420433553]]]},"properties":{"name":"Tree cover (2000)","source":"JRC GLC2000 v1.1","threshold":0.4}},{"type":"Feature","geometry":{"type":"Polygon","coordinates":[[[32.544790510946584,67.80260689751469],[32.46181713459854,67.71777156860541],[32.68299860930699,67.68870059779954],[32.600008202640225,67.60394033530568],[32.82002533018716,67.574711596683],[32.9879726180983,67.74396537966898],[32.544790510946584,67.80260689751469]]]},"properties":{"name":"Tree cover (2000)","source":"JRC GLC2000 v1.1","threshold":0.4}},{"type":"Feature","geometry":{"type":"Polygon","coordinates":[[[32.18183644421284,67.94517954129739],[32.09956699442646,67.86015574970887],[31.652324814823633,67.9166039441915],[31.492452043927152,67.74600487644071],[32.15847147913284,67.66158492001347],[32.077446818633355,67.57656320998197],[32.51765976357887,67.5191419318723],[32.600008202640225,67.60394033530568],[32.37948934361802,67.63289843756034],[32.46181713459854,67.71777156860541],[32.24013101303839,67.7465701469937],[32.405383246135564,67.91642921149405],[32.18183644421284,67.94517954129739]]]},"properties":{"name":"Tree cover (2000)","source":"JRC GLC2000 v1.1","threshold":0.4}},{"type":"Feature","geometry":{"type":"Polygon","coordinates":[[[16.143384119103928,68.83691802738308],[16.095155617587846,68.65648404308234],[16.579721884341517,68.63983969759052],[16.631727727567643,68.82012886425846],[16.143384119103928,68.83691802738308]]]},"properties":{"name":"Tree cover (2000)","source":"JRC GLC2000 v1.1","threshold":0.4}},{"type":"Feature","geometry":{"type":"Polygon","coordinates":[[[15.745613882492739,69.21364161748073],[15.722501989104448,69.1233280534412],[15.474848435899304,69.13069802604929],[15.40964026214319,68.85970045310196],[15.164757078462955,68.86665292060344],[15.185336528166797,68.9570090640225],[14.93934542875242,68.963669273002],[14.90029284782111,68.78290615945104],[14.41177571926217,68.79514969387183],[14.377196314091403,68.6143102395517],[14.61961664738592,68.60840018452262],[14.637777679699497,68.69879042145577],[14.881020578921504,68.69253560404877],[14.861914752570069,68.60217234120317],[15.588012968099523,68.58158477392145],[15.60994274103762,68.67185897871957],[15.85262688919546,68.66433035461219],[15.922431424919449,68.93509323164076],[15.676886080169965,68.94272073192519],[15.699593607314934,69.03302109773792],[15.94610919153679,69.02536005260794],[15.994095345803398,69.20591258030485],[15.745613882492739,69.21364161748073]],[[15.40964026214319,68.85970045310196],[15.654376796707352,68.85242693684044],[15.632063190968896,68.76213969262085],[15.388282347752384,68.76938162154153],[15.40964026214319,68.85970045310196]]]},"properties":{"name":"Tree cover (2000)","source":"JRC GLC2000 v1.1","threshold":0.4}},{"type":"Feature","geometry":{"type":"Polygon","coordinates":[[[15.084207727679201,68.50529905639178],[15.044962696189586,68.3246641503893],[15.76232450628503,68.3034002384071],[15.784610827757048,68.39362349609705],[15.544715747998499,68.40105580352447],[15.566271435529188,68.49131705635844],[15.084207727679201,68.50529905639178]]]},"properties":{"name":"Tree cover (2000)","source":"JRC GLC2000 v1.1","threshold":0.4}},{"type":"Feature","geometry":{"type":"Polygon","coordinates":[[[18.930173320440304,69.63837699387722],[18.893476008824234,69.54855318251364],[18.642295321683186,69.56009977440465],[18.571871385457836,69.38035509180767],[18.32243820180284,69.39147291846012],[18.356498094954745,69.48139383612114],[17.352454780765562,69.52278110038687],[17.292621225966105,69.34257387107155],[17.541963431314414,69.33280831111833],[17.51145553437214,69.24275487499753],[17.2631027859266,69.25247711511555],[17.23384525151842,69.16238494689472],[17.728380691987276,69.1427027102635],[17.697438246999717,69.05270163013574],[17.451244429053038,69.06266062489095],[17.42153424068359,68.97261983939482],[17.666766463302647,68.96270439384578],[17.606220930380676,68.78272152065402],[17.3628875912755,68.792551009166],[17.33394450389374,68.70252298538244],[17.09135373037559,68.71199322604683],[17.11935677724659,68.80206233111741],[16.875634730641067,68.81125508051463],[16.821747029202523,68.63104236570005],[16.579721884341517,68.63983969759052],[16.503375028117212,68.369445702588],[16.263946462580552,68.37781812053167],[16.239837683510142,68.28766189309138],[16.716713124125988,68.27067659061115],[16.691009060688348,68.18059755412526],[16.928296541806862,68.17167588144986],[16.981723886765614,68.35176312449768],[16.742636144654995,68.36076058527595],[16.76878090656563,68.45084954331874],[17.248597606054282,68.43246458010744],[17.220632358455553,68.34245368834272],[17.697888059316202,68.32290042272439],[17.818535153419973,68.68263242640796],[18.060522803435116,68.67221294725273],[18.09227038927913,68.76210973185304],[18.57745592836666,68.74023046707075],[18.645541471261495,68.91984267885168],[19.13354900920824,68.89649838035199],[19.169929437932332,68.98620587860187],[19.41450714843361,68.9740041169461],[19.340187883643562,68.79469593450602],[19.582642972947685,68.78228389048567],[19.54504139076669,68.69268451721112],[19.786322607949753,68.6800118804398],[19.902888909953163,68.94864595448368],[19.65882901017047,68.96148396273628],[19.6974219564457,69.05108453995447],[19.452155033715265,69.06365946101567],[19.490134077742173,69.15331556377706],[19.24365153930058,69.16562467019507],[19.28100161356357,69.25533585775808],[19.528448615100015,69.24297236525817],[19.567103055856684,69.3326298033788],[19.070000585733766,69.35714219388073],[19.14439977676336,69.53667838031181],[19.395059893227252,69.52447591073984],[19.433763552592115,69.61419122505393],[18.930173320440304,69.63837699387722]],[[17.572744313893455,69.4228659334278],[17.82286794504617,69.41272882013261],[17.791091882827946,69.32271632601675],[17.541963431314414,69.33280831111833],[17.572744313893455,69.4228659334278]],[[17.943420216486295,69.04242082790604],[18.18918392916997,69.0318186672768],[18.156597342380746,68.94191261729644],[17.911789606605705,68.9524685054402],[17.943420216486295,69.04242082790604]],[[17.88043424412452,68.86251965059729],[18.12429404264974,68.85200963010004],[18.09227038927913,68.76210973185304],[17.849350586985732,68.77257428437964],[17.88043424412452,68.86251965059729]],[[17.33394450389374,68.70252298538244],[17.576340355075693,68.69273591440262],[17.546716786391205,68.60275421334819],[17.305250584387064,68.61249923445506],[17.33394450389374,68.70252298538244]],[[16.821747029202523,68.63104236570005],[17.063591969329153,68.62192875037572],[17.0360684167935,68.53186890710569],[16.79515024144919,68.54094346901586],[16.821747029202523,68.63104236570005]],[[17.276802658637497,68.5224797639024],[17.517346954314707,68.5127764296589],[17.48822764389462,68.42280257428975],[17.248597606054282,68.43246458010744],[17.276802658637497,68.5224797639024]]]},"properties":{"name":"Tree cover (2000)","source":"JRC GLC2000 v1.1","threshold":0.4}},{"type":"Feature","geometry":{"type":"Polygon","coordinates":[[[14.583761410350917,68.42764216143797],[14.566063249192819,68.3372743042126],[14.32643413586777,68.343108849648],[14.309801112181948,68.25272364365043],[15.025589999826767,68.23435710037478],[15.044962696189586,68.3246641503893],[14.805574785625899,68.33112598694805],[14.824193934290937,68.42146756522331],[14.583761410350917,68.42764216143797]]]},"properties":{"name":"Tree cover (2000)","source":"JRC GLC2000 v1.1","threshold":0.4}},{"type":"Feature","geometry":{"type":"Polygon","coordinates":[[[15.978155709722037,68.20550257186541],[15.955347482838407,68.11532389236714],[15.243826848517704,68.1373389599097],[15.223884659139653,68.04707385618516],[15.932730758801572,68.02515104379995],[15.91030315549078,67.93498400735565],[15.439643932598717,67.94984567972774],[15.419155219281764,67.85962270870546],[15.653678044476441,67.85237573609385],[15.632489732070455,67.76218903746431],[16.09937989863995,67.74684108401529],[16.215932850393624,68.19751124013229],[15.978155709722037,68.20550257186541]]]},"properties":{"name":"Tree cover (2000)","source":"JRC GLC2000 v1.1","threshold":0.4}},{"type":"Feature","geometry":{"type":"Polygon","coordinates":[[[14.968446242337786,67.96347719245084],[14.912721940812656,67.69265847851739],[15.145766150607203,67.68607907507382],[15.165052322920909,67.77631798453027],[15.398836669715806,67.76940602818514],[15.419155219281764,67.85962270870546],[15.184499454499248,67.86656339787571],[15.204109552887605,67.95681534521844],[14.968446242337786,67.96347719245084]]]},"properties":{"name":"Tree cover (2000)","source":"JRC GLC2000 v1.1","threshold":0.4}},{"type":"Feature","geometry":{"type":"Polygon","coordinates":[[[15.378686189425487,67.67919561105145],[15.31922272847871,67.40860166109286],[15.088853802193302,67.41540106195585],[15.070192038083942,67.32518785771256],[15.299724254456502,67.31841601613367],[15.280383876874648,67.22823649141877],[14.822862732223623,67.24142750908848],[14.876335279030503,67.51214622773885],[14.644885987657412,67.51836995666008],[14.610778313251874,67.3378337235935],[14.380907310331727,67.34370727647273],[14.333258716435957,67.07288294813424],[14.105771456691066,67.07838953555743],[14.090959180865754,66.98810650752584],[13.63734333711453,66.99818949897734],[13.59843788940462,66.72726269151738],[13.822875085694282,66.72242694135205],[13.85031138818443,66.90299906565629],[14.302128133696371,66.89236769003774],[14.317630922629025,66.98262191697906],[14.770676820715124,66.97076753724996],[14.753559504244649,66.88056043381853],[14.97911825675197,66.87421637217291],[14.997040931807136,66.96439817581906],[15.223292480754512,66.95773433583273],[15.204565795984259,66.86757898695568],[15.429897199032382,66.86064851502726],[15.508964175375466,67.22119423233787],[15.737417426043972,67.21385448226438],[15.800921281923278,67.48423530292342],[15.569967161885476,67.49166491869272],[15.590636418601001,67.58183365361172],[16.05410008238438,67.56661150386908],[16.076646531040787,67.65672356259911],[15.378686189425487,67.67919561105145]],[[14.577222426651574,67.15732456968242],[14.805326762346438,67.15120103859492],[14.787932020417099,67.06098106001984],[14.560647267990792,67.06708005253283],[14.577222426651574,67.15732456968242]]]},"properties":{"name":"Tree cover (2000)","source":"JRC GLC2000 v1.1","threshold":0.4}},{"type":"Feature","geometry":{"type":"Polygon","coordinates":[[[15.315917479764808,66.32000161934333],[15.279099767027102,66.13983079309163],[15.717027144934749,66.12554432857382],[15.75686554856184,66.30560464833754],[15.315917479764808,66.32000161934333]]]},"properties":{"name":"Tree cover (2000)","source":"JRC GLC2000 v1.1","threshold":0.4}},{"type":"Feature","geometry":{"type":"Polygon","coordinates":[[[12.423448043373877,66.20493545741915],[12.40674325546483,66.02428923191418],[12.625329484717323,66.02101946680945],[12.643547948694668,66.20164045575387],[12.423448043373877,66.20493545741915]]]},"properties":{"name":"Tree cover (2000)","source":"JRC GLC2000 v1.1","threshold":0.4}},{"type":"Feature","geometry":{"type":"Polygon","coordinates":[[[12.358141719784015,65.48252532546533],[12.33465725728103,65.21173892275075],[12.758715076732773,65.20514261315665],[12.7771386507723,65.38561082247652],[12.563721731464133,65.38907177084623],[12.572323574019812,65.47932894855819],[12.358141719784015,65.48252532546533]]]},"properties":{"name":"Tree cover (2000)","source":"JRC GLC2000 v1.1","threshold":0.4}},{"type":"Feature","geometry":{"type":"Polygon","coordinates":[[[51.73850613174876,57.96282823476219],[51.54355134093561,57.81855980061947],[51.68550473319007,57.76857434443902],[51.78287799112445,57.84063950089063],[51.924606895293756,57.79039213250163],[52.02255861030245,57.8622505345948],[51.73850613174876,57.96282823476219]]]},"properties":{"name":"Tree cover (2000)","source":"JRC GLC2000 v1.1","threshold":0.4}},{"type":"Feature","geometry":{"type":"Polygon","coordinates":[[[50.63642520833062,58.237270393552535],[50.54010700723187,58.16428760132927],[50.82855631895701,58.066258652345255],[50.92515090293671,58.139012031597254],[50.63642520833062,58.237270393552535]]]},"properties":{"name":"Tree cover (2000)","source":"JRC GLC2000 v1.1","threshold":0.4}},{"type":"Feature","geometry":{"type":"Polygon","coordinates":[[[50.34628303117266,58.33492146851938],[50.15467787333238,58.18841036055184],[50.44424876032403,58.091217165877936],[50.54010700723187,58.16428760132927],[50.395354681069705,58.2130746468208],[50.49153147511978,58.28617213344209],[50.34628303117266,58.33492146851938]]]},"properties":{"name":"Tree cover (2000)","source":"JRC GLC2000 v1.1","threshold":0.4}},{"type":"Feature","geometry":{"type":"Polygon","coordinates":[[[12.857608612859309,64.11932602292036],[12.848623289115746,64.02919025902054],[13.255003064890824,64.02132520252945],[13.265265861729208,64.11143323902643],[12.857608612859309,64.11932602292036]]]},"properties":{"name":"Tree cover (2000)","source":"JRC GLC2000 v1.1","threshold":0.4}},{"type":"Feature","geometry":{"type":"Polygon","coordinates":[[[51.01919710017909,57.89501375770554],[50.82774735743971,57.749521496707274],[50.97034900155291,57.700322747987606],[51.162063948753186,57.84558770338892],[51.01919710017909,57.89501375770554]]]},"properties":{"name":"Tree cover (2000)","source":"JRC GLC2000 v1.1","threshold":0.4}},{"type":"Feature","geometry":{"type":"Polygon","coordinates":[[[21.195684467235527,63.379913999344936],[21.12798103662505,63.20227231775004],[21.323212570271814,63.18790500525963],[21.392051840756587,63.365449707376094],[21.195684467235527,63.379913999344936]]]},"properties":{"name":"Tree cover (2000)","source":"JRC GLC2000 v1.1","threshold":0.4}},{"type":"Feature","geometry":{"type":"Polygon","coordinates":[[[49.92132638322652,57.846291208948465],[49.73486461955555,57.698984182468486],[49.878609120041936,57.6509878707681],[50.06536187961145,57.79807112698297],[49.92132638322652,57.846291208948465]]]},"properties":{"name":"Tree cover (2000)","source":"JRC GLC2000 v1.1","threshold":0.4}},{"type":"Feature","geometry":{"type":"Polygon","coordinates":[[[8.588387652436216,63.77789552556558],[8.597103564001246,63.597544304769755],[8.39675703873772,63.595610487332166],[8.401684631961418,63.50545067475023],[9.200735826773208,63.511618048533805],[9.19827089666251,63.60179916229469],[8.997863850610717,63.600638683981025],[8.994761261470234,63.69082195475988],[8.793750908340792,63.689398738956605],[8.790001898313728,63.779583268516134],[8.588387652436216,63.77789552556558]]]},"properties":{"name":"Tree cover (2000)","source":"JRC GLC2000 v1.1","threshold":0.4}},{"type":"Feature","geometry":{"type":"Polygon","coordinates":[[[54.665888512876045,56.00220427923727],[54.47237841302799,55.8625280284417],[54.73647778416948,55.75664460980265],[54.64018174083261,55.68688252567086],[54.90287238168889,55.58068790678131],[54.99932550007104,55.650229713010845],[54.86805773108143,55.70350335343645],[54.964844835369256,55.77305811104129],[54.8331864280298,55.826309882236266],[54.93030969908866,55.89587774340678],[54.665888512876045,56.00220427923727]]]},"properties":{"name":"Tree cover (2000)","source":"JRC GLC2000 v1.1","threshold":0.4}},{"type":"Feature","geometry":{"type":"Polygon","coordinates":[[[54.17016157232832,56.090566799305755],[53.9779948382011,55.95003432010487],[54.11105910915585,55.897672740562854],[54.30340003989335,56.03798398153221],[54.17016157232832,56.090566799305755]]]},"properties":{"name":"Tree cover (2000)","source":"JRC GLC2000 v1.1","threshold":0.4}},{"type":"Feature","geometry":{"type":"Polygon","coordinates":[[[53.40334891955805,56.28066833672484],[53.21294375292518,56.13884239531636],[53.34749237383221,56.08727294695329],[53.538090327543344,56.22887793418591],[53.40334891955805,56.28066833672484]]]},"properties":{"name":"Tree cover (2000)","source":"JRC GLC2000 v1.1","threshold":0.4}},{"type":"Feature","geometry":{"type":"Polygon","coordinates":[[[56.038319270314105,55.219332272119544],[55.84468349790302,55.08190603684118],[56.10110895048638,54.97332828189038],[56.197854021499396,55.041872944558065],[56.06972881370269,55.096334806721295],[56.16681138256455,55.164888654753206],[56.038319270314105,55.219332272119544]]]},"properties":{"name":"Tree cover (2000)","source":"JRC GLC2000 v1.1","threshold":0.4}},{"type":"Feature","geometry":{"type":"Polygon","coordinates":[[[53.61564263573518,55.98372233854002],[53.52077855161026,55.91300066207882],[53.78748731588051,55.80912400872906],[53.882534719006884,55.87962609866283],[53.61564263573518,55.98372233854002]]]},"properties":{"name":"Tree cover (2000)","source":"JRC GLC2000 v1.1","threshold":0.4}},{"type":"Feature","geometry":{"type":"Polygon","coordinates":[[[53.07807859173176,56.19027393900099],[52.889539511845555,56.0478602149109],[53.02420534553722,55.99664822290641],[53.21294375292518,56.13884239531636],[53.07807859173176,56.19027393900099]]]},"properties":{"name":"Tree cover (2000)","source":"JRC GLC2000 v1.1","threshold":0.4}},{"type":"Feature","geometry":{"type":"Polygon","coordinates":[[[56.132460285961876,54.85031255340717],[55.845595360921536,54.644111926540106],[55.972806006221575,54.589937441552024],[56.25986008520398,54.79581414782174],[56.132460285961876,54.85031255340717]]]},"properties":{"name":"Tree cover (2000)","source":"JRC GLC2000 v1.1","threshold":0.4}},{"type":"Feature","geometry":{"type":"Polygon","coordinates":[[[54.03342554860923,55.38899281932115],[53.75329170429147,55.17739987628173],[53.88442635930233,55.1253710505534],[54.16482013684525,55.336640588732834],[54.03342554860923,55.38899281932115]]]},"properties":{"name":"Tree cover (2000)","source":"JRC GLC2000 v1.1","threshold":0.4}},{"type":"Feature","geometry":{"type":"Polygon","coordinates":[[[54.201964524633325,55.213932649570445],[53.92250323378905,55.002708809591276],[54.31297543178485,54.84574810170216],[54.40598514510848,54.91592723872004],[54.145800436100345,55.020913914354466],[54.332670384975295,55.16142257255509],[54.201964524633325,55.213932649570445]]]},"properties":{"name":"Tree cover (2000)","source":"JRC GLC2000 v1.1","threshold":0.4}},{"type":"Feature","geometry":{"type":"Polygon","coordinates":[[[52.24796375641769,55.86308933874713],[52.06475707149532,55.719172387879325],[52.19941531423093,55.66888792907137],[52.38283662054587,55.81258965915167],[52.24796375641769,55.86308933874713]]]},"properties":{"name":"Tree cover (2000)","source":"JRC GLC2000 v1.1","threshold":0.4}},{"type":"Feature","geometry":{"type":"Polygon","coordinates":[[[9.414877881252002,62.79125994112195],[9.4183411173045,62.61100339002011],[9.224468823292579,62.61013376988595],[9.22675415780746,62.52001672258143],[9.806681115236024,62.52187406014116],[9.806109705381884,62.611997272537906],[9.612222411134349,62.611624562726504],[9.609913483385272,62.79188526684059],[9.414877881252002,62.79125994112195]]]},"properties":{"name":"Tree cover (2000)","source":"JRC GLC2000 v1.1","threshold":0.4}},{"type":"Feature","geometry":{"type":"Polygon","coordinates":[[[11.739513724500078,62.511969585936455],[11.734409204253451,62.421884525804664],[12.119618113006343,62.416949820106616],[12.12585476850267,62.50701857235728],[11.739513724500078,62.511969585936455]]]},"properties":{"name":"Tree cover (2000)","source":"JRC GLC2000 v1.1","threshold":0.4}},{"type":"Feature","geometry":{"type":"Polygon","coordinates":[[[54.31297543178485,54.84574810170216],[54.128123435871636,54.70511310534004],[54.257527695914035,54.65274203143833],[54.44254291947679,54.79316423975554],[54.31297543178485,54.84574810170216]]]},"properties":{"name":"Tree cover (2000)","source":"JRC GLC2000 v1.1","threshold":0.4}},{"type":"Feature","geometry":{"type":"Polygon","coordinates":[[[50.61150534443879,56.14109972512083],[50.52208822777794,56.067858425725255],[50.79673705822442,55.97040897711852],[50.88640467319884,56.04343692417868],[50.61150534443879,56.14109972512083]]]},"properties":{"name":"Tree cover (2000)","source":"JRC GLC2000 v1.1","threshold":0.4}},{"type":"Feature","geometry":{"type":"Polygon","coordinates":[[[46.92447832567348,57.35660345297505],[46.838994517506954,57.28060186793118],[46.693113445556946,57.32517140268116],[46.60822063816111,57.24899398251116],[46.89931378927168,57.15990666900007],[46.9845603646889,57.23587424863898],[47.41936884261009,57.100748263173806],[47.50554310348526,57.176327768484],[46.92447832567348,57.35660345297505]]]},"properties":{"name":"Tree cover (2000)","source":"JRC GLC2000 v1.1","threshold":0.4}},{"type":"Feature","geometry":{"type":"Polygon","coordinates":[[[9.425128892681379,62.25055638705621],[9.426797606576086,62.160458061322146],[9.80892873309337,62.161435726059544],[9.80837245658522,62.251537251149706],[9.425128892681379,62.25055638705621]]]},"properties":{"name":"Tree cover (2000)","source":"JRC GLC2000 v1.1","threshold":0.4}},{"type":"Feature","geometry":{"type":"Polygon","coordinates":[[[50.6186060121294,55.82410651689789],[50.53013820194335,55.750833051265836],[50.80282871634331,55.653445113992],[50.891543224990855,55.72650746197489],[50.6186060121294,55.82410651689789]]]},"properties":{"name":"Tree cover (2000)","source":"JRC GLC2000 v1.1","threshold":0.4}},{"type":"Feature","geometry":{"type":"Polygon","coordinates":[[[52.768617595925264,55.027569334211776],[52.588495501339686,54.88431410502424],[52.72015523792457,54.83356663982364],[52.90047371018516,54.976611226135894],[52.768617595925264,55.027569334211776]]]},"properties":{"name":"Tree cover (2000)","source":"JRC GLC2000 v1.1","threshold":0.4}},{"type":"Feature","geometry":{"type":"Polygon","coordinates":[[[54.2946310496563,54.52999680103926],[54.11175721238933,54.38923696682018],[54.240338838303735,54.336920494657036],[54.14938941022477,54.266509570890086],[54.40553802097993,54.16169546847852],[54.314804130123555,54.091403238570955],[54.56966716376607,53.98627970169334],[54.66055630073904,54.05636324015994],[54.53318814727989,54.10909390074301],[54.624374718604905,54.17919062092055],[54.36863522286699,54.28447365091867],[54.460042712028894,54.35468876963341],[54.33166656018749,54.40724071793908],[54.42337439641093,54.477469704953485],[54.2946310496563,54.52999680103926]]]},"properties":{"name":"Tree cover (2000)","source":"JRC GLC2000 v1.1","threshold":0.4}},{"type":"Feature","geometry":{"type":"Polygon","coordinates":[[[51.61373358335125,55.35787669402102],[51.52471096943887,55.28536411685954],[51.39041687757407,55.334872107633956],[51.30189696079514,55.262171406780595],[51.83686268410631,55.063723172981994],[51.92582684018001,55.13600440756829],[51.658710332038204,55.23571651983753],[51.747844247646086,55.30812386565482],[51.61373358335125,55.35787669402102]]]},"properties":{"name":"Tree cover (2000)","source":"JRC GLC2000 v1.1","threshold":0.4}},{"type":"Feature","geometry":{"type":"Polygon","coordinates":[[[5.58556017401774,62.27676291225901],[5.598381233289541,62.18686794840047],[5.4075449836711975,62.18111805030263],[5.420829455955275,62.09124565013842],[5.2306093328659875,62.085271677823464],[5.24435020117259,61.995422322267835],[5.0547440073204495,61.98922584522099],[5.068934346806801,61.899400001885404],[5.258000675906566,61.905576520389054],[5.271561633798398,61.8157342291282],[5.648824245910512,61.82732662051731],[5.63633803746611,61.91720626413016],[6.0149302371503985,61.92787071710254],[6.037673420753691,61.74804681691524],[6.602762037313056,61.76214044643721],[6.593037406376344,61.852095753017906],[6.782039520842111,61.85632661244128],[6.772791817912924,61.946299832705385],[6.393755465446813,61.93756887744353],[6.404084832310889,61.8476237595949],[6.21518451799423,61.84291073673584],[6.19337377557617,62.022774649752705],[6.383357762209377,62.02751819840256],[6.362354652464641,62.20742964903667],[6.171272657621398,62.20265516020304],[6.16011141391212,62.29260176131056],[5.968532746244069,62.287566812534436],[5.980247878618824,62.197636632509294],[5.7892831333037655,62.19237418647976],[5.777014719695678,62.28228715365092],[5.58556017401774,62.27676291225901]],[[5.801470230056451,62.102465238905296],[5.991885332903526,62.10771058833247],[6.0034458690622605,62.017788632426175],[5.813576805122763,62.01256026448929],[5.801470230056451,62.102465238905296]]]},"properties":{"name":"Tree cover (2000)","source":"JRC GLC2000 v1.1","threshold":0.4}},{"type":"Feature","geometry":{"type":"Polygon","coordinates":[[[53.59456622965743,54.597190208056105],[53.41389598121786,54.45523091020108],[53.54344826870328,54.40364998950099],[53.45359198604236,54.33264239547916],[53.84028444604585,54.177420742865884],[53.93039940128833,54.248115640219865],[54.05881646256542,54.196008478297465],[54.14938941022477,54.266509570890086],[53.63368193567418,54.474569263746034],[53.724294841714205,54.54539969242475],[53.59456622965743,54.597190208056105]]]},"properties":{"name":"Tree cover (2000)","source":"JRC GLC2000 v1.1","threshold":0.4}},{"type":"Feature","geometry":{"type":"Polygon","coordinates":[[[50.93872489335714,55.60453714172793],[50.85028362753074,55.531498441184056],[50.57843635035743,55.62896148865161],[50.49063231556417,55.55563173272365],[50.62658120881791,55.50707626884959],[50.539043949712585,55.433770796267176],[50.67457467826987,55.38517730927496],[50.76223425991839,55.458378326689186],[50.897591909503504,55.40953838898528],[51.074322294428974,55.55548715083574],[50.93872489335714,55.60453714172793]]]},"properties":{"name":"Tree cover (2000)","source":"JRC GLC2000 v1.1","threshold":0.4}},{"type":"Feature","geometry":{"type":"Polygon","coordinates":[[[51.96987381003689,55.013764462048194],[51.8811875143793,54.94150390626739],[51.748283986972375,54.99135811594508],[51.66008874451367,54.91890974995436],[51.79288410801962,54.86915968541935],[51.70496160841564,54.79673230952165],[51.83736186679257,54.74694830081259],[52.102593805592235,54.96366802951724],[51.96987381003689,55.013764462048194]]]},"properties":{"name":"Tree cover (2000)","source":"JRC GLC2000 v1.1","threshold":0.4}},{"type":"Feature","geometry":{"type":"Polygon","coordinates":[[[52.14612644094597,54.84138276914295],[51.96947621589745,54.697027018628326],[52.10130514034536,54.64696892189031],[52.278162840514014,54.79111676954908],[52.14612644094597,54.84138276914295]]]},"properties":{"name":"Tree cover (2000)","source":"JRC GLC2000 v1.1","threshold":0.4}},{"type":"Feature","geometry":{"type":"Polygon","coordinates":[[[54.89477828031939,53.63488213577485],[54.80469727775112,53.56494039833438],[55.05579109150275,53.458903331662206],[54.96592960912692,53.38907658286385],[55.09099771800553,53.33597114192829],[55.27122282271122,53.47532761346664],[54.89477828031939,53.63488213577485]]]},"properties":{"name":"Tree cover (2000)","source":"JRC GLC2000 v1.1","threshold":0.4}},{"type":"Feature","geometry":{"type":"Polygon","coordinates":[[[50.81766538846335,55.019397152086064],[50.73118120640033,54.94618658280753],[51.265032531235846,54.75037143659106],[51.1784631258316,54.67749216185066],[51.31110257727288,54.628293318510565],[51.4848406552969,54.77376512390923],[50.81766538846335,55.019397152086064]]]},"properties":{"name":"Tree cover (2000)","source":"JRC GLC2000 v1.1","threshold":0.4}},{"type":"Feature","geometry":{"type":"Polygon","coordinates":[[[50.91233599236408,54.775473459499935],[50.82637008444612,54.70230902332259],[51.09226779917792,54.60453243647888],[51.1784631258316,54.67749216185066],[50.91233599236408,54.775473459499935]]]},"properties":{"name":"Tree cover (2000)","source":"JRC GLC2000 v1.1","threshold":0.4}},{"type":"Feature","geometry":{"type":"Polygon","coordinates":[[[40.40472943557705,57.938354897532534],[40.25962754615686,57.77743749027157],[40.413605817343154,57.740182317596876],[40.48621930618435,57.820571877809364],[40.64016003467909,57.783047355002964],[40.71340062705503,57.86329246496569],[40.40472943557705,57.938354897532534]]]},"properties":{"name":"Tree cover (2000)","source":"JRC GLC2000 v1.1","threshold":0.4}},{"type":"Feature","geometry":{"type":"Polygon","coordinates":[[[6.836272908569259,61.31657663481457],[6.845108301356845,61.22663271080807],[6.659796817979322,61.222494991226135],[6.6690893150259996,61.132568001789004],[7.408529706861304,61.147655441196484],[7.401294757869618,61.23762984444095],[7.215859821836373,61.23420022181576],[7.208059843714989,61.32416800984239],[6.836272908569259,61.31657663481457]]]},"properties":{"name":"Tree cover (2000)","source":"JRC GLC2000 v1.1","threshold":0.4}},{"type":"Feature","geometry":{"type":"Polygon","coordinates":[[[40.64016003467909,57.783047355002964],[40.567297508602685,57.702751893629966],[40.413605817343154,57.740182317596876],[40.34136731705772,57.659743210805395],[40.800841842866575,57.54720989528938],[40.87381991360999,57.62736737083363],[40.72070230709489,57.665146738156764],[40.79381179135381,57.74534787963324],[40.64016003467909,57.783047355002964]]]},"properties":{"name":"Tree cover (2000)","source":"JRC GLC2000 v1.1","threshold":0.4}},{"type":"Feature","geometry":{"type":"Polygon","coordinates":[[[51.4434598686028,54.57895628886742],[51.10000498113709,54.28745430385363],[51.231640492990074,54.23838697155849],[51.575535445202775,54.5294815285869],[51.4434598686028,54.57895628886742]]]},"properties":{"name":"Tree cover (2000)","source":"JRC GLC2000 v1.1","threshold":0.4}},{"type":"Feature","geometry":{"type":"Polygon","coordinates":[[[48.21610431441557,55.406511200206175],[48.051527515492545,55.25600283537392],[48.18916439502914,55.210170604371356],[48.3540336650286,55.36047813111289],[48.21610431441557,55.406511200206175]]]},"properties":{"name":"Tree cover (2000)","source":"JRC GLC2000 v1.1","threshold":0.4}},{"type":"Feature","geometry":{"type":"Polygon","coordinates":[[[52.10174458561863,54.01340219271733],[51.929997180449305,53.86874835412605],[52.05961468804747,53.81883051071573],[52.23156331752161,53.96328199989397],[52.10174458561863,54.01340219271733]]]},"properties":{"name":"Tree cover (2000)","source":"JRC GLC2000 v1.1","threshold":0.4}},{"type":"Feature","geometry":{"type":"Polygon","coordinates":[[[47.57966301031955,55.513539157686786],[47.498163888965415,55.437849109940586],[47.35911778997416,55.48293764066276],[47.2781462142028,55.407078879368825],[47.41703719560151,55.362089855952625],[47.33628077755666,55.28626183623582],[47.47473754937676,55.2412223916186],[47.63692768629167,55.39261088780724],[47.77540940247945,55.3472234510677],[47.85721317615607,55.42271349721544],[47.57966301031955,55.513539157686786]]]},"properties":{"name":"Tree cover (2000)","source":"JRC GLC2000 v1.1","threshold":0.4}},{"type":"Feature","geometry":{"type":"Polygon","coordinates":[[[21.76284793454135,60.233472198596324],[21.73149691672187,60.144926027395464],[22.085630294191446,60.114815624357064],[22.117881890238138,60.20327197820877],[21.76284793454135,60.233472198596324]]]},"properties":{"name":"Tree cover (2000)","source":"JRC GLC2000 v1.1","threshold":0.4}},{"type":"Feature","geometry":{"type":"Polygon","coordinates":[[[49.41527912975894,54.79110745745471],[49.33215695817025,54.71674786709172],[49.19717191600346,54.76378880242446],[49.03228943983006,54.614648516176224],[49.16700973576741,54.5678071002844],[49.08498069529091,54.49322682754606],[49.21929599938108,54.44634166797712],[49.550117554501426,54.7438230917922],[49.41527912975894,54.79110745745471]]]},"properties":{"name":"Tree cover (2000)","source":"JRC GLC2000 v1.1","threshold":0.4}},{"type":"Feature","geometry":{"type":"Polygon","coordinates":[[[48.62648336165218,54.75431020676883],[48.544995283258295,54.679333360553144],[48.81553339963488,54.586567820778185],[48.89729513860596,54.661346476396446],[48.62648336165218,54.75431020676883]]]},"properties":{"name":"Tree cover (2000)","source":"JRC GLC2000 v1.1","threshold":0.4}},{"type":"Feature","geometry":{"type":"Polygon","coordinates":[[[19.79998555374305,60.38362433611734],[19.773681018155457,60.29462891089457],[19.59490869059962,60.3068959224333],[19.54370804773116,60.12882508639106],[20.076883943468747,60.091574351022835],[20.103783900481982,60.180499186248625],[20.281716260497486,60.16759783986143],[20.30924197945041,60.25648128740902],[20.13084975337015,60.26942133704519],[20.158083005863634,60.358340798622244],[19.79998555374305,60.38362433611734]]]},"properties":{"name":"Tree cover (2000)","source":"JRC GLC2000 v1.1","threshold":0.4}},{"type":"Feature","geometry":{"type":"Polygon","coordinates":[[[40.97365636751094,56.9149807020059],[40.90229483058808,56.83484353849323],[41.052108381803755,56.7969499072242],[40.98087333852194,56.71685470257142],[41.27922442732519,56.640743454814135],[41.4229674455927,56.800514788511734],[40.97365636751094,56.9149807020059]]]},"properties":{"name":"Tree cover (2000)","source":"JRC GLC2000 v1.1","threshold":0.4}},{"type":"Feature","geometry":{"type":"Polygon","coordinates":[[[50.559344851620025,54.79952741224936],[50.4739886648795,54.72607978335303],[50.20607564429494,54.82253242946059],[49.95296525713718,54.60111584964028],[49.818960277992524,54.64882682991005],[49.65230918561115,54.50063484260248],[49.78606277008061,54.45312440233547],[49.70315694681482,54.37901594646056],[49.836511837821014,54.331464041202864],[49.753841961121616,54.25738044613239],[49.48711141056571,54.352144276589186],[49.405052626039414,54.27778815686846],[49.27140918211136,54.32485890147509],[49.18983670436847,54.250330862482286],[49.32335132316816,54.20335874106908],[49.24200557510067,54.12885647069218],[49.37512443589449,54.0818411258289],[49.45659780184726,54.15624508779202],[49.589576444101,54.108990345256025],[49.67153080252676,54.18322239835208],[49.804366164292695,54.13572827284977],[50.05274829976136,54.35768028277138],[50.18568093428899,54.30974750261488],[50.692998614178144,54.750988222037094],[50.559344851620025,54.79952741224936]],[[49.95296525713718,54.60111584964028],[50.086693113056185,54.55326357826256],[50.00293546963671,54.479406064351814],[49.8693315536345,54.52715785607458],[49.95296525713718,54.60111584964028]]]},"properties":{"name":"Tree cover (2000)","source":"JRC GLC2000 v1.1","threshold":0.4}},{"type":"Feature","geometry":{"type":"Polygon","coordinates":[[[52.48972379948625,53.229047506216126],[52.40511971778708,53.156974133567516],[52.27758884615005,53.20719074872047],[52.19342802420088,53.13493727740577],[52.06573259320572,53.18492279923949],[51.89864408398168,53.03997832786475],[51.77088603480204,53.08963429491073],[51.6879577021991,53.01694517222037],[52.070164280982006,52.867874282813936],[52.15338739277828,52.94026928516539],[52.2803734825353,52.890217031181905],[52.36403439749563,52.962433953195514],[52.23695321134108,53.01258456405079],[52.32086342199476,53.08481966590903],[52.448039219371665,53.03457037853686],[52.61708732453373,53.1785999043586],[52.48972379948625,53.229047506216126]]]},"properties":{"name":"Tree cover (2000)","source":"JRC GLC2000 v1.1","threshold":0.4}},{"type":"Feature","geometry":{"type":"Polygon","coordinates":[[[46.09028217907164,54.97311106925787],[46.01321138906874,54.89626875500753],[45.87439417941631,54.939628086677],[45.797840243388606,54.862627419592044],[46.07488030273852,54.77594818408571],[46.22899623975983,54.929504842812484],[46.09028217907164,54.97311106925787]]]},"properties":{"name":"Tree cover (2000)","source":"JRC GLC2000 v1.1","threshold":0.4}},{"type":"Feature","geometry":{"type":"Polygon","coordinates":[[[46.29803673680742,55.71777268085396],[46.21857112111369,55.64115399938487],[45.936344494591104,55.72835306836078],[45.85758859236525,55.65147319611137],[45.99867102985698,55.60804851332073],[45.920111341925676,55.53120216733057],[46.0607457983819,55.48772139235847],[46.139474875002726,55.564470096318104],[46.28000024687132,55.52073842307766],[46.20110351775386,55.44408745966379],[46.34118462131151,55.40030084359413],[46.26248674788683,55.323682553948984],[46.40212704548148,55.27984127002534],[46.32362736643344,55.20325538986774],[46.462830283759445,55.15935970929423],[46.38452813786481,55.08280597592916],[46.66179498724664,54.994755824122606],[46.58353008052051,54.918330643407714],[46.72159916204305,54.87417698535456],[46.64353198994213,54.79778314157215],[46.781175533443076,54.75357642290445],[46.70330541653046,54.6772136592809],[46.840526690756285,54.63295413185527],[46.68552856229375,54.480225307657705],[46.82217714850813,54.43600873775649],[47.13419266021447,54.74082069206188],[47.27118645297418,54.69607167604643],[47.50937523141336,54.92369101691899],[47.64654954252625,54.878501719717434],[47.72681478039012,54.95414077403084],[47.45189275914297,55.04456792355888],[47.37192764402427,54.96873239208761],[47.234206580512115,55.01362538329193],[47.394195444672526,55.16542485684817],[47.255892495552175,55.210365487270266],[47.33628077755666,55.28626183623582],[46.919236345219865,55.420481019007624],[46.9995216714541,55.496606169960685],[46.71977242650966,55.58552927109941],[46.63980976414961,55.50920644140664],[46.49967687266823,55.55334151530625],[46.57947560019666,55.62976305379155],[46.29803673680742,55.71777268085396]]]},"properties":{"name":"Tree cover (2000)","source":"JRC GLC2000 v1.1","threshold":0.4}},{"type":"Feature","geometry":{"type":"Polygon","coordinates":[[[5.29841844951789,61.63606000539372],[5.324927438859122,61.45639930331229],[5.138508582600116,61.45032060420789],[5.152154068887914,61.36051439243732],[4.966322285983246,61.354218475344396],[4.99437821488472,61.174654823011984],[5.179182488235824,61.1809112952396],[5.192567074845304,61.091114323710784],[5.00827168498045,61.084877381196286],[5.022076617323477,60.99510280622838],[4.838354497750638,60.98865191746302],[4.852573574457965,60.89890015910963],[5.035793842546267,60.90533105585419],[5.049424180894871,60.81556208765152],[4.866702623886456,60.80915105389557],[4.908557944689054,60.53991924237578],[5.0898019247285875,60.546271449389614],[5.116300571176252,60.36675748302808],[4.936026459008775,60.36044387036875],[4.963154373714866,60.180978107167945],[5.142470509587672,60.18725361358619],[5.129426251773186,60.277004307933815],[5.309282541458746,60.28307105189243],[5.3218486985330475,60.19330204454938],[5.680782229396423,60.20471718733957],[5.692318632554573,60.114916368916546],[5.513299362298788,60.1093393002713],[5.525237895666944,60.01955794294762],[5.346748460161666,60.0137716429822],[5.359083471022757,59.92401015890039],[5.181122128509362,59.918015977637054],[5.20649613876672,59.73853581972102],[5.5606153519056285,59.75022911919916],[5.537102963272472,59.92977915775394],[5.71517841123634,59.93532285784364],[5.703783810933192,60.02511827473886],[5.882383986623865,60.0304525253785],[5.871392673112946,60.12026668173208],[6.050519239118672,60.12539012920188],[6.039936901124017,60.21522259579584],[6.399294568675091,60.22481740375057],[6.38960813553429,60.31468195133353],[6.2094238924597835,60.30998421255325],[6.199192684214,60.39983766526701],[5.838006384254729,60.3897262987204],[5.815398855879197,60.569380810101784],[6.541876706174729,60.58880533317077],[6.569839011359305,60.31915115356974],[6.7501142147269615,60.323391726300116],[6.732504271365406,60.50318371941738],[6.913795380399273,60.507220101901154],[6.905398740346487,60.59713367346876],[6.723616107668981,60.59308490884985],[6.69661259900883,60.86280986929528],[6.330196783515788,60.85393834148169],[6.350250632834593,60.67417271436344],[5.80398813555556,60.65921263833142],[5.792505223065233,60.74904757802904],[5.97503571367036,60.75428151621127],[5.96397845989532,60.844135808129614],[5.597977088174735,60.83340311761329],[5.585846624391426,60.92322740771271],[5.769320107088259,60.928726980530854],[5.757616524947026,61.01857153741999],[5.941652072777059,61.02385437280277],[5.9303816024718,61.1137187414275],[5.745837993059566,61.10841939394295],[5.7339838000793195,61.198270596866784],[5.919038708873365,61.20358656466036],[5.907622702066611,61.293457890187774],[6.278929883370316,61.303414663013754],[6.268477447929673,61.39332099710175],[6.082277710643367,61.38844539356243],[6.071235134845711,61.47834007272377],[6.444732060730493,61.4878843192503],[6.434669498152688,61.577813124874176],[6.060120692010342,61.56823850415029],[6.048933688266563,61.65814073614544],[5.29841844951789,61.63606000539372]],[[5.192567074845304,61.091114323710784],[5.5613527097809445,61.10288545966059],[5.57363874227979,61.01305483978568],[5.205866331095427,61.001320345894136],[5.192567074845304,61.091114323710784]],[[5.049424180894871,60.81556208765152],[5.232212046475229,60.82174119745792],[5.245260077682481,60.7319559394881],[5.062968442390342,60.725795859032964],[5.049424180894871,60.81556208765152]]]},"properties":{"name":"Tree cover (2000)","source":"JRC GLC2000 v1.1","threshold":0.4}},{"type":"Feature","geometry":{"type":"Polygon","coordinates":[[[47.38675825816726,54.45443605051016],[47.30847997173421,54.37848813613389],[47.444228141669534,54.333587065097426],[47.36615125670799,54.25766856777728],[47.636568490153785,54.167620351571614],[47.714935425920416,54.24334696810335],[47.57971322987696,54.28853986132716],[47.65828432067908,54.36429531074542],[47.38675825816726,54.45443605051016]]]},"properties":{"name":"Tree cover (2000)","source":"JRC GLC2000 v1.1","threshold":0.4}},{"type":"Feature","geometry":{"type":"Polygon","coordinates":[[[43.97124616826702,55.411105320206225],[43.8973369720955,55.332819244781746],[44.18089640295171,55.25033191931946],[44.255177124811084,55.32843118744409],[43.97124616826702,55.411105320206225]]]},"properties":{"name":"Tree cover (2000)","source":"JRC GLC2000 v1.1","threshold":0.4}},{"type":"Feature","geometry":{"type":"Polygon","coordinates":[[[48.60030652961086,54.04423459428498],[48.52075941661208,53.96915482660126],[48.25319934039626,54.06112733108225],[48.174270779798505,53.98578527343402],[48.30804502197674,53.93996683916833],[48.15094847747515,53.78926908036503],[48.284191755284006,53.74349929131357],[48.362703913620045,53.818786761106395],[48.49582438205155,53.77277882280362],[48.57481347084627,53.8479014205268],[48.707808151480506,53.80165530267918],[48.787274060299325,53.87661186051504],[48.65414729475483,53.922954433646886],[48.73382773460712,53.99793744521061],[48.60030652961086,54.04423459428498]]]},"properties":{"name":"Tree cover (2000)","source":"JRC GLC2000 v1.1","threshold":0.4}},{"type":"Feature","geometry":{"type":"Polygon","coordinates":[[[26.7130406480965,58.710500788340646],[26.671183244932593,58.62345134389499],[27.005766837604718,58.58127218888159],[27.048383601274608,58.66820435021515],[26.7130406480965,58.710500788340646]]]},"properties":{"name":"Tree cover (2000)","source":"JRC GLC2000 v1.1","threshold":0.4}},{"type":"Feature","geometry":{"type":"Polygon","coordinates":[[[45.5197412252433,54.94870055407581],[45.44387202484503,54.87144811941738],[45.30459503567046,54.9141617029737],[45.2292437023723,54.83675390008976],[44.95024435703328,54.921534242812356],[44.8755836189606,54.84387874478473],[45.43185286978934,54.67408235370411],[45.50719634858788,54.75136287171857],[45.64578030329628,54.70843947838386],[45.797840243388606,54.862627419592044],[45.5197412252433,54.94870055407581]]]},"properties":{"name":"Tree cover (2000)","source":"JRC GLC2000 v1.1","threshold":0.4}},{"type":"Feature","geometry":{"type":"Polygon","coordinates":[[[47.01725427647969,54.270956808866536],[46.94016560313392,54.19471582820155],[47.075729814651375,54.15024751569584],[46.99883481291046,54.074036353726754],[47.133992598106445,54.02951644068877],[47.28842100028211,54.18168369689043],[47.01725427647969,54.270956808866536]]]},"properties":{"name":"Tree cover (2000)","source":"JRC GLC2000 v1.1","threshold":0.4}},{"type":"Feature","geometry":{"type":"Polygon","coordinates":[[[50.00489273253854,53.648951436611235],[49.92373350226923,53.57491480122492],[49.66113795477063,53.66989927603317],[49.500338619155436,53.52121800129851],[49.6315232852164,53.47398901139455],[49.551516579567085,53.39963656340651],[49.420454025968645,53.44676913562582],[49.261705945371176,53.297657051442584],[49.52308762470678,53.20363694453446],[49.602536082880306,53.2780370581299],[49.732967318399474,53.23072371763814],[49.653398979196545,53.156419417764596],[49.91326414101605,53.061571494474265],[50.07320955013157,53.2097237781752],[49.94316929759548,53.25740851004516],[50.02353376716541,53.3314714957003],[50.28359089184045,53.23577190887062],[50.3645275845347,53.30956772718955],[50.1042397186116,53.40546111338447],[50.18528893440067,53.47937693492418],[50.05464107383284,53.52721482906002],[50.13591854623387,53.60115395757931],[50.00489273253854,53.648951436611235]]]},"properties":{"name":"Tree cover (2000)","source":"JRC GLC2000 v1.1","threshold":0.4}},{"type":"Feature","geometry":{"type":"Polygon","coordinates":[[[22.602409798538005,59.06479307569154],[22.570319810032355,58.976490686013896],[22.399224850522245,58.99220158387691],[22.336429054948354,58.815488215849186],[22.67683410966893,58.78403299701076],[22.70895800119409,58.872303537777775],[23.049602668711998,58.839912463626796],[23.082732694739565,58.928084202044424],[22.74127057248795,58.96056729579403],[22.773773440427316,59.04882423925413],[22.602409798538005,59.06479307569154]]]},"properties":{"name":"Tree cover (2000)","source":"JRC GLC2000 v1.1","threshold":0.4}},{"type":"Feature","geometry":{"type":"Polygon","coordinates":[[[26.12746322377172,58.597945793122925],[26.04721065567825,58.42343869723273],[26.213996668184468,58.403236951234],[26.295009995323543,58.577631850723144],[26.12746322377172,58.597945793122925]]]},"properties":{"name":"Tree cover (2000)","source":"JRC GLC2000 v1.1","threshold":0.4}},{"type":"Feature","geometry":{"type":"Polygon","coordinates":[[[48.99931047927012,53.39112111398838],[48.84241296029284,53.24134532677991],[48.97348561578928,53.19487329673013],[49.13063506953828,53.34445879747666],[48.99931047927012,53.39112111398838]]]},"properties":{"name":"Tree cover (2000)","source":"JRC GLC2000 v1.1","threshold":0.4}},{"type":"Feature","geometry":{"type":"Polygon","coordinates":[[[48.05069527062765,53.517228026265194],[47.9735369514581,53.44166932433452],[48.105984886599714,53.396136406322185],[48.029025310794815,53.32060485599639],[48.29290299811415,53.22930217943524],[48.37012852296157,53.30464562059774],[48.238182007724525,53.3504616988768],[48.315608743831326,53.42583172211236],[48.05069527062765,53.517228026265194]]]},"properties":{"name":"Tree cover (2000)","source":"JRC GLC2000 v1.1","threshold":0.4}},{"type":"Feature","geometry":{"type":"Polygon","coordinates":[[[27.00323310359591,58.21223752387052],[26.919889736511447,58.038331496539385],[27.08449884505361,58.01708310588617],[27.168573929929465,58.19087306515736],[27.00323310359591,58.21223752387052]]]},"properties":{"name":"Tree cover (2000)","source":"JRC GLC2000 v1.1","threshold":0.4}},{"type":"Feature","geometry":{"type":"Polygon","coordinates":[[[26.25968312924706,58.12130928437683],[26.219829884679545,58.03410939241095],[26.549547774613703,57.99313612986009],[26.5901377693371,58.08022424033838],[26.25968312924706,58.12130928437683]]]},"properties":{"name":"Tree cover (2000)","source":"JRC GLC2000 v1.1","threshold":0.4}},{"type":"Feature","geometry":{"type":"Polygon","coordinates":[[[13.132516874103029,59.06520254224007],[13.116548432171934,58.885506906244494],[13.289453666765795,58.88146234873958],[13.306304922895242,59.0611345325969],[13.132516874103029,59.06520254224007]]]},"properties":{"name":"Tree cover (2000)","source":"JRC GLC2000 v1.1","threshold":0.4}},{"type":"Feature","geometry":{"type":"Polygon","coordinates":[[[22.443824587618625,58.62321595165296],[22.412659098234975,58.53488111479515],[22.243601554574422,58.55037151588148],[22.213017233436595,58.46198694228981],[21.87530006381663,58.49225243686357],[21.845693372276006,58.403777210681014],[22.01421762902615,58.388791315974046],[21.954719468546077,58.21190727106032],[22.289784510195933,58.18147792792353],[22.32023804360028,58.26983825263316],[22.655555356514153,58.23849185194864],[22.68697442811486,58.32675857626069],[22.854820468505828,58.3107294562549],[22.886816198758403,58.39894462175347],[22.718574955427542,58.41501843276091],[22.750358465850347,58.503271393284095],[22.581578615527874,58.51918098144316],[22.613145988862783,58.607471689493394],[22.443824587618625,58.62321595165296]]]},"properties":{"name":"Tree cover (2000)","source":"JRC GLC2000 v1.1","threshold":0.4}},{"type":"Feature","geometry":{"type":"Polygon","coordinates":[[[28.187473957683363,57.77623865744151],[28.056381567003115,57.51663510922849],[28.218122335939178,57.49403254593708],[28.350258336695454,57.75345448509935],[28.187473957683363,57.77623865744151]]]},"properties":{"name":"Tree cover (2000)","source":"JRC GLC2000 v1.1","threshold":0.4}},{"type":"Feature","geometry":{"type":"Polygon","coordinates":[[[5.882383986623865,60.0304525253785],[5.8933076159345585,59.94064114727233],[5.71517841123634,59.93532285784364],[5.748945093899715,59.66595219969399],[5.395637284009825,59.65474003165845],[5.407673728151916,59.56498794635976],[5.231561743444517,59.55906452821265],[5.280789571070806,59.200147116479194],[5.45509619529637,59.206001507202934],[5.443347790353818,59.29574492335605],[5.793017134134579,59.30682593747479],[5.771114834293848,59.48638428181239],[5.946931696049532,59.49162424794925],[5.967928432357966,59.31203524979028],[6.142888059744051,59.31702363020138],[6.152842507198622,59.22721819699101],[5.978332045997954,59.222244362934696],[6.0091705297701346,58.95288556712204],[5.836038205226843,58.94773644189085],[5.8466335732848735,58.85796945360171],[6.019327717562453,58.863103760722964],[6.049439794883209,58.59377103265405],[6.220879748603132,58.598645496780065],[6.211332693218073,58.6884349447708],[6.383246976208787,58.69310671926962],[6.327398805879266,59.23197164297161],[6.501998885304684,59.23650460963288],[6.4838342727400615,59.416172469121065],[6.659379528453193,59.42051019436866],[6.650670255742277,59.51036093087145],[6.826712097007673,59.51448884763175],[6.8184086975262055,59.60435462131233],[6.4654482239952245,59.595851133072756],[6.456170914034554,59.685694643807075],[6.2792935517621595,59.681094522071504],[6.298710978262028,59.50143741560546],[6.122797780514788,59.49664199193066],[6.061036198561253,60.03556058640109],[5.882383986623865,60.0304525253785]]]},"properties":{"name":"Tree cover (2000)","source":"JRC GLC2000 v1.1","threshold":0.4}},{"type":"Feature","geometry":{"type":"Polygon","coordinates":[[[27.123493266085262,57.73501295409523],[27.000138093736428,57.47426049363893],[27.16225047744008,57.45295677815905],[27.20349264601907,57.5398318520288],[27.365781902153266,57.51827336940004],[27.407605181938543,57.605076030601616],[27.244963900279423,57.6266921671748],[27.28666607078476,57.71353763500468],[27.123493266085262,57.73501295409523]]]},"properties":{"name":"Tree cover (2000)","source":"JRC GLC2000 v1.1","threshold":0.4}},{"type":"Feature","geometry":{"type":"Polygon","coordinates":[[[42.33487577182589,54.58707561505514],[42.19798547993286,54.42814662734099],[42.33849999554584,54.38902919624541],[42.47577543950286,54.5477832223997],[42.33487577182589,54.58707561505514]]]},"properties":{"name":"Tree cover (2000)","source":"JRC GLC2000 v1.1","threshold":0.4}},{"type":"Feature","geometry":{"type":"Polygon","coordinates":[[[27.455821203535958,58.06076920636439],[27.41317667481189,57.973984045186555],[27.08449884505361,58.01708310588617],[27.042814727935983,57.93016623011034],[27.69800323557679,57.84340227981278],[27.444242565530196,57.32298215152849],[27.76655138264073,57.27911206961361],[27.93756633361824,57.625651968921524],[27.775112419430815,57.64792034020356],[27.90482291281052,57.90783509949466],[27.741125283600812,57.93008431654624],[27.784489152740623,58.01675047751947],[27.455821203535958,58.06076920636439]]]},"properties":{"name":"Tree cover (2000)","source":"JRC GLC2000 v1.1","threshold":0.4}},{"type":"Feature","geometry":{"type":"Polygon","coordinates":[[[22.092431046533616,58.10838754792369],[22.033168292227074,57.931551476085474],[22.199463881367066,57.916359152596684],[22.259505267280236,58.093111288938516],[22.092431046533616,58.10838754792369]]]},"properties":{"name":"Tree cover (2000)","source":"JRC GLC2000 v1.1","threshold":0.4}},{"type":"Feature","geometry":{"type":"Polygon","coordinates":[[[25.55834741646595,58.11362767979392],[25.48227136777419,57.938757423805676],[25.647150263252428,57.919288726247416],[25.60906389007809,57.83188905813553],[25.27988289933674,57.87051884672058],[25.24274625360032,57.783002869307644],[25.735171359931506,57.72491304084468],[25.69714590940004,57.637542585629966],[25.53352983314639,57.657054465168954],[25.496078724963642,57.56961966885353],[26.14812488745034,57.490583503897064],[26.18701796170699,57.57780585425648],[26.512772536776595,57.53698368843162],[26.632920680684514,57.79824271024791],[26.30500686513573,57.83939562413039],[26.265457192519598,57.75221198794985],[26.101608367998008,57.77243262946087],[26.219829884679545,58.03410939241095],[26.054713029794193,58.054292997949744],[25.976413111760724,57.87974518187682],[25.811864639415592,57.8996178702793],[25.85053595311215,57.98695210866606],[25.6854518464489,58.00667655422795],[25.72397039814068,58.094052474494326],[25.55834741646595,58.11362767979392]],[[25.77341035890305,57.812271491475784],[25.937592306087986,57.792452573352456],[25.898988578597958,57.70514759289328],[25.735171359931506,57.72491304084468],[25.77341035890305,57.812271491475784]]]},"properties":{"name":"Tree cover (2000)","source":"JRC GLC2000 v1.1","threshold":0.4}},{"type":"Feature","geometry":{"type":"Polygon","coordinates":[[[37.8718477623666,55.52652330028563],[37.749222235391294,55.36236249598703],[37.89635823469835,55.32831658736107],[37.95775891735357,55.41033591363376],[38.10490409755941,55.37603985323869],[38.166846959312934,55.457938741371635],[37.8718477623666,55.52652330028563]]]},"properties":{"name":"Tree cover (2000)","source":"JRC GLC2000 v1.1","threshold":0.4}},{"type":"Feature","geometry":{"type":"Polygon","coordinates":[[[44.417326299865955,53.7836584360274],[44.346467261692794,53.70552673763702],[44.20973617241036,53.74686650350897],[44.13936498708257,53.668590301827834],[44.54833517305666,53.54438604128515],[44.619209874558784,53.622395815754786],[44.48295849861288,53.66403636976902],[44.553985444572476,53.742078903749416],[44.417326299865955,53.7836584360274]]]},"properties":{"name":"Tree cover (2000)","source":"JRC GLC2000 v1.1","threshold":0.4}},{"type":"Feature","geometry":{"type":"Polygon","coordinates":[[[45.5977297997793,53.91902880613396],[45.01908281948669,53.29897662765142],[45.15381691609119,53.25676999583539],[45.22518449722061,53.334391351210705],[45.35983933910276,53.29194797809419],[45.43168155039886,53.36942179801372],[45.56625431088771,53.326741536045816],[45.638571527038636,53.404066678793924],[45.77305936712415,53.361149387839255],[45.700587419173715,53.28391439341731],[45.83468093507423,53.24094078043726],[45.980252001067846,53.395170256674405],[45.84585193244236,53.438324709274404],[45.918966938373835,53.515440005259435],[46.05352022919042,53.472194610321786],[46.1271126878003,53.54915823263824],[45.722256984381495,53.67872730792385],[45.649128464907385,53.601490095343785],[45.51384313958048,53.64429395543419],[45.73373645412626,53.876099197172884],[45.5977297997793,53.91902880613396]]]},"properties":{"name":"Tree cover (2000)","source":"JRC GLC2000 v1.1","threshold":0.4}},{"type":"Feature","geometry":{"type":"Polygon","coordinates":[[[46.1144096661502,53.35186955327764],[45.96853492568074,53.19782110672991],[45.83468093507423,53.24094078043726],[45.76237447542402,53.16373636224989],[45.62843427694901,53.2066200752408],[45.55659814034886,53.129266779339304],[45.82393518133012,53.04353259682368],[45.896076574040436,53.12070668493719],[46.16276675603175,53.03421106340359],[46.23552463535362,53.111145212126964],[46.10214946529308,53.15455578122146],[46.24832501222993,53.30842301251777],[46.1144096661502,53.35186955327764]]]},"properties":{"name":"Tree cover (2000)","source":"JRC GLC2000 v1.1","threshold":0.4}},{"type":"Feature","geometry":{"type":"Polygon","coordinates":[[[46.60855152603957,54.403763874884454],[46.45563157026219,54.25064894699825],[46.31918704753536,54.29443314532478],[46.24339584509848,54.21768646437525],[46.10685080125508,54.26122833058923],[46.031556442375866,54.184325516318154],[46.167944201503914,54.14087716085244],[46.092830171106,54.06400561485246],[45.95659976262399,54.10736082238279],[45.73373645412626,53.876099197172884],[46.2752776673845,53.70290183849186],[46.42476179874581,53.85639815130314],[46.55982912571063,53.81254596728356],[46.484769802190186,53.73592170266049],[46.61943605183117,53.69201602967542],[46.69464530919693,53.76854741256983],[46.829210474050775,53.72440291354978],[46.75385277108508,53.6479644964345],[47.021938131452046,53.55942554135819],[46.87162945217169,53.406729567643936],[46.73800273086309,53.45088634825286],[46.66348636112636,53.37435128785238],[46.52976056776766,53.41827121888174],[46.45571732932658,53.34158202099642],[46.32189533124687,53.38526520286332],[46.24832501222993,53.30842301251777],[46.381998131066666,53.26483104708935],[46.30860116524815,53.188018658205266],[46.70772989545814,53.05664745913488],[46.63421484840842,52.9800461145436],[46.501557227907824,53.02388997240804],[46.355770455077966,52.87032190641853],[46.488138322752285,52.826658599596804],[46.56101824229245,52.90338304297608],[46.82533117711379,52.8154460151252],[46.89881328457395,52.89192794901255],[47.0307543393312,52.84765444950104],[47.10469527201884,52.92398295256632],[47.23653690145839,52.879475944443534],[47.015248961357855,52.65057486262374],[47.14643699200733,52.60619829607977],[47.073167693148115,52.52986290630696],[47.33456487528926,52.440866362535786],[47.40810640092707,52.51702118646394],[47.27738942565713,52.5616802719378],[47.351109886326356,52.637862387447626],[47.22002078095327,52.68247099046242],[47.44267624110253,52.91090930491858],[46.64861808974117,53.17721248923137],[46.72263074070886,53.25378077189255],[46.85572238377997,53.2096635306723],[47.15560704716439,53.51493896349916],[47.42219808965445,53.42553371061785],[47.34645102184158,53.349496303664104],[47.47923367219841,53.30467154385769],[47.40367559074347,53.22866224945908],[47.668224293117525,53.13877027922692],[47.744057972272834,53.21459390086889],[47.611769265721826,53.25970393794463],[47.840838000844045,53.487060033336526],[47.574686281179844,53.57741314117848],[47.65143106951617,53.65325439324479],[47.38399001073785,53.743221635286964],[47.46078835559146,53.81918545688671],[47.32654422374764,53.8640469599156],[47.09758828403994,53.63567778392171],[46.96352475249184,53.68011289576977],[47.115535347425386,53.832611300752774],[46.84606578098373,53.92141996627313],[46.92228077474238,53.99776037378366],[46.78701541552203,54.04203970805685],[46.86341996250622,54.11840999704984],[46.59181847853301,54.206716730745214],[46.74504633379105,54.35964245528843],[46.60855152603957,54.403763874884454]],[[46.379684712604735,54.17399623263467],[46.51571751572876,54.1301580721667],[46.43995593513805,54.0535360657596],[46.3040773303988,54.097280532534604],[46.379684712604735,54.17399623263467]],[[47.30752825220133,53.6671923541036],[47.44123314324159,53.62237469607648],[47.36496370059787,53.54637397244143],[47.23140121544178,53.591098001830524],[47.30752825220133,53.6671923541036]],[[46.15387325230495,53.94366169758007],[46.28944321090337,53.90010353741238],[46.21468824274806,53.823293770733976],[46.079272717043544,53.866759315238475],[46.15387325230495,53.94366169758007]]]},"properties":{"name":"Tree cover (2000)","source":"JRC GLC2000 v1.1","threshold":0.4}},{"type":"Feature","geometry":{"type":"Polygon","coordinates":[[[27.080446169606624,57.279162700953506],[26.999536707108472,57.105310613920146],[27.16009042238914,57.08403571029065],[27.241689222848976,57.257775294416525],[27.080446169606624,57.279162700953506]]]},"properties":{"name":"Tree cover (2000)","source":"JRC GLC2000 v1.1","threshold":0.4}},{"type":"Feature","geometry":{"type":"Polygon","coordinates":[[[27.402760363357498,57.236191691862906],[27.32047499789104,57.0625654953086],[27.480689232719968,57.04090030103546],[27.563658375265785,57.21441223086659],[27.402760363357498,57.236191691862906]]]},"properties":{"name":"Tree cover (2000)","source":"JRC GLC2000 v1.1","threshold":0.4}},{"type":"Feature","geometry":{"type":"Polygon","coordinates":[[[-3.788078436240313,57.577260040279725],[-3.7548888628352177,57.48930162585107],[-3.427130747592776,57.52330090287878],[-3.4595774235110284,57.61135125738014],[-3.788078436240313,57.577260040279725]]]},"properties":{"name":"Tree cover (2000)","source":"JRC GLC2000 v1.1","threshold":0.4}},{"type":"Feature","geometry":{"type":"Polygon","coordinates":[[[26.673419507514772,57.88530180980189],[26.632920680684514,57.79824271024791],[26.796619274893498,57.77736583571758],[26.63543760887118,57.42921617475212],[26.310728632553527,57.47032625555067],[26.232877861716915,57.29595101782928],[26.070983168764283,57.316100593669866],[26.10944719392658,57.40334839365497],[25.947035742595038,57.42335315980676],[25.871027971959204,57.24873878089792],[26.03273111743901,57.22884017273936],[25.956856246083166,57.05428173662802],[26.27838480996745,57.01410484194495],[26.316913842360968,57.10128423026372],[26.477784244770728,57.0808478586306],[26.516872897033455,57.167960168085536],[26.67792671599063,57.14727316951769],[27.001363703669874,57.84323487737202],[26.673419507514772,57.88530180980189]]]},"properties":{"name":"Tree cover (2000)","source":"JRC GLC2000 v1.1","threshold":0.4}},{"type":"Feature","geometry":{"type":"Polygon","coordinates":[[[45.15381691609119,53.25676999583539],[45.01202555753176,53.10135482204724],[45.41386974094672,52.974384622634844],[45.342973935083506,52.89685643812966],[45.74225692937726,52.768837485271966],[45.88527199234202,52.92330310658643],[45.75210897154692,52.966299187930446],[45.68059617989392,52.88900680064947],[45.54734989927637,52.93176854654695],[45.61871073420742,53.009149902672945],[45.351208378693144,53.094413622711755],[45.4225745373643,53.1719146649293],[45.15381691609119,53.25676999583539]]]},"properties":{"name":"Tree cover (2000)","source":"JRC GLC2000 v1.1","threshold":0.4}},{"type":"Feature","geometry":{"type":"Polygon","coordinates":[[[38.504363614832975,54.99220617625724],[38.381329839334086,54.82869600036598],[38.526173698752935,54.793964203296746],[38.64966331771119,54.95731307999923],[38.504363614832975,54.99220617625724]]]},"properties":{"name":"Tree cover (2000)","source":"JRC GLC2000 v1.1","threshold":0.4}},{"type":"Feature","geometry":{"type":"Polygon","coordinates":[[[25.896430984332945,59.63850634469154],[25.85515968390291,59.551169493569546],[25.51013676695283,59.59062980409233],[25.42995920427956,59.41569333892974],[25.257993887791596,59.434992578530895],[25.140706119483696,59.17233768025588],[25.311453167228034,59.153203135494735],[25.27241263497081,59.06568390070303],[25.10206747795433,59.08476418749293],[25.025464564043503,58.909584830332804],[24.855747053530123,58.92834835292377],[24.818176177858422,58.840689829134405],[24.47903638977794,58.87748395222356],[24.515808568706902,58.96524647883786],[24.68586119300886,58.94690234670327],[24.723250945287653,59.034603072087485],[24.55279615582536,59.052999243506086],[24.590000984870052,59.14074218723476],[24.76086004992251,59.12229367102086],[24.83674381478501,59.29764423681153],[24.665069807103176,59.31619836930277],[24.627424910204365,59.22847524971483],[24.2843869616152,59.26484183156941],[24.321210298129834,59.352669243783374],[24.14902812986457,59.37058531133754],[24.112617787430455,59.282706575946904],[23.768587407371964,59.31779732381219],[23.7332174371868,59.22980917265324],[23.561374710534277,59.24698516440112],[23.49208119813307,59.07088591400025],[23.833962599882845,59.036517838145876],[23.798804888113576,58.94855372691206],[24.139241677786465,58.913439444858724],[24.103483304391784,58.82556593706522],[24.442477805648085,58.78971172135962],[24.406131022997442,58.701929842663795],[24.574989666179047,58.683740020227],[24.538459040442707,58.595999390877566],[24.20136996018392,58.63206927732076],[24.237111459972756,58.71991106530238],[24.067932553333314,58.737683369796756],[23.9974469620801,58.56189125704699],[23.82890419303518,58.57935609860159],[23.760014035818102,58.403431240015216],[23.927771182976574,58.386063495210415],[23.893232767468945,58.298136362236406],[24.22751273682816,58.26287761905623],[24.29834384610922,58.438526864957],[24.633551757091823,58.40224379916086],[24.2797566901404,57.52460706424841],[24.44335753415125,57.50665291083716],[24.478212772145074,57.59441172707421],[24.642031953341505,57.57620753119936],[24.677451492338882,57.66390728989946],[24.841486942762437,57.64545209722094],[24.770112929096925,57.470141611561566],[24.60681007795657,57.488497661656666],[24.53695297482986,57.31304778423299],[24.8619594592921,57.27633222063931],[24.826602412353488,57.18869000771995],[24.988523923661237,57.17008276760541],[24.953006096659408,57.08247938083102],[25.275689901134207,57.04476974129293],[25.311915508589845,57.13227314457556],[25.473382946661747,57.11307135874936],[25.51016249296251,57.20051250243165],[25.18636619775857,57.23881966372885],[25.2226370503123,57.3263512138409],[25.384968912640648,57.30724602479916],[25.458835977479094,57.4821732895206],[25.132578258236556,57.520388426135774],[25.169095603309323,57.60793760058202],[25.005368776714896,57.62679543241855],[25.04172441872535,57.7143845623552],[24.877474814297383,57.733091704992034],[24.91366543899336,57.820720818660654],[25.078284658121948,57.80196291373784],[25.115051161814144,57.88953042977736],[24.950060471324843,57.90833938368967],[24.986661583608242,57.995947344330716],[25.152025614651325,57.977087052450315],[25.264213790619348,58.239690961163404],[25.596709883599864,58.20104533031191],[25.6352910185943,58.28845123908234],[25.3020372556867,58.32720340485145],[25.494440593019544,58.76459624789831],[25.325630265974077,58.783931972728304],[25.40337196502924,58.95891781396739],[25.572969793485772,58.93947305717482],[25.73279975235486,59.28908575106728],[25.903814712843126,59.26920830862813],[26.06907221356307,59.61839960247269],[25.896430984332945,59.63850634469154]],[[25.025464564043503,58.909584830332804],[25.19501215106212,58.89061211468177],[25.156648394445263,58.80305970307655],[24.987496515235794,58.82197910043595],[25.025464564043503,58.909584830332804]],[[24.949748255609702,58.73436275702052],[25.118506459632965,58.71549636980552],[25.080584496056023,58.62792218118206],[25.248783940331865,58.608901200927505],[25.210691894325578,58.52136913726086],[25.042880673411243,58.540337202154994],[25.005393181390854,58.452741496327725],[24.837803946501136,58.47145067716808],[24.800916677978403,58.383792504565676],[24.633551757091823,58.40224379916086],[24.70676272383859,58.5776526545281],[24.87490377772789,58.55909848356706],[24.949748255609702,58.73436275702052]]]},"properties":{"name":"Tree cover (2000)","source":"JRC GLC2000 v1.1","threshold":0.4}},{"type":"Feature","geometry":{"type":"Polygon","coordinates":[[[18.618487065051237,57.924323180347976],[18.597412617803577,57.835171780598195],[18.43037560964542,57.845864188579064],[18.40981905762615,57.756681476898976],[18.576458551616337,57.74601848985153],[18.555623863691913,57.65686328869329],[18.721777613295153,57.646022160291274],[18.743006842878042,57.735147560485764],[18.90946226725736,57.72406887398237],[18.931208976443976,57.813161663481274],[19.09796497822027,57.80184433130845],[19.120233740800526,57.89090361838747],[18.618487065051237,57.924323180347976]]]},"properties":{"name":"Tree cover (2000)","source":"JRC GLC2000 v1.1","threshold":0.4}},{"type":"Feature","geometry":{"type":"Polygon","coordinates":[[[27.439543016183066,56.954121407614686],[27.35791855044845,56.78051819641682],[27.51695147954578,56.75882875155631],[27.599247579585825,56.93231867288467],[27.439543016183066,56.954121407614686]]]},"properties":{"name":"Tree cover (2000)","source":"JRC GLC2000 v1.1","threshold":0.4}},{"type":"Feature","geometry":{"type":"Polygon","coordinates":[[[25.473382946661747,57.11307135874936],[25.400428009872993,56.938154418316635],[25.88180937209387,56.8796736095262],[25.91923012422022,56.96698385248998],[25.597768012876788,57.006270429749996],[25.634696408553015,57.09367199209898],[25.473382946661747,57.11307135874936]]]},"properties":{"name":"Tree cover (2000)","source":"JRC GLC2000 v1.1","threshold":0.4}},{"type":"Feature","geometry":{"type":"Polygon","coordinates":[[[26.838815063991163,57.126389876258656],[26.759472093957402,56.95237003056098],[26.438909219128643,56.99372218483603],[26.361793371624366,56.819431028981384],[26.521471730717682,56.79896009850056],[26.560265937292787,56.88605871063445],[26.879819850423615,56.84442514083756],[26.999536707108472,57.105310613920146],[26.838815063991163,57.126389876258656]]]},"properties":{"name":"Tree cover (2000)","source":"JRC GLC2000 v1.1","threshold":0.4}},{"type":"Feature","geometry":{"type":"Polygon","coordinates":[[[40.32444956485787,54.24682431330739],[40.19712961066126,54.0853422793245],[40.33817978865083,54.04857244065347],[40.401895036639516,54.12925337662377],[40.54292401655891,54.092241422015725],[40.60714281546596,54.172794748034214],[40.32444956485787,54.24682431330739]]]},"properties":{"name":"Tree cover (2000)","source":"JRC GLC2000 v1.1","threshold":0.4}},{"type":"Feature","geometry":{"type":"Polygon","coordinates":[[[41.02947299951585,54.06055438484144],[40.964651704969214,53.980250663447215],[41.10477375906786,53.942603465241866],[41.04005608790513,53.862336748818315],[41.31922754457675,53.786736300867915],[41.38433583188469,53.86683608496053],[41.2446685350793,53.90479847056686],[41.309884037773855,53.984934897530934],[41.02947299951585,54.06055438484144]]]},"properties":{"name":"Tree cover (2000)","source":"JRC GLC2000 v1.1","threshold":0.4}},{"type":"Feature","geometry":{"type":"Polygon","coordinates":[[[22.97378409311465,57.203853468180256],[22.942958956210557,57.11567515527884],[23.105340434515703,57.09940127076694],[23.07432286559891,57.011258665194596],[23.39796714654935,56.97819877413908],[23.42970749871501,57.06625344824569],[23.267590415485916,57.08292728095575],[23.299144221075633,57.171018149727054],[22.97378409311465,57.203853468180256]]]},"properties":{"name":"Tree cover (2000)","source":"JRC GLC2000 v1.1","threshold":0.4}},{"type":"Feature","geometry":{"type":"Polygon","coordinates":[[[18.20311751712315,57.58870844564847],[18.124522093805297,57.23183305384606],[18.28890695638022,57.22154791473721],[18.308774784623118,57.31074139115281],[18.638056285578088,57.289499345279815],[18.658809252525007,57.37863326954235],[18.823702559794814,57.36767493731548],[18.866339022751532,57.5458764958557],[18.534907562355567,57.56770615731024],[18.51430866690274,57.47854707549626],[18.348848640106937,57.489122817697314],[18.369056541786147,57.57831081287238],[18.20311751712315,57.58870844564847]]]},"properties":{"name":"Tree cover (2000)","source":"JRC GLC2000 v1.1","threshold":0.4}},{"type":"Feature","geometry":{"type":"Polygon","coordinates":[[[26.04196096350171,56.85978809412316],[25.967043500926906,56.6852344020477],[25.48818860377871,56.743995216469024],[25.416124808879985,56.5690868680393],[25.575211022059953,56.54979570240193],[25.61148623158669,56.63720543840773],[26.24768052084546,56.55789580761805],[26.285512172811895,56.645087256758735],[26.126355444815868,56.66525795471417],[26.16405302988482,56.75248894323794],[26.323549254441204,56.73226568597197],[26.361793371624366,56.819431028981384],[26.04196096350171,56.85978809412316]]]},"properties":{"name":"Tree cover (2000)","source":"JRC GLC2000 v1.1","threshold":0.4}},{"type":"Feature","geometry":{"type":"Polygon","coordinates":[[[26.444512476987672,56.62472261384632],[26.368381303831484,56.45043190703856],[26.526554788044663,56.42997964424857],[26.6033551595154,56.60416433379411],[26.444512476987672,56.62472261384632]]]},"properties":{"name":"Tree cover (2000)","source":"JRC GLC2000 v1.1","threshold":0.4}},{"type":"Feature","geometry":{"type":"Polygon","coordinates":[[[37.9946492081288,54.53544700848819],[37.87558087005941,54.371307432500814],[38.01928572743148,54.337215881993544],[38.13880628330326,54.50119892317143],[37.9946492081288,54.53544700848819]]]},"properties":{"name":"Tree cover (2000)","source":"JRC GLC2000 v1.1","threshold":0.4}},{"type":"Feature","geometry":{"type":"Polygon","coordinates":[[[40.27476238740107,53.967846998110744],[40.148813678848995,53.806263653833504],[40.28903110711748,53.769579490586686],[40.41538483573097,53.93099964508574],[40.27476238740107,53.967846998110744]]]},"properties":{"name":"Tree cover (2000)","source":"JRC GLC2000 v1.1","threshold":0.4}},{"type":"Feature","geometry":{"type":"Polygon","coordinates":[[[24.374228215666957,57.331105957806905],[24.305863451058,57.15552020904777],[24.143715785636644,57.173283217554456],[24.076819168692406,56.997565027761965],[24.399541887492305,56.96202877317742],[24.365660064929752,56.87424943296298],[23.721078708320896,56.94434250954975],[23.688798333339186,56.856368973175734],[23.527666651693067,56.8733515953867],[23.559590204489698,56.961370056173735],[23.39796714654935,56.97819877413908],[23.335009233521316,56.80206475898069],[23.495918233451874,56.78532468570766],[23.464343563322927,56.69728935663201],[24.424868369369076,56.59297653162199],[24.458546064284253,56.68073823403355],[24.77831373068308,56.64430313631037],[24.812871031677936,56.73195946689199],[24.652710863763453,56.75032295621423],[24.687108427291992,56.8380170082659],[24.847617415483192,56.81960530346059],[24.917683428953687,56.99486530834699],[24.756471650408173,57.01337424200521],[24.826602412353488,57.18869000771995],[24.50231461736276,57.22530787064852],[24.53695297482986,57.31304778423299],[24.374228215666957,57.331105957806905]]]},"properties":{"name":"Tree cover (2000)","source":"JRC GLC2000 v1.1","threshold":0.4}},{"type":"Feature","geometry":{"type":"Polygon","coordinates":[[[37.44317817781151,54.47258815196139],[37.326615675749196,54.30783354004409],[37.47050545137386,54.274393082555854],[37.52887527880699,54.35671211186491],[37.672781452906676,54.323029017853585],[37.73166105178013,54.405233589812596],[37.44317817781151,54.47258815196139]]]},"properties":{"name":"Tree cover (2000)","source":"JRC GLC2000 v1.1","threshold":0.4}},{"type":"Feature","geometry":{"type":"Polygon","coordinates":[[[24.77831373068308,56.64430313631037],[24.709760472412597,56.46895917289267],[25.02758532003983,56.431934267933585],[24.992905691144724,56.34434242639615],[25.467554574823858,56.28749599485031],[25.50324670375166,56.37494092693843],[25.661508687617378,56.35555602196622],[25.62548139431885,56.26816094463393],[25.78326147226304,56.24863325113815],[25.81962274880258,56.33597803516052],[26.13540232784735,56.296243984451245],[26.172627163816117,56.383474108329025],[26.014479369000473,56.40348882030334],[26.051570186074223,56.490757830975696],[25.892934927506268,56.51063088859393],[25.85618005976718,56.423310600041205],[25.697730430538925,56.44293915142374],[25.73414813550541,56.530310277861204],[25.575211022059953,56.54979570240193],[25.539131685383015,56.46237418049358],[25.221491711515153,56.50066250681529],[25.25689072735174,56.58818348281914],[24.77831373068308,56.64430313631037]]]},"properties":{"name":"Tree cover (2000)","source":"JRC GLC2000 v1.1","threshold":0.4}},{"type":"Feature","geometry":{"type":"Polygon","coordinates":[[[27.15767431429896,56.346249060002904],[27.1182664679565,56.25935110852805],[26.9610522972207,56.28051707738028],[26.922180066434738,56.19355059524979],[27.079068488169323,56.17243862755923],[27.04007877868488,56.085511690917805],[27.196485842369878,56.064263472972364],[27.23579856769708,56.151136277467614],[27.392369195955236,56.12964385502308],[27.432214887836437,56.21644708071782],[27.275321036776656,56.23799433879048],[27.315054854406725,56.32483758100625],[27.15767431429896,56.346249060002904]]]},"properties":{"name":"Tree cover (2000)","source":"JRC GLC2000 v1.1","threshold":0.4}},{"type":"Feature","geometry":{"type":"Polygon","coordinates":[[[22.660284546668002,56.77879082978495],[22.571882872499696,56.51399671846014],[22.731884222499747,56.49821747246443],[22.821350779651702,56.76288686522532],[22.660284546668002,56.77879082978495]]]},"properties":{"name":"Tree cover (2000)","source":"JRC GLC2000 v1.1","threshold":0.4}},{"type":"Feature","geometry":{"type":"Polygon","coordinates":[[[22.305499919405378,57.72426771573621],[22.275689653083308,57.63591146011595],[21.945530318903867,57.666252311560434],[21.916647143011012,57.57780730663725],[21.751760213840168,57.59263046816005],[21.72341874480486,57.504139362300144],[21.558789500242273,57.518718490229304],[21.53098545501729,57.43018226791266],[21.695236455779824,57.41564254771336],[21.61163177378783,57.150117959507924],[21.44850364439855,57.16454078918828],[21.394278532878012,56.9874192046263],[21.231775144558185,57.001564140444984],[21.205255224530507,56.912957595498746],[21.043007622869695,56.92686415618012],[20.991137453700933,56.749561844989714],[21.3140605906545,56.7216960546487],[21.340652205534077,56.81027586760667],[21.50231030887216,56.79600584801839],[21.55666782002963,56.973073209071444],[21.718941551650897,56.958526382739805],[21.691322016023445,56.87003411904838],[21.853114130999877,56.855325785442396],[21.88109828146167,56.94377895737102],[22.04313657134393,56.92883116746446],[21.958560069387147,56.6635715280768],[21.79760708841416,56.6784012149448],[21.770081750097845,56.58992983507194],[21.930676665156916,56.57513907975423],[21.90294560339822,56.48670036444247],[22.063069262278677,56.47175064210725],[22.09115561067155,56.560150157169915],[22.251517206907025,56.54496329927602],[22.337780047691105,56.81000251522638],[22.176344561897743,56.82530974695573],[22.205054991420614,56.913683250258565],[22.366852120133178,56.89833544571011],[22.425480631357843,57.07498100137328],[22.587881884299822,57.0593507369728],[22.61780715467999,57.14762157205751],[22.455039677510996,57.1632935928457],[22.51465397467047,57.33989831290143],[22.84153581354714,57.308183958399],[22.81090655563606,57.219969971443895],[22.97378409311465,57.203853468180256],[23.03595168321918,57.380187413919096],[22.872336544585085,57.39639061215753],[22.903310144417244,57.48458990841254],[22.739190300042587,57.50063420428738],[22.76996347559508,57.58886957551024],[22.605336235380292,57.604753941053495],[22.635905390150324,57.693025345547355],[22.305499919405378,57.72426771573621]],[[22.38070535895412,57.44378647637555],[22.54471191810818,57.42819040301006],[22.51465397467047,57.33989831290143],[22.3510204331976,57.35545242371256],[22.38070535895412,57.44378647637555]]]},"properties":{"name":"Tree cover (2000)","source":"JRC GLC2000 v1.1","threshold":0.4}},{"type":"Feature","geometry":{"type":"Polygon","coordinates":[[[36.25728885667681,54.45428446036746],[36.14566136886109,54.28826280844239],[36.29030332168595,54.2562159848355],[36.34621882772494,54.33916976282625],[36.49089287628674,54.30688109373659],[36.54731643789937,54.38972620924698],[36.25728885667681,54.45428446036746]]]},"properties":{"name":"Tree cover (2000)","source":"JRC GLC2000 v1.1","threshold":0.4}},{"type":"Feature","geometry":{"type":"Polygon","coordinates":[[[36.779623690535466,54.241801559556585],[36.66665829536746,54.07630571494593],[36.810251734884446,54.043665143900604],[36.92367951216605,54.20901145498915],[36.779623690535466,54.241801559556585]]]},"properties":{"name":"Tree cover (2000)","source":"JRC GLC2000 v1.1","threshold":0.4}},{"type":"Feature","geometry":{"type":"Polygon","coordinates":[[[37.41241535644732,54.1920370937468],[37.35460316622175,54.10964436400728],[37.211169694163395,54.14293247562758],[37.09682566343001,53.97788668184958],[37.23980526284208,53.94474954377521],[37.297067067756736,54.02721510945368],[37.4400663996963,53.99383765162046],[37.497828315477996,54.076191013875075],[37.640844720769664,54.04257280778562],[37.69910830348409,54.124812834023686],[37.41241535644732,54.1920370937468]]]},"properties":{"name":"Tree cover (2000)","source":"JRC GLC2000 v1.1","threshold":0.4}},{"type":"Feature","geometry":{"type":"Polygon","coordinates":[[[26.532108489320933,56.061014970698345],[26.494498185948107,55.97390113866042],[26.33812084461595,55.994283601084355],[26.30103314751917,55.907104739588625],[26.612990811904574,55.86625344202063],[26.688658257846033,56.04039015870265],[26.532108489320933,56.061014970698345]]]},"properties":{"name":"Tree cover (2000)","source":"JRC GLC2000 v1.1","threshold":0.4}},{"type":"Feature","geometry":{"type":"Polygon","coordinates":[[[30.458712439611677,55.29251114374527],[30.368637438577423,55.121157956735836],[30.51970097824599,55.09593941667824],[30.610350934937486,55.26716939715399],[30.458712439611677,55.29251114374527]]]},"properties":{"name":"Tree cover (2000)","source":"JRC GLC2000 v1.1","threshold":0.4}},{"type":"Feature","geometry":{"type":"Polygon","coordinates":[[[34.78158553551742,54.48536604913409],[34.67593149164647,54.317851289104084],[34.82163798396393,54.28754283153575],[34.927788072152836,54.45491617234849],[34.78158553551742,54.48536604913409]]]},"properties":{"name":"Tree cover (2000)","source":"JRC GLC2000 v1.1","threshold":0.4}},{"type":"Feature","geometry":{"type":"Polygon","coordinates":[[[27.157381271940725,55.977375999896246],[27.1184832833074,55.890473931504374],[26.962717864889864,55.911614739301115],[26.88617127099013,55.73766081807532],[26.730889476339005,55.75850702542016],[26.693234685831925,55.6714565546732],[27.00301330949022,55.62968086753809],[27.079790318930737,55.80355733975223],[27.235082581326928,55.78228138891756],[27.196277097559587,55.695403755000925],[27.351098987249735,55.673993496956136],[27.42954586038925,55.847626117101704],[27.274092974957657,55.86914428924071],[27.313309828813296,55.955992383265574],[27.157381271940725,55.977375999896246]]]},"properties":{"name":"Tree cover (2000)","source":"JRC GLC2000 v1.1","threshold":0.4}},{"type":"Feature","geometry":{"type":"Polygon","coordinates":[[[25.796063302790845,55.879613205883885],[25.724795071178974,55.70488970758012],[25.88032076206835,55.68527891394377],[25.952235365050118,55.859903038782676],[25.796063302790845,55.879613205883885]]]},"properties":{"name":"Tree cover (2000)","source":"JRC GLC2000 v1.1","threshold":0.4}},{"type":"Feature","geometry":{"type":"Polygon","coordinates":[[[32.6641361348301,55.0908413602258],[32.614576609718874,55.00612176407239],[32.76393670504886,54.97821000400968],[32.51849644260305,54.55456192024928],[32.666333126792075,54.526805788063925],[32.76430433254537,54.69620965872406],[32.91248605071822,54.66814644409519],[33.11245745545345,55.006374761930125],[32.6641361348301,55.0908413602258]]]},"properties":{"name":"Tree cover (2000)","source":"JRC GLC2000 v1.1","threshold":0.4}},{"type":"Feature","geometry":{"type":"Polygon","coordinates":[[[21.100629669695252,56.558479217824065],[20.973033721138613,56.115263905705504],[21.131946547817655,56.10148563103312],[21.183271338952736,56.278715684964844],[21.502181972124575,56.25042456797891],[21.528760621711555,56.3389577137677],[21.369006754595357,56.35323884549854],[21.395376135830446,56.44180349529094],[21.23515786764488,56.45592408361571],[21.261314578973103,56.54452015963944],[21.100629669695252,56.558479217824065]]]},"properties":{"name":"Tree cover (2000)","source":"JRC GLC2000 v1.1","threshold":0.4}},{"type":"Feature","geometry":{"type":"Polygon","coordinates":[[[24.508487861062378,55.94267991384924],[24.442822079881367,55.76717209345442],[24.599123305944744,55.74913080990026],[24.665449968148973,55.924546653775],[24.508487861062378,55.94267991384924]]]},"properties":{"name":"Tree cover (2000)","source":"JRC GLC2000 v1.1","threshold":0.4}},{"type":"Feature","geometry":{"type":"Polygon","coordinates":[[[36.26790338250052,53.975157950640636],[36.15800663922386,53.80909354088589],[36.30107891821238,53.7770789468682],[36.41143838240555,53.9429974989925],[36.26790338250052,53.975157950640636]]]},"properties":{"name":"Tree cover (2000)","source":"JRC GLC2000 v1.1","threshold":0.4}},{"type":"Feature","geometry":{"type":"Polygon","coordinates":[[[40.13290987623882,53.13051472851752],[40.071777245308006,53.04959497592005],[39.933583121808496,53.08595419100861],[39.692610213666654,52.76153736906636],[39.830022445486776,52.725491012755754],[39.950348098195015,52.88762750482126],[40.22533138759523,52.814755458857036],[40.409057311799934,53.05716875719924],[40.13290987623882,53.13051472851752]]]},"properties":{"name":"Tree cover (2000)","source":"JRC GLC2000 v1.1","threshold":0.4}},{"type":"Feature","geometry":{"type":"Polygon","coordinates":[[[25.10128191459904,55.781435128574785],[24.999647233869958,55.518683393022954],[25.154763311282075,55.49997428913621],[25.188784912806195,55.5875221192177],[25.344086720483,55.56857644816178],[25.378611061989865,55.65606525784787],[25.222986510998286,55.675058699755645],[25.25736947734884,55.76258398727874],[25.10128191459904,55.781435128574785]]]},"properties":{"name":"Tree cover (2000)","source":"JRC GLC2000 v1.1","threshold":0.4}},{"type":"Feature","geometry":{"type":"Polygon","coordinates":[[[31.226001577361153,54.881812533342455],[31.133924195653307,54.711073730546104],[31.28310005299072,54.68496682150301],[31.237133187389002,54.5996262707368],[31.385860524300533,54.573404636218676],[31.525280741977078,54.82916982005095],[31.226001577361153,54.881812533342455]]]},"properties":{"name":"Tree cover (2000)","source":"JRC GLC2000 v1.1","threshold":0.4}},{"type":"Feature","geometry":{"type":"Polygon","coordinates":[[[22.84352498285588,55.848824955720396],[22.814446026410444,55.76061637097245],[23.12810719473002,55.72835261392658],[23.157858123371724,55.81647885901481],[22.84352498285588,55.848824955720396]]]},"properties":{"name":"Tree cover (2000)","source":"JRC GLC2000 v1.1","threshold":0.4}},{"type":"Feature","geometry":{"type":"Polygon","coordinates":[[[29.870582110250492,55.10983912055544],[29.783594213015384,54.93800189759799],[29.93430960047058,54.913505720170264],[29.847632206222624,54.741708492677446],[29.99761131065431,54.71715081535563],[30.04112373519984,54.80300004712323],[30.191219241699798,54.77820353031424],[30.147424350012503,54.69241388574534],[30.29707048238814,54.66749802307611],[30.34114659186367,54.753227734148396],[30.939157829606778,54.65153823576349],[30.984574014880423,54.73700298507597],[30.835050305197697,54.76275425318016],[30.926014719028586,54.933741956057176],[30.172994111710935,55.06042726329408],[30.12881353656092,54.97463837671083],[29.97797983905563,54.999374661569014],[30.021873235480157,55.08522368275707],[29.870582110250492,55.10983912055544]]]},"properties":{"name":"Tree cover (2000)","source":"JRC GLC2000 v1.1","threshold":0.4}},{"type":"Feature","geometry":{"type":"Polygon","coordinates":[[[27.00301330949022,55.62968086753809],[26.927038087548258,55.45574713331905],[26.77285158545497,55.47662430278189],[26.698287893223338,55.302530294195236],[26.54457664076331,55.32311763092398],[26.50789511414548,55.235998945530284],[26.814552597499983,55.19474032006712],[26.851852734379214,55.281756667227775],[27.005270120792613,55.26079703635638],[27.04307378353161,55.34774729247087],[27.196650511047853,55.326549512624595],[27.234960763562878,55.41343267375189],[27.081074829349337,55.434683159393956],[27.157674988534914,55.60851145889953],[27.00301330949022,55.62968086753809]]]},"properties":{"name":"Tree cover (2000)","source":"JRC GLC2000 v1.1","threshold":0.4}},{"type":"Feature","geometry":{"type":"Polygon","coordinates":[[[27.196650511047853,55.326549512624595],[27.15853901776433,55.23965168974683],[27.005270120792613,55.26079703635638],[26.967662379545278,55.1738324562159],[27.27343888211243,55.13146105579855],[27.350076563614913,55.305165912114525],[27.196650511047853,55.326549512624595]]]},"properties":{"name":"Tree cover (2000)","source":"JRC GLC2000 v1.1","threshold":0.4}},{"type":"Feature","geometry":{"type":"Polygon","coordinates":[[[29.28815378663626,54.92428223199307],[29.20420450056337,54.75198000905966],[29.354551805881947,54.728200035159034],[29.396707057031623,54.81430283933236],[29.547179214935312,54.79028482042133],[29.589836783185707,54.8763107118927],[29.28815378663626,54.92428223199307]]]},"properties":{"name":"Tree cover (2000)","source":"JRC GLC2000 v1.1","threshold":0.4}},{"type":"Feature","geometry":{"type":"Polygon","coordinates":[[[26.814552597499983,55.19474032006712],[26.740530205323164,55.02066570776626],[26.89302888595873,54.999860578518664],[26.967662379545278,55.1738324562159],[26.814552597499983,55.19474032006712]]]},"properties":{"name":"Tree cover (2000)","source":"JRC GLC2000 v1.1","threshold":0.4}},{"type":"Feature","geometry":{"type":"Polygon","coordinates":[[[27.27343888211243,55.13146105579855],[27.235416549129447,55.04458639519812],[27.08290644566562,55.065812325938445],[27.045382470658563,54.978870915570525],[27.349650330238386,54.93633912329445],[27.426103571743223,55.1099980964289],[27.27343888211243,55.13146105579855]]]},"properties":{"name":"Tree cover (2000)","source":"JRC GLC2000 v1.1","threshold":0.4}},{"type":"Feature","geometry":{"type":"Polygon","coordinates":[[[21.817032731433354,55.67586478824745],[21.763954942922883,55.498930651020515],[21.920180461481802,55.48420593418866],[21.9739304105382,55.66106512737243],[21.817032731433354,55.67586478824745]]]},"properties":{"name":"Tree cover (2000)","source":"JRC GLC2000 v1.1","threshold":0.4}},{"type":"Feature","geometry":{"type":"Polygon","coordinates":[[[32.473284082941994,54.187693261964476],[32.42561493853016,54.10285244244803],[33.00994790539858,53.99139757526188],[32.96148856015881,53.906790605962684],[33.252077703793724,53.8501627315649],[33.30104149798499,53.93463859222359],[33.44631779625227,53.906002396416824],[33.49577216719843,53.99038528843275],[32.473284082941994,54.187693261964476]]]},"properties":{"name":"Tree cover (2000)","source":"JRC GLC2000 v1.1","threshold":0.4}},{"type":"Feature","geometry":{"type":"Polygon","coordinates":[[[9.35716114628425,56.13219855907072],[9.358637112407154,56.04232636844792],[9.679312426203065,56.04352896960895],[9.678574391853656,56.13340431290623],[9.35716114628425,56.13219855907072]]]},"properties":{"name":"Tree cover (2000)","source":"JRC GLC2000 v1.1","threshold":0.4}},{"type":"Feature","geometry":{"type":"Polygon","coordinates":[[[-4.712635960457406,55.18653005478373],[-4.647783040232319,55.011129946272426],[-4.4943140923173415,55.02918778563347],[-4.558534772969103,55.204677731950035],[-4.712635960457406,55.18653005478373]]]},"properties":{"name":"Tree cover (2000)","source":"JRC GLC2000 v1.1","threshold":0.4}},{"type":"Feature","geometry":{"type":"Polygon","coordinates":[[[30.017357479701566,54.43492415188925],[29.93172890876806,54.26316468084708],[30.079985681377256,54.238544070573774],[30.166166670175667,54.41018631582573],[30.017357479701566,54.43492415188925]]]},"properties":{"name":"Tree cover (2000)","source":"JRC GLC2000 v1.1","threshold":0.4}},{"type":"Feature","geometry":{"type":"Polygon","coordinates":[[[31.20319276829809,54.232066731037754],[31.11321260306663,54.06126378437982],[31.260154176268625,54.035236650951326],[31.350667317294146,54.20591707993076],[31.20319276829809,54.232066731037754]]]},"properties":{"name":"Tree cover (2000)","source":"JRC GLC2000 v1.1","threshold":0.4}},{"type":"Feature","geometry":{"type":"Polygon","coordinates":[[[39.77026922999513,52.644359974631215],[39.71078687367286,52.563187385288],[39.57376323653849,52.59907928812155],[39.28132166706366,52.19222054934903],[39.417380810468956,52.15670912351119],[39.651573730925676,52.48197347433614],[39.78820314902918,52.44600317382369],[39.90728385114029,52.608235503087336],[39.77026922999513,52.644359974631215]]]},"properties":{"name":"Tree cover (2000)","source":"JRC GLC2000 v1.1","threshold":0.4}},{"type":"Feature","geometry":{"type":"Polygon","coordinates":[[[-4.4943140923173415,55.02918778563347],[-4.46245394023017,54.941427398488905],[-4.002243153963948,54.994344970468774],[-4.033155761782215,55.08223654946899],[-4.4943140923173415,55.02918778563347]]]},"properties":{"name":"Tree cover (2000)","source":"JRC GLC2000 v1.1","threshold":0.4}},{"type":"Feature","geometry":{"type":"Polygon","coordinates":[[[-2.671351040367676,55.319458391124385],[-2.6431838441839477,55.23120388116309],[-2.7980893964426268,55.21540937923929],[-2.7697450132444588,55.1271866976675],[-2.6151645837428767,55.142941762322344],[-2.5872921400383464,55.05467204570231],[-2.4329249031927884,55.070198647807466],[-2.4881661828080395,55.246808271992435],[-2.33303761618236,55.26222233133392],[-2.3605487262369946,55.35055480990817],[-2.671351040367676,55.319458391124385]]]},"properties":{"name":"Tree cover (2000)","source":"JRC GLC2000 v1.1","threshold":0.4}},{"type":"Feature","geometry":{"type":"Polygon","coordinates":[[[24.372429313239284,55.13485283374816],[24.34071915118531,55.047058329832495],[24.186999333070695,55.064741332535405],[24.124702667119863,54.88903501932121],[24.27779226869048,54.87143925065654],[24.30917387962548,54.959253792481995],[24.462453940230173,54.941427398488905],[24.526340619364394,55.11693790729416],[24.372429313239284,55.13485283374816]]]},"properties":{"name":"Tree cover (2000)","source":"JRC GLC2000 v1.1","threshold":0.4}},{"type":"Feature","geometry":{"type":"Polygon","coordinates":[[[26.291753940930636,54.71300605763977],[26.22117793983884,54.53856943049488],[26.372149865522207,54.518431472049],[26.443325091532728,54.692770028382796],[26.291753940930636,54.71300605763977]]]},"properties":{"name":"Tree cover (2000)","source":"JRC GLC2000 v1.1","threshold":0.4}},{"type":"Feature","geometry":{"type":"Polygon","coordinates":[[[22.33303761618236,55.26222233133392],[22.305671239926813,55.173882658354536],[22.150760723211143,55.1890680547714],[22.12386412444925,55.10068328461552],[22.278448500090278,55.08553579897883],[22.25136831033563,54.99718176057189],[22.40552101272803,54.98188275803882],[22.378260170007145,54.89355949435464],[22.531983282812412,54.87810986016418],[22.587292140038347,55.05467204570231],[22.74154902369213,55.03895620951038],[22.76974501324446,55.1271866976675],[22.615164583742878,55.142941762322344],[22.643183844183948,55.23120388116309],[22.33303761618236,55.26222233133392]]]},"properties":{"name":"Tree cover (2000)","source":"JRC GLC2000 v1.1","threshold":0.4}},{"type":"Feature","geometry":{"type":"Polygon","coordinates":[[[27.008051462167554,54.89191510460722],[26.97091200677555,54.80494495535965],[26.81916189088052,54.82583215690723],[26.673682839348203,54.477607579738965],[26.522985161269197,54.49811076617211],[26.487372765711953,54.41097057860161],[27.088152172764786,54.328065644907156],[27.124940408283628,54.41500583185031],[26.97466143088792,54.43605484138902],[27.011343265512696,54.523031297311604],[26.860629027790555,54.54394908367349],[26.897202169366864,54.63096188545921],[27.048212431357925,54.609993395466645],[27.159957655443325,54.87079294207226],[27.008051462167554,54.89191510460722]]]},"properties":{"name":"Tree cover (2000)","source":"JRC GLC2000 v1.1","threshold":0.4}},{"type":"Feature","geometry":{"type":"Polygon","coordinates":[[[42.026670989142815,51.532968035460854],[41.842774815330074,51.293097895891776],[41.71080347802716,51.331326477061616],[41.650202854246054,51.25120035969173],[41.91361432010734,51.17475125243266],[42.15894668935534,51.49435671570529],[42.026670989142815,51.532968035460854]]]},"properties":{"name":"Tree cover (2000)","source":"JRC GLC2000 v1.1","threshold":0.4}},{"type":"Feature","geometry":{"type":"Polygon","coordinates":[[[26.07188663325779,55.75274719995428],[26.03570315016257,55.66547890100628],[25.88032076206835,55.68527891394377],[25.844647379052184,55.59794826814027],[25.999709950708624,55.57819796789824],[25.892857809478716,55.316279897934955],[25.58449506075344,55.35529778436715],[25.515441000027714,55.18043013656847],[25.669063164635954,55.16111125566798],[25.565889326490023,54.89886376132652],[25.413199349115047,54.91804008561482],[25.379470694759465,54.83055328691462],[25.226957095643915,54.849497213978715],[25.193709714345243,54.76195237906053],[25.497991432051577,54.723972320493914],[25.397445679106223,54.461546337501446],[25.54848164616133,54.44241922099906],[25.61594396564545,54.61728851448108],[26.070070379777246,54.55852437639525],[26.104968027170994,54.645797754007276],[25.953424820847047,54.66561755320317],[25.988199487799054,54.75292647028821],[25.83621822489097,54.772610320549546],[25.870867453714848,54.85995483075996],[26.17530282323825,54.82030594787841],[26.14004506774076,54.7330582940998],[26.291753940930636,54.71300605763977],[26.363058239598438,54.887390133617316],[26.51523399930591,54.867055022242454],[26.443325091532728,54.692770028382796],[26.59475751169291,54.672350475603615],[26.70380511272255,54.93360756322238],[26.551466968109644,54.95417729899605],[26.58788744484002,55.04128602185284],[26.282173790816284,55.08197108772468],[26.39072002914557,55.343518392931564],[26.236719119192554,55.363732297609005],[26.272966455317455,55.45093871664239],[26.118507661816196,55.471015499401666],[26.15462923267618,55.55825914636342],[26.464033534295204,55.5178170666188],[26.50097937835142,55.604946372085905],[26.190941119099023,55.64548995034318],[26.227444761450233,55.73270785543184],[26.07188663325779,55.75274719995428]],[[26.011270651175597,55.20920804292364],[26.16478977714726,55.18928052822039],[26.12910497149146,55.102035285674354],[25.97589622068596,55.12191356083266],[26.011270651175597,55.20920804292364]],[[25.752967010220754,54.96688207656721],[25.905695972922338,54.947286905908435],[25.870867453714848,54.85995483075996],[25.718445712727025,54.87950192232918],[25.752967010220754,54.96688207656721]]]},"properties":{"name":"Tree cover (2000)","source":"JRC GLC2000 v1.1","threshold":0.4}},{"type":"Feature","geometry":{"type":"Polygon","coordinates":[[[23.386930800242578,55.062274173918794],[23.357449528234483,54.974204938470194],[23.203645789080387,54.99067549821637],[23.174636407388295,54.90255687383726],[23.328121708083287,54.88612705916798],[23.269921842975926,54.70994543848785],[23.57528618746794,54.67668720493873],[23.69482576810067,55.028685729942765],[23.386930800242578,55.062274173918794]]]},"properties":{"name":"Tree cover (2000)","source":"JRC GLC2000 v1.1","threshold":0.4}},{"type":"Feature","geometry":{"type":"Polygon","coordinates":[[[39.49516274770834,52.039701467133874],[39.37977762586659,51.876897089543334],[39.24448402964079,51.912337883975326],[39.13050452034889,51.749225524636145],[39.40014602604971,51.6784877199734],[39.51487923230013,51.84130279899321],[39.649788588052836,51.805555357380186],[39.76592567020911,51.96805923197255],[39.49516274770834,52.039701467133874]]]},"properties":{"name":"Tree cover (2000)","source":"JRC GLC2000 v1.1","threshold":0.4}},{"type":"Feature","geometry":{"type":"Polygon","coordinates":[[[31.892430958460004,54.01449120151888],[31.8002649321507,53.8442600524788],[32.09176717895175,53.79042056102728],[32.04550757858876,53.70539432006474],[32.190747220501606,53.67827888030655],[32.23726230357122,53.763242423592885],[32.382585850339304,53.73589245660808],[32.289274195067215,53.56606690739552],[32.43392032652328,53.538671733842676],[32.52773714585799,53.70837098502269],[32.67271552520238,53.680678334769446],[32.625441340610784,53.5959046852158],[32.769995570267966,53.568105073595774],[32.817520331913926,53.65281483274455],[32.96215091799296,53.624780806787946],[32.81951881238266,53.3707672209937],[32.67563364417541,53.398609601406996],[32.628793402146734,53.313824148405374],[32.34100910444769,53.368873946897494],[32.29488928431023,53.28393841513309],[32.58217827787023,53.22901372133422],[32.53578676554581,53.14417844600513],[32.67893432703018,53.11652503051258],[32.72557084476966,53.20129761232084],[33.01184897449882,53.14535945669108],[33.05919812394357,53.229980061204486],[33.202324738163796,53.20169480927105],[33.25014468952167,53.28622540888909],[33.53636443706238,53.22902188018258],[33.63366617183742,53.39774399775432],[33.49015926770134,53.426560084346846],[33.53891839156621,53.510946052383915],[33.10660664389044,53.59657658566385],[33.15486187509092,53.6811315874657],[32.86527636674876,53.73749909770922],[32.91326524737233,53.822157734149705],[32.47681184392589,53.905619651035316],[32.42958377447035,53.82076841228228],[32.284005048853004,53.848181679054306],[32.33097701747412,53.93309651994131],[32.18496813499625,53.96040095358306],[32.138253511762166,53.87542281381585],[31.992329847619413,53.902491490280774],[32.03878588345069,53.98753262331534],[31.892430958460004,54.01449120151888]]]},"properties":{"name":"Tree cover (2000)","source":"JRC GLC2000 v1.1","threshold":0.4}},{"type":"Feature","geometry":{"type":"Polygon","coordinates":[[[27.611362167838077,54.068749519602896],[27.573983742210668,53.98196893483539],[27.722405170010152,53.96022384388873],[27.684931442737483,53.87347930369197],[28.128500972615075,53.807330120913164],[28.20532028499651,53.98049022088816],[28.057046897185536,54.00282285951135],[28.018821596621947,53.91619828032687],[27.870684750750556,53.93830020073857],[27.908628823762488,54.0249771409548],[27.611362167838077,54.068749519602896]]]},"properties":{"name":"Tree cover (2000)","source":"JRC GLC2000 v1.1","threshold":0.4}},{"type":"Feature","geometry":{"type":"Polygon","coordinates":[[[32.00693276383666,53.338184305274126],[31.9163519121179,53.167994464110045],[32.0599147660966,53.14107928775959],[32.105344713543,53.2261247536159],[32.24899132018769,53.198978621268495],[32.29488928431023,53.28393841513309],[32.00693276383666,53.338184305274126]]]},"properties":{"name":"Tree cover (2000)","source":"JRC GLC2000 v1.1","threshold":0.4}},{"type":"Feature","geometry":{"type":"Polygon","coordinates":[[[26.978897586456597,54.06715833189219],[26.942845020252584,53.980160499818204],[27.240094793170396,53.93802475866861],[27.276718935265762,54.024922368047996],[26.978897586456597,54.06715833189219]]]},"properties":{"name":"Tree cover (2000)","source":"JRC GLC2000 v1.1","threshold":0.4}},{"type":"Feature","geometry":{"type":"Polygon","coordinates":[[[25.515008322676575,54.35496659249369],[25.41560475681127,54.09253725317498],[25.56532328732099,54.073411920739574],[25.63201500668961,54.24828464433985],[25.782196173597328,54.228885027628436],[25.816093552776962,54.316256443001166],[25.515008322676575,54.35496659249369]]]},"properties":{"name":"Tree cover (2000)","source":"JRC GLC2000 v1.1","threshold":0.4}},{"type":"Feature","geometry":{"type":"Polygon","coordinates":[[[28.128500972615075,53.807330120913164],[28.05244268325313,53.63410478883427],[28.346337426788214,53.58932840281883],[28.423498342791238,53.76234335905067],[28.128500972615075,53.807330120913164]]]},"properties":{"name":"Tree cover (2000)","source":"JRC GLC2000 v1.1","threshold":0.4}},{"type":"Feature","geometry":{"type":"Polygon","coordinates":[[[33.67624001584025,52.918251846986614],[33.628150384302415,52.83389893569383],[33.486424726639925,52.86266058754972],[33.39139507012942,52.6937462378576],[33.67373924984483,52.63631316174719],[33.81802979695711,52.8892596041953],[33.67624001584025,52.918251846986614]]]},"properties":{"name":"Tree cover (2000)","source":"JRC GLC2000 v1.1","threshold":0.4}},{"type":"Feature","geometry":{"type":"Polygon","coordinates":[[[17.637104330175198,54.82212142218212],[17.62037619969371,54.73284174686702],[17.929089181232957,54.713521306537814],[17.946481411979818,54.80275278613043],[17.637104330175198,54.82212142218212]]]},"properties":{"name":"Tree cover (2000)","source":"JRC GLC2000 v1.1","threshold":0.4}},{"type":"Feature","geometry":{"type":"Polygon","coordinates":[[[22.575427500960874,54.50940996576644],[22.548239569997623,54.42112512931912],[22.396204229507838,54.43657208454483],[22.36946735420387,54.34824190617338],[22.672810641884567,54.317237618925155],[22.72766921616491,54.49373875787088],[22.575427500960874,54.50940996576644]]]},"properties":{"name":"Tree cover (2000)","source":"JRC GLC2000 v1.1","threshold":0.4}},{"type":"Feature","geometry":{"type":"Polygon","coordinates":[[[40.2216309673807,51.26417934236611],[40.04912873533914,51.02097199186631],[40.181444297893506,50.98468741781932],[40.354476539530516,51.22767148819763],[40.2216309673807,51.26417934236611]]]},"properties":{"name":"Tree cover (2000)","source":"JRC GLC2000 v1.1","threshold":0.4}},{"type":"Feature","geometry":{"type":"Polygon","coordinates":[[[32.91782768232512,52.9760411785484],[32.87115255127176,52.89134376241389],[32.44366861820371,52.974433845588344],[32.397939035845205,52.88952476394643],[32.11261375617937,52.94395486444893],[32.06758847209453,52.85889921160591],[32.77846594354991,52.72187300732405],[32.82469912587313,52.806620997131894],[32.966622610587656,52.778652013974614],[33.06022993486268,52.94794656764926],[32.91782768232512,52.9760411785484]]]},"properties":{"name":"Tree cover (2000)","source":"JRC GLC2000 v1.1","threshold":0.4}},{"type":"Feature","geometry":{"type":"Polygon","coordinates":[[[17.929089181232957,54.713521306537814],[17.894577085668914,54.53504999046294],[18.048173518430882,54.52515270333368],[18.065712276575937,54.61436523717645],[18.21956701625449,54.604253229879696],[18.237526767778252,54.6934377091644],[17.929089181232957,54.713521306537814]]]},"properties":{"name":"Tree cover (2000)","source":"JRC GLC2000 v1.1","threshold":0.4}},{"type":"Feature","geometry":{"type":"Polygon","coordinates":[[[26.197352275931355,54.08235342529139],[26.128662399182097,53.90783055663077],[26.277448962690574,53.887848004416355],[26.174840979331286,53.62610794170495],[26.47031256345644,53.5858895587158],[26.609751432089976,53.93446775245736],[26.758429428193725,53.91389778797707],[26.79401527153163,54.00095920181785],[26.197352275931355,54.08235342529139]]]},"properties":{"name":"Tree cover (2000)","source":"JRC GLC2000 v1.1","threshold":0.4}},{"type":"Feature","geometry":{"type":"Polygon","coordinates":[[[31.924927144666565,52.885800945065725],[31.83600615160991,52.71549823191225],[31.978180121458852,52.688716992764434],[32.06758847209453,52.85889921160591],[31.924927144666565,52.885800945065725]]]},"properties":{"name":"Tree cover (2000)","source":"JRC GLC2000 v1.1","threshold":0.4}},{"type":"Feature","geometry":{"type":"Polygon","coordinates":[[[39.783940994293815,51.09309211151398],[39.67089893300936,50.930455543306564],[39.80322926808662,50.894617107256074],[39.916627559951834,51.05710700009471],[39.783940994293815,51.09309211151398]]]},"properties":{"name":"Tree cover (2000)","source":"JRC GLC2000 v1.1","threshold":0.4}},{"type":"Feature","geometry":{"type":"Polygon","coordinates":[[[22.013887404513873,54.20167326529653],[21.988175301375982,54.11324770566208],[22.29007609569133,54.08320622607725],[22.316404295052674,54.171558972510816],[22.013887404513873,54.20167326529653]]]},"properties":{"name":"Tree cover (2000)","source":"JRC GLC2000 v1.1","threshold":0.4}},{"type":"Feature","geometry":{"type":"Polygon","coordinates":[[[64.19618140642199,66.29344296899812],[64.02559291085714,66.23492761002072],[64.18024812069815,66.17110083287946],[64.0106468366248,66.11254766936712],[63.85588127554936,66.17620776586107],[63.519073657156376,66.05816113770689],[63.828342963365515,65.9313696084645],[63.661432860318016,65.87237684357903],[63.81516366059428,65.8089426605519],[63.48408351866175,65.69069077885062],[63.33016500799708,65.75379666921488],[63.165799887551714,65.69421239475034],[63.01113788477488,65.75701767865546],[62.68477332610115,65.63694144950293],[62.83958869308904,65.57446322198469],[63.00227569266677,65.63443406614354],[63.1563629011465,65.57165504824701],[62.99375328227697,65.5118470947382],[63.14727073456885,65.4490939655172],[62.82468157545373,65.32922927351504],[62.67101701251406,65.3916586218113],[62.831972552109164,65.45184778235136],[62.52284998319652,65.57661665236618],[62.04206975751236,65.39451374006042],[61.88635995991693,65.456201887873],[61.569865649571085,65.33355121637184],[61.72566923344138,65.27218630708927],[61.8834601119992,65.33344158616472],[62.038579996249965,65.2717743128313],[61.880837001344744,65.21068004182249],[62.03537230477473,65.14903331596612],[61.87848676634885,65.0879171792637],[61.72390469368864,65.1494037039993],[61.41245680135244,65.02631060506526],[61.56712008742556,64.96514327422763],[61.41263137509746,64.90348835851958],[61.10261557287078,65.02536301903453],[60.948860096243095,64.96321382430081],[61.1042055585338,64.90250645765019],[60.95126903580748,64.84034126716897],[60.79589996124212,64.90089010887232],[60.643731241265975,64.8383932672162],[60.487728585700076,64.89863999014516],[60.336334515535846,64.83581338281904],[60.17970539695955,64.89575682307483],[59.73022410254983,64.70579042267782],[59.88685997878522,64.64631941777894],[59.738591038340886,64.58282122469205],[59.89462117242192,64.52336019021625],[59.7471182911567,64.45985325087558],[59.90254835058575,64.40040196328023],[59.60981575774685,64.27320796484682],[59.4544001278561,64.33234965034805],[59.30917696318899,64.26835559072642],[59.4645803402473,64.20936802874328],[59.320093659432565,64.1453678479273],[59.00873577823503,64.26288835859633],[59.15318822093933,64.3271961743014],[58.99661148202092,64.38588891417224],[59.14180062618666,64.45019212929272],[58.9846114095992,64.50889118056729],[59.130544676844174,64.57318974222436],[59.287752410963066,64.5143351933903],[59.43447088467947,64.57831680628533],[59.27724802177062,64.63732732134619],[59.57298136913202,64.76511426642328],[59.41512893418908,64.82429005768272],[59.119422044182194,64.69618914880816],[58.960990198056756,64.7549013962612],[58.81432702556014,64.69045096346163],[58.65531169124268,64.74885585029303],[58.94937227169953,64.87790962023267],[58.78969531330454,64.93647767757254],[58.93788499627662,65.00092010435607],[59.097583588465795,64.94219388448172],[59.396389679940256,65.0702704539528],[59.236658522377375,65.12931445794078],[59.38725105392707,65.19326365780005],[59.546993024539496,65.13406003733577],[59.6984022845014,65.1976819857785],[59.21724709793812,65.3753210596534],[59.369446152946395,65.43925672642273],[59.6908693918506,65.32065919773476],[60.30796095081531,65.5733994136893],[60.467687387403245,65.51322813063882],[60.624022166816644,65.57581465859738],[60.464312305167866,65.63614885029143],[60.779539573191826,65.76111476617751],[61.25655710592012,65.57869211327225],[61.415343661829716,65.64041402702672],[61.25703103905034,65.70153090015882],[61.57721350160237,65.82475260069894],[61.73544087023509,65.76330751423579],[62.2219585811715,65.94624917224388],[62.06389291610953,66.00818973779549],[62.39266482992489,66.12953287742467],[62.07474362553178,66.2536514844075],[62.24057326744405,66.3143688288099],[62.08064155939389,66.37638074728194],[62.247426208772076,66.43707258047871],[62.407290278524414,66.37489207053945],[62.91280776709161,66.55528095491925],[62.753176953169124,66.61796969028453],[62.41510746673389,66.49756910699223],[62.254611281763886,66.55977501656128],[62.42326772678124,66.62024449487402],[62.1002828381365,66.74456276243241],[61.93148837380919,66.6837520588261],[62.09340627434818,66.62183633311285],[61.92559013797313,66.56100037816472],[61.76361012425127,66.62274568272689],[61.59664357162694,66.5615452839152],[61.10625824731807,66.74538202978134],[61.27337392654821,66.80709513817389],[60.942929318365984,66.92924581719942],[61.111062417169215,66.99111128514146],[60.94478121836819,67.05213201753328],[60.609378371946995,66.92786344950443],[60.77573325134684,66.86718863020478],[60.1162206857145,66.61707568876984],[59.44612983310974,66.85609458864533],[59.7741297810903,66.98289741458551],[59.6047959454784,67.04260353630686],[59.4403247786908,66.9791207792776],[59.270251222231494,67.03849472417751],[58.9441437913103,66.91063819073091],[58.42956794453543,67.08675382235474],[58.26799196112046,67.02203936760783],[58.440226583425485,66.9636699185215],[58.11982787509662,66.83406003592563],[57.94766392027948,66.89208567434939],[57.788900534220026,66.82684960489001],[57.442478947782334,66.94206009713982],[57.60114488692963,67.00763924070668],[57.426782880020866,67.06516495008486],[57.74684399251988,67.1961543005842],[57.57163466406635,67.25385773376759],[57.09313138444507,67.05659823141066],[57.26817260866053,66.99941376668694],[57.110501329458465,66.93349367575586],[56.759814628464945,67.04734846700234],[56.44755829824067,66.91432393234452],[56.27127216236026,66.97065141052981],[56.58336772749125,67.10401876320755],[56.406180728172295,67.16051614596178],[55.48160397218718,66.75745522432477],[55.658232577590255,66.70198019773657],[55.35719179915753,66.56670020574951],[55.003662545768364,66.67680303783095],[54.70668023134196,66.54024276524574],[54.52910586082385,66.59469503981869],[54.67702161062021,66.6632170996843],[54.49861600423136,66.71765729407322],[54.647305238432416,66.78619671291347],[54.4680591768792,66.84062481384743],[54.31950286529872,66.77191774289561],[54.1396795276983,66.82599731805539],[53.9921726117637,66.75697438606787],[53.811782790526685,66.81070460111262],[53.66533051001547,66.74136843710619],[53.484385045485794,66.7947484914978],[53.3389924326323,66.72510173839369],[52.7924044376285,66.88363009836478],[52.648423834400546,66.81334386394806],[52.831150029407134,66.76085364628555],[52.54552344310053,66.62019553424949],[52.72719654013833,66.56784728068533],[52.86974101684311,66.63808120015749],[53.05089636128241,66.58538244888696],[52.6253793712358,66.37475935751237],[52.98461307496313,66.26978663475208],[52.56584618767832,66.05890853428305],[52.38708506433729,66.11100415835989],[52.52564750090325,66.1815920950685],[52.34604577149075,66.23366330935528],[52.485282307669536,66.30427853025043],[52.30483065921271,66.35632518913754],[52.444747727308574,66.42696795882124],[52.26343669505477,66.4789899132336],[52.40404082002235,66.5496604991618],[52.221860784115414,66.60165759648437],[52.3631585853099,66.67235626902371],[51.99634481431882,66.77611064791624],[52.28085581829354,66.91775796506224],[52.09600944947009,66.96967953886522],[51.81189157632965,66.82770200902966],[51.62673792953478,66.8791012853908],[51.48623193004826,66.8077469546033],[51.300587128371824,66.85878883118356],[50.88504040156022,66.64345233335875],[50.699361543290216,66.69381165290443],[50.83677033493997,66.76588127963684],[50.65017727554217,66.81620673176708],[50.51299794402181,66.74397513434123],[50.138209359015626,66.84370999031191],[50.002388016681245,66.77103026222628],[49.81420765842968,66.82043803182663],[49.94978086786266,66.89327905438932],[49.57084696193682,66.99181463649583],[49.30160837663463,66.84536691861841],[49.11163163258405,66.89400925183894],[48.84643107646876,66.74676624874945],[48.465533112081594,66.84280080087126],[48.33479135248839,66.76868870122082],[48.52529449219224,66.7209319813585],[48.39512622219185,66.64686393373549],[47.82247460195905,66.78904292172551],[47.56643890833894,66.63963405470498],[47.75739201304894,66.5927596727901],[47.630337678279375,66.51804718052126],[47.2483815144739,66.61127849012541],[47.37482922037652,66.686300149626],[47.18256190408457,66.73275681821754],[46.9311256443988,66.58229927633941],[46.54589701538047,66.67396425339967],[46.17688083989599,66.44658798276414],[45.79106243848671,66.53649320715606],[45.6703582449238,66.46020113418656],[45.47684315692298,66.50468297529564],[45.59720292074021,66.58112469349203],[45.40270903497613,66.6255406038493],[45.52353162717012,66.70203570941581],[45.131922805950474,66.7905164063544],[45.011815937779375,66.7137212003879],[44.81541572147797,66.7574836303643],[44.57837132752956,66.60331403639077],[44.77403712724557,66.55984859309896],[44.65635092522133,66.48277318352372],[44.46105299096649,66.52609139878399],[43.99964119656678,66.21630444017566],[44.1934642790238,66.17356681373442],[44.07967285797165,66.09604376556432],[43.4975352406719,66.22317129238337],[43.61020252027672,66.30112290643089],[43.02156139308309,66.42669250323077],[42.91006688748437,66.34831457055867],[42.515459558226446,66.43062678638105],[42.40553283842435,66.35188587576098],[42.20775355081173,66.39256362174058],[42.09899082831005,66.31360412982445],[41.90104289582831,66.35391626581927],[41.47503614021925,66.03676293192231],[41.27819594777102,66.07630126501797],[41.17392465899027,65.99669258296515],[40.976951470219625,66.03586960433891],[40.873815618129306,65.9560555836445],[40.676719651538825,65.99487177494856],[40.272855765570235,65.6743953968686],[40.07694718677501,65.71246035898675],[39.6856326513745,65.39040762902567],[39.87982001548604,65.35285292168214],[39.78320681687445,65.27230597299456],[39.976462844493646,65.23465181549128],[39.88007357763708,65.15416695319895],[40.264242102680484,65.07843872761511],[40.167665042455475,64.99814073470354],[40.358590940073405,64.96006886015607],[40.262244252433995,64.87983163636838],[40.452271069833294,64.84166431426159],[40.16580044337368,64.60094147599568],[39.976976258573764,64.6387375310207],[39.78988551240375,64.47769587022637],[39.22298677068949,64.58903752836667],[39.31500601241394,64.66995179420705],[38.55090147959453,64.81578514071161],[38.46057053265514,64.73439270285458],[38.26880200451574,64.77017204362048],[38.17950043630002,64.68860578448918],[37.98770390341692,64.72404219521162],[38.07656947524232,64.80572585966071],[37.883873904052685,64.84105327986812],[37.97289305466284,64.92280007654334],[37.5852204543372,64.99300633718383],[37.673939887726156,65.07493425505626],[36.89118054140161,65.21305195862463],[36.804312593719004,65.13065840523907],[37.00023204761803,65.0965926343271],[36.7417501775553,64.84945648869967],[36.54722968146709,64.88317946049384],[36.46269069453508,64.80058880605777],[36.850361959983545,64.7331383562851],[36.76547293701457,64.65072447757119],[36.958188953358665,64.61676788570723],[36.873414988218656,64.5344175209716],[37.06524188385987,64.50034571965277],[36.980584924189905,64.41805845171389],[37.36204189843249,64.34946103521835],[37.44757831248095,64.43152266856758],[37.638085674636926,64.3967730817868],[37.724624270061625,64.47866942801943],[37.91512051122874,64.44358098571733],[37.82815108198501,64.36179923083348],[38.0177735395032,64.32660194907577],[37.84468960304775,64.16310941841772],[38.033026614821104,64.1279183242411],[37.946909703440994,64.04620697737272],[38.13439501228888,64.01090871054961],[38.04842154560108,63.92925819264697],[37.861349973880934,63.96444335546048],[37.691882281158286,63.80076136608898],[37.50521339925155,63.835503001347234],[37.42170955405011,63.7534749519255],[37.047951429867375,63.82207693681826],[37.130616104534376,63.904325142432306],[36.94268971304316,63.93840406651415],[36.86045034402943,63.85604642277598],[36.29547186692765,63.95661946537967],[36.37641239134734,64.0393027804006],[36.18682432887628,64.07248703999949],[36.26785536484771,64.15523255408472],[35.88654696677753,64.22113861691398],[35.96721477520228,64.30405476453213],[35.583335911088874,64.36926475650043],[35.50358302761322,64.28613396899087],[35.118974081786,64.35021230669666],[35.19779633988282,64.43355576157025],[34.81060716437772,64.49692144231211],[34.9679444841512,64.66390604771081],[34.77277089297936,64.69545099823614],[34.93128395779947,64.86248167521192],[34.73471428065082,64.89400459143354],[34.8142930017604,64.97756432668227],[34.616803472146515,65.00895745476315],[34.776610930330044,65.17616651763811],[34.3783310695974,65.23866620306153],[34.78255268671331,65.6570387445131],[34.580161676370736,65.68847131815632],[34.82802865954488,65.9393166555659],[34.62358314529067,65.97083781946839],[34.706850489687014,66.05447850660646],[33.67495033994926,66.20891312370203],[33.756037375129814,66.29306756447053],[33.54770512202118,66.3233110299729],[33.62881236244767,66.40753556020785],[32.999311575563496,66.49706701231568],[33.1598000329509,66.66605674120208],[32.73543641665391,66.72489433039506],[32.81537077636596,66.80955079200639],[32.387922312289604,66.86756373123745],[32.547125879934796,67.0372012177792],[32.33145098835032,67.06603056180215],[32.41132983840578,67.15090370354275],[32.84346256430202,67.09276103921229],[32.762326198404345,67.00810761358953],[32.977049453774,66.97875068208309],[32.89590630884587,66.8941697316865],[33.32269189765064,66.83489203961815],[33.240942363621116,66.75049393053743],[33.45301845294644,66.72057633164704],[33.53536732234483,66.80486299411903],[34.381234383354325,66.68216736873444],[34.29653940941025,66.5983331415523],[34.71540028927693,66.53568095802177],[34.801237518489984,66.61928511371295],[35.0104994565819,66.58746370023593],[34.9240988071207,66.50397551001072],[36.575881520975045,66.24135263122733],[36.66660462700569,66.32389204546052],[38.490778540818965,66.0086920889371],[38.58664027016667,66.0900642025367],[38.78721404289923,66.05372389247216],[38.88422323590474,66.13490878616028],[39.0847398878041,66.09820576281736],[39.182900415581294,66.17920071181662],[39.38334990123313,66.14213429987171],[39.48266549288667,66.22293656392078],[39.683037658736,66.18550611330207],[39.88469052158998,66.34665354323685],[39.481541974428275,66.42180381934965],[39.281749841549654,66.26013250913915],[39.080291557403505,66.29709293432387],[39.179363901238396,66.37809080156408],[38.97688594767472,66.41494418459634],[39.076180183008155,66.49600862517507],[38.87267152771079,66.53275389302435],[38.97218656070002,66.61388541401288],[38.56253041172371,66.68691657596383],[38.661766857733376,66.76824633383133],[38.248881635825576,66.84056935533823],[38.150658378928696,66.75897972141833],[37.943894213110894,66.79464568186401],[38.04160247565011,66.87636452620491],[37.83376720209998,66.91191406814647],[37.9316653205586,66.99370249768859],[37.092642975387186,67.13393645490962],[37.28628572002988,67.29836971038318],[36.86121184262534,67.36749416653554],[37.055512573513596,67.53221531694564],[36.19398437587959,67.66842336590683],[36.09878921727732,67.5855774202545],[36.52952611358826,67.51824507576661],[36.4338834978333,67.4355999208941],[36.004313943737394,67.50267837646035],[35.91055097744618,67.41972688601896],[36.125030709653544,67.38644236927382],[36.03139058842227,67.30356396251396],[35.81749283870866,67.33672359027065],[35.72513214452869,67.25366912057329],[35.29688014655924,67.31896790074236],[35.47994088185858,67.4855197956546],[35.2638143276738,67.51802607491364],[35.82638638287452,68.01721665027725],[35.60602669963399,68.05021424112158],[35.51107256596548,67.96701685515927],[35.290760714970915,67.99962085540147],[34.92068054887256,67.66582390631993],[34.70230521328069,67.69766438757273],[34.52272946224957,67.53023218593292],[34.30505835528384,67.56156570324954],[34.393878704554396,67.64542546521723],[34.175048203447375,67.67661364356123],[34.08685667880431,67.59263419676728],[33.8681267378517,67.6234366368459],[33.781242692065874,67.53929479146358],[33.3434880998087,67.5998632930578],[33.17425151175104,67.43098838965454],[32.95588813720808,67.46064115023657],[33.03953806205579,67.5452132090689],[32.82002533018716,67.574711596683],[32.654659727806674,67.40530191177436],[32.216742115214174,67.46304072628172],[32.136308723093094,67.37805710430949],[31.69775981988556,67.43449709630497],[31.776872731242502,67.51969921736246],[31.556213072718762,67.54762094906484],[31.6352712677699,67.63289721926455],[31.41345464663415,67.66065408984743],[31.492452043927152,67.74600487644071],[31.04599683381689,67.80090890952563],[30.968378512892272,67.71534278550145],[30.297203331018533,67.79529902586594],[30.372712017339847,67.88118187209669],[30.147336052174236,67.9073802451656],[30.072541440207416,67.82139354318984],[29.62183230259074,67.87274067422439],[29.695182598412686,67.95893244649099],[29.468412002290474,67.9842844199147],[29.541617730829962,68.07055059288726],[28.856336594544537,68.14519942032574],[28.78536741450448,68.0586328259052],[28.327763846213447,68.1067664535249],[28.25887407866094,68.0199813594658],[28.487140851176854,67.99615488682534],[28.418054590801933,67.90944299054215],[28.645136978750646,67.88542661295493],[28.507140079203605,67.71212533289106],[28.055509998469184,67.75949182367883],[28.190539468684815,67.93317367304543],[27.9625954068228,67.95661779414922],[28.098301285792953,68.13040099389701],[27.638074199768983,68.17680112740352],[27.70520972047783,68.26384938742339],[27.24170366538546,68.30927089794302],[27.176138004192687,68.22203687941054],[26.94453928966954,68.24421597017715],[27.07462221184696,68.41884797898282],[26.606972889760133,68.46268507258517],[26.543274521487064,68.37519735931171],[26.30963670621058,68.39658123959451],[26.37252172559514,68.48415791607023],[26.13765886340469,68.50533250082553],[26.52121474785182,69.03097214166802],[26.28087852937285,69.05238389849511],[26.345859975415742,69.14002193777469],[26.1042184815681,69.16121800061748],[26.299904498586315,69.42430434120902],[26.055158664541143,69.44546561727219],[26.186671111907412,69.62095635985058],[25.939654186416604,69.64198873818906],[26.07165062767775,69.81759785230415],[25.822316691848407,69.83849879293905],[25.75696199292226,69.75060976517636],[25.508111221874223,69.7710994228367],[25.572524057184133,69.85908004982721],[25.322278409797274,69.87934069102263],[25.38631402251186,69.96739705379721],[25.13466001501167,69.98742603856418],[25.19830506742114,70.07555818333198],[24.94522909618551,70.09535282976597],[24.697895593453406,69.74238787800275],[24.198183405227805,69.78030821975429],[24.257266302165423,69.86873916998184],[24.005820136700372,69.88729920116],[23.947705926725565,69.7987850576969],[23.696822199037083,69.81693854751813],[23.811619720218342,69.99412079761169],[23.558368863604706,70.01211196149879],[23.501698894559517,69.9234444522446],[22.99598058070656,69.95828440687733],[22.888095789340127,69.78060948283226],[23.13917941103711,69.76350816959594],[23.08498658537161,69.6747361768331],[23.334718651340193,69.65738822936815],[23.06612844858403,69.21379385259893],[22.821126001222698,69.2307627261718],[22.872971375991753,69.31957196566114],[22.626679895638425,69.3362973719718],[22.475276699233,69.06963122298757],[22.231430625930585,69.08582397893224],[22.280533002179446,69.17478959805322],[22.035424430090348,69.19073621013048],[21.798686908518448,68.74551431778636],[21.55784131596883,68.76080848764289],[21.603469638801755,68.84992777505433],[20.876388253059314,68.89412657996517],[20.833496014763345,68.80481733582057],[21.3166905237901,68.7757907956635],[21.27235319015248,68.68660374802324],[21.512603040028672,68.67168546944482],[21.46774991056551,68.58255883171745],[21.70680845617829,68.56739464976144],[21.61647942340015,68.3892587458631],[21.14159028314755,68.41902455891558],[21.228393851670724,68.597413625329],[20.988745806699388,68.61195842109937],[20.946050130266997,68.52270360837187],[20.467692044065448,68.55074111231568],[20.427135240452575,68.46136525083345],[20.18843980343038,68.47486104055154],[20.22810276110483,68.56429438883646],[19.74813196739077,68.59046720460935],[19.635496211150826,68.32183408742402],[20.11011702785719,68.29599209500299],[20.07144890285825,68.20655663416015],[19.598582944346383,68.23229021065349],[19.45398649633745,67.87411860409324],[18.987081490933615,67.89821831117655],[18.953375829018235,67.80857740761738],[19.186090397232686,67.7967279560128],[19.117827732138206,67.61754720276005],[18.886793856466635,67.62929983630065],[18.919947741975395,67.71893790489327],[18.68786264530464,67.73043790089375],[18.591709625348216,67.46138819469277],[18.361922370446354,67.47245050775635],[18.33121401632251,67.3827263219808],[18.788944481908562,67.3603945460709],[18.756854736605273,67.27076251757558],[18.98460527752112,67.25919880787441],[18.919593295449477,67.08003169169841],[18.693446560908082,67.09150322187203],[18.72502311758627,67.18113206791254],[18.49787851249185,67.19235560481373],[18.528902711090804,67.28203119455337],[18.300754116950948,67.29300442607244],[18.240567855927946,67.11356757232744],[17.786941010657554,67.13445767379471],[17.75881014898976,67.04465955399395],[17.53253220801265,67.05462341783173],[17.45185057235492,66.78512944005331],[17.22778282920383,66.7946853728758],[17.176609230509545,66.61496469043493],[16.731124141036254,66.63306188038027],[16.70738256375541,66.543136422721],[16.485192617469835,66.55171816401334],[16.508159458192754,66.64167725501387],[16.285052912679365,66.65000341343388],[16.30741926444666,66.73999975956453],[16.083391476860303,66.74806808196824],[15.998073691993687,66.38798580533654],[16.21900121210359,66.38004266285921],[16.197326377584908,66.29006510863451],[15.977159132133389,66.29797757183248],[15.915380839871297,66.02798209589767],[15.479177479579356,66.04277904011091],[15.44172547764288,65.86269399548269],[14.573920073839059,65.88869521176487],[14.558336999190434,65.79856217750131],[14.341876473404595,65.80433754491908],[14.35672451298881,65.89449252798214],[13.92207081367659,65.90524221694953],[13.949131007506471,66.08565302056797],[14.167991174577123,66.08037892565822],[14.196987120779664,66.26077511138602],[14.417272692989672,66.25517416227171],[14.401959578894077,66.16499441464879],[14.621394102677401,66.1591302159448],[14.63746503834929,66.2492873173815],[14.857559591675289,66.24311477547879],[14.891610425752082,66.42339933209],[15.113131161214937,66.41689107388038],[15.149272136214636,66.59714860381926],[14.926199041415531,66.60370789330304],[14.908836724730122,66.51355059399336],[14.686436796986213,66.51979547220516],[14.669984910930788,66.42961990663248],[14.448259274749114,66.43555258424638],[14.463935555750517,66.52575134057345],[14.241337728368354,66.53141799301419],[14.226438189669647,66.44119716132629],[14.004526341964906,66.44655344396],[13.99051504984841,66.35631837295433],[13.547984442522674,66.36612708082029],[13.511168833322655,66.09534878782928],[13.29207583238915,66.09977013705016],[13.280744181944701,66.00950752235609],[13.062334437374856,66.0136284895075],[13.051835930511665,65.92335708522468],[13.269499579470484,65.91925182055827],[13.258341033798686,65.8290029810899],[13.041417797227219,65.8330926653473],[13.03107912542473,65.7428351778131],[13.247267568774914,65.73876095327624],[13.161630349520445,65.0170638359519],[12.951125340460258,65.02101856772936],[12.93187165102561,64.8406300704325],[12.722680896978543,64.8442857990367],[12.713837414255993,64.75408786546895],[12.505274024095517,64.7574609717197],[12.521665078820414,64.9378879195246],[12.311693085659405,64.94101421153026],[12.319291061653953,65.03124902043402],[12.529951734267769,65.028111267711],[12.538300037719292,65.11834127203446],[12.32694557622542,65.1214905722125],[12.33465725728103,65.21173892275075],[12.122558889505637,65.21462532153672],[12.115546666375911,65.12436634383525],[11.904107330413101,65.12696849873156],[11.8978418359931,65.03670685432522],[11.68706124316666,65.03902676942471],[11.681532059800828,64.94876353987013],[11.261259898974512,64.95257104278969],[11.253054966792705,64.77203759705131],[11.461838731527525,64.7702825897525],[11.45710567533229,64.68003256798968],[11.0408663664836,64.68326095920942],[11.037509407217954,64.59300609301265],[10.830030257847783,64.59421247806996],[10.82736394729127,64.50396009061222],[10.620536077136387,64.50489506031612],[10.616579595327945,64.32440390284518],[10.411059174861242,64.32506700107646],[10.409754500642121,64.23482912482687],[10.204879063957236,64.23522557994045],[10.203588320079264,64.05476689529354],[10.0,64.0548981175328],[10.0,63.87446463407288],[9.595371722288178,63.87394341781956],[9.596630644875205,63.78373813943128],[10.0,63.784257540979],[10.0,63.6940567999694],[9.798938651483716,63.69392739912414],[9.799559313066155,63.603733397217084],[9.39869139750459,63.60270178901727],[9.400540219129121,63.512517567626915],[9.200735826773208,63.511618048533805],[9.203183579686486,63.42144305597249],[8.605698050271359,63.41721738667027],[8.609950541186338,63.32706289497315],[8.411437202924798,63.32514890149687],[8.416262883235873,63.23500682493722],[8.020521977840033,63.23042938557026],[8.026510473457805,63.1403086253333],[8.223768536619978,63.14271621625336],[8.229122094401838,63.052592952685124],[8.032457825167997,63.050193494647644],[8.03836445096986,62.9600839367505],[7.646312113511532,62.954546744139954],[7.639227027726053,63.04463760745524],[7.442666775374098,63.0414813214345],[7.450340522484322,62.95140107507789],[7.058521993680437,62.94435599342661],[7.067311432429588,62.85430466303057],[6.872053993366221,62.850418489105095],[6.881363074302758,62.76038522103832],[7.465531518973716,62.77125646421788],[7.4805173344466,62.591132664477335],[7.093323789331012,62.58418102352385],[7.08471173458684,62.67421723116077],[6.890609123312875,62.670356904411655],[6.899792770909152,62.58033348702061],[6.512877050813123,62.5718954588857],[6.523132963515499,62.48190473406784],[6.137563885673137,62.472507898131404],[6.148875404599027,62.38255265779709],[6.533320147292859,62.391918613684794],[6.543439282207945,62.3019370472652],[6.73518277281271,62.306237158414],[6.744678988837627,62.216246056929656],[6.935915666090577,62.220287763888145],[6.926975485077782,62.31029210742602],[7.118814550490787,62.31410179596059],[7.101877894167095,62.49414975057401],[7.874145231497329,62.50701857235728],[7.855180656743655,62.77725609357627],[8.244964251421422,62.78225671004576],[8.250173352758173,62.692155620787915],[8.444529879004845,62.69427405928835],[8.439898857529757,62.784382226899496],[8.82983843473273,62.78788340970758],[8.82634056164072,62.87800882740632],[9.021922111826736,62.879389019583336],[9.018986946144274,62.96952473091531],[9.41136715933952,62.97153915840029],[9.413128516186374,62.881396686775155],[9.60874718708924,62.88202411071218],[9.609913483385272,62.79188526684059],[9.804955210390897,62.7922604685913],[9.806109705381884,62.611997272537906],[10.193890294618116,62.611997272537906],[10.192751314955641,62.43175635876518],[10.385499690121364,62.43138610672959],[10.383252206022497,62.25116942340587],[10.19162754341478,62.251537251149706],[10.191071266906627,62.161435726059544],[10.382139681914877,62.161069098112534],[10.381034538383354,62.07097403801365],[10.76204649156506,62.06951233650701],[10.755503426918903,61.799272262187344],[10.377762672631825,61.8007198567501],[10.376686337459466,61.71064526550736],[10.753350973104695,61.70920231037564],[10.7469773933778,61.439021851150024],[10.933701991736191,61.43794997782672],[10.931080878075482,61.347902815546675],[11.117268372516525,61.346596937744046],[11.111038901958938,61.16652479786708],[10.925889190578692,61.167822477190384],[10.928476664617218,61.25786033478927],[10.742796825307886,61.25892545505556],[10.744880348277778,61.34897130118543],[10.558669388654222,61.3498023705648],[10.561825376697447,61.52991352070683],[10.374554684017331,61.530510932330785],[10.375617030506039,61.62057564370911],[10.0,61.62105510731151],[10.0,61.711126265426756],[9.811655474804107,61.71100601474958],[9.811117293683079,61.80108176595751],[9.433362840778727,61.80011668413066],[9.431737761290568,61.89019435768786],[8.484836904213005,61.88353883340703],[8.489168439455936,61.7934825600237],[8.866799646571316,61.79685975484247],[8.870027786110718,61.706797533887986],[9.05833162691213,61.70812013795129],[9.068919121924518,61.347902815546675],[8.696559772646813,61.34505369722151],[8.703826723991689,61.1649912450708],[8.518710239725849,61.16322185289791],[8.522822383803726,61.07320294872151],[8.707425282529073,61.0749668076034],[8.714553661790916,60.89493122116885],[8.347402459748068,60.89119181600044],[8.356449251710515,60.71119663673361],[7.991394305638084,60.706551821382654],[7.99686888771008,60.61657475184132],[8.178887316269929,60.61900570297254],[8.19363376945934,60.349076046676586],[8.374203587692866,60.35125554954149],[8.36980675460794,60.44123480469168],[8.55088569092943,60.44319096179125],[8.554794493390144,60.35320575340624],[8.735404148384301,60.35492661750525],[8.738803415022723,60.26494014304744],[8.558678928140406,60.26322449926003],[8.570188250226328,59.99330389032967],[8.212870767264265,59.98922380978188],[8.21760597520679,59.899270011995945],[8.039452658885017,59.8968973161732],[8.049772855882859,59.717014547660526],[7.87258041937625,59.714431521714886],[7.866969447863962,59.80436346059173],[7.689336846482192,59.80154768047847],[7.683221978827214,59.891474641902896],[7.505149062713447,59.888424772961876],[7.511732999660888,59.79850690254424],[7.334160106940419,59.79524118775455],[7.348136488908264,59.61543473144153],[7.701454646280127,59.62170387199814],[7.719356501875818,59.35196261909481],[7.193544466820438,59.34230924413253],[7.200795749296118,59.252430004622205],[7.375583757379922,59.25585935256828],[7.4023767734804355,58.89633113523081],[7.5754150095159805,58.899502504789716],[7.581575037028104,58.809618294562526],[7.236405914568531,58.80307602312228],[7.2503554000228165,58.62335313100456],[7.078686300599274,58.61977595520715],[7.071299258874361,58.70962587396667],[6.899230826882242,58.70582143350912],[6.8754912028667166,58.975353427608354],[6.702145873723325,58.97129717986835],[6.727197997106318,58.701800043982686],[6.383246976208787,58.69310671926962],[6.4014248256770765,58.51350333903627],[6.059359054313594,58.503997523312506],[6.049439794883209,58.59377103265405],[5.878044800736118,58.58868064382887],[5.898678612919291,58.40916441637325],[6.069220113408178,58.414225965288445],[6.07902347304854,58.32445630926483],[6.419389862932953,58.333908414753395],[6.428293719275141,58.24411399675228],[6.767976459202948,58.25268477827922],[6.775989650571441,58.162868251371016],[6.6065489604425025,58.15870147580547],[6.614932750507569,58.06889866975158],[7.291231306891526,58.084242990523315],[7.29790575669255,57.994399272917704],[7.804200255521612,58.00364705354956],[7.798774184084829,58.09351668484882],[7.968006034897083,58.09618198118822],[7.962967302100283,58.18606145060584],[8.132640705286217,58.188520594459725],[8.137260241584737,58.09863422803543],[8.306534947401495,58.10087338187068],[8.302334789496523,58.190766046900734],[8.472047679897887,58.19279776781392],[8.468244933674526,58.28269868912401],[8.63839690148027,58.284521773544625],[8.631575989937305,58.46434186694065],[8.97362786120032,58.46736185685601],[8.971046881091699,58.557284618512796],[9.14252118408974,58.5584744955467],[9.138180908313004,58.73833550104834],[9.482892653121802,58.7400762327696],[9.480257089405406,58.91995929691086],[9.653501354863996,58.920506434710504],[9.652614909614535,59.01045424465135],[10.173693565857556,59.0107834825957],[10.176409706090721,59.550545725322316],[10.705617259784443,59.5488704107483],[10.698331374963598,59.18903496892061],[10.872898629880362,59.18804155264253],[10.875154700343192,59.27799240134123],[11.225157856191876,59.27533568307702],[11.200415719255298,58.55587845180622],[11.371864668928472,58.554256021220795],[11.36160309851973,58.284521773544625],[11.531755066325474,58.28269868912401],[11.520413035087335,58.01300353805527],[11.689289269955903,58.010983182930175],[11.693465052598505,58.10087338187068],[11.86273975841526,58.09863422803543],[11.853580874127095,57.918868725287204],[11.68513765505265,57.92109539392678],[11.681010002730412,57.831209958720045],[12.017052176249383,57.82655767691301],[11.997527641439767,57.46708944283938],[12.163893293135756,57.46447538551094],[12.148346325602006,57.19491672047817],[12.47862199104839,57.18910964931401],[12.46683520016204,57.00944429628656],[12.63115211044265,57.00624741562144],[12.624919949326413,56.91642575882752],[12.788821861786648,56.913032083940806],[12.7756920788674,56.733411337996344],[12.93879635168422,56.729831571449566],[12.93190480669571,56.64003276149023],[13.094598441874732,56.636258889421725],[13.073021063502775,56.36689948483714],[12.911458588504924,56.37064344270974],[12.90471829672381,56.28084919635016],[13.065907857144854,56.277115097191064],[13.058833745714498,56.18733166196383],[13.219622950088185,56.18340643996388],[13.212219017077347,56.09363417599033],[13.372608855305769,56.0895188836705],[13.364879058266501,55.99975814310788],[13.524870536011656,55.99545382615642],[13.516818792273337,55.905704953315514],[13.835972325041451,55.89652123978586],[13.844751405209323,55.98624618313844],[13.684828486839578,55.990949816480594],[13.701798300016122,56.17042584362779],[14.023072990494839,56.16076868359136],[14.032366698603836,56.250482262391735],[14.193315670764086,56.24533939683095],[14.183653088779876,56.15563929480898],[14.50469117778234,56.14477929697142],[14.51509048600518,56.234450879361795],[15.479319944930507,56.19696941368464],[15.491989680552795,56.28654272977668],[15.652886334759797,56.27957625679294],[15.639849219119018,56.190021192136214],[15.800324283971253,56.18287287285789],[15.786993522159603,56.093336136647935],[15.947048385965783,56.08600700829893],[16.002283342199856,56.444074111181216],[16.16374940414015,56.436466190152956],[16.221718111224764,56.79444520457885],[16.38462209529917,56.78655261636419],[16.43009966237917,57.05496891933727],[16.594083479599938,57.046807650824746],[16.609798907349916,57.13625686879738],[16.445429658987972,57.14444018358068],[16.476350111035973,57.32338167837055],[16.64149664241614,57.315153888550995],[16.722332652193437,57.76238982266471],[16.555204642937667,57.77073108133244],[16.571247833680918,57.86020050585678],[16.738778842456977,57.85183615355253],[16.89116026999719,58.65684788861072],[17.062344616808144,58.64805442829948],[17.080202330518915,58.73747508821928],[17.423177939709564,58.71919178244268],[17.460925753279394,58.897928080659376],[17.97730837318928,58.86872379189774],[18.018096030294835,59.04729046391074],[18.190901961931676,59.03706534345944],[18.211912117059292,59.126317989194355],[18.385055282724007,59.11584592461384],[18.4066264614633,59.205067318315514],[18.580105696073115,59.19434710875317],[18.62451365340089,59.37272421887695],[18.450158018436138,59.38350689563147],[18.42832699306843,59.29428763624409],[18.25431069218042,59.3048205696935],[18.233047991610036,59.21556972484441],[17.711736570572768,59.24576815739245],[17.751744766509262,59.42444529899216],[17.926492730341423,59.41453994092677],[17.94712386323549,59.503849000066786],[18.122221455127367,59.493694357746925],[18.101145583027222,59.404414957236774],[18.275701338400363,59.39407054259853],[18.297221063124375,59.48331966198289],[18.646918354635762,59.46191091600903],[18.692135150439064,59.640280667545404],[18.867718777625225,59.62918216250649],[18.890982156631015,59.71833251085099],[19.066905799074465,59.70698017809117],[19.11476252218177,59.885209405503495],[18.93793524148716,59.89662907714863],[18.96162750182126,59.98577531623239],[18.78423252407497,59.99700597823548],[18.831133180261354,60.17536173536535],[18.652704536766237,60.186435209494746],[18.67590631105191,60.275644728171194],[18.496900841852323,60.286526144546265],[18.54279505234588,60.46500845746965],[18.362736328923315,60.475728912910014],[18.340191724078643,60.38645567287624],[18.1604992791093,60.39691721942352],[18.182569136240065,60.486222219328205],[18.0022956827893,60.496488158584754],[18.024024961819787,60.58582418770138],[17.843167856910867,60.5958931643213],[17.82191818662928,60.50652651695599],[17.64143887520274,60.516337085158355],[17.662207972675606,60.605733676110056],[17.299988903442998,60.62472848247636],[17.360156877480538,60.89309617588577],[17.17743428907115,60.90233487228507],[17.277786081103766,61.349775314427845],[17.092454392984582,61.35892416497472],[17.17302179115915,61.71701245517887],[17.36042112566061,61.707747038414944],[17.532317940641782,62.423748045386716],[17.723900258883933,62.413996150952926],[17.746586957571147,62.50347002050833],[17.93860318666563,62.49344169935286],[17.985546983599637,62.67232653367422],[18.178552053872465,62.661986204285604],[18.227255993763485,62.840805952373756],[18.42125660375099,62.83014979546569],[18.522956684687095,63.187654201201354],[18.719107882942627,63.17660439177792],[18.74554988684798,63.265944335872554],[19.13858560300846,63.243018768297354],[19.194352121765448,63.42154341093336],[19.391813196180898,63.40962519543191],[19.420573111079758,63.49884640763328],[19.816201921987545,63.474172883281106],[19.876684337620194,63.652444270600284],[20.274018201073492,63.626589385967456],[20.30576152591339,63.71563443650213],[20.504764893447007,63.70228264470916],[20.537324025572083,63.79127985918567],[20.73674466896398,63.777628463760074],[20.871692886866423,64.13340419559448],[21.073334424932916,64.11930577136415],[21.14347290862057,64.29707853862679],[21.34614410120225,64.2826232502797],[21.382204571278383,64.37145406629755],[21.5852919942351,64.35668955636643],[21.62222831077097,64.44546473009072],[21.418522641548222,64.460281314122],[21.455101027346327,64.54910494128316],[21.25056862354002,64.56371389652848],[21.323255650623565,64.74145437159319],[21.117256027377493,64.75590539300829],[21.18971736591075,64.93373629296097],[21.397000360050995,64.9191812160302],[21.547754687526723,65.2745922050492],[21.337851842663344,65.28936001538392],[21.375571620859525,65.37825768583656],[21.796488062726617,65.34834520643811],[21.875460059311788,65.52590925653286],[22.086918439649143,65.51043745407189],[22.127522066711826,65.59915568972393],[22.339418959040323,65.5833562836152],[22.422900622369834,65.76066035300146],[22.635910889293733,65.74447156457859],[22.678807076500682,65.83305496812125],[22.892249055039677,65.81653360662732],[22.848671846238013,65.72801156797546],[23.061179875917208,65.71128087599482],[23.105435266119795,65.79974062531544],[23.531025938147682,65.76534191290534],[23.57697131707263,65.85366641164684],[23.790042618852002,65.83599624053291],[23.74342325803359,65.74773725395879],[23.955550528955435,65.72986311932843],[24.00284085179018,65.8180556875952],[24.639562118444772,65.76261736359545],[24.59027735580063,65.67462942446294],[25.01201532984569,65.63646989619039],[24.961789696310408,65.54861135727153],[25.381073199604245,65.50953084983402],[25.178733762968005,65.15854808071681],[25.385410929706886,65.13889790018142],[25.335118459683898,65.05119289815542],[25.540892863660787,65.03135375887226],[25.490347649582063,64.94370733855861],[25.28518775326948,64.9634758427918],[25.235615028604094,64.87574688417617],[24.82569332073538,64.91437010428741],[24.777697230281188,64.82649253463613],[24.572946259405338,64.84534907909496],[24.386778604151036,64.49346956656048],[24.184198314856662,64.5118067811459],[24.139076741651635,64.4237483463213],[23.93684838680369,64.44176655688386],[23.805160782326485,64.17734989225757],[23.6044778959362,64.19492792523103],[23.477288221030477,63.93025515077402],[23.278134743419717,63.94740114108459],[23.23690608113429,63.85910277392901],[22.839098702030984,63.89252452286948],[22.79931529807614,63.80410478421655],[22.600670212943673,63.82038242148976],[22.4846870309943,63.55492032298084],[22.287565904926105,63.57078352676125],[22.212702282988378,63.39367332991659],[22.408685360517854,63.37791700227413],[22.37107275103266,63.28940695836434],[21.980038752820644,63.32056677938751],[21.943803725848678,63.231946933857834],[21.553130197599796,63.26201576460428],[21.4150731207721,62.90709148496809],[21.221693278374104,62.9215605212279],[21.056982812589975,62.47758240357146],[21.247646194957877,62.46334909521502],[21.214824560264972,62.374589387929255],[21.40478753470614,62.36016237899027],[21.24127300666816,61.916539599776556],[21.42846541199099,61.90210669313784],[21.39588763374568,61.81341639817334],[21.58240689771656,61.79879436007762],[21.420133913087216,61.35551040914431],[21.603996137666172,61.340885301617114],[21.50763129434417,61.07499938340329],[21.3252290895406,61.08948909041997],[21.23210649691877,60.82343047472716],[21.41307436104988,60.80907360858627],[21.320276117385124,60.543108697530286],[21.858065277888436,60.4990804698069],[21.79439183778797,60.32201334762961],[21.972437560537433,60.30697931006883],[22.037025954237528,60.48395583882598],[22.215832043051826,60.468607442536175],[22.117881890238138,60.20327197820877],[22.295171340750713,60.18783932222378],[22.32807173916298,60.27624398692677],[22.5056562358663,60.26054331990482],[22.406214572587547,59.99545109057777],[22.758240508596938,59.96366939688094],[22.82610614019258,60.14021488165974],[23.00276678756069,60.1238989630429],[22.934018612920152,59.94744967929386],[23.109637639110144,59.93101113619894],[23.07513869871599,59.842824316771924],[23.250162071176803,59.82621611077119],[23.285095726859037,59.91435408828631],[23.63552171238413,59.88038577834226],[23.671536935888216,59.96841618409238],[23.846933826552878,59.95105468604742],[23.883602520881787,60.039025699708816],[24.23475060847925,60.00354559487745],[24.27251222864021,60.091403271119965],[24.448257478769655,60.0732832986743],[24.410063154608135,59.98547888386971],[24.585198974615867,59.96719486731642],[24.701779980593265,60.23041683152271],[24.878032750780648,60.2117516457144],[24.998075935975287,60.47471598965067],[25.175455039657706,60.45566352097288],[25.05410031836781,60.192868150865145],[25.229980894965262,60.17376671785546],[25.270619651106646,60.26131943850267],[25.446742877004016,60.24194331375838],[25.48806290751721,60.32942742267578],[26.01656277588911,60.26981823714639],[26.102563253790223,60.44439679475504],[26.6318393728908,60.38246826702194],[26.676528555379,60.46955419092463],[26.852967967983318,60.44841418865873],[26.898359916082786,60.53542318219892],[27.075015861058652,60.51400255091858],[27.121115535826437,60.600933182709376],[27.297984671405086,60.57923085502192],[27.25145655198794,60.49236459526878],[27.603685457363845,60.448438423557505],[27.651064574978616,60.53517429386113],[28.179013628360128,60.467466246221925],[28.277182549719317,60.640486314032735],[28.45355279711389,60.61734944317756],[28.503508973723513,60.70376415987117],[28.680067112978996,60.68034206906728],[28.52984685952018,60.421250578632154],[28.704918872127784,60.397820999783846],[28.655034665207324,60.311489176881864],[29.00366293701838,60.26412766814906],[28.953262449948426,60.17791541694022],[29.300152884674368,60.1298441306559],[29.351360040876582,60.21591629581051],[30.043913702383307,60.11695868538046],[29.991117937864644,60.03117265815783],[30.163264279582936,60.00598062832059],[30.216451997643457,60.09169390179963],[30.560798719923927,60.0405371734058],[30.453184623962958,59.86938163630801],[30.624220781905997,59.8436385791621],[30.570503768553692,59.75810001766613],[30.740917149829635,59.73222391175102],[30.68713475869544,59.64673580251963],[30.517099796517158,59.672538526080146],[30.46400627378793,59.58695428421433],[30.29411152449443,59.61247857862479],[30.189598008543534,59.44109876594686],[30.02022442114552,59.46627428038947],[30.07195201728183,59.55204640923235],[29.901969171348036,59.57708724071167],[29.953617663451446,59.66290894941718],[29.78302118840991,59.687814115148505],[29.886457485845106,59.85953593321909],[29.543017401854563,59.90900630923534],[29.594410491194903,59.994977789087415],[29.421946554690848,60.019469946001536],[29.37094792347438,59.93342799810109],[29.026117144704155,59.98164211242364],[28.9265976214035,59.80922173293656],[28.582448409548743,59.856321315576494],[28.48567519432688,59.68355579269756],[27.970192164319087,59.752229683329546],[27.92342137937404,59.665623492540774],[28.095065658475576,59.6430072960658],[27.95521007540872,59.383282372855824],[27.443212819165442,59.449926316149416],[27.39831503515657,59.3631289015613],[27.056760555173042,59.406388190018575],[27.01291472723832,59.319452580654854],[26.84223708542477,59.34070721805469],[26.885685363871687,59.42770346053799],[26.714413561996206,59.44880862849235],[26.75771665053084,59.535851012227305],[26.585846796539457,59.55680563969864],[26.500298604216226,59.38258734722497],[26.6713645357387,59.36175226800639],[26.586020117711413,59.18759801136382],[26.41575002837802,59.20831492806119],[26.373845343023333,59.12115865622886],[26.713407258245027,59.07963353088603],[26.67096195196554,58.992580976562564],[26.332184303636055,59.03398913164965],[26.29076487173738,58.94680644381486],[26.1214899184036,58.967140889114184],[26.080700671676702,58.87988807129532],[25.911635672718116,58.89995783429202],[25.871472244379852,58.812636136846685],[26.04014706250905,58.79262259206028],[25.99982713129323,58.70534453344967],[26.335866170998184,58.66480974873018],[26.376957937552394,58.751974500574605],[26.20864278769552,58.77240192820957],[26.249585031148726,58.85961068058439],[26.586805874784602,58.818434452247836],[26.628762171329853,58.90551458593269],[26.797481552849053,58.88455790445667],[26.755139414182267,58.79753633939571],[26.923286424670245,58.776432048309864],[27.008986485802733,58.950342624863545],[27.177712664592352,58.92891305874063],[27.221322128214105,59.01578637084036],[27.55896292186076,58.972186366444404],[27.603597348342547,59.058922030917934],[27.772505951656186,59.03675053065236],[27.72748826641639,58.950076946185355],[27.895815024454354,58.92776176474745],[27.7168049392952,58.58115507960724],[27.88343040936342,58.55888319362823],[27.79470804315964,58.385606076348374],[27.628822536529682,58.40775571943251],[27.541833296295234,58.23429348827838],[28.036724948700165,58.16760397894564],[27.99251083366597,58.081030735046404],[28.15673562526363,58.05846081391932],[28.112411456412623,57.97193212972108],[28.43957798406583,57.92631710007173],[28.350258336695454,57.75345448509935],[28.675260964556056,57.70729388828809],[28.585541599599427,57.53460829724879],[28.747069321679454,57.51135663973686],[28.837476811403054,57.68391820283266],[28.99950076648809,57.66034608873892],[29.045425126040815,57.74653679281829],[29.207599271724487,57.72270523736798],[29.11531830874865,57.550431799579634],[28.953829134665227,57.574136923752654],[28.818310901975675,57.315399838885604],[28.65765087278916,57.338723517914865],[28.613307720382206,57.252380402201574],[28.773630577199718,57.229117996707735],[28.729193277096105,57.142818267825845],[29.52634831576903,57.02391560978065],[29.480503516080972,56.93790742662972],[29.321773718228332,56.96201011458536],[29.27650076451657,56.87592026283124],[29.11791095574877,56.899769352797435],[29.07320661194882,56.813599014647494],[28.914759379457294,56.837195290726996],[28.870620400060417,56.75094563790506],[28.71231828843684,56.77428988770438],[28.75613041192,56.86060001894131],[28.597320798082112,56.883812847489004],[28.553836963745468,56.79744264979711],[28.395177519875634,56.82040357703985],[28.438331638017306,56.90683342642027],[28.119819136015316,56.95229644505542],[28.07732870598724,56.86574854777795],[27.918141579506678,56.888131906443775],[27.834510421066682,56.71487113224155],[27.993034150982485,56.69260361998266],[27.95122651292769,56.60600677629876],[28.109250156403057,56.58360511889483],[28.025653735343592,56.41047796516626],[28.182856569817222,56.38800069932703],[28.141070082190197,56.30147006716888],[28.297781765303903,56.27886046735285],[28.255897573492145,56.19237084416487],[28.099505500788165,56.21492296543541],[28.017035360715134,56.04177970989182],[28.172792442769616,56.01934164328107],[28.131568181797157,55.93280224455044],[28.28684526257784,55.910232985319986],[28.245524957043525,55.82373385430064],[28.40032495701162,55.801034220776444],[28.276729983706808,55.54160689542757],[28.583991848796863,55.49599017110435],[28.54261321933093,55.40959393561578],[28.389367137007486,55.43243824714143],[28.267412032397363,55.17297866572648],[27.962253694479504,55.21777921119524],[27.84396469234753,54.95784203632609],[27.99572374304787,54.93569724539597],[27.95640113302576,54.849073713647826],[27.804938985965073,54.87116456988957],[27.689053260589343,54.61103796839465],[27.538326559256333,54.63278697630219],[27.500383266922036,54.54599446619362],[27.650817030859564,54.524297935524416],[27.61277461487725,54.437542434241635],[27.312345972000152,54.48064985511381],[27.201105969322192,54.21998218597174],[27.648928780270793,54.15551470111676],[27.724631978743425,54.328998597391205],[27.874194105786167,54.307045378887324],[27.835960054655697,54.220363620486815],[28.431600972068555,54.13096688128084],[28.39242678328297,54.04448158485462],[28.244018707378583,54.06704563634987],[28.20532028499651,53.98049022088816],[28.501429503127756,53.93529099383675],[28.423498342791238,53.76234335905067],[28.570779753555367,53.7395846181296],[28.49307070009883,53.56667589258745],[28.932404124848446,53.49766441011867],[28.971976612725868,53.58396627205901],[28.67869092385937,53.63025708255111],[28.717915186370977,53.7166493437165],[29.01174477942581,53.670250322419534],[29.091873646491564,53.84276467485477],[29.239110117219113,53.81919145964046],[29.158437289713383,53.646787143015686],[29.304980522176834,53.623148565042605],[29.264672781637355,53.536974082042796],[29.410797778130952,53.51321567974096],[29.330241401970046,53.34092152978302],[29.91112502324087,53.244591564327926],[29.87009270682527,53.15863799510545],[30.1591153281563,53.10954829386197],[30.200665724570246,53.195389317092534],[30.345208174118255,53.17052988569698],[30.38721934445981,53.25629382428626],[30.24241848933074,53.28121027746736],[30.284375011810415,53.36701108366244],[30.139160366127555,53.39181208721572],[30.181060521996837,53.477649898362664],[30.035429598226425,53.50233479226056],[30.07727164189666,53.58820974446575],[29.785017887705784,53.63717170251684],[29.91018074135861,53.89502052397671],[29.76301567750323,53.91941011415102],[29.804879712900604,54.00537797094512],[29.657286033297844,54.029648688796875],[29.699085060122865,54.11565440639242],[29.551060174947676,54.13980555590047],[29.59279229948262,54.22584926482746],[29.44433360244518,54.24988014303833],[29.52786982532415,54.42202495780744],[29.676885841260553,54.39787948461392],[29.719250245475205,54.483865809124126],[29.42049678215984,54.532093372508015],[29.337101769483116,54.35987186931197],[29.18804914488067,54.38360332603113],[29.14694553976981,54.297408226983265],[28.848935580920838,54.344222747220506],[28.808599851187445,54.25789814444207],[28.957400559473836,54.23463570846787],[28.87677426682038,54.062044050148266],[28.728533237233027,54.08519635111291],[28.768466213987,54.17155598562076],[28.619794446777448,54.19458493809763],[28.780414095962747,54.54006896516192],[28.630453901679672,54.563138975235304],[28.67083092121984,54.64952197070106],[29.12110390224067,54.57960437259701],[29.16254887753696,54.665801322118696],[28.861949779389704,54.712706150859326],[28.90302925632211,54.79899824459719],[28.601219153545376,54.84529214917467],[28.641925033966903,54.93167898414474],[29.095275806638675,54.86179701919902],[29.137067427201444,54.94799636713786],[28.68283973925429,55.018048520911165],[28.723964794581807,55.10440067407518],[29.027532377133497,55.05776748659862],[29.069460106230583,55.143987922998804],[29.372964098656546,55.09651030057991],[29.458648009784536,55.26866345056516],[29.306390011324577,55.292610347525965],[29.349267586195868,55.378717514795085],[29.50182155969876,55.35471168570405],[29.545218333537644,55.44074089368708],[29.697898987945486,55.4164924528066],[29.654206296027542,55.33052284604586],[29.806420880463897,55.30615132262352],[29.719121613168216,55.134273250481556],[29.870582110250492,55.10983912055544],[29.958464407919585,55.2815974437339],[30.262034719746467,55.23194394007198],[30.35199226205192,55.4033784162133],[30.504097204071197,55.37815633553496],[30.54971572454296,55.463780437875],[30.853972429752872,55.41266629371424],[30.807774514930607,55.327167309404075],[30.959345163996144,55.30140104642127],[31.005830746298006,55.386836945185486],[31.157507903680727,55.36082653973286],[31.251773582720826,55.53150391229004],[31.403841988566498,55.50518427924944],[31.356301069590817,55.41992131561799],[31.50789808701634,55.39348539794647],[31.46031539565285,55.308263948113],[31.611444082615215,55.28171246019672],[31.56382144899878,55.19653235291065],[31.412974974924865,55.22301938079506],[31.36587509185157,55.13775182717624],[31.21512882427167,55.163995381702186],[31.168549150642043,55.07864148623025],[31.76932802147303,54.97284860964928],[31.72187118441784,54.887726990973405],[32.020623547306286,54.83389073207034],[32.0686289462855,54.91888302045936],[31.91906984055616,54.94595462269522],[31.96704298679759,55.03098774223765],[32.41598896327638,54.94904506780661],[32.51431505366934,55.118643032996545],[32.6641361348301,55.0908413602258],[32.864898455744104,55.42946104785397],[33.01562421292191,55.401210561313846],[32.914185381949444,55.23208924863322],[33.06416850045555,55.203797805932744],[33.11503209731768,55.28830332276587],[33.41495633805813,55.23105183735807],[33.57073729645445,55.48398939517477],[33.871490855392125,55.42561029595596],[33.818759908044946,55.34146659500337],[33.66875390276425,55.37067408280809],[33.564623348918374,55.20216093104088],[33.71409268959693,55.17309374501701],[33.662152714663655,55.08886493679995],[33.512950306956455,55.11786248166892],[33.46153631631604,55.03353633739329],[33.163079803677924,55.090865455837246],[33.11245745545345,55.006374761930125],[33.41037956839886,54.94918266115335],[33.25843493564241,54.69595803909032],[33.406316577959664,54.66730368830521],[33.45697459683893,54.751671025775956],[33.60492728586303,54.722774308321824],[33.55400834050684,54.638475249962006],[33.701509559475326,54.609473082306685],[33.65058395530469,54.525214719960594],[33.797636699439224,54.49610772802757],[33.69602529360618,54.327644106036274],[33.2558421209048,54.414038930674884],[33.30575206455072,54.498487486874176],[33.15839228705994,54.52700685958423],[33.108741905435394,54.44249129884503],[32.961456548691025,54.470770130114715],[33.01084602526677,54.55535239344418],[32.863113957860556,54.5835237372102],[32.76510266489595,54.41420060462251],[33.05933654816964,54.357949289980944],[32.96125418432275,54.18878651399387],[33.253726301630586,54.132107684347304],[33.30315901635592,54.216569753626814],[33.59540828009347,54.15906954867664],[33.64559333656534,54.2433706165153],[33.791693099968846,54.214295470695696],[33.74125559722056,54.1300619460457],[34.03239246793968,54.07153348174655],[33.9817018248068,53.98740752134601],[33.836475506771755,54.01668938357933],[33.78627907354884,53.93246771779336],[33.64111716621647,53.961511817306906],[33.59141291916957,53.877195517531064],[33.73632624520464,53.84821829648893],[33.637144857318354,53.67963679034906],[33.78138369241852,53.65062295244904],[33.831099843429435,53.73486089742902],[33.975402578375814,53.70561114696581],[33.87572194354647,53.53724095948345],[33.58791305995975,53.595305002309324],[33.53891839156621,53.510946052383915],[34.39873811329032,53.33513449163565],[34.29857811843668,53.16712941804006],[34.156196599836505,53.196716808930354],[33.911089360502174,52.77587805582254],[34.05230156308279,52.7466194677033],[33.955408193194394,52.57821964165788],[33.814658402568924,52.60734879932032],[33.766782354258,52.52304321018251],[33.62609443399952,52.55194356254635],[33.484495599669806,52.29867427852929],[33.90399706781698,52.2120531760442],[33.95165898715607,52.29631267612717],[34.09138737074069,52.26704839106374],[34.13949850190726,52.35121624059253],[34.27928451935208,52.32172441493706],[34.32784661682516,52.40579963941618],[34.46768817413905,52.376079784346075],[34.61542247969493,52.627938293696864],[34.474902496223656,52.65785496547004],[34.52438259756725,52.741816145430775],[34.66513015752258,52.71183327259114],[34.71507179598604,52.795699075551696],[34.43294384112007,52.85563327330732],[34.48266171639196,52.93960309965936],[34.62404404499165,52.90965173029106],[34.72465068915612,53.07737061089008],[34.866315761651684,53.04711990942197],[34.91720859284834,53.130867479944314],[35.05892317333885,53.10038380758324],[35.11028836078174,53.184033139158835],[35.25205015035292,53.153316011596154],[35.35597505323232,53.32038521697235],[35.49801126322705,53.28936472983179],[35.603389042520384,53.45616985985869],[35.74569682700866,53.424844083293614],[35.85254351984156,53.59138070378441],[35.70977441427425,53.62284806578664],[35.98023394829405,54.03897890895093],[36.12416840924344,54.00715187705515],[36.179279890880885,54.090206845470505],[36.03511028970688,54.122106804893804],[36.09025217294908,54.205201502512445],[35.94564495805748,54.23700695219272],[35.72760838154229,53.904139705695876],[35.439696655903006,53.966668831905515],[35.38631380124139,53.88322821504393],[35.2423040953147,53.91417029310389],[35.29544846281741,53.9976818121114],[35.006370065662956,54.059202799777815],[35.1124662824739,54.22641570481268],[34.82163798396393,54.28754283153575],[34.76895058290456,54.203810548563176],[34.623490918880336,54.23404879289573],[34.51937400165377,54.066354423613895],[34.37421556256588,54.096283499404386],[34.42590063387914,54.18021480640592],[34.280304792035714,54.210042806492595],[34.22886765617737,54.12604249561385],[34.0833308746269,54.155631058243024],[34.13451872986379,54.23970009181748],[33.98854304999378,54.269186306658945],[34.03973058951434,54.353295399429676],[34.33199390392227,54.294014088748646],[34.383936707958306,54.37795617735113],[34.53003087073849,54.347989191818804],[34.63518609235898,54.51564481523552],[34.78158553551742,54.48536604913409],[34.834802519704745,54.56907796441346],[34.6881524509833,54.59942766189582],[34.7413803405142,54.68318029864744],[35.18148507737716,54.59140277261417],[35.235728744257216,54.674909370299616],[35.67476511608025,54.58137544039049],[35.730018166035876,54.66463130404132],[35.87620077984953,54.633039115533364],[35.98801470221636,54.79930401475579],[35.54736934333063,54.89401222700218],[35.658796896865695,55.06059010307058],[35.95376551123624,54.99732469658311],[35.897414679503996,54.91420125603924],[36.191044732118435,54.85040047576243],[36.247888763694945,54.933373699009145],[36.39463204654293,54.90114208607364],[36.28073470974583,54.735312188673205],[36.13447941587106,54.76739314504218],[35.96643705635936,54.518168552941724],[36.25728885667681,54.45428446036746],[36.31351076531099,54.53724440814781],[36.16794759922885,54.56934528467414],[36.22420330938558,54.65234575952118],[36.51560216434679,54.58782552365887],[36.45886642544402,54.504974735700834],[36.74895325496112,54.439930540634535],[36.80616317847987,54.522630626657744],[36.66098764570096,54.555312214148636],[36.71823896944537,54.638052687815126],[37.008852192709234,54.572369724685],[37.12514471057173,54.737438654822945],[37.27060309521473,54.704191663725815],[37.32941147844179,54.78659420251535],[37.183717091023425,54.819918570791174],[37.3017236357397,54.984768189086154],[37.59383988344405,54.917639224597146],[37.53421931519775,54.835389288848425],[37.67971223151652,54.80165092749097],[37.73956701030459,54.88382228541317],[38.030357101013436,54.81568552214803],[38.09096924313981,54.89766009022423],[37.94545330189057,54.93189156375848],[38.00612861972867,55.01390674538015],[37.71395820983291,55.08202534606835],[37.835259233374906,55.246258220525554],[37.68836208683388,55.28022396691619],[37.749222235391294,55.36236249598703],[37.45426597336981,55.429944505820046],[37.514943402739505,55.51220469707604],[37.36687973585374,55.54581975204235],[37.42761402316989,55.628121939962575],[37.27907528180926,55.6616456012942],[37.400960419310955,55.82629657048089],[37.25169353994213,55.859808689301055],[37.374304403848456,56.02446900709102],[37.52407252497034,55.990794928473626],[37.46236204617789,55.90856495006946],[37.909504027989875,55.80675144781627],[37.84736159460256,55.72472696147623],[37.99569394042752,55.690527441586326],[37.93361723555098,55.608545079566966],[38.81724311307675,55.40027034105729],[38.69117353177057,55.23716789011901],[38.837161062795495,55.202030086052005],[38.77435737609108,55.12049893369995],[38.91988399918255,55.08527621622606],[38.98291589696619,55.16672520431331],[39.12843766946839,55.13125366906423],[39.25588121934629,55.29385977458536],[39.547123946027945,55.22208534952902],[39.48279669432441,55.140970490038605],[39.627839480402244,55.104918134501354],[39.56360112242766,55.023843386121136],[39.41878062146656,55.059812335452925],[39.291673901545366,54.89736722789928],[39.436051248233014,54.861563975213414],[39.49967238261646,54.9427252425147],[39.93207023997543,54.8340807123004],[39.86779456525688,54.753168686285825],[40.01124506789514,54.71670981055258],[39.94706175586831,54.63583694589728],[40.09006675984316,54.599298533431714],[40.15446311238077,54.680088077322786],[40.29744841924355,54.64330390595244],[40.23284058393663,54.56259787993291],[40.375382955791515,54.525735402051005],[40.44020071860877,54.60635771578725],[40.72500526298603,54.53198095628373],[40.85640117971162,54.692750819464926],[40.99886454629753,54.65515143040133],[40.932804951235305,54.57487473545078],[41.21661285455366,54.49936482905658],[41.019078421764846,54.25876232833016],[41.300743119576545,54.183123160868284],[41.76884569470237,54.742662866791726],[41.910717623928846,54.704004263873124],[41.97905633494265,54.78365558196185],[42.120883123834616,54.744750335828364],[42.18974295982485,54.82426355180854],[42.47305370347802,54.74580067344937],[42.61253535535519,54.9043192450502],[42.75420800688783,54.864672468189404],[42.82463659172025,54.94376397214543],[43.107614968908536,54.86381734403847],[42.96632307081541,54.70593999581658],[42.82534051079124,54.74581285515277],[42.478774226494046,54.34975471034198],[42.33849999554584,54.38902919624541],[42.270340529936846,54.30957594342291],[42.130018237886155,54.34860644517814],[41.99502976616404,54.189376247069575],[42.13496833983032,54.15051850989724],[42.06775174926591,54.070914940520964],[42.20726468462742,54.03198662534212],[42.14016881766954,53.95241919619297],[42.00084560773287,53.991261871847954],[41.73628777712104,53.67216052046733],[41.874854612391516,53.63365684177216],[41.80928407872031,53.553844555403266],[41.947437024000884,53.51526969940721],[41.43201905937344,52.875722798137815],[41.56847128131628,52.83765438389638],[41.44214233844009,52.677461559941875],[41.578016598463044,52.639402368344115],[41.51509554128705,52.559317322917714],[41.65057779320422,52.52118660639693],[41.777062908011644,52.68114843779386],[41.91269176387477,52.64270379770515],[42.04067455733659,52.80231413304266],[41.9046871933173,52.84092227139533],[41.84073180732963,52.76105898733652],[41.70470891834764,52.79943298689885],[42.42235559873008,53.67618702578567],[42.56037996025674,53.63689489500468],[42.69513233971153,53.795494172740746],[42.83329025466195,53.75587639369749],[42.90131229285798,53.8350133007302],[42.762972125889,53.87471748579713],[43.31706692075706,54.506631102184286],[43.03671656714846,54.58698096668723],[43.177726590043385,54.74478593412184],[43.31839933647122,54.704509822931215],[43.38958674709841,54.78324166697934],[43.530194958508176,54.74271904144794],[43.45882188654828,54.66407747808688],[43.59899417052023,54.623489338669515],[43.74244164065092,54.78053637603526],[43.88272861238164,54.73961138631838],[43.955136894278894,54.8179603786858],[43.81466724394716,54.85897667881943],[43.88723015530933,54.937361038490266],[44.1682781796773,54.85498960604217],[44.02276199505646,54.69853120812777],[44.162541755406565,54.65729628429282],[44.09010853789828,54.57907359380808],[44.22945690296949,54.53777569783364],[44.08523385577431,54.38134311317016],[44.223978076937556,54.3400732875372],[44.08072190014849,54.18359686482121],[43.80369113124887,54.26562263129017],[43.732905733138,54.187121557410784],[43.87136675034512,54.14627477095542],[43.800727868911025,54.0678081628614],[43.9387690191563,54.026897545316004],[44.00958351754782,54.10527489759731],[44.14755599906789,54.064122363187316],[44.21886856611566,54.142354582919914],[44.3567693867233,54.10095993918342],[44.42858059168722,54.17904583496535],[44.29050704166088,54.220530715391476],[44.50739742282372,54.454719140656884],[44.368553201881966,54.496324067273285],[44.4413403205417,54.57436396820633],[44.302067869075,54.6159070570861],[44.37501447321557,54.69398132414801],[44.2353105327188,54.73546225616923],[44.30841690109325,54.81357115417584],[44.44829874007326,54.77199814211986],[44.52192270836383,54.849957150625926],[44.66172399354429,54.80813744394639],[44.735866096783035,54.8859453201427],[44.45565060694517,54.96961629013618],[44.38186290594678,54.89162261957828],[44.10096775817635,54.97448904542214],[44.24816481880833,55.13078956797349],[44.38910436003605,55.08924838118545],[44.46340190361964,55.16721883413787],[44.18089640295171,55.25033191931946],[44.03337617716461,55.09396051017868],[43.89209775724625,55.13509684097463],[43.81903865835211,55.0567331176309],[43.67768645024487,55.09762064234721],[43.60515488927292,55.01910885226967],[43.46373215021191,55.05974777873058],[43.32005965906053,54.902375778057596],[43.17875884464936,54.942675575052135],[43.250237413564264,55.021479725261194],[42.82423807031026,55.1417042165332],[43.03896702261011,55.378609675147295],[43.18180520518982,55.33841995447122],[43.25425878212694,55.4171884410504],[43.39703035301937,55.37674782042837],[43.617049766100436,55.61244321033453],[43.76013502544076,55.57156523806672],[43.83436712126607,55.64992408915449],[44.120115990432595,55.567505080117044],[44.27040225388059,55.723672488925885],[43.98389528558949,55.80646952347008],[43.90895313658144,55.728225642804915],[43.76548376119099,55.769291417840556],[43.9153418862509,55.92591052115177],[43.62681263083817,56.00794156011072],[43.403729901024555,55.77236110366972],[43.25964731994311,55.81285382341647],[43.18619375084974,55.73412103352375],[43.04204189593159,55.774360046246436],[42.96913835585212,55.695479199742124],[42.82492066864426,55.735464741619474],[42.75256633836675,55.65643714768574],[42.60828624008142,55.696169463615156],[42.68043839183932,55.775289058004894],[42.39068053871737,55.85445214128756],[42.53521165775807,56.01289900776091],[42.82579008587617,55.93336651160356],[42.89899410223257,56.012323657023025],[43.04408410877392,55.97222094821377],[43.11784620189862,56.05102962314277],[42.972553242200846,56.09122593287424],[43.12074602696858,56.2488644075729],[43.26644541770984,56.20847967919145],[43.34128713637514,56.28712031281652],[43.486912783307304,56.24647844018604],[43.5623207649056,56.32496692040121],[43.70786904861692,56.284067677623],[43.78384403912061,56.36240264797333],[43.63809572223331,56.403397837727454],[43.71424000619934,56.48177080291115],[43.42149451808333,56.56346655795376],[43.497604307660495,56.64197428162216],[43.350601444713625,56.68267381405377],[43.27469760421529,56.60406976737691],[42.98025579728947,56.68478435554076],[43.05574200102083,56.76358057471349],[42.907885586702626,56.80378679714782],[42.983533285884505,56.882622637422045],[42.83517871365848,56.922759516617205],[42.987175296668084,57.08045444863811],[42.83810239394624,57.12061835537412],[42.91445370434891,57.199477777168234],[42.76487242471299,57.2395717657774],[42.8413879207155,57.31847172938538],[42.540906595107636,57.39835067179861],[42.61736355421325,57.47738904805894],[43.06830713833351,57.35702540224102],[43.22371203551607,57.51434203865383],[43.37386855283988,57.47368770144042],[43.21802969959783,57.31656854579714],[43.36745612038421,57.27594474341839],[43.21274014826544,57.118788913690935],[43.50985782861639,57.037435651189],[43.27938351189659,56.80185255956319],[43.86764604482378,56.638341299950646],[43.79075598511693,56.560085422729514],[43.93690470112914,56.518897098521975],[44.01399511098579,56.59705578439905],[44.16005748100118,56.55560819611451],[44.00585402437033,56.39942591868656],[44.29633630574751,56.316435879356874],[44.21940264692315,56.23844921335729],[44.36402665748596,56.196810422498025],[44.28727006404122,56.118860672911026],[44.71888857061242,55.99327857790664],[44.7962120826055,56.07093799122084],[44.939711750882545,56.02866346103247],[45.01759046064879,56.106164209217475],[45.16099263442792,56.06363440744945],[45.239427007868926,56.14097514931694],[45.52574461667056,56.05524772775672],[45.68446181771407,56.209345211546285],[46.11286184004748,56.07898761114756],[46.032786662038475,56.002268585053464],[46.316604582544244,55.91478560268606],[46.477819529238666,56.06775920378277],[46.05062949439997,56.19934903086092],[46.13129034357036,56.276036278467],[46.27415060672973,56.23222800781238],[46.35536881678988,56.30874850146745],[46.21233464043971,56.35265731699567],[46.29376472892441,56.42921170328121],[46.579885482465045,56.34103656599612],[46.66204911450355,56.41732102879703],[46.80483680697006,56.37289901819082],[46.72250328931886,56.296716105423926],[47.14858858378281,56.16282920243155],[47.23142061406207,56.238706946987875],[47.655339910267685,56.10313640501065],[47.73904260803207,56.178637051323484],[47.87991474772373,56.13304037793816],[47.796055293158204,56.05764223964782],[47.936475562285565,56.0119969144501],[48.0204899577184,56.087292477501535],[48.44043674033125,55.94914641158604],[48.355968331506496,55.87415895051695],[48.495210833902185,55.82791395040807],[48.57982700642571,55.90279859429629],[48.857721355027145,55.80965724035612],[49.02870183753134,55.958789921240125],[48.8896148637881,56.00564173556264],[48.804072781740764,55.931009356847916],[48.525294661973845,56.024060201937736],[48.69618806951534,56.17366484163132],[48.83601960670889,56.127006209350725],[48.92220601798986,56.20159168613655],[49.06188123785459,56.154679719625186],[49.23573900341575,56.30341203364486],[49.09577582922523,56.350534079848146],[49.183163833836694,56.424889991833496],[49.32327037488921,56.37766230793435],[49.49954964630635,56.52592853825242],[49.63963009895639,56.47833974665813],[49.72852284704562,56.552247791490295],[49.8684304936799,56.504403978003644],[49.957872358203275,56.57812481903963],[49.81782686852671,56.62607594042417],[50.08823014952939,56.847075683630074],[49.94745362493309,56.895202887981654],[49.67746651429099,56.6738788864198],[49.536790868696514,56.72153313537028],[49.447768157388474,56.64749046239876],[49.30692029021323,56.69488828031017],[49.218453726623025,56.620659712235586],[49.07743747324552,56.66780105742462],[49.16575820652151,56.74213639092975],[48.88248983789437,56.83618139429361],[48.70685465107186,56.68700698724474],[48.56505113543151,56.73358997990821],[48.478000772599245,56.658782074527224],[48.336039631677856,56.70510760580898],[48.24955097890826,56.630118850215105],[48.10743605905501,56.676186922651475],[48.02150931256932,56.60101869853489],[47.879244450498774,56.64682932541665],[47.793879758753285,56.57148301344119],[47.65146878097834,56.61703621874942],[47.822279869007914,56.76786464073588],[47.96501245420157,56.72210235982929],[48.05118617624845,56.797301622729165],[47.76508910783842,56.88888275526554],[47.93802004958378,57.03948096802848],[47.79417686987259,57.085251688530334],[47.88109835360188,57.160545665776105],[47.73677416850051,57.206267658184345],[47.47774610361333,56.97984679621544],[47.62157348676186,56.93444217597391],[47.450606365411325,56.783340586039635],[46.7300491496369,57.007759298644466],[46.646026067646915,56.93158047565111],[46.501164964223875,56.97589079915791],[46.585011558559394,57.0521733065626],[46.43966477030298,57.096429503873736],[46.523738593263175,57.17274652196416],[46.37790212820048,57.21694829902483],[46.46220405641483,57.29330011039901],[46.315873877161316,57.337447168919404],[46.40040478864284,57.413834058068836],[46.54691693643471,57.36958231306974],[46.63204333777906,57.44579442121094],[46.92447832567348,57.35660345297505],[47.010377802237265,57.432533584290816],[47.447171532360734,57.2972444584234],[47.53400855655873,57.37278361235262],[47.38855849479538,57.4181437611381],[47.475644768281555,57.49371601153855],[47.62126558950546,57.44824900954644],[47.79705000380426,57.59895647527737],[47.94268464394674,57.5531175440856],[48.12051529938109,57.70330686778056],[47.97454558750102,57.749362689214095],[48.06394164552451,57.82445150285915],[48.210078341025806,57.77828658018453],[48.39051308603436,57.928013406067855],[48.53664559653594,57.881472284304394],[48.26615438726018,57.657094549468795],[48.41146319800567,57.61072629220006],[48.501353904823766,57.68548761974911],[48.9357782077225,57.54512478348235],[49.026578022803356,57.619478604008656],[49.74475741383058,57.381922838751834],[49.83674040383618,57.4556448030344],[50.12197889175103,57.359340359347904],[50.02971114311685,57.28583932455784],[50.17169314210658,57.237572359747496],[50.07971762569912,57.16409837365476],[50.362420328906644,57.0673369799136],[50.27059882824623,56.99399951375123],[50.551728885085815,56.89686434587138],[50.46006443825212,56.8236623976523],[50.60001272287891,56.774983060584105],[50.50863834541655,56.70180666254866],[50.648135537969814,56.6530896074581],[50.5570496054281,56.579938526049084],[50.696099369526486,56.531183904592254],[50.787314108162995,56.60422640138513],[50.9261745565808,56.55521756558066],[50.83483286068488,56.48228366424315],[50.973250576464864,56.43323832196481],[50.88219823930786,56.360328738730736],[51.157842404408605,56.2620212521155],[51.3408522954885,56.40732246619813],[51.61572304191022,56.308007062317486],[51.523773908078546,56.23561621237729],[51.38661416367127,56.28523682731247],[51.29519557094038,56.212651916199945],[51.43223681399859,56.16313952921568],[51.25038985287648,56.017930862512806],[51.38688439926111,55.968491239646916],[51.477722031662566,56.04103047638806],[51.61402541655985,55.99134134527918],[51.70538563533625,56.063687623628546],[51.84149428437674,56.01374911144291],[52.1183728199361,56.22994369889521],[51.981926499071996,56.280207989011295],[52.168359365801926,56.424117255583354],[52.44137692194882,56.323009540977544],[52.53543958714923,56.39461097655659],[52.39898206284308,56.445345411954236],[52.49335789165239,56.51696712840366],[52.62992271866834,56.46612222124876],[52.820159325179205,56.60887180173903],[53.092739020423416,56.506317252503166],[53.28509208165663,56.64825198387747],[53.01210473484567,56.751253560815364],[53.30326662500194,56.964126009774596],[53.440226593779386,56.912356931246954],[53.73563066540317,57.124032797012035],[54.0091232645619,57.019393391039955],[53.91002463957234,56.94915954872734],[54.04617257195183,56.89674600704556],[53.947421818713174,56.8265285033859],[53.81136656468441,56.87882831969494],[53.713146763600996,56.80840033362504],[53.84910843415392,56.756213867001996],[53.751230168042156,56.685802722888454],[53.88676786907668,56.63359110135533],[53.789228917146616,56.56319662257153],[53.9243460632722,56.510959894660665],[53.82714422709925,56.440581905650916],[54.09622037463405,56.33592164738419],[53.99926342546197,56.26567164419494],[54.26687238242964,56.16068986609731],[54.46155944039271,56.30064664070627],[54.59505271009155,56.247729286181105],[54.69311634489244,56.317449545963434],[54.55953993424679,56.3704791286658],[54.65794791596544,56.44021352901456],[54.79160654476709,56.387071359635094],[54.89052543754204,56.45659410471047],[54.7567855294008,56.50984921955995],[54.85605492665285,56.5793855731432],[54.989875159102255,56.52601715375779],[55.089657853333456,56.595339874365706],[54.95575826801316,56.64882195760561],[55.05589772190612,56.71815773575458],[55.722468132103984,56.448840311525714],[55.924798140352685,56.58606342503184],[55.79200625913862,56.64042175111257],[55.893757923411016,56.70899191625015],[56.159144050043345,56.599913825791376],[56.26146926395389,56.668149213697816],[56.39372551249293,56.613297891273646],[56.29133635665206,56.54517743720227],[56.423196030474365,56.490310164062706],[56.219599860702054,56.35398153813764],[56.08786800523421,56.408620161783205],[55.88613243457741,56.27164542603479],[55.75420663929385,56.325925531170704],[55.65405271413696,56.25717002496885],[55.52187094184634,56.311205101173634],[55.422216925335874,56.24223456426166],[55.817576734121396,56.080072958472705],[56.11845100014107,56.28565983875009],[56.249790556027335,56.231004370683664],[56.149006852727496,56.16269199380694],[56.279957193250766,56.10801965999103],[56.07953906301299,55.97130984886639],[56.210039471361696,55.91673315767785],[56.31010032560303,55.985027260356446],[56.4403435352835,55.93020868614796],[56.5408884633014,55.99828622284625],[56.41058410698402,56.05321757271411],[56.61282841184506,56.18928426794532],[56.74325189373549,56.13412636751973],[56.845074358993344,56.20188768425657],[56.97522933834141,56.146487525123426],[56.87335051971599,56.078839884043234],[57.003125192581315,56.02342530725258],[56.80053300119328,55.88803768726702],[56.92987494120546,55.832721471741614],[56.52950404838027,55.561134276477915],[56.27097047370533,55.670742491586594],[56.17203770888112,55.602363604504205],[56.042363112933806,55.65686361740723],[55.94390804185264,55.58827175235854],[56.2028165344577,55.47936497154251],[56.30139928100501,55.547734858894934],[56.559186637673825,55.438093068422695],[56.36218627593524,55.3016942667035],[56.49049570654556,55.24690322639838],[56.588851259972216,55.31504341369897],[56.844665254006706,55.20486025779579],[56.648128543170806,55.06891817756971],[56.520489272369495,55.12385291846636],[56.22887006379119,54.91884815719597],[56.35633112304399,54.86424114372586],[56.45319833726033,54.93256787643715],[56.580419004941376,54.87772558476116],[56.677742160805444,54.94584230265528],[56.804719392610295,54.89076503795662],[56.70733972511186,54.822757394053056],[56.83396128671013,54.767663756237326],[56.640275510508324,54.631561651157156],[56.51376693214854,54.68643824696387],[56.41757024638664,54.61812792463332],[56.79604073127865,54.45344699647885],[56.60447095425877,54.31717282815694],[56.47872061145237,54.371976566382784],[56.38357125456209,54.30358298991874],[56.63466793986287,54.194064843778136],[58.1046941169622,55.2060144876048],[57.978543792539035,55.262471182763775],[58.079702890040025,55.32920306344671],[57.82638537217006,55.44196962030647],[57.92787010546663,55.508816773456836],[57.80069784970642,55.56512635022344],[57.902553803367674,55.63197729877798],[57.77502122538628,55.688275014552566],[57.97990162778916,55.82187539243167],[57.85196152388689,55.878274559517706],[58.05844745861015,56.01166261852256],[57.93009746244948,56.0681644738313],[58.033938515531375,56.134806716546805],[57.905219064958885,56.191297768993685],[58.00944807035888,56.25794344756901],[57.75093398325331,56.37077812084538],[57.85550902257982,56.43754261837514],[57.725708911603,56.49388593581311],[57.830677130086386,56.560654472600966],[57.569978663705335,56.673191951549256],[57.67529585629993,56.740080924661726],[57.413147502832395,56.852340503932176],[57.518814114493736,56.919351018213526],[57.3871776163566,56.97540513768662],[57.49324521413366,57.0424208500856],[57.361213461346196,57.098463413234406],[57.467684973195766,57.16548441395069],[57.73150085391561,57.05303491924081],[57.62493120527264,56.98624939125185],[57.75627247785436,56.929949553193865],[57.650107559079665,56.863168398305],[57.781058982100014,56.80685779004269],[57.99393118708636,56.940072400569974],[58.12462942814526,56.88340004439519],[58.01792505656962,56.81696679198829],[58.40784480173181,56.64654256509047],[58.301465212941075,56.580345623292615],[58.559643265752506,56.466334731223654],[58.45362931619132,56.40025583219507],[58.83828438622239,56.228654363908035],[58.52252980986758,56.03077227258248],[58.77711350208877,55.916443510809565],[58.67265051011924,55.850484438055084],[58.79942281081597,55.793249928475255],[58.69534956224561,55.72729168957505],[58.82176728852147,55.670048494897586],[59.24073549313699,55.932743764777946],[59.11419096094244,55.99044300128786],[59.21996920432486,56.05594455072307],[59.34654232187236,55.99813055689599],[60.53916500507327,56.70956301116871],[60.41236573161871,56.76865883286083],[60.52343464813611,56.832723062873235],[60.3962787027555,56.89181731555308],[60.61975436486128,57.01980926970188],[60.746932929356916,56.960477239447826],[60.63495643073954,56.89666278228526],[60.76177835475625,56.8373301064609],[61.67050650719206,57.343315377788876],[61.54365603387657,57.403606885076975],[61.42844466062926,57.3406907395614],[61.301235604392005,57.400743011719086],[61.416447551425215,57.46378019362203],[61.16095110881329,57.58377019630936],[61.2766342108231,57.64691942481656],[61.532130705969834,57.52668619671887],[61.64828694145819,57.58946022158574],[61.77548924744985,57.52904399725985],[61.65933694515565,57.46639157036077],[61.78618368375047,57.40597894338358],[62.96909090245302,58.02519105730045],[62.84237787373986,58.08682989488591],[62.96334577909988,58.148114671636456],[62.83628036612817,58.209761976567385],[62.95776388267293,58.27102994809806],[63.21146953606251,58.14737078216802],[64.96398094212077,58.98627208527954],[64.8378870167546,59.04992651554859],[65.09651292051348,59.16760255590118],[64.97013474469703,59.2314020567363],[65.10029039901576,59.290134100142524],[64.97356856897004,59.353950932058986],[65.10431169885997,59.41265471152948],[64.97724378783023,59.476489152882074],[65.10857948064461,59.535164450349875],[64.98116303991057,59.599016781771496],[65.11309644959967,59.65766337541385],[64.98532900823115,59.721533879850334],[65.11786535647963,59.780151544024825],[64.98974442108964,59.8440405067704],[65.12288899847773,59.902629011949905],[64.9944120529734,59.96653672068312],[65.12817022016296,60.025095833389166],[64.87007259498913,60.152835873302315],[64.7361869585668,60.094011985696106],[64.60643472612439,60.157578416471715],[64.34021173122574,60.03918485920281],[64.07919684639779,60.16544073475104],[64.34564064639602,60.284366028987144],[64.21459468760308,60.34758605968011],[64.34871631412994,60.406943183225174],[64.47970570036121,60.34358938436604],[64.74953221136148,60.46155238349576],[64.61866375693378,60.525174472264055],[64.89089701368671,60.642754885832005],[64.75971649621674,60.70653118922678],[65.03439080805448,60.82372320934297],[64.63856330380573,61.01517241426062],[65.05560577241312,61.19093780274774],[64.92296429081085,61.25493355056055],[65.06324512299537,61.313322850946165],[64.9302143416964,61.377340408779546],[65.07117395357389,61.4356980552302],[64.9377510135743,61.4997377407697],[65.07939573313729,61.55806345122258],[64.94557774844283,61.62212558506516],[65.0879139922832,61.68041907254817],[64.95369804961122,61.74450397824876],[65.09673232454018,61.80276495079103],[64.96211548301889,61.86687295490992],[65.10585438772377,61.9251011154501],[64.97083367858919,61.9892325476014],[65.11528390532794,62.04742759389388],[64.97985633161852,62.11158278679481],[65.12502466795262,62.16974441131397],[64.98918720420146,62.23392370083501],[65.1350805347685,62.29205159067694],[64.86207796223033,62.42034010504066],[65.008788999213,62.478577655918265],[64.73393448318573,62.606676311220745],[64.5870577410697,62.5481502010098],[64.30999854891652,62.67547647579691],[64.16362827733295,62.61648450089127],[64.0242548440225,62.6798191807314],[64.17069764290439,62.73895646784196],[64.03087894477054,62.80231343861479],[64.17806321496238,62.86142117395459],[63.89700295518796,62.9880562988683],[64.04500898821729,63.047281201641475],[63.761975976050124,63.1737123907477],[63.910811618378254,63.233055891395004],[64.05252247416786,63.16975479412445],[64.50295944913778,63.346267393102835],[64.36148639420784,63.41001442347118],[64.51310966300963,63.468638996888814],[64.37117636405861,63.53241136173667],[64.52359136877743,63.591002874578244],[64.66543659961657,63.527080606373666],[64.81846987972392,63.585337941748],[64.6767164775636,63.64941039384406],[64.83055439624387,63.707632596252004],[64.68834032486362,63.77173212447404],[64.53440894529557,63.71335904524281],[64.2481192518272,63.840881968938525],[64.4022308829037,63.899558049620026],[64.54556685507784,63.835707525484366],[64.85578460841121,63.95219665230403],[64.71263835713638,64.0163514535794],[65.02597679909299,64.13239077124747],[64.88246157983883,64.19672704849532],[65.04034356948537,64.2546140334229],[64.89635489292014,64.31897961748099],[65.05509068285397,64.37682847229917],[64.91062483846159,64.44122375761181],[65.07022336059462,64.49903407273818],[64.92527660078062,64.563459457992],[65.0857469262571,64.62123081639126],[64.94031546595734,64.68568670458907],[65.10166680798982,64.74341868162105],[64.66208337131529,64.93649921715502],[64.500402650753,64.87829507977708],[64.35254718965982,64.94224207914765],[64.67690992402191,65.05877111883801],[64.52864880280781,65.12290671113156],[64.69213201802656,65.18103533170411],[64.54335621363803,65.24520161380839],[64.7077552887591,65.30329183762932],[64.5584605995425,65.36748922421484],[64.72378548546608,65.42554061510981],[64.57396766538247,65.4897695255477],[64.74022847402978,65.54778163917622],[64.43888892893665,65.6761727158255],[64.27240058475297,65.61783567952523],[64.12064364373194,65.68167118657023],[64.45468055744381,65.79847033695884],[64.60621323986075,65.73430811679056],[65.11323558599588,65.90748872156944],[64.8102499117624,66.03666757560957],[64.6401409513686,65.97881718392645],[64.33422178354215,66.10713956018846],[64.50457626711939,66.16532140261485],[64.19618140642199,66.29344296899812]],[[64.0106468366248,66.11254766936712],[64.1647338015176,66.04875256910432],[63.99610873222167,65.99016204914676],[63.841913566971215,66.05379131107148],[64.0106468366248,66.11254766936712]],[[61.10428374005802,66.62251910362681],[61.26778893939869,66.5614102951074],[60.93829117644436,66.43771541754607],[60.77471111582373,66.49848472317973],[61.10428374005802,66.62251910362681]],[[63.637346032420375,65.62744926564417],[63.78995633207957,65.56407302340317],[63.62586006089361,65.50497819664604],[63.47315723835578,65.5681917572024],[63.637346032420375,65.62744926564417]],[[61.58562413886566,66.19314955527011],[61.74572944855752,66.13164088809009],[61.58253638019486,66.07035080463683],[61.42238273393097,66.13169257858091],[61.58562413886566,66.19314955527011]],[[60.611281665509516,66.43618679522469],[60.77489199108439,66.37558653679032],[60.612386410203975,66.31327214911641],[60.77532727852902,66.2526897544789],[60.61373537293031,66.19035911630812],[60.45076978006124,66.25077382864183],[60.13018472791723,66.12523161941516],[60.29318626332371,66.06515084112957],[59.9761194465642,65.93922346048396],[59.81309950190552,65.99897223746451],[59.49947671885241,65.87200780143898],[59.33578651370763,65.93127311963613],[59.64940323544043,66.05856833214052],[59.48502726007158,66.11801075111462],[60.28441586630155,66.43398380652529],[60.44875049668898,66.37370383559134],[60.611281665509516,66.43618679522469]],[[63.603976540618405,65.26002142865704],[64.05498827842426,65.06974746143958],[63.89379793797581,65.01087323980866],[63.44251637854235,65.20066772718009],[63.603976540618405,65.26002142865704]],[[64.500402650753,64.87829507977708],[64.64764683555573,64.81421964148227],[64.48685305550687,64.75597836854453],[64.33950592369706,64.81989625349274],[64.500402650753,64.87829507977708]],[[59.2835291517941,66.7924201488984],[59.78718292116388,66.61390322839159],[59.62549993226719,66.55056039699873],[59.45833226970882,66.61005316452666],[59.297559373649875,66.54636087830652],[59.129685934649885,66.60552641280398],[59.2904516004537,66.66938866240311],[59.121854306699035,66.72856583648138],[59.2835291517941,66.7924201488984]],[[58.61172652129538,66.90513674883144],[58.78249538086589,66.84644095481252],[58.621776601373384,66.78206654111584],[58.45103197674245,66.84059086756935],[58.61172652129538,66.90513674883144]],[[58.952536771804965,66.7875836242524],[59.121854306699035,66.72856583648138],[58.484307945463904,66.47138146129933],[58.14514382004071,66.58789598978535],[58.621776601373384,66.78206654111584],[58.791798102285625,66.72338030743198],[58.952536771804965,66.7875836242524]],[[62.82468157545373,65.32922927351504],[62.97770850141447,65.26666292611117],[62.81771116674392,65.2066076501636],[62.970176721546956,65.14406564870905],[63.13010131518872,65.20396045936596],[63.4329986622735,65.07815064973649],[63.114253515020444,64.95881158914872],[62.96296589984512,65.02146485216508],[62.80471412828685,64.9613548683232],[62.95607156424041,64.89886049102682],[62.79867875970129,64.83872360902069],[62.64725570719615,64.90105946044899],[62.490587110498396,64.84058006564494],[62.33848964139437,64.9026212522517],[62.811056822181605,65.0839828649058],[62.50536061744321,65.20860968323252],[62.82468157545373,65.32922927351504]],[[59.312320255842906,66.3003159189531],[59.4780740903449,66.24101660536307],[59.319968189011355,66.17729849321292],[59.15422263627381,66.23643054945424],[59.312320255842906,66.3003159189531]],[[57.30140561025852,66.75321462746047],[57.47414677053603,66.69586683099195],[57.31814511706719,66.63012320644768],[57.14546295230598,66.68730143689358],[57.30140561025852,66.75321462746047]],[[61.87848676634885,65.0879171792637],[62.03244275399944,65.02629067750118],[61.87640562333923,64.96515292143808],[61.72240395445114,65.02662002139078],[61.87848676634885,65.0879171792637]],[[63.68557449063522,64.3394070517941],[63.832272521912856,64.27616738441361],[63.677004188657875,64.2169108312355],[63.53022749697302,64.27999599199981],[63.68557449063522,64.3394070517941]],[[58.33941655329244,66.28358740753625],[58.50718846741837,66.2252636040178],[58.35177725845402,66.16052767603784],[58.184038202310305,66.21868477165246],[58.33941655329244,66.28358740753625]],[[62.18255280742538,64.84180109914556],[62.33470479999615,64.77991811029523],[62.17960522618804,64.71907501009196],[62.027402751461466,64.78080018027674],[62.18255280742538,64.84180109914556]],[[62.33120047431893,64.65721253390412],[62.482191675829554,64.59521359942259],[62.32797284334107,64.53450445357372],[62.17692944589479,64.59634673767476],[62.33120047431893,64.65721253390412]],[[64.10413094827275,63.90445473700675],[64.2481192518272,63.840881968938525],[64.09473192190158,63.78202143285754],[63.95066075668532,63.845442376135836],[64.10413094827275,63.90445473700675]],[[57.35186493019563,66.38395591399589],[57.52231977275765,66.32661580749117],[57.36884322235667,66.26087974352859],[57.53855184578911,66.20354190673592],[57.385899133409026,66.13780835756334],[57.04591199646295,66.25198722472389],[57.35186493019563,66.38395591399589]],[[59.0256112513556,65.80328678127867],[59.18927897391434,65.74435022224796],[58.88246886783134,65.61601120511361],[58.71883950767135,65.67462104616551],[59.0256112513556,65.80328678127867]],[[59.67632684909512,65.56661968014379],[59.837368288448914,65.50707243273739],[59.68351011922752,65.44363838786184],[59.52247124466481,65.50302340756359],[59.67632684909512,65.56661968014379]],[[61.8730358568917,64.71961990466563],[62.02528482907062,64.65805217006378],[61.87174003892325,64.59685098460523],[61.71944849786653,64.65826167058343],[61.8730358568917,64.71961990466563]],[[62.32797284334107,64.53450445357372],[62.47841815207658,64.47252615705337],[62.32501816143703,64.41179379824746],[62.17452178077657,64.47361620740745],[62.32797284334107,64.53450445357372]],[[63.368704718862006,64.09784627200352],[63.51505056069201,64.03493882659826],[63.36208269399788,63.97528667200427],[63.2156674127786,64.03804099125271],[63.368704718862006,64.09784627200352]],[[58.04357703646155,66.03055132327177],[58.210562163687314,65.97256553694352],[58.05772235321136,65.9074927736184],[57.89077785491724,65.96531383149825],[58.04357703646155,66.03055132327177]],[[56.357666153543676,66.47834533562481],[56.53076904441524,66.42200841337794],[56.37933642145983,66.35528251106157],[56.89425742294608,66.18576004544343],[56.74347689053903,66.11937290502274],[56.22878886140816,66.2883984674611],[56.0791207529064,66.22135771638422],[55.90627744543115,66.27719612183279],[56.357666153543676,66.47834533562481]],[[57.385899133409026,66.13780835756334],[57.89077785491724,65.96531383149825],[57.437523175681186,65.76862141183963],[57.77046604583165,65.65380036206449],[57.32447754055859,65.45663853540348],[56.824605706851116,65.62717061881418],[56.972251051750966,65.69353419575712],[56.63560892021773,65.80673055532569],[56.78395469585264,65.87326272650274],[56.44451636663777,65.98612444392381],[56.74347689053903,66.11937290502274],[57.083204158415825,66.00585497064421],[57.385899133409026,66.13780835756334]],[[63.06336759119748,63.978055510583395],[63.20984851454936,63.9154539876477],[63.05834495561782,63.855442108147145],[62.91180213791433,63.91789116862803],[63.06336759119748,63.978055510583395]],[[62.46874892700105,64.10444617718443],[62.61700709340991,64.04239399542857],[62.466064110297175,63.981746730648545],[62.61380062520566,63.91971434769915],[62.463642504315395,63.85904410258931],[62.16750106356869,63.982669968046444],[62.46874892700105,64.10444617718443]],[[61.71874047621049,64.28989057672821],[62.019409919364776,64.16703988543821],[61.71947290242797,64.04430159555339],[61.86901401074259,63.982978926993205],[61.72019095246861,63.921504357686146],[61.86919638968511,63.860198419704346],[61.72113948365055,63.798705164946604],[62.017526689179256,63.67599126345385],[61.8702635539872,63.61463059738609],[61.72231551226771,63.67590392348197],[61.575736221555346,63.61422315089119],[61.72371611208965,63.553100538399256],[61.43275536301902,63.42953729579987],[61.2847218498254,63.490359604626654],[61.42987276326611,63.55237462477513],[61.28131065095262,63.613210947990346],[61.42719994164255,63.67521015208767],[61.12844738718497,63.79677415203515],[61.27510624036236,63.85890911950074],[60.9741349631156,63.980225598637034],[61.121569432517674,64.04249797144764],[60.97024489239868,64.10310083609025],[61.41707898037805,64.28936430916296],[61.568325714188035,64.22829958739607],[61.71874047621049,64.28989057672821]],[[55.73274851421524,66.33286354907332],[55.90627744543115,66.27719612183279],[55.17143534230608,65.93887260199752],[54.99843063756982,65.9937205106088],[55.289560800389836,66.12982866737795],[55.11566172612525,66.18482972853059],[55.26241017995596,66.25282384769991],[55.43641870034282,66.19765865519587],[55.73274851421524,66.33286354907332]],[[63.3385596821655,63.48499837880056],[63.48243962453509,63.42220351756783],[63.3334009402219,63.36241356796177],[63.476799755187926,63.299640232758904],[63.328523552055024,63.239823550145566],[63.041060233966896,63.364944046122645],[63.3385596821655,63.48499837880056]],[[63.62577303080558,63.359280987821705],[63.76856274850741,63.29623153320629],[63.61965716530114,63.236739594798536],[63.476799755187926,63.299640232758904],[63.62577303080558,63.359280987821705]],[[60.96307728021847,64.34884931442805],[61.115524667691936,64.2882179393319],[60.96655810576179,64.22597537217386],[60.81409056930819,64.28645209558556],[60.96307728021847,64.34884931442805]],[[62.45957519681839,63.613629000071754],[62.60577323594853,63.55165416083713],[62.310780900612386,63.430006845859594],[62.164493512722466,63.49168128121887],[62.45957519681839,63.613629000071754]],[[63.328523552055024,63.239823550145566],[63.471445153639856,63.17707141849713],[63.323923914604826,63.11722826635245],[63.18094157833599,63.179832205752064],[63.328523552055024,63.239823550145566]],[[62.74876272110592,63.366872802001566],[62.893363725694776,63.30465521683513],[62.74636544107434,63.24419363410974],[62.601714141501716,63.30626226274002],[62.74876272110592,63.366872802001566]],[[53.55505689399109,66.54903163321441],[53.734295964684684,66.49561648629921],[53.16321948094651,66.21702470808086],[52.98461307496313,66.26978663475208],[53.55505689399109,66.54903163321441]],[[57.01155227869071,65.44744742359396],[57.342745294631,65.33359600218726],[57.196492971791876,65.26756366333336],[57.36107666037385,65.21055718694309],[57.07087327833321,65.07834654050777],[56.90641468284287,65.13503573906323],[57.051051031945036,65.2013764670861],[56.88590001657393,65.2580636727141],[57.03127720790818,65.3244100442382],[56.86542671888255,65.38109536242933],[57.01155227869071,65.44744742359396]],[[55.0270372341738,65.87075915014412],[55.19926857471381,65.81590089237503],[54.912768685500474,65.67955771636638],[55.08412289903106,65.62484942283203],[54.94200543251196,65.55662024949778],[54.77076614035787,65.61116884030658],[54.210945863112975,65.33619489385333],[54.03956876315356,65.38993829116606],[54.59888354773252,65.6655455145734],[54.42635532217625,65.71974925205703],[54.56811500596749,65.78845811240541],[54.740766848310216,65.73409428794545],[55.0270372341738,65.87075915014412]],[[57.542745069842816,65.03035652479664],[57.70539880359464,64.9730336038668],[57.56052821719144,64.90732476405621],[57.397927471035366,64.96449010938046],[57.542745069842816,65.03035652479664]],[[57.867434776816026,64.91555411424582],[58.02885562608193,64.85791898714093],[57.88388993289505,64.79252448441406],[57.72251484075774,64.85000257981004],[57.867434776816026,64.91555411424582]],[[59.76464553973534,64.21392046638992],[59.918892149975974,64.15448801051951],[59.77364153398285,64.09095540000624],[59.619400985518595,64.15023434749793],[59.76464553973534,64.21392046638992]],[[56.24231059893513,65.36017677153798],[56.40928216764071,65.30413580954003],[56.26567183103929,65.23716793849238],[56.09878317360418,65.29305011257208],[56.24231059893513,65.36017677153798]],[[57.88388993289505,64.79252448441406],[58.04465609063888,64.73489139932246],[57.90042640081787,64.66949772210911],[57.73970570381856,64.72697456330978],[57.88388993289505,64.79252448441406]],[[61.43275536301902,63.42953729579987],[61.58024040411069,63.36857948672141],[61.2921492661994,63.244651874569875],[61.43913934405341,63.18385681968634],[61.296160444632335,63.121795274219835],[61.001600893489346,63.24295332564431],[61.43275536301902,63.42953729579987]],[[62.740690342388184,62.87613083640953],[62.88335697660918,62.81398772552989],[62.73929366185276,62.753434548360254],[62.59658062698936,62.81543143211947],[62.740690342388184,62.87613083640953]],[[64.55535042772983,62.05848762272803],[64.69142704517554,61.99473493720208],[64.54816151484039,61.936051060254016],[64.4120115049213,61.99966206538248],[64.55535042772983,62.05848762272803]],[[55.763111633892805,65.40431931099063],[55.93126393111916,65.34876756369945],[55.78863500810728,65.28133381961428],[55.62057674241495,65.33672690760338],[55.763111633892805,65.40431931099063]],[[59.320093659432565,64.1453678479273],[59.47490187766817,64.08638753502886],[59.33114438264483,64.02238129828645],[59.17635183026517,64.08120869404193],[59.320093659432565,64.1453678479273]],[[62.45334494597672,62.87729924497648],[62.59658062698936,62.81543143211947],[62.453144685431845,62.754564442341554],[62.309868101090295,62.816286020323254],[62.45334494597672,62.87729924497648]],[[51.392416134289796,66.61373481397816],[51.5762599682137,66.56263309664693],[51.43798695172527,66.49121072731117],[51.25435123526135,66.54215073820481],[51.392416134289796,66.61373481397816]],[[55.78863500810728,65.28133381961428],[55.956064253756104,65.22577480566157],[55.814148848932454,65.15835214443176],[55.64681262538597,65.21375330587146],[55.78863500810728,65.28133381961428]],[[59.33114438264483,64.02238129828645],[59.48536298357065,63.96340803654625],[59.20002279821589,63.83522621083898],[59.35364135280881,63.77641123925796],[59.21204470956432,63.712236501296275],[59.36508440266337,63.653427459603854],[59.22418892307571,63.58924763036399],[59.07116828053037,63.64790641014164],[58.93100834225542,63.583422179423785],[58.77745584365559,63.64178553052999],[59.05844514483901,63.77090048385],[58.904283267398455,63.82941857894426],[59.33114438264483,64.02238129828645]],[[62.16606864199585,62.877877463280875],[62.309868101090295,62.816286020323254],[62.16706532474024,62.755106749335134],[62.02323046101226,62.816551964367],[62.16606864199585,62.877877463280875]],[[61.296160444632335,63.121795274219835],[61.442635574259114,63.061013463846685],[61.30036665697002,62.99893670658748],[61.15387147439655,63.05957103040192],[61.296160444632335,63.121795274219835]],[[52.56584618767832,66.05890853428305],[52.74394895435403,66.00662918041134],[52.19666180314814,65.72423213857692],[52.37341999722386,65.67240335510292],[52.10434309401049,65.53073835635816],[51.92794335227251,65.58225465202364],[52.06189702074226,65.65330729773677],[51.88468406246023,65.70479629521253],[52.56584618767832,66.05890853428305]],[[56.1710500896811,64.92406327309077],[56.33582976576142,64.86816359582801],[56.19514991085219,64.80107466862444],[56.030453615510694,64.85681851829341],[56.1710500896811,64.92406327309077]],[[53.69492742454765,65.49690319163362],[53.86756332614836,65.44350805917102],[53.72989961967318,65.3741026550949],[53.55740551492672,65.42734073809251],[53.69492742454765,65.49690319163362]],[[48.84643107646876,66.74676624874945],[49.03586837326523,66.69844250573611],[48.90429279246857,66.6248045588509],[48.71512786371081,66.67297021873893],[48.84643107646876,66.74676624874945]],[[57.3701684428854,64.16036551047537],[57.686880704059874,64.04618202197742],[57.409339252951305,63.914350991439115],[57.25137983218998,63.97121648887716],[57.113762037151794,63.904929560377575],[56.95529633179538,63.961490449655045],[57.3701684428854,64.16036551047537]],[[58.93100834225542,63.583422179423785],[59.23645398859622,63.466259460699845],[58.95816876087928,63.337429436384106],[58.805768740697744,63.39578543458143],[58.944534763601865,63.46042542113266],[58.79156117452207,63.518785012759146],[58.93100834225542,63.583422179423785]],[[48.39512622219185,66.64686393373549],[48.584680030009245,66.59905941459073],[48.4550806455543,66.52503500219969],[48.265807982008184,66.57268308492043],[48.39512622219185,66.64686393373549]],[[52.93850623193175,65.39313494386843],[53.111950124951655,65.34056216821116],[52.97698181714075,65.27044338911378],[52.80369591451377,65.32286079541397],[52.93850623193175,65.39313494386843]],[[53.628560641337415,65.18178541720306],[53.96988648005831,65.0750621808471],[53.83419249616916,65.00571830154769],[53.4931442473993,65.11213198812044],[53.628560641337415,65.18178541720306]],[[58.95816876087928,63.337429436384106],[59.4121178593348,63.16149750857589],[59.273960222380886,63.097297782769026],[59.12320262869988,63.15593752955193],[58.8489933860356,63.02679091634908],[58.69775244526795,63.084993407661955],[58.971909105395376,63.21443408441613],[58.82007738417464,63.272786653930105],[58.95816876087928,63.337429436384106]],[[64.50073321259619,60.956250559774766],[64.63319441770479,60.892686700321235],[64.35942122445817,60.77462172585956],[64.62324766537908,60.64768778481741],[64.48735499479365,60.58868086275892],[64.61866375693378,60.525174472264055],[64.48340532378114,60.46613966570547],[64.3520364309668,60.52951147379886],[64.08311336779782,60.410689465460536],[63.68603655499993,60.59929404839923],[63.82036768826219,60.659189286748024],[63.687172279307724,60.72195557137472],[63.82213187293732,60.78182677380178],[63.68853786319095,60.8446096213597],[63.553529361872585,60.78460255669208],[63.149894433245215,60.97182160214337],[63.4207763831773,61.092495294870304],[63.69013595149037,60.96725627628503],[63.82636960405849,61.027078807734206],[63.960312799707424,60.964142402411554],[63.82413160396574,60.904456589375805],[63.957674055886535,60.841537606273164],[64.09380101233073,60.90108701324702],[64.22683642707337,60.837913252003155],[64.50073321259619,60.956250559774766]],[[52.10434309401049,65.53073835635816],[52.28011639450452,65.47903980177789],[52.146607387359204,65.40817088436691],[51.97101215171407,65.45971431226197],[52.10434309401049,65.53073835635816]],[[53.83419249616916,65.00571830154769],[54.00380450630346,64.9522525734966],[53.73447706381018,64.81347179874031],[53.56513763382621,64.86663027338962],[53.83419249616916,65.00571830154769]],[[51.26239477685148,65.66405428702632],[51.440488043322006,65.61324641083623],[51.308522547454686,65.54163242703795],[51.130627853152376,65.59228555843856],[51.26239477685148,65.66405428702632]],[[53.0153177714338,65.1477539730656],[53.35851218698082,65.04234599611442],[53.22465920503381,64.97242862644158],[52.88176878280277,65.07752905827586],[53.0153177714338,65.1477539730656]],[[56.976870953752645,63.838497561916164],[57.13470996174637,63.7819329207013],[56.99847717022097,63.715506703125364],[56.8407024586104,63.77192166996571],[56.976870953752645,63.838497561916164]],[[57.2919893318285,63.72521498158738],[57.4487112466009,63.66834459456731],[57.04178366483636,63.46953046601017],[57.19777833622348,63.412954009710816],[57.06348359464413,63.34654478466311],[56.90755150212372,63.40297370756338],[56.774017942174474,63.33627615370598],[56.61761151967667,63.39240534354964],[56.751076804771316,63.45925014674294],[56.59405745901148,63.515373270461524],[56.99847717022097,63.715506703125364],[57.15569549543586,63.65893821654553],[57.2919893318285,63.72521498158738]],[[59.13649011034536,63.03294646644724],[59.28669475880832,62.97431104062386],[59.14988661714514,62.90995558695813],[58.999704042659225,62.96844471506064],[59.13649011034536,63.03294646644724]],[[50.59319279584107,65.74312160980016],[50.77296458123444,65.69303119014576],[50.642412936437424,65.62083203320933],[50.462855849872184,65.67076826802241],[50.59319279584107,65.74312160980016]],[[53.22465920503381,64.97242862644158],[53.395198980152074,64.91961620427271],[53.2619717866741,64.84972158555713],[53.091580072791494,64.90238105229844],[53.22465920503381,64.97242862644158]],[[56.68236922218742,63.828182264957604],[56.8407024586104,63.77192166996571],[56.70525243882662,63.70520305056586],[56.54698944188605,63.76131426215354],[56.68236922218742,63.828182264957604]],[[46.9311256443988,66.58229927633941],[47.12276840542206,66.5361506795365],[46.99798291467845,66.46091781164277],[46.80665415033754,66.50691360587896],[46.9311256443988,66.58229927633941]],[[59.609177797554615,62.6106610063166],[59.75674167752681,62.55161337428606],[59.62118869254222,62.48768299897052],[59.47363892590843,62.54658647125903],[59.609177797554615,62.6106610063166]],[[60.631444421992995,62.19444277955433],[60.77546851762618,62.134440380561514],[60.63988735430456,62.071511658401704],[60.49585993558662,62.13137177790542],[60.631444421992995,62.19444277955433]],[[59.62118869254222,62.48768299897052],[59.768228806878504,62.42864065972568],[59.63331923264493,62.36470423697257],[59.486293323189415,62.42360308115402],[59.62118869254222,62.48768299897052]],[[62.05723581839952,61.34283637379813],[62.333292734101896,61.22014809284306],[62.199165430903705,61.15873095506625],[61.92305740664724,61.28114308500794],[62.05723581839952,61.34283637379813]],[[24.139626557451617,69.69186622024412],[24.388736185501696,69.67315062452195],[24.329750482011026,69.58478081765053],[24.081588913855946,69.60341339738045],[24.139626557451617,69.69186622024412]],[[48.06815636007479,65.98450454384395],[48.253838481872485,65.93717117404607],[48.12914760430322,65.86283606850654],[47.94374077602054,65.91001834696682],[48.06815636007479,65.98450454384395]],[[59.49906141657491,62.30061897593991],[59.6455680849029,62.241724583986155],[59.51194195638991,62.177634017693244],[59.36545217924324,62.23638597438999],[59.49906141657491,62.30061897593991]],[[23.833025812884877,69.62172603715892],[24.081588913855946,69.60341339738045],[24.024063745708315,69.51494997211456],[23.776446501479313,69.53318158865856],[23.833025812884877,69.62172603715892]],[[56.17055524410218,63.436924258023794],[56.32796945551136,63.38125008482006],[56.19597092946661,63.313981595590555],[56.03863630162942,63.369509131714395],[56.17055524410218,63.436924258023794]],[[57.261178249912945,63.04398843563862],[57.41485215471249,62.98724969084738],[57.282384097533665,62.92100216966065],[57.43547667385363,62.86425961395158],[57.0419261436631,62.66511443415934],[56.88901309266903,62.72142471150041],[57.0194682505419,62.78808859586965],[56.86597546430713,62.844393035293805],[57.261178249912945,63.04398843563862]],[[48.00524797616528,65.78839387866475],[48.18976587326814,65.74116181320927],[48.06637835824561,65.6667632237794],[47.88213330032516,65.71384565991524],[48.00524797616528,65.78839387866475]],[[63.15311586801797,60.48088793553708],[63.28648814883617,60.418661133793],[63.15444640913105,60.35813784878386],[63.02103621723291,60.42023047924859],[63.15311586801797,60.48088793553708]],[[50.2303363667234,65.08654668227315],[50.40678701354643,65.036957241976],[50.28104562862178,64.96439167356948],[50.104808378749496,65.01383192654677],[50.2303363667234,65.08654668227315]],[[59.39257067103089,61.990405858408295],[59.53803549543357,61.93166098945896],[59.27516716667623,61.80302280257318],[59.12974373381207,61.86148658136263],[59.39257067103089,61.990405858408295]],[[23.910524487671577,69.33799217393347],[24.155886180006632,69.3196043374529],[23.986524000481328,69.0543318423632],[24.2287737568636,69.03587078564377],[24.172397860430202,68.94750559862966],[24.413377345950817,68.92881416758323],[24.528400242546585,69.10537205042927],[25.01274181599265,69.06673251827478],[24.953208191721426,68.97862530931951],[24.71212114723701,68.99801672483233],[24.53916063805391,68.733372495905],[24.777632913774415,68.71422769785539],[24.720095585383724,68.62607058519981],[23.76742010592708,68.70049539508544],[23.821494913138284,68.78896889897149],[23.58154057524883,68.80688583762242],[23.63519499319998,68.89542669095965],[23.393994703504912,68.91311041013438],[23.55504971417688,69.17890898693994],[23.798957188341863,69.16099449776918],[23.910524487671577,69.33799217393347]],[[47.75979732977707,65.63919245518986],[47.94376832405337,65.59225889344074],[47.821929620572746,65.51764985586419],[47.63823386747425,65.56443529510415],[47.75979732977707,65.63919245518986]],[[55.302168752247674,63.39904062709906],[55.6191756097978,63.28935199884403],[55.360341701521314,63.15328988369106],[55.043718051970906,63.26239744459996],[55.302168752247674,63.39904062709906]],[[56.55742976134949,62.956550361262],[56.711963268443625,62.90054722241901],[56.58164141604582,62.83359550438218],[56.427179044985074,62.88945443890597],[56.55742976134949,62.956550361262]],[[64.33383463696711,59.67134490209117],[64.46260445289103,59.60809327791065],[64.33216965138512,59.548713106795354],[64.20334852407875,59.61183424058108],[64.33383463696711,59.67134490209117]],[[25.798909580993932,69.09428681740852],[26.040108486566627,69.07348908317132],[25.91352485240111,68.89798274225767],[25.67406054756553,68.9186032625471],[25.798909580993932,69.09428681740852]],[[47.26904874339893,65.65740544992327],[47.4539405401095,65.61102083780945],[47.333424659334874,65.53601344860117],[47.1488189662588,65.58225085723504],[47.26904874339893,65.65740544992327]],[[47.821929620572746,65.51764985586419],[48.00502872585532,65.47066555042227],[47.88368369142972,65.3961002752344],[47.70085614650436,65.44293713257933],[47.821929620572746,65.51764985586419]],[[56.58164141604582,62.83359550438218],[56.735585475506184,62.77758533095331],[56.60586143044011,62.71064146728176],[56.45198782879511,62.76650810760729],[56.58164141604582,62.83359550438218]],[[57.4975967568606,62.49529346507993],[57.64847043028415,62.438392342799226],[57.518384670476415,62.37230560776608],[57.36756417378559,62.429064374502715],[57.4975967568606,62.49529346507993]],[[59.27516716667623,61.80302280257318],[59.42010674277943,61.74442133571891],[59.289590435028835,61.68002604060287],[59.14467275152407,61.7384877943282],[59.27516716667623,61.80302280257318]],[[63.02510697334329,60.17468302586022],[63.28990673468426,60.050431489082676],[63.15966145640681,59.9898461056292],[62.89479167139425,60.113832397297664],[63.02510697334329,60.17468302586022]],[[63.42166476916343,59.98812699548568],[63.552997480451175,59.92570412813732],[63.29320910683066,59.80490876746989],[63.16180019842029,59.8670680492486],[63.42166476916343,59.98812699548568]],[[64.07411358701967,59.6748404019582],[64.20334852407875,59.61183424058108],[63.94399032233945,59.492348457319835],[63.684922994059036,59.61772309686677],[63.814422261967266,59.67780389649812],[63.94411873218748,59.61504407197765],[64.07411358701967,59.6748404019582]],[[46.77782354183601,65.6741190236692],[47.1488189662588,65.58225085723504],[47.02935150606005,65.50699583930945],[46.84444338621296,65.5528850277146],[46.72602501653732,65.47738498069556],[47.09467073644152,65.38569612096416],[46.97642056005416,65.31038815336912],[47.34216681644879,65.21818688462261],[47.22409421731152,65.1430693959146],[46.85891356749528,65.23498194433809],[46.74214381623616,65.15947845028613],[46.375251509050685,65.25030242206626],[46.60835762241116,65.40178722527767],[46.42345560088058,65.44718341355123],[46.77782354183601,65.6741190236692]],[[57.06440871896161,62.54214087293609],[57.21623947976174,62.485676385018515],[57.08691591131059,62.41916776101118],[56.93514627613465,62.475489951124224],[57.06440871896161,62.54214087293609]],[[59.289590435028835,61.68002604060287],[59.43402862869399,61.621427072052974],[59.30411050662692,61.55702791537715],[59.159694173587724,61.615487798245375],[59.289590435028835,61.68002604060287]],[[59.72147423962557,61.503820293308685],[59.864485508196495,61.4448138732036],[59.73451601949414,61.38083056806199],[59.59151953144361,61.439698607275595],[59.72147423962557,61.503820293308685]],[[61.544373659664764,60.72644330189528],[61.68140236574827,60.665741293312045],[61.55144089467641,60.60353454466302],[61.41439904670316,60.66410141520449],[61.544373659664764,60.72644330189528]],[[53.62855543792293,63.622731646729484],[53.79130454573711,63.5696961072472],[53.66460183627325,63.50003781271099],[53.50198259888087,63.55292827014907],[53.62855543792293,63.622731646729484]],[[56.476799628560556,62.643562505980114],[56.63008995803071,62.5876880986768],[56.50161467055347,62.520617482932],[56.34839637983896,62.576349499524234],[56.476799628560556,62.643562505980114]],[[57.08691591131059,62.41916776101118],[57.23818230561345,62.362697852403734],[57.10944765840479,62.29619494725396],[56.95824184590583,62.352523212002815],[57.08691591131059,62.41916776101118]],[[59.014800766116444,61.67381023550836],[59.159694173587724,61.615487798245375],[59.03041494556364,61.55080764145275],[58.88554816208643,61.6089911603694],[59.014800766116444,61.67381023550836]],[[22.475276699233,69.06963122298757],[22.71878396840989,69.05312358959405],[22.6682758783932,68.96429401032472],[22.42568200543631,68.98073029978912],[22.475276699233,69.06963122298757]],[[25.612431215206296,68.83073888651066],[25.851037718162956,68.81020586544095],[25.789078223107094,68.72241353962252],[25.551323270855722,68.74285978834168],[25.612431215206296,68.83073888651066]],[[44.07967285797165,66.09604376556432],[44.27253465557812,66.05323195318576],[44.15913756635355,65.97576467568128],[43.96664004434098,66.01843398341356],[44.07967285797165,66.09604376556432]],[[61.4220563174658,60.541179777016076],[61.55866621520093,60.48062131080963],[61.42986650192836,60.418253752855556],[61.29324618212351,60.47867798633053],[61.4220563174658,60.541179777016076]],[[64.20077742899117,59.24383654848348],[64.32852214299147,59.18076124118045],[64.20035639499044,59.121152088391725],[64.07256505247696,59.184098734366444],[64.20077742899117,59.24383654848348]],[[43.38562695301596,66.14513539434631],[43.579884865171465,66.10312039781478],[43.46834863677287,66.02514208627747],[43.274470917682535,66.06701610096394],[43.38562695301596,66.14513539434631]],[[44.15913756635355,65.97576467568128],[44.35104861455213,65.93287937054004],[44.23804401992742,65.85546738008959],[44.04649225881281,65.89821076280256],[44.15913756635355,65.97576467568128]],[[51.72157510288517,64.00119237124156],[51.88947640928244,63.9501447647426],[51.7656496913771,63.878795612701474],[51.59791856391048,63.92969844156794],[51.72157510288517,64.00119237124156]],[[54.18322502163658,63.21762961932555],[54.343063215242225,63.1640669079786],[54.217119850775745,63.09487943756683],[54.05739848142238,63.14829877433638],[54.18322502163658,63.21762961932555]],[[59.19001051712736,61.369483608818946],[59.33343712929407,61.31102700925542],[59.205303625996244,61.24647913015384],[59.06190109148213,61.304798270703316],[59.19001051712736,61.369483608818946]],[[44.23804401992742,65.85546738008959],[44.42901469081522,65.81250926342435],[44.316400748258815,65.73515208127891],[44.125784468181514,65.7779688541881],[44.23804401992742,65.85546738008959]],[[59.205303625996244,61.24647913015384],[59.34824176169193,61.18802394509648],[59.220685513254374,61.12347287180092],[59.0777713860837,61.18179120655902],[59.205303625996244,61.24647913015384]],[[44.316400748258815,65.73515208127891],[44.506441253849104,65.69212182263566],[44.39421611632007,65.61481897483999],[44.20452519536846,65.65770846486573],[44.316400748258815,65.73515208127891]],[[58.934395182963684,61.2399732772099],[59.0777713860837,61.18179120655902],[58.950837511991786,61.116964235438864],[58.80748986068429,61.175009626627585],[58.934395182963684,61.2399732772099]],[[60.900268315798755,60.41326687714371],[61.58127383630537,60.111853555841776],[61.45419836452176,60.049448149495255],[60.77316514025119,60.3501964314078],[60.900268315798755,60.41326687714371]],[[44.39421611632007,65.61481897483999],[44.583336511725655,65.57171723230945],[44.47149832843156,65.49446824963415],[44.282722799518176,65.53742979516498],[44.39421611632007,65.61481897483999]],[[45.334118536436016,65.39720805290825],[45.52039089397752,65.35306026264513],[45.40690169982462,65.27651512261319],[45.220949862766176,65.32052178897995],[45.334118536436016,65.39720805290825]],[[49.30175593561882,64.37984912410539],[49.475678976575644,64.33139201484825],[49.35629514892336,64.25798025775234],[49.18259441110718,64.30629426378879],[49.30175593561882,64.37984912410539]],[[51.35270626268852,63.78636477727355],[51.52009197492203,63.73574966680688],[51.39835154880841,63.66405487768655],[51.23114099001163,63.71452704492426],[51.35270626268852,63.78636477727355]],[[62.38973177544968,59.62316919506196],[62.52170430896516,59.56178427096045],[62.26944783486872,59.43863631675063],[62.00500881253456,59.56076452411702],[62.130906233621076,59.622671563486975],[62.26331388599187,59.56153793419382],[62.38973177544968,59.62316919506196]],[[44.47149832843156,65.49446824963415],[44.65970851497245,65.4512956700831],[44.5482554320921,65.37410008795771],[44.36038547990273,65.4171330386196],[44.47149832843156,65.49446824963415]],[[51.89679049243446,63.511597695670446],[52.06187694265196,63.46043464952912],[51.940152328234525,63.38919549853092],[51.775227997433554,63.44021640973147],[51.89679049243446,63.511597695670446]],[[26.41744833055059,68.20017035467502],[26.64907525103934,68.17866797445747],[26.586143368526944,68.09121708390222],[26.355308018215258,68.11263160206029],[26.41744833055059,68.20017035467502]],[[27.341505684351493,68.11240341594352],[27.57148508402926,68.0897322025485],[27.50543594297707,68.00264292067553],[27.9625954068228,67.95661779414922],[27.82906466011623,67.78274849439953],[27.374932350760144,67.82840448828564],[27.439920444078986,67.91553358380754],[27.211479646776787,67.93802171048156],[27.341505684351493,68.11240341594352]],[[28.942357018095734,67.94764290297954],[29.62183230259074,67.87274067422439],[29.549065417814315,67.78652170517472],[29.097988676741746,67.83654027053005],[29.027246114386266,67.75009609262655],[28.801771851909944,67.77458340114623],[28.942357018095734,67.94764290297954]],[[30.968378512892272,67.71534278550145],[31.191156054509545,67.68813626220476],[31.113458244928843,67.60264463750521],[30.891369025835562,67.62974470898139],[30.968378512892272,67.71534278550145]],[[37.22487417122634,66.81800842904944],[37.432755886211794,66.7832078178634],[37.337490728670865,66.70111754131264],[37.54430732824506,66.66619675113161],[37.64009526368656,66.74816051430231],[37.84689097138654,66.7128675485318],[37.65497163110789,66.54913613468855],[37.44920881384985,66.58417588781838],[37.35479287436693,66.50209858007175],[37.1490165725424,66.53676884031445],[37.242913243365614,66.6189709991972],[37.03608627037216,66.65352045837402],[37.22487417122634,66.81800842904944]],[[52.10455253342648,63.33800397677222],[52.26842994537304,63.28664270005189],[52.14706351763039,63.21557183148045],[51.9833427699728,63.2667916814895],[52.10455253342648,63.33800397677222]],[[62.26944783486872,59.43863631675063],[62.40105145661701,59.3773908117849],[62.275744177168015,59.31572833604494],[62.14412152039381,59.37684444331541],[62.26944783486872,59.43863631675063]],[[22.136900919367203,68.44720661064342],[22.374162899673106,68.43118581951386],[22.32658424023399,68.34231398583981],[22.09018687965599,68.35826755400535],[22.136900919367203,68.44720661064342]],[[26.586143368526944,68.09121708390222],[26.81657801950866,68.06951013677251],[26.75337732852414,67.98213024014227],[26.523723983632582,68.00374900781117],[26.586143368526944,68.09121708390222]],[[29.773929337240414,67.76109007192137],[29.998339028262112,67.7353780744137],[29.92472209675812,67.64933423166931],[30.59309156755851,67.5708345859535],[30.443423319230416,67.39927516059088],[30.663925862443353,67.37276298716036],[30.51521880245044,67.20128969276199],[30.296067907729608,67.22759763703083],[30.223241530464964,67.14171555827504],[30.004323950047635,67.16765080367495],[30.07647543311228,67.25363304197892],[29.85644446871499,67.2793950325667],[29.92847356890322,67.36544934664906],[30.14918838683921,67.33958728015509],[30.222469112473615,67.42551314306915],[30.001066371285475,67.4514760398154],[30.07422924238544,67.53747473819716],[29.851684023598946,67.5632624008912],[29.77921828249144,67.47716296124466],[29.55692809064051,67.50257302310628],[29.773929337240414,67.76109007192137]],[[36.713825542833625,66.80439880059801],[36.92224841476623,66.77021958477536],[36.828729297704704,66.6878232559199],[36.6208437807116,66.72187838354309],[36.713825542833625,66.80439880059801]],[[37.95632470344795,66.59562073502808],[38.57029264353837,66.48793594884211],[38.47267015497587,66.40655094311859],[38.064893861249764,66.47832674940908],[37.9689522341048,66.39662702300389],[37.76476198796938,66.43202666928978],[37.95632470344795,66.59562073502808]],[[44.43752127971671,65.29681838213303],[44.62449532170174,65.25371466570172],[44.51413808976613,65.17648600613907],[44.70022574218085,65.13331215250714],[44.59024365205502,65.05613608475778],[44.03133777486229,65.18461867438788],[44.140311262597166,65.2622073979519],[44.32750000376222,65.21945141531],[44.43752127971671,65.29681838213303]],[[45.73469210578609,64.99074539003594],[45.917787085052744,64.94620183813518],[45.805209258851164,64.8699463985351],[45.622417651004845,64.91435042716499],[45.73469210578609,64.99074539003594]],[[46.10032957820929,64.90145650430041],[46.282320098016044,64.85651035771832],[46.16914913619238,64.78053439222153],[45.98745292569078,64.82534073282405],[46.10032957820929,64.90145650430041]],[[53.278681773917285,62.85234866145196],[53.438297044373975,62.7998004346897],[53.31645420387373,62.72973893238194],[53.15697026721999,62.782146926908354],[53.278681773917285,62.85234866145196]],[[20.66556248529889,68.44756019793388],[20.903715997822466,68.43344644317352],[20.861738904922603,68.34418701549944],[20.62446527740251,68.35824131020314],[20.66556248529889,68.44756019793388]],[[22.562670394507194,68.32605594752101],[22.798440183840185,68.30949408531141],[22.749555222007253,68.22075359636563],[22.514635606612476,68.23724645784509],[22.562670394507194,68.32605594752101]],[[31.25730303033697,67.48985226158752],[31.47776848322358,67.4623107523715],[31.399930716456076,67.37696707216745],[31.180135186877198,67.40440209717983],[31.25730303033697,67.48985226158752]],[[52.675482598747095,62.93838818096989],[52.83648584605089,62.88647236796419],[52.59556799531505,62.74515833378919],[52.27363385401373,62.84826546954129],[52.39347506802303,62.91925918672288],[52.55484125808015,62.867649087902336],[52.675482598747095,62.93838818096989]],[[56.55153141345594,61.59286147039055],[56.70027810634271,61.537060015189276],[56.57692178417188,61.46992379924084],[56.428243844616944,61.525588395311395],[56.55153141345594,61.59286147039055]],[[26.91917049154956,67.87291183430726],[27.147253138995882,67.85080215260706],[27.083542808110504,67.76356383690045],[26.856221411959986,67.78558474549246],[26.91917049154956,67.87291183430726]],[[28.732317410790152,67.68801721194541],[28.957064759915184,67.66362698406617],[28.88743820788377,67.57713329172962],[28.663413203277432,67.60142718439688],[28.732317410790152,67.68801721194541]],[[33.35666297506677,67.11795328960145],[33.571648734603215,67.08784702387946],[33.48803849439061,67.00356908031509],[33.27366617700425,67.0335621986039],[33.35666297506677,67.11795328960145]],[[35.06257165095149,66.86982470847961],[35.27353853143315,66.83765058258847],[35.18521270304307,66.75430178954768],[34.97481658341947,66.7863575347346],[35.06257165095149,66.86982470847961]],[[37.9689522341048,66.39662702300389],[38.17261131335195,66.3609862535824],[38.07685405069595,66.27935428917259],[37.8736913455182,66.31486903911185],[37.9689522341048,66.39662702300389]],[[44.59024365205502,65.05613608475778],[44.77545429248844,65.01289271191534],[44.66584556327263,64.93576878594718],[44.48096204760693,64.97887495533561],[44.59024365205502,65.05613608475778]],[[45.1442401289639,64.9257880255246],[45.327815953018465,64.88192864508034],[45.2172533307416,64.8052174271187],[45.033990916715254,64.84893906251759],[45.1442401289639,64.9257880255246]],[[56.57692178417188,61.46992379924084],[56.725132129724344,61.414113409496686],[56.60231272894432,61.34698525600585],[56.45417049034298,61.40265939424997],[56.57692178417188,61.46992379924084]],[[59.174724059931876,60.44370645113684],[59.31479394027604,60.385389938048746],[59.19116423571792,60.320683918220006],[59.05111997422326,60.37886749765084],[59.174724059931876,60.44370645113684]],[[23.40140278135788,68.08093075150659],[23.6341948347528,68.06330680887609],[23.582806859096646,67.97483624888037],[23.350836410569652,67.99238781219248],[23.40140278135788,68.08093075150659]],[[45.58215931609233,64.71716538782852],[45.76380365532919,64.67283688815414],[45.65301981145101,64.59645055706645],[45.471675904304284,64.6406415516818],[45.58215931609233,64.71716538782852]],[[24.045755956824046,67.93884250696816],[24.276725260365662,67.92040169532045],[24.22333581948746,67.8321445380154],[23.993169928399322,67.85051028376293],[24.045755956824046,67.93884250696816]],[[25.197127530159687,67.84369520395612],[25.42633702939615,67.82378636154307],[25.368993382058214,67.7359204879649],[25.140566196890692,67.75574897521835],[25.197127530159687,67.84369520395612]],[[43.25377071218421,65.15496977275815],[43.44154671785926,65.11325574941631],[43.33535525869987,65.03515151610448],[43.14793444448866,65.07673112799853],[43.25377071218421,65.15496977275815]],[[44.00165373454307,64.98684741536195],[44.18728266472162,64.94429242788368],[44.079716763511186,64.86672815223598],[43.89442454169392,64.9091478185228],[44.00165373454307,64.98684741536195]],[[44.37237510622176,64.9015296034077],[44.55693123945589,64.85855989951298],[44.44870558357292,64.78126688547705],[44.63240252762855,64.73822718349409],[44.524536523463894,64.66098606366414],[44.15726218877268,64.74658953710782],[44.05072483286015,64.66899644986951],[43.86662925920574,64.71135487905518],[44.079716763511186,64.86672815223598],[44.26447705868365,64.82410085779568],[44.37237510622176,64.9015296034077]],[[52.154442331491516,62.777158089776826],[52.31551121682341,62.725826339843486],[51.96133562494152,62.512244908483495],[52.28109130336973,62.40991063626242],[52.047534096997936,62.267514171192694],[51.88819984005144,62.31849136319291],[52.00451561760324,62.38988097129513],[51.84454587338871,62.44082884383425],[51.72838373770484,62.36930316541383],[51.56808465081015,62.41994878867223],[51.684089933586954,62.49161058264211],[51.52314664715698,62.54222539079436],[51.63962226181628,62.613914839264154],[51.800724244634154,62.56316331668845],[51.917991670908535,62.6346060883436],[51.75673241954374,62.68549488434958],[51.874481264743146,62.75696461571715],[52.03589632228656,62.705937986189674],[52.154442331491516,62.777158089776826]],[[59.06809863641197,60.25584293988677],[59.20768287128506,60.19765859847216],[59.0851512127631,60.13281558505863],[58.94559448882981,60.19086793220609],[59.06809863641197,60.25584293988677]],[[60.58010070677339,59.60861984244182],[60.71503582527275,59.549009912862445],[60.59233537229305,59.485605293457255],[60.457405861759355,59.54508551732703],[60.58010070677339,59.60861984244182]],[[60.84955807276022,59.48927401132641],[60.98366908247734,59.429412725936096],[60.860962978182854,59.36626686294221],[60.72685387364953,59.42599887978653],[60.84955807276022,59.48927401132641]],[[40.66309011995105,65.59758556377041],[40.85741473514109,65.55884264583189],[40.75689071795256,65.47894356603739],[40.562983042931165,65.5175566727061],[40.66309011995105,65.59758556377041]],[[43.70860027041633,64.95135890438193],[43.89442454169392,64.9091478185228],[43.787878789763525,64.83136711561477],[43.60239587986813,64.87344383552653],[43.70860027041633,64.95135890438193]],[[46.44019944567218,64.29672204756119],[46.618070511174565,64.25148125354548],[46.50693601610263,64.17573836709875],[46.32934071814755,64.22084224537828],[46.44019944567218,64.29672204756119]],[[58.66518866881949,60.30657142348472],[58.805607504583364,60.2487867569322],[58.68369375871474,60.18354682318089],[58.54330866706772,60.24119947941921],[58.66518866881949,60.30657142348472]],[[62.56786021110691,58.578580965719915],[62.696407106218665,58.51715004278847],[62.57435955164566,58.45564810406513],[62.44579287362845,58.51695323801284],[62.56786021110691,58.578580965719915]],[[31.958616524923173,66.92452542832756],[32.17350032823257,66.896176440276],[32.09541562179722,66.81119635759083],[32.30921604067175,66.78269080443881],[32.23109830760982,66.69778235109312],[32.443826012627696,66.66912181767863],[32.21112078669381,66.41450444396489],[31.78886786478295,66.47093267516755],[31.86464844049993,66.5560492516513],[32.07660355934411,66.52786060877527],[32.153562867698064,66.61283880898094],[31.940995867928144,66.64113233636597],[32.01791621236449,66.72618151281272],[31.590198918377972,66.78219216340548],[31.66644689473157,66.86741759677828],[31.88115838390561,66.83943892039328],[31.958616524923173,66.92452542832756]],[[44.524536523463894,64.66098606366414],[44.70738322606396,64.61787696759933],[44.59987523653271,64.54068730249303],[44.417347662894414,64.58366172869599],[44.524536523463894,64.66098606366414]],[[58.68369375871474,60.18354682318089],[58.82364914282892,60.12575981729384],[58.702259951899066,60.060519510260875],[58.562338103899286,60.11817507104157],[58.68369375871474,60.18354682318089]],[[61.79714874227428,58.821698040325806],[61.92765763577541,58.76098832879909],[61.80603814072311,58.698715344111356],[61.6755194465293,58.7592984026226],[61.79714874227428,58.821698040325806]],[[20.657056466394558,67.89785891894236],[20.889774331958296,67.88379359466398],[20.80858512371521,67.7053643553744],[20.577533132668673,67.71931472362131],[20.657056466394558,67.89785891894236]],[[22.741589755362007,67.76050373995267],[22.971752290750768,67.74375537686687],[22.92361732609972,67.65511256165345],[22.694259901755697,67.6717930391889],[22.741589755362007,67.76050373995267]],[[29.714052362109015,67.10720500474372],[29.932727725815404,67.08164093389817],[29.861680636493755,66.99560379494203],[29.643677071320457,67.02107000671057],[29.714052362109015,67.10720500474372]],[[44.23429758656773,64.6264317551204],[44.417347662894414,64.58366172869599],[44.31083039386261,64.50625498516881],[44.1281040301655,64.54889125397852],[44.23429758656773,64.6264317551204]],[[44.78188051386303,64.49750940635768],[44.96336373251578,64.45412896802766],[44.855901438382475,64.37712464864279],[44.674728899176515,64.42037076063919],[44.78188051386303,64.49750940635768]],[[50.99028527051699,62.81523592426522],[51.15336114266959,62.765160027626806],[51.037381420105895,62.69306020909588],[50.87447753564646,62.74299925486966],[50.99028527051699,62.81523592426522]],[[21.54307253677357,67.75076390664222],[21.773880850222895,67.73556259238428],[21.730166721109736,67.6465872809082],[21.50017506784548,67.6617267957109],[21.54307253677357,67.75076390664222]],[[43.39201466796905,64.7173757705827],[43.76109632190383,64.63354748039036],[43.656229792792075,64.55566062313095],[43.2878265044788,64.63922433671291],[43.39201466796905,64.7173757705827]],[[44.493038622437204,64.46341451309436],[44.674728899176515,64.42037076063919],[44.56824296167377,64.34314908246293],[44.38686791153116,64.386059400047],[44.493038622437204,64.46341451309436]],[[20.34622839658695,67.73296646218822],[20.577533132668673,67.71931472362131],[20.460665129590883,67.45148639151977],[20.00273735759728,67.47816311723605],[20.039745775757474,67.56754905064861],[20.26964577352566,67.55430495687581],[20.34622839658695,67.73296646218822]],[[54.22828943918085,61.536901047983946],[54.380541552750415,61.48353528898632],[54.262780612493664,61.41419590792012],[54.110635935390064,61.467427336096385],[54.22828943918085,61.536901047983946]],[[56.609658368663794,60.665059761144164],[56.75468505407854,60.609327266824664],[56.63556394069177,60.542120818240384],[56.49060344286263,60.597721023425365],[56.609658368663794,60.665059761144164]],[[44.281357680855926,64.3086227542873],[44.462417307450934,64.26584516658927],[44.35724659084628,64.18845979819243],[44.1765025563732,64.2311053571659],[44.281357680855926,64.3086227542873]],[[54.41446613812153,61.36081112518624],[54.56569382507665,61.30727371241197],[54.44831724958126,61.23808511138733],[54.2971931298376,61.29148888290017],[54.41446613812153,61.36081112518624]],[[58.20159299757173,59.92127796069308],[58.341402903918905,59.86401448324445],[58.22221194909594,59.79825442002687],[58.08244304165388,59.855387956658184],[58.20159299757173,59.92127796069308]],[[43.81349891011443,64.31578749134601],[43.99525336854522,64.27354822231034],[43.891367946594585,64.19581971557972],[43.70993761980005,64.23792806250978],[43.81349891011443,64.31578749134601]],[[19.773420132361757,67.49105742530067],[20.00273735759728,67.47816311723605],[19.92961569191505,67.29938966110238],[19.701918764883242,67.31218035629591],[19.773420132361757,67.49105742530067]],[[31.71364815686813,66.3857830166316],[32.13469477535305,66.32956230763112],[31.983520640491605,66.15957603026413],[31.564867808084486,66.21538605906109],[31.71364815686813,66.3857830166316]],[[60.548993297363836,58.68382973282284],[60.68107424117433,58.624366850240335],[60.56249451936657,58.56077270054254],[60.4304218100075,58.62010989961723],[60.548993297363836,58.68382973282284]],[[61.980805504453315,58.02302676261322],[62.36338642862358,57.84029395088518],[62.24484940285054,57.77831497320742],[61.86223492416868,57.9606782056877],[61.980805504453315,58.02302676261322]],[[18.821295466480645,67.45002812726302],[19.05067486327555,67.4383707285383],[19.017506284127958,67.34878418278684],[18.788944481908562,67.3603945460709],[18.821295466480645,67.45002812726302]],[[55.406583962168085,60.66883451939836],[55.5535061786594,60.61435180630094],[55.43702508950208,60.54600104857348],[55.290187981230844,60.60035252239257],[55.406583962168085,60.66883451939836]],[[19.92961569191505,67.29938966110238],[20.15708428961945,67.28630502678708],[20.083542447891055,67.10763397105573],[19.85766405358829,67.12061443088629],[19.92961569191505,67.29938966110238]],[[27.506186569923695,66.69320178040257],[27.723304430882532,66.67046427985774],[27.66121282614413,66.58352537925683],[27.44477336288604,66.6061766199015],[27.506186569923695,66.69320178040257]],[[30.722498478937062,66.32390416401746],[31.144520400771384,66.27016431715553],[31.072153674119082,66.18471746338255],[31.28193298310002,66.15755753295251],[31.137587583911646,65.98677140779469],[31.34575873511636,65.9595523730887],[31.27378297101816,65.87421246097765],[30.6498340715186,65.95480573015635],[30.72002399541194,66.04043880186721],[30.510636586766005,66.0668855603847],[30.722498478937062,66.32390416401746]],[[32.81566614702852,66.04488752424083],[33.022614179513674,66.01558108089813],[32.94496467197056,65.93105770552582],[33.150908670209205,65.9016052192399],[32.996158606799945,65.73265915123909],[32.58608539532163,65.79089446912323],[32.81566614702852,66.04488752424083]],[[44.22491523123903,63.91336784529529],[44.403726635258124,63.87071267949014],[44.300503320031645,63.79326829144205],[44.12199982065097,63.83579379599829],[44.22491523123903,63.91336784529529]],[[55.43702508950208,60.54600104857348],[55.729397540265914,60.43686047487106],[55.38281526342741,60.23188373107427],[55.2370957966728,60.28613636653785],[55.12276141541079,60.2174474435219],[54.97670507141511,60.27142493448026],[55.43702508950208,60.54600104857348]],[[56.45279658081969,60.161487395239135],[56.596195841962626,60.10598577831573],[56.47967090991305,60.03855871805073],[56.3363393781823,60.093930566028085],[56.45279658081969,60.161487395239135]],[[59.106263627395,59.083489605927475],[59.241849202209664,59.02541952788461],[59.124445559022654,58.960428876016074],[58.98888806897718,59.01837222483924],[59.106263627395,59.083489605927475]],[[19.21214944836168,67.24734048812539],[19.666599294250993,67.22274175840542],[19.631562757243533,67.13330317840338],[19.17871030764423,67.15780372190612],[19.21214944836168,67.24734048812539]],[[40.44940716723277,64.64310843323312],[40.82543414426788,64.56618025504083],[40.633971775889776,64.40624791225562],[40.259500349839634,64.48268199634607],[40.44940716723277,64.64310843323312]],[[50.243055707043865,62.18542010495695],[50.40425186113966,62.136252787214104],[50.29305351124337,62.06345522555344],[50.132035757602516,62.11249024062904],[50.243055707043865,62.18542010495695]],[[59.52875199206873,58.78582517679455],[59.66273682920546,58.72736797371163],[59.54574796252229,58.662753187984364],[59.411785523794705,58.72108472381934],[59.52875199206873,58.78582517679455]],[[19.631562757243533,67.13330317840338],[19.85766405358829,67.12061443088629],[19.82211837627199,67.03122627334155],[19.596805814129784,67.04386465935251],[19.631562757243533,67.13330317840338]],[[20.083542447891055,67.10763397105573],[20.309193268895058,67.09436226435395],[20.198726647509037,66.8265065246262],[19.975408387999234,66.83962180677435],[20.083542447891055,67.10763397105573]],[[33.482720404533566,65.7577073321699],[33.686798433396,65.72761300396559],[33.60805109602373,65.64343897641393],[33.40451861574865,65.6734268779454],[33.482720404533566,65.7577073321699]],[[41.47411363921306,64.33030433787356],[41.84357859364153,64.25105660676395],[41.74592741703389,64.17180445645175],[41.37718871749731,64.25080212614081],[41.47411363921306,64.33030433787356]],[[19.145538574383316,67.0682678049086],[19.596805814129784,67.04386465935251],[19.562325177226793,66.95442624271706],[19.112631095272683,66.9787327694225],[19.145538574383316,67.0682678049086]],[[28.82135251561054,66.26906912426449],[29.03386629480812,66.24471639217438],[28.968625335434503,66.158334225665],[28.756748966409273,66.18259681054862],[28.82135251561054,66.26906912426449]],[[30.09066345404792,66.11900122901976],[30.30084886355485,66.09307329945614],[30.23187087616223,66.0072484167697],[30.022297803245895,66.0330815544525],[30.09066345404792,66.11900122901976]],[[31.760867521047228,65.9043476599135],[32.17431584086001,65.84812617428481],[32.10001935865035,65.76318695138075],[32.305545778812956,65.73479883279154],[32.23121598899743,65.64992762042569],[32.43576269813201,65.62139026269223],[32.36140411333461,65.53658672234637],[32.768143259538185,65.47896823856436],[32.69321211084611,65.39433376869607],[31.880307169444848,65.50817185461732],[31.9530204200076,65.59320940923132],[31.54300954156314,65.64882989096533],[31.6151052052773,65.7340340050973],[31.40891887501541,65.76156488981044],[31.480957075115708,65.84683674629143],[31.687722729650282,65.81920671889806],[31.760867521047228,65.9043476599135]],[[50.82120189960519,61.793257187631085],[50.979741265048794,61.743514287357016],[50.86888393466066,61.67117248553228],[50.71050964498921,61.72078421275473],[50.82120189960519,61.793257187631085]],[[17.984912923039147,67.03440250709814],[18.21083569737954,67.02385264572627],[18.181340397975532,66.93414007151233],[17.95621101936944,66.94464810832503],[17.984912923039147,67.03440250709814]],[[28.544498696383133,66.20659498609555],[28.756748966409273,66.18259681054862],[28.628975807853486,66.00958536006058],[28.417997127689983,66.03340677977576],[28.544498696383133,66.20659498609555]],[[29.535348096077893,65.99783555065177],[29.74508281683202,65.97261548152268],[29.61205354664553,65.80046102638207],[29.403542744359996,65.8254978391242],[29.535348096077893,65.99783555065177]],[[32.843607777523786,65.5635675630764],[33.04690196325958,65.534283852295],[32.97089088954344,65.44978758933817],[32.768143259538185,65.47896823856436],[32.843607777523786,65.5635675630764]],[[56.728080044907465,59.49125779956096],[56.86866904454952,59.43556146454036],[56.1911425200134,59.03024199231593],[56.05095133541253,59.08518265276111],[56.728080044907465,59.49125779956096]],[[60.90400628133001,57.70328131836497],[61.16095110881329,57.58377019630936],[60.9310066286207,57.457080714622364],[60.802725586756075,57.51665345361387],[60.91745586558053,57.58018442310602],[60.78880727642571,57.6397580625886],[60.90400628133001,57.70328131836497]],[[27.994953975299822,66.08025826635036],[28.20665552633233,66.0569646562029],[28.14473990391503,65.97025202751388],[27.933676296902107,65.99345981939629],[27.994953975299822,66.08025826635036]],[[60.00924055642768,57.99464196090138],[60.14008876614162,57.93580178282118],[60.02542560468401,57.871538982977995],[59.89459427690759,57.93025655358963],[60.00924055642768,57.99464196090138]],[[60.53041901455837,57.758542009802994],[60.659795440754024,57.69921076418856],[60.545081136268465,57.63543658694914],[60.4157150716669,57.69464595078786],[60.53041901455837,57.758542009802994]],[[27.085921836753975,66.08364227433447],[27.2983793043508,66.06149536592693],[27.23947986603089,65.97442654692895],[27.02767163883446,65.99649154428559],[27.085921836753975,66.08364227433447]],[[32.89541580172513,65.36525548899772],[33.09720638487716,65.33593130911761],[33.0217247833189,65.25146608117535],[32.82047135558104,65.28068795583106],[32.89541580172513,65.36525548899772]],[[50.53982012698035,61.4535407849865],[50.69724756307622,61.40415366815114],[50.58855008062076,61.33153937789004],[50.43128907699735,61.38079746674114],[50.53982012698035,61.4535407849865]],[[17.42538135811594,66.69530480080968],[17.64850544214674,66.68549732995322],[17.621471021456184,66.59571435492168],[17.399120346916877,66.60548350298279],[17.42538135811594,66.69530480080968]],[[38.67262546011733,64.30099712587892],[38.86087719907272,64.26479784838114],[38.77181521479104,64.18359520106429],[38.58397379676973,64.21967786133038],[38.67262546011733,64.30099712587892]],[[39.98088074154789,64.04301926011793],[40.53474062158918,63.92922174113801],[40.44216812398969,63.84908504371225],[40.258378684149484,63.887110915094],[40.16676311095789,63.80679299364537],[39.798584977772094,63.88196891869804],[39.98088074154789,64.04301926011793]],[[60.30148835138663,57.6306220608752],[60.430842429447,57.571534277236346],[60.20378390845067,57.44334841149248],[60.07445859531767,57.502193943573445],[60.30148835138663,57.6306220608752]],[[30.10063867181148,65.55210103842155],[30.30645235604162,65.52622189556078],[30.239253285570758,65.44042373629752],[30.034023845680668,65.4662105718028],[30.10063867181148,65.55210103842155]],[[53.23402079513771,60.34697779294101],[53.38294242518786,60.294835300505206],[53.2727095199393,60.224451279883326],[53.12390487041803,60.27646641823823],[53.23402079513771,60.34697779294101]],[[18.92056504614184,66.44154270029293],[19.140912600395225,66.42981333456541],[19.109023294670365,66.34033043881333],[18.88942306426308,66.35201462320568],[18.92056504614184,66.44154270029293]],[[40.16676311095789,63.80679299364537],[40.53314615847722,63.73076810552615],[40.35016306321362,63.57042355228627],[40.16793276222482,63.6083048047028],[40.25876914475048,63.68862597830434],[40.07572550228579,63.72641425610088],[40.16676311095789,63.80679299364537]],[[42.159556579876536,63.37832765211619],[42.3380078661068,63.3381408292239],[42.242754791043524,63.259203446196146],[42.06463378157409,63.29926862335327],[42.159556579876536,63.37832765211619]],[[53.2727095199393,60.224451279883326],[53.42109643103732,60.172284408225714],[53.311290227638345,60.1019204775665],[53.16301905891162,60.153960522243665],[53.2727095199393,60.224451279883326]],[[60.461361083122775,57.32529132773825],[60.589615504016855,57.26608079864134],[60.47675096825753,57.20215976942035],[60.34850858180628,57.261250152186],[60.461361083122775,57.32529132773825]],[[31.190174779518046,65.22235094007635],[31.594572908767486,65.16770505442183],[31.524393402806464,65.08251100278085],[31.322937159904093,65.10986213734934],[31.253797157213143,65.02454267353367],[30.850853364793508,65.0783137803494],[30.918885979817397,65.16382160213016],[31.121100615054317,65.13696591902094],[31.190174779518046,65.22235094007635]],[[32.198266844909625,65.08388371197405],[32.3987155025987,65.05545231054512],[32.254531844796546,64.88581077795945],[32.05515047918811,64.91404607467574],[32.198266844909625,65.08388371197405]],[[48.19403752281681,61.73533911665745],[48.356040672077086,61.68850133363515],[48.25184517185093,61.613974649123854],[48.09004826761823,61.66068592465149],[48.19403752281681,61.73533911665745]],[[56.1911425200134,59.03024199231593],[56.33094151688652,58.97516283307327],[56.219755407223644,58.90732716713668],[56.35909609711322,58.85223443785145],[56.24834843423716,58.78440818324502],[56.38723465685672,58.72930185200592],[56.05779235717462,58.52551047317614],[55.78005683597668,58.634846950098975],[55.88922972087287,58.703136095603995],[56.02836014164073,58.64841402228652],[56.13810396188861,58.71646778780895],[55.99890207443694,58.771313024426824],[56.10907644950902,58.83937697189167],[55.969417562989456,58.894207625881045],[56.1911425200134,59.03024199231593]],[[17.321562516960082,66.33603962886127],[17.541628027142053,66.32638364497015],[17.51542574851779,66.23661281085809],[17.29611048684434,66.24623166332034],[17.321562516960082,66.33603962886127]],[[19.077380247279454,66.25084828241623],[19.514523780065748,66.2267243941871],[19.481658164637935,66.13733506000554],[19.045980655345108,66.1613668897664],[19.077380247279454,66.25084828241623]],[[31.524393402806464,65.08251100278085],[31.725467171556875,65.05491326441738],[31.65523524111176,64.96978478963611],[31.454705498325428,64.99728670834558],[31.524393402806464,65.08251100278085]],[[40.89419963333112,63.45552334436716],[41.074658838421435,63.41680717100371],[40.98259326788015,63.3370160658645],[40.80248609420392,63.37561355266591],[40.89419963333112,63.45552334436716]],[[42.14808106984677,63.1801979047656],[42.50232598938601,63.09970484408685],[42.40757875858318,63.020873224964525],[42.05398200491151,63.101124836780855],[42.14808106984677,63.1801979047656]],[[52.9053009662198,60.135125634078484],[53.053867916445974,60.083363813338025],[52.94525298156682,60.0126619319089],[52.79680669960584,60.064297787865996],[52.9053009662198,60.135125634078484]],[[57.59585194537498,58.350286104899],[57.731367551114005,58.293845377926296],[57.620041880477466,58.22725165914236],[57.48457541902529,58.28356972604529],[57.59585194537498,58.350286104899]],[[17.51542574851779,66.23661281085809],[17.73458354038822,66.22671063372907],[17.707840563027492,66.13698072737596],[17.48942556974099,66.14684500790442],[17.51542574851779,66.23661281085809]],[[30.648822352817117,65.10482744914573],[30.850853364793508,65.0783137803494],[30.716217819014776,64.9072144768016],[30.515296909610818,64.93354368902463],[30.648822352817117,65.10482744914573]],[[31.855384262778433,64.94203766234946],[32.05515047918811,64.91404607467574],[31.98433696443348,64.82907932496445],[31.78510434225435,64.85697446090832],[31.855384262778433,64.94203766234946]],[[41.876520560219475,63.14094867450345],[42.05398200491151,63.101124836780855],[41.960452942672454,63.02198486639189],[41.783320750557024,63.061689002556705],[41.876520560219475,63.14094867450345]],[[42.75940602011655,62.93982170267161],[42.934655700103704,62.898997973136005],[42.83953493537445,62.820460233181436],[42.66459636748471,62.86116304045863],[42.75940602011655,62.93982170267161]],[[57.75513423882503,58.17080180522602],[57.88985368283656,58.114220723360894],[57.77892132036071,58.04775334299338],[57.644248775497985,58.10421239664331],[57.75513423882503,58.17080180522602]],[[17.707840563027492,66.13698072737596],[17.926095589643253,66.12683450355662],[17.844899466786583,65.85777622829428],[17.62883439056831,65.86780740720192],[17.707840563027492,66.13698072737596]],[[32.97474573996358,64.685972380115],[33.17166316730251,64.6566300075316],[33.09823407621286,64.57221948647047],[32.90182464457066,64.60146241475405],[32.97474573996358,64.685972380115]],[[43.7076381092827,62.61400164553215],[43.87994046916928,62.57212653307852],[43.783595142260246,62.49424566350178],[43.611582588686396,62.5359992037841],[43.7076381092827,62.61400164553215]],[[54.72863391311559,59.258627254966285],[55.15556993970737,59.09746039230479],[55.04636986477373,59.02854225723483],[55.18781352887873,58.974659244910534],[55.07903557115272,58.90575467095715],[54.79593162863305,59.01313189866236],[54.580236395440174,58.87450384516154],[54.43828553995316,58.92773291350879],[54.76231352653029,59.1358818413892],[54.61969873550424,59.189337194364214],[54.72863391311559,59.258627254966285]],[[16.373014692136504,66.10198911807514],[16.809685995239494,66.08487167778691],[16.786288863630816,65.9950042385839],[16.351096223989057,66.01205646286745],[16.373014692136504,66.10198911807514]],[[29.098839614064456,65.1108772330739],[29.30224656316946,65.08629567705854],[29.239565671113613,65.00008013106421],[29.036734879650563,65.02457524924988],[29.098839614064456,65.1108772330739]],[[32.70502844689075,64.63046661068131],[32.90182464457066,64.60146241475405],[32.75747027645524,64.43233983858458],[32.95287074019647,64.40329386896919],[32.88092693985511,64.31877951580007],[32.29510379242481,64.40491317710578],[32.436446459030094,64.57449118542107],[32.63311434152026,64.54582409364676],[32.70502844689075,64.63046661068131]],[[43.092929193353704,62.6600974005628],[43.4391340657086,62.57755952673665],[43.34393469652575,62.49936438756028],[43.687812785147294,62.41629223576991],[43.59258907045108,62.33826689095154],[43.763593018027,62.296562605285764],[43.66863739053135,62.21858591142999],[43.497919708375136,62.26017026268728],[43.21719539751722,62.02545890405914],[43.046920256479815,62.06649582707648],[43.23294656208886,62.22327635379821],[43.06167032170851,62.264357329904485],[43.24929382778362,62.421098558298475],[43.07700259624264,62.46222440429138],[43.17134690016442,62.54061016526572],[42.998326665486815,62.58166137755417],[43.092929193353704,62.6600974005628]],[[44.63711953597065,62.28260689853026],[44.806517300107394,62.23971035229286],[44.51583998577655,62.00781303923264],[44.347250756146146,62.050345238340235],[44.63711953597065,62.28260689853026]],[[54.47669146334577,59.24264877052286],[54.61969873550424,59.189337194364214],[54.40335939782177,59.050432095510146],[54.26054126815075,59.103496622125206],[54.47669146334577,59.24264877052286]],[[45.71477072608137,61.90192588566243],[45.88087857649824,61.857853901254494],[45.782192740776196,61.78140904917009],[45.61633156227226,61.825358538244494],[45.71477072608137,61.90192588566243]],[[59.919336107102374,56.880681230075375],[60.047150299704995,56.822065440262755],[59.93701604317474,56.75751852646966],[59.809221348514626,56.81601612475932],[59.919336107102374,56.880681230075375]],[[13.499086133840954,66.00510308176283],[13.717355826158823,66.0004153135069],[13.691984424315487,65.81997975541556],[14.341876473404595,65.80433754491908],[14.32714142044462,65.71418864771599],[13.463390532210871,65.73440645336352],[13.499086133840954,66.00510308176283]],[[30.78292220746995,64.70961297103975],[30.98202824877444,64.68297543419807],[30.915260132145686,64.59751288064058],[30.716691763631527,64.62405903374695],[30.78292220746995,64.70961297103975]],[[31.774816790647588,64.57399155282602],[31.972094702709175,64.5461407360544],[31.90269281871439,64.46114464961265],[32.099083276645636,64.4331484938073],[32.02964171025304,64.3482161885021],[31.44091892708677,64.43120252838919],[31.508809824604675,64.51641659691524],[31.70593434675586,64.48890092337562],[31.774816790647588,64.57399155282602]],[[45.283326126070165,61.91270791991876],[45.45004277181027,61.869125078285585],[45.352406780312236,61.792357526244544],[45.18594348626877,61.835818731199886],[45.283326126070165,61.91270791991876]],[[46.768396097027264,61.51391192610598],[46.931272467258005,61.46870262557587],[46.831498582972806,61.393035586414044],[46.66884730936331,61.43812215208616],[46.768396097027264,61.51391192610598]],[[55.53201865372411,58.62078469134956],[55.67138087532177,58.56644634644191],[55.56319930301,58.4979350370578],[55.42391454242228,58.55215128443891],[55.53201865372411,58.62078469134956]],[[56.225052954350126,58.34771309883781],[56.4996380135398,58.2375266452961],[56.391033495218196,58.16974572501007],[56.11658156525976,58.279689148719534],[56.225052954350126,58.34771309883781]],[[56.6363716103529,58.18223046378909],[56.77273405070645,58.12679973440955],[56.664004076826956,58.05926138770822],[56.52770341337766,58.114570888377955],[56.6363716103529,58.18223046378909]],[[18.033433747064382,65.75782409345904],[18.46332469047601,65.73645109187328],[18.4347404984266,65.64689076376777],[18.006268404129962,65.66818379226312],[18.033433747064382,65.75782409345904]],[[34.23456332905018,64.10956676572374],[34.42639736084114,64.07874903937112],[34.35108228376605,63.99499605232843],[34.15971745219725,64.0257124874151],[34.23456332905018,64.10956676572374]],[[43.66863739053135,62.21858591142999],[43.83892931308391,62.176810474792575],[43.74424097718417,62.09888204668943],[43.574231926492914,62.14053795656166],[43.66863739053135,62.21858591142999]],[[45.352406780312236,61.792357526244544],[45.518445424463735,61.748712764563614],[45.421108296189594,61.67198922706184],[45.25532003725677,61.71551279035414],[45.352406780312236,61.792357526244544]],[[46.01401582878587,61.61668457421276],[46.34227754263842,61.52776159759757],[46.24373562246505,61.45164603916267],[45.91594646311997,61.54032544629413],[46.01401582878587,61.61668457421276]],[[54.29594975296182,58.98081856606096],[54.43828553995316,58.92773291350879],[54.3312834899561,58.8581354607061],[54.18904315263012,58.911098711887796],[54.29594975296182,58.98081856606096]],[[54.721803321247556,58.821131964186335],[54.86298732609952,58.76761787094959],[54.648931712838724,58.62904918430478],[54.507927027091604,58.68231936595494],[54.721803321247556,58.821131964186335]],[[56.799936573834,58.003817783815485],[56.93550199720574,57.94824063467726],[56.71924019085959,57.81330773697504],[56.58379480346235,57.86864399283962],[56.799936573834,58.003817783815485]],[[57.20553601611284,57.836687918388634],[57.60786155770761,57.668371040931596],[57.28335309975792,57.46760158608626],[57.01581341847012,57.57922564447906],[56.908687925364184,57.51183689863852],[57.04257985382944,57.456209539604025],[56.935862832300366,57.38882766301361],[56.533296754695726,57.554957186551164],[56.63983653832766,57.62269560197162],[56.77444050234543,57.56733243240568],[56.881508193160094,57.634840379793005],[56.74684462742838,57.69032286560826],[56.962274802240486,57.8252410429817],[57.09705369207889,57.76951885319269],[57.20553601611284,57.836687918388634]],[[46.56984516483864,61.362250622088425],[46.73227090860528,61.317286230942806],[46.63358562698784,61.2414552346119],[46.47138582489385,61.28629800919166],[46.56984516483864,61.362250622088425]],[[52.59886174063722,59.48404935287601],[52.74537549497283,59.43270495928329],[52.64005711775749,59.361656116998276],[52.493664687199185,59.41287787795552],[52.59886174063722,59.48404935287601]],[[55.176721790408145,58.53736350367253],[55.31630356621233,58.48340831003195],[54.996404093605726,58.2765293545175],[54.857071996755344,58.33012151273978],[55.176721790408145,58.53736350367253]],[[56.282913050568446,58.101852556551634],[56.41951797009896,58.04679869367708],[56.31181291022027,57.978914619644364],[56.44798606336192,57.92384647169448],[56.3406933317635,57.855971376209915],[56.476438247940074,57.80088891154592],[56.3695548229592,57.73302267919389],[55.82466734633003,57.952064448920744],[55.93127915966872,58.020409906623975],[56.068114824816504,57.96573242970659],[56.282913050568446,58.101852556551634]],[[14.32714142044462,65.71418864771599],[14.97405659970929,65.69609018440512],[14.940598780993612,65.5159458530204],[14.726492848618014,65.52221065146334],[14.710663701190045,65.43212334304206],[14.497176697155933,65.43808879681836],[14.512293603284336,65.52819841037856],[14.298005200071474,65.53390894034439],[14.32714142044462,65.71418864771599]],[[30.18955287440396,64.5048714513949],[30.38774925918244,64.4789926205119],[30.323411036261877,64.39326944522357],[30.125750985908248,64.41905999951142],[30.18955287440396,64.5048714513949]],[[34.27626513086764,63.911204511601134],[34.46677975564974,63.88035946321198],[34.391994241346396,63.79663030923186],[34.2019412820038,63.8273748119923],[34.27626513086764,63.911204511601134]],[[35.41355813497763,63.72272106149628],[35.601745283128004,63.69051595475708],[35.5242657563359,63.60740053300809],[35.33651855999949,63.63950213970384],[35.41355813497763,63.72272106149628]],[[54.789558680349764,58.57563721929074],[54.92980891755097,58.522084060718804],[54.82334509839588,58.45288205536945],[54.68318217341967,58.50631403011721],[54.789558680349764,58.57563721929074]],[[33.43795104212699,63.948057985869774],[33.62951229891407,63.91823287326849],[33.55707785855097,63.83406875652108],[33.36599061945905,63.86379604818215],[33.43795104212699,63.948057985869774]],[[34.391994241346396,63.79663030923186],[34.95986249536799,63.70303159602406],[34.88420982811607,63.61956683634758],[35.07228559244305,63.58801656266029],[34.99668084593152,63.50461322815685],[35.18393367345609,63.472940130612805],[35.25997858050069,63.55624169149527],[35.44728749016844,63.5242429563714],[35.2948166994628,63.357803007365206],[34.92156499438668,63.42116980694628],[34.84693361672853,63.33768669639735],[34.47306286425517,63.399959313316344],[34.62103881151559,63.56728634846505],[34.43265230248269,63.59828492218207],[34.50691533888652,63.68199066516481],[34.31769937839365,63.71286276142694],[34.391994241346396,63.79663030923186]],[[35.71162402427139,63.57507532899618],[35.898592125579974,63.542527270737395],[35.8207480245853,63.45957683576958],[35.63421105110238,63.49202109231131],[35.71162402427139,63.57507532899618]],[[37.01214188936218,63.34260075432365],[37.38015279292702,63.27420963102762],[37.21833507797673,63.10995327119312],[37.03533294271465,63.14404337237061],[37.11558490670542,63.226302180829755],[36.93178610616681,63.26028245850723],[37.01214188936218,63.34260075432365]],[[38.11136863413848,63.134840041272014],[38.29316616087834,63.099463013149716],[38.21004216421088,63.01790104520775],[38.02862945816616,63.05316886195653],[38.11136863413848,63.134840041272014]],[[46.5354389493157,61.16554326571216],[46.69699954317557,61.12064494007771],[46.5991639709414,61.04477327568984],[46.43782711500395,61.08955098545147],[46.5354389493157,61.16554326571216]],[[53.260788345713166,59.03276580106389],[53.404740792515746,58.98077333906204],[53.29974442743449,58.910253653373594],[53.15590179092765,58.96212465270475],[53.260788345713166,59.03276580106389]],[[57.28335309975792,57.46760158608626],[57.81417936874696,57.24279008972705],[57.70674398535648,57.17611403813133],[57.17611733831739,57.40045089152186],[57.28335309975792,57.46760158608626]],[[25.440164265627175,64.85604851426754],[25.644435135578693,64.83609304784419],[25.594005908956703,64.74849240992033],[25.390338949379167,64.76837743819767],[25.440164265627175,64.85604851426754]],[[33.174533775594995,63.89329222042764],[33.36599061945905,63.86379604818215],[33.29450636138245,63.77949918929736],[33.103524972504864,63.80889869576981],[33.174533775594995,63.89329222042764]],[[35.8207480245853,63.45957683576958],[36.006897203372866,63.42691092456181],[35.92912704627263,63.34402113689381],[35.74340387177235,63.37658341608039],[35.8207480245853,63.45957683576958]],[[36.378027504295865,63.36091709579285],[36.56300636786354,63.32759066003576],[36.40545389429244,63.16239316012332],[36.77259597399382,63.09550610618433],[36.46017840763973,62.765406778700005],[35.91377059779473,62.86417216893673],[36.143688426305125,63.11274070129801],[35.95957071840675,63.14553599431506],[36.11446478748063,63.31123839042253],[36.29941594913996,63.278235910497145],[36.378027504295865,63.36091709579285]],[[42.95471531073224,61.98800292470442],[43.124701289400384,61.947083332938256],[43.03274063845337,61.86863953822123],[42.86304366033296,61.90944239133987],[42.95471531073224,61.98800292470442]],[[55.687538669925885,58.00648575101085],[55.82466734633003,57.952064448920744],[55.71853131794808,57.88361004308102],[55.58147650424529,57.93791165992172],[55.687538669925885,58.00648575101085]],[[13.642388438729778,65.45918680472334],[13.85620327659517,65.45432721423153],[13.843326323676889,65.36416304472084],[14.05635560643618,65.35904582170845],[14.042870408235208,65.26890675983152],[14.467281537802284,65.25788678480028],[14.437829626865692,65.0777074474099],[14.648519913438916,65.0718295366202],[14.633270736048372,64.98176974105002],[14.003012981072688,64.9985252596648],[14.016200194852955,65.08864652441939],[13.59426527657736,65.0984955115763],[13.570735830260755,64.9181870171772],[13.3610399466498,64.92266940790185],[13.405678041372633,65.28337741296187],[13.618146849447534,65.27882864430921],[13.642388438729778,65.45918680472334]],[[14.283601542839882,65.44377804434552],[14.497176697155933,65.43808879681836],[14.482173094387923,65.3479849355098],[14.269305891892778,65.35365306255564],[14.283601542839882,65.44377804434552]],[[33.29450636138245,63.77949918929736],[33.48512166038157,63.749869104088496],[33.41363925602219,63.66563427871254],[33.22349382492826,63.695167766829194],[33.29450636138245,63.77949918929736]],[[38.30806693870803,62.90091713495637],[38.668135710454486,62.829543655739634],[38.58491411368017,62.74820605231312],[38.22559335907175,62.81936176154086],[38.30806693870803,62.90091713495637]],[[54.47189396529498,58.36734985585654],[54.89074034913796,58.207355452910434],[54.78555713167942,58.13807562544343],[54.36697712413199,58.29771030824204],[54.47189396529498,58.36734985585654]],[[55.16813114916994,58.09999305173823],[55.3062774042978,58.046103726694824],[55.20084573525533,57.977182890342895],[55.06278033222853,58.03095263660424],[55.16813114916994,58.09999305173823]],[[57.06934478492934,57.33318763225284],[57.33525481017371,57.221515480124694],[57.22883490733329,57.154376561584286],[57.096108516152604,57.210159773367],[56.99019953343412,57.142791333302306],[57.12287134891826,57.0871258138759],[57.01736200040013,57.01976394165128],[57.14963358174408,56.964085604695555],[56.83563996778349,56.76168986127089],[56.70353795480039,56.8170185452257],[56.80769742345534,56.884709615838574],[56.67519666736639,56.94002412467045],[56.57109660137966,56.872216739947135],[56.438314947605974,56.92728393026703],[56.542353907157676,56.9952077324888],[56.40916817289702,57.05025991972009],[56.513595671291014,57.118192241080294],[56.38000260420507,57.17322945688428],[56.48482142660445,57.24117041302838],[56.35081773761567,57.29619268857642],[56.456030700469825,57.36414239560132],[56.5900971630989,57.309002338013556],[56.69583201727619,57.37672453180536],[56.96303325561864,57.26581252415955],[57.06934478492934,57.33318763225284]],[[59.0299677984563,56.48317371455971],[59.15795060524659,56.4255016846869],[59.050957442220465,56.36000204236137],[58.92300529514288,56.417557849992164],[59.0299677984563,56.48317371455971]],[[26.756453172876267,64.5366544290995],[27.15831879324271,64.49322781799182],[27.103936002559905,64.4061855098699],[27.303854408856516,64.38417269184991],[27.24928403192312,64.29718983040121],[27.44834222089197,64.27500450190105],[27.393590045075367,64.1880809614092],[26.996303075402935,64.23205208115662],[27.04993203443144,64.3191268693064],[26.850288784205286,64.34081503334764],[26.90372332983365,64.42794871994394],[26.703218997470273,64.44946173539063],[26.756453172876267,64.5366544290995]],[[33.60342048552541,63.63587145464209],[33.981884159205336,63.575660623182586],[33.9094883880981,63.491682123704535],[33.5319431145897,63.551698338089224],[33.60342048552541,63.63587145464209]],[[37.13818859456568,63.02775356857878],[37.32040138082316,62.99355457558344],[37.24036198429096,62.91141359883851],[37.05854448200955,62.945506791799986],[37.13818859456568,63.02775356857878]],[[46.4050813571424,60.892789979771756],[46.56556589381861,60.848076278754796],[46.277691714954535,60.61986670886788],[46.11787390333772,60.664224759909956],[46.4050813571424,60.892789979771756]],[[54.78555713167942,58.13807562544343],[54.924351115760224,58.08458373723471],[54.81955999540217,58.01531805132225],[54.680851947668735,58.06869058273297],[54.78555713167942,58.13807562544343]],[[56.427223014695336,57.48710833602993],[56.56170399500123,57.43198272653561],[56.456030700469825,57.36414239560132],[56.32161306319003,57.41914976156869],[56.427223014695336,57.48710833602993]],[[59.050957442220465,56.36000204236137],[59.305863676173324,56.24452229343304],[59.199249483130586,56.1791377001776],[59.07199130975917,56.23682313209488],[58.9658412889108,56.17120693224824],[58.83828438622239,56.228654363908035],[59.050957442220465,56.36000204236137]],[[27.503475973405173,64.36191085721528],[27.702798152469597,64.33940060186922],[27.647104076630658,64.25257147361738],[27.44834222089197,64.27500450190105],[27.503475973405173,64.36191085721528]],[[29.089463613776736,64.17492401444541],[29.286302954095415,64.1504483687899],[29.22623829140764,64.06426227062848],[29.029934231256153,64.08865514425217],[29.089463613776736,64.17492401444541]],[[34.84693361672853,63.33768669639735],[35.03331123870399,63.30621529695202],[34.958724917074214,63.222792823068424],[34.77278234175039,63.25416428830452],[34.84693361672853,63.33768669639735]],[[39.92074300534517,62.374772020849974],[40.0962769995153,62.337346187309],[39.92601728586305,62.176379121147995],[39.75116296855953,62.21358391446137],[39.92074300534517,62.374772020849974]],[[54.122373209320266,58.2807763982647],[54.40234373046159,58.17501549570981],[54.29829416962408,58.1052877866599],[54.01851175101735,58.21081025078063],[54.122373209320266,58.2807763982647]],[[15.297476782327157,65.14255885489368],[15.508478040048045,65.1355684612379],[15.490359962199529,65.04559967758533],[15.280045928308677,65.05256448485302],[15.297476782327157,65.14255885489368]],[[30.785054048159967,63.8604535501253],[31.171454481784394,63.80711784645042],[31.042279696312292,63.63638942906068],[30.850245580376814,63.66299892744466],[30.914119359210677,63.748464816032154],[30.721254418539854,63.77492651583848],[30.785054048159967,63.8604535501253]],[[32.89329872448553,63.55551577254531],[33.082866405595546,63.52640263550102],[33.01324289523334,63.44196961600907],[32.82414225194021,63.470988489055784],[32.89329872448553,63.55551577254531]],[[33.46093281694596,63.46749015776481],[34.025336887940156,63.377416321450305],[33.953428565990016,63.293462523855744],[34.14039162433273,63.26308337851971],[34.068502618299064,63.17919022204296],[33.88198456399968,63.20947258239699],[33.81100066774905,63.12544685355354],[33.43779223537002,63.18514655345433],[33.507879941360486,63.26936316107616],[33.32029629327598,63.29897000906305],[33.46093281694596,63.46749015776481]],[[37.3418618919466,62.79502400310937],[37.52251757451792,62.76060996853568],[37.44269695781844,62.67858530984475],[37.26242732322652,62.712893975171674],[37.3418618919466,62.79502400310937]],[[50.694277251901006,59.38224164622715],[50.84296351066651,59.33297280297723],[50.74223588951601,59.26027852769772],[50.5936964377646,59.309427768577706],[50.694277251901006,59.38224164622715]],[[54.715243295724356,57.945947464146656],[54.853503439266646,57.89255452790041],[54.74957248428973,57.823198239087695],[54.61139856211722,57.876472675002475],[54.715243295724356,57.945947464146656]],[[57.281561745734834,56.90827762027497],[57.413147502832395,56.852340503932176],[56.89149923846339,56.51563008422406],[56.760185272581275,56.57098723716314],[56.86357377724178,56.63866340013891],[56.73186734940629,56.694006298664114],[56.83563996778349,56.76168986127089],[56.96740360430827,56.7062312007353],[57.281561745734834,56.90827762027497]],[[36.719336211739694,62.814543531900185],[36.900746014589245,62.78087380240035],[36.74490542501365,62.6160578172251],[36.92515432874271,62.58238174975593],[36.84756873774736,62.50000899135005],[36.30688235010304,62.60009068866682],[36.46017840763973,62.765406778700005],[36.64156815249617,62.732054623563684],[36.719336211739694,62.814543531900185]],[[42.501608816397024,61.594535598371955],[42.67015172937177,61.55419383940622],[42.58079801451916,61.47541765481424],[42.41254305718616,61.5156455890315],[42.501608816397024,61.594535598371955]],[[53.49301237286788,58.297600555848675],[53.63408226029152,58.24545757383093],[53.53137358858124,58.17505059552508],[53.67197716512847,58.122882746864725],[53.56964062281365,58.05249389687492],[53.28827705126488,58.15644972646133],[53.49301237286788,58.297600555848675]],[[55.4350907782964,57.5547538761519],[55.571130651185406,57.50065443223881],[55.467184208935684,57.431901276231784],[55.3312203008229,57.48588308936046],[55.4350907782964,57.5547538761519]],[[14.843187404252523,64.9756422764708],[15.05301297814467,64.96924396730812],[15.036516139943874,64.87923510877512],[14.827369993716061,64.88561015311727],[14.843187404252523,64.9756422764708]],[[30.465189635071603,63.715511721693304],[30.657881581886766,63.68937324025381],[30.59493146629084,63.60379399610755],[30.786797034706243,63.577506507348915],[30.723769687114874,63.49198782918496],[30.340708784969735,63.54415565540551],[30.465189635071603,63.715511721693304]],[[54.508023349440066,57.80689437748141],[54.78384050775892,57.700442770411286],[54.578137044768056,57.561448382729616],[54.71534224103905,57.50824946962896],[54.30908534585931,57.22950422298788],[54.172233086522326,57.28223815778412],[54.27302711129461,57.35219172582424],[53.9981051920424,57.45747414573756],[54.20069052915972,57.597545285865884],[54.0625211199761,57.650209874087174],[54.26676201087724,57.790112269333086],[54.405115222095624,57.73721325951206],[54.508023349440066,57.80689437748141]],[[55.60279754704141,57.37778379453213],[55.73806124754525,57.323531184129564],[55.531244628663444,57.18617691714069],[55.666015248951275,57.13202334642424],[55.5632131355673,57.06330487339305],[55.29347629804623,57.171244621130995],[55.19127514028887,57.10218971385836],[55.05596939276548,57.155840709293976],[54.95429701746992,57.086566960393675],[55.089523185794,57.03303166602181],[54.988218191105915,56.963771140175055],[54.71758741691035,57.070474920807364],[54.92032036925611,57.20935571046877],[54.7843272002876,57.26273418360209],[54.98870211095109,57.40143817754667],[55.12485855244706,57.34782688706291],[55.02236266428144,57.2786428334631],[55.158092025879,57.225011685667006],[55.363697152041226,57.36304264483386],[55.499235237776865,57.30904233730632],[55.60279754704141,57.37778379453213]],[[33.06318205555537,63.24394488814171],[33.250661617097926,63.21465872965182],[33.18147711257746,63.13031376455297],[32.99445186661597,63.15950635225337],[33.06318205555537,63.24394488814171]],[[52.86351627649721,58.311301139976294],[53.28827705126488,58.15644972646133],[53.18661992853196,58.08572555260323],[52.7621874225488,58.24022327318298],[52.86351627649721,58.311301139976294]],[[11.466606655418033,64.86053944972578],[11.676043594862001,64.85850721015176],[11.670595404026468,64.76825772201778],[11.461838731527525,64.7702825897525],[11.466606655418033,64.86053944972578]],[[12.094819679175837,64.85363045700907],[12.304151029517474,64.85078608959664],[12.296664283519641,64.7605645987105],[12.088012034354342,64.76339865424585],[12.094819679175837,64.85363045700907]],[[13.141007787028338,64.83670409602969],[13.350085439872702,64.83250799315705],[13.339211154969037,64.74235271230235],[13.13080980587433,64.74653362371625],[13.141007787028338,64.83670409602969]],[[13.559100751889954,64.82804188713347],[13.768049873339962,64.82330591124764],[13.755825082932324,64.73318392790004],[13.54755084987811,64.73790276976865],[13.559100751889954,64.82804188713347]],[[14.394461725894047,64.80748021639364],[14.603107763020036,64.80166625256744],[14.58819154207026,64.71162247738484],[14.380217060950306,64.71741544189298],[14.394461725894047,64.80748021639364]],[[34.48089255436392,62.91968932582749],[34.66511195481319,62.888711610036516],[34.59287077720971,62.80509536568686],[34.409077925798556,62.835976117483256],[34.48089255436392,62.91968932582749]],[[34.84897450145948,62.8575138072742],[35.0324789297266,62.82609660194018],[34.95939435699429,62.74267568619621],[35.688158640121095,62.61522267061447],[35.6138921101733,62.532156711408845],[35.79478162822605,62.49985246603191],[35.720576041869215,62.416844714246146],[35.900709050104034,62.384425437753585],[35.606864021901714,62.052380593012934],[35.7850755673809,62.02014149280987],[35.71234923149939,61.93712628814881],[35.88983071780929,61.90477358476847],[35.817163777157056,61.82181499839429],[36.17033788869849,61.75667535061109],[36.0248135015537,61.5910237767172],[36.37513372215379,61.52544083405708],[36.302288227600854,61.44274687485705],[36.4765762912967,61.409743012344876],[36.331458845634245,61.244423711632436],[36.50468982126379,61.211408160302426],[36.36057063758001,61.04611501505554],[36.18805566149426,61.07893925942686],[36.04633872948736,60.913292507098696],[35.87421527727203,60.945724689486575],[35.804337096446666,60.86274787864738],[35.459855685622756,60.92681551573726],[35.66856329222348,61.17618784273574],[35.49475312400719,61.208193946143204],[35.56478498748509,61.29133435571798],[35.390282206798034,61.32322784161463],[35.46036158741017,61.406423414678656],[34.581116426689235,61.56323616191695],[34.64970660744547,61.646859469643154],[34.47250059010545,61.677684798474964],[34.54111727553944,61.76136434464036],[34.18494654059047,61.8225633158043],[34.25318796785604,61.906391595154304],[34.61015478310756,61.84500780488932],[34.679616742443024,61.92861485005923],[34.50089861113864,61.95950646970152],[34.710664413706304,62.210388548468096],[34.53040397187654,62.24134807485066],[34.67161444909959,62.40860766414139],[34.852691157717636,62.37745772673916],[34.78145695850169,62.293941922255215],[34.9617830793943,62.26267213657356],[34.89058622129957,62.1792141350395],[35.07016822096907,62.14782548262214],[34.99901096236452,62.06442495948678],[35.177855236091204,62.03291840865577],[35.10673977604061,61.94957503974078],[35.28485264875428,61.91795154580355],[35.42830823067241,62.084408060109396],[35.24940926482523,62.116223240696804],[35.32140565435002,62.19948917973716],[35.500699836841314,62.16757732017152],[35.646829846784,62.3337960199561],[35.46674088999064,62.36590292988412],[35.540087527638164,62.44905000410408],[34.99650005121485,62.544375210709276],[35.069082618492295,62.62777616933038],[34.52108618094412,62.721441481887524],[34.59287077720971,62.80509536568686],[34.77631000865387,62.773994995803385],[34.84897450145948,62.8575138072742]],[[36.84756873774736,62.50000899135005],[37.02705847305018,62.46622392193739],[36.94956660484468,62.38390869289289],[37.128303963236675,62.35001551907012],[36.973983409902374,62.18545400031606],[36.796004980364586,62.21914295966057],[36.872550117843396,62.301548233244915],[36.69382814055655,62.33512870388132],[36.84756873774736,62.50000899135005]],[[53.18661992853196,58.08572555260323],[53.327376890081425,58.03393721589982],[53.2260837539696,57.9632321676133],[53.085433069848946,58.014903105337254],[53.18661992853196,58.08572555260323]],[[11.879321123815938,64.76596305409738],[12.088012034354342,64.76339865424585],[12.067885498676736,64.49274292950984],[11.861203652280219,64.49527974474441],[11.879321123815938,64.76596305409738]],[[13.339211154969037,64.74235271230235],[13.54755084987811,64.73790276976865],[13.536085201112071,64.64776961586824],[13.328416222115811,64.6522035148067],[13.339211154969037,64.74235271230235]],[[38.19295371232515,62.14227073901854],[38.36909199391429,62.10692214825079],[38.28912405038256,62.025391348792745],[38.11334359128043,62.06063496251336],[38.19295371232515,62.14227073901854]],[[39.06989420994034,61.96348346910377],[39.244153722963034,61.927116212591095],[39.1624439748965,61.84611537179531],[38.98852653345023,61.88237597873012],[39.06989420994034,61.96348346910377]],[[52.661331690063086,58.16904837179951],[53.085433069848946,58.014903105337254],[52.984713918788394,57.94398305202792],[53.125257372730566,57.892429106171775],[52.92499478199201,57.750531587367014],[52.784668572411015,57.80185276839374],[52.685337322945585,57.730643844583966],[52.54477145367467,57.78170488913503],[52.44601065243,57.71028557080793],[52.16405882382946,57.81174143636183],[52.06598737979469,57.73999810229702],[51.924606895293756,57.79039213250163],[51.827111076978525,57.71844164775724],[51.9683710274288,57.668162272740986],[51.87120724133229,57.59623457389184],[51.730068612699284,57.646399705725315],[51.633476972669236,57.574266926323034],[51.35041615650253,57.673928856309566],[51.2545245154027,57.60147898477683],[51.11260785754265,57.650975057338826],[51.01729303994062,57.57832337188841],[50.87516578387706,57.62755803763722],[50.68613507823774,57.481767151458484],[50.54393632771453,57.53062809480494],[50.45021935816476,57.457491337738375],[50.16508678883391,57.55454074810905],[50.07208738548606,57.48109617347318],[49.9291591982176,57.52928400426428],[49.83674040383618,57.4556448030344],[49.40638616862467,57.59896699839692],[49.498364268027544,57.67293865081094],[49.35409425852377,57.72051872804551],[49.632229116806485,57.942273909624966],[49.487166356910244,57.990035391420804],[49.76888605651746,58.21137906690541],[49.914399950659735,58.16327892188188],[50.29703147267423,58.45675770655704],[50.44278028162586,58.40804625332213],[50.53974430550698,58.48108303412988],[50.685277828737846,58.43210301636894],[50.49153147511978,58.28617213344209],[50.63642520833062,58.237270393552535],[50.733206061740546,58.310164926067664],[50.87788422595205,58.26099622724392],[50.97526827665499,58.333686304899615],[50.83045228067072,58.382970576763576],[50.92816659342779,58.455686717849915],[51.21771276736075,58.35673491149886],[51.31616840218093,58.42912801905897],[51.748183686581854,58.27922257487853],[51.847498420121156,58.351173452487515],[52.13395742941693,58.25025743936653],[52.03439535588596,58.17854019348259],[52.17696373199312,58.1279771247163],[52.276646307634074,58.19957758830777],[52.56094646582627,58.09777710126129],[52.661331690063086,58.16904837179951]],[[53.923999715228504,57.70273419009437],[54.0625211199761,57.650209874087174],[53.961093162418095,57.58010773910077],[53.82266711636112,57.63251536846538],[53.923999715228504,57.70273419009437]],[[55.5632131355673,57.06330487339305],[55.697567494744725,57.009133249858415],[55.59514150278004,56.940426063614936],[55.46086031243447,56.994481863271304],[55.5632131355673,57.06330487339305]],[[12.912899105548991,64.66026699144174],[13.328416222115811,64.6522035148067],[13.31769978404368,64.56206035004466],[13.110636361782259,64.56621121553822],[13.100659301296607,64.47605917590636],[13.307060995811533,64.47192316729871],[13.28601304942538,64.29166654453792],[13.491047137288543,64.28729564670593],[13.469010580362072,64.1070931552453],[13.672694653567719,64.10249077027893],[13.63832579011674,63.832277144261255],[13.234695187827798,63.841126105932496],[13.24481309511134,63.9312228419321],[13.04228364947161,63.935271960586995],[13.032795219039784,63.84516110762281],[12.83084336952234,63.848936306417414],[12.82204744241396,63.75881801084601],[13.023373680891106,63.75505592916255],[12.995503492299036,63.48477391542379],[12.796027997886304,63.48849720490582],[12.813313331730518,63.66870543110729],[12.612560897789749,63.672196375857865],[12.620673268529982,63.76232108557136],[12.4192545596462,63.76556505771806],[12.426797758063294,63.855706887358764],[12.02258586769001,63.861437103804455],[12.028919275017001,63.95160494449176],[12.434394554998594,63.945854656571974],[12.449751222431154,64.1261682347531],[12.857608612859309,64.11932602292036],[12.866658415875118,64.20946771638646],[13.071157419581105,64.20563909071132],[13.090754302573085,64.38591317661223],[12.884954227960316,64.38976910522673],[12.912899105548991,64.66026699144174]],[[29.067157753828383,63.52254548066054],[29.45195835842489,63.47354128178973],[29.334726236161686,63.30133029133929],[29.14348802997349,63.325789565350306],[29.201405095875156,63.41198648499565],[29.00936251628619,63.43628973521787],[29.067157753828383,63.52254548066054]],[[32.11046690778139,63.104302221764435],[32.29793131057772,63.07619944539001],[32.231885068600846,62.991391120224286],[32.04488150869079,63.01940415920718],[32.11046690778139,63.104302221764435]],[[32.858319662966196,62.99053127108407],[33.04444224944214,62.96152410112295],[32.97658382375157,62.87708005278263],[32.79090959334336,62.90599536637961],[32.858319662966196,62.99053127108407]],[[43.05824346041572,60.957959715725764],[43.22305792080928,60.91705849472649],[43.134556142636896,60.83863435755176],[42.97001065338701,60.87942331294245],[43.05824346041572,60.957959715725764]],[[53.68389018157484,57.68478211327585],[53.82266711636112,57.63251536846538],[53.72179393977122,57.562197201913285],[53.58311528472797,57.61434759671893],[53.68389018157484,57.68478211327585]],[[55.59514150278004,56.940426063614936],[55.72908294833152,56.886236380681645],[55.62703046509999,56.817540345251885],[55.49316151125385,56.871614648010656],[55.59514150278004,56.940426063614936]],[[29.584586607048532,63.36267124924973],[29.96654969741885,63.31241502312327],[29.906634912664213,63.226543509653865],[30.09666253864553,63.20114691895035],[29.977035686687863,63.029498240129],[29.787984624686572,63.0547306447972],[29.847114458844498,63.14064863850098],[29.276691921883174,63.21519200756496],[29.334726236161686,63.30133029133929],[29.52566478991656,63.27663579443391],[29.584586607048532,63.36267124924973]],[[50.14817344125413,58.82220365767455],[50.29544934617657,58.77360690823145],[50.19797910381279,58.70039872838263],[50.05085292863425,58.74887907366911],[50.14817344125413,58.82220365767455]],[[12.067885498676736,64.49274292950984],[12.274529941133343,64.48993935285553],[12.267258513293433,64.39974382659983],[12.061273683045213,64.40253739314167],[12.067885498676736,64.49274292950984]],[[30.664892611540623,63.12356260416039],[30.853678792874028,63.09723835051355],[30.730204432664525,62.92625826484376],[30.542371274927092,62.95241361582574],[30.664892611540623,63.12356260416039]],[[34.561049835330515,62.52321069060254],[34.74288367027838,62.49218159645571],[34.67161444909959,62.40860766414139],[34.49019421503058,62.439541162134574],[34.561049835330515,62.52321069060254]],[[53.343871117613325,57.59570768440892],[53.48279834755826,57.543814787783255],[53.38293693928615,57.473184339846725],[53.24411182322275,57.52496162537938],[53.343871117613325,57.59570768440892]],[[53.89749629625958,57.38728904902194],[54.172233086522326,57.28223815778412],[54.071889794971675,57.21218501232427],[53.93478631395199,57.26466478256012],[53.83498497981179,57.1943977400049],[53.697634165590244,57.246623076226804],[53.5983762068121,57.1761434935834],[53.32284714865573,57.27994419153348],[53.52141617110139,57.42126546594167],[53.79734007642934,57.31700514272089],[53.89749629625958,57.38728904902194]],[[54.44559460353881,57.1766320146211],[54.71758741691035,57.070474920807364],[54.516641497943,56.9311897940024],[54.38098722209022,56.9841071080884],[54.18198561797127,56.84419448965845],[54.04617257195183,56.89674600704556],[54.44559460353881,57.1766320146211]],[[54.988218191105915,56.963771140175055],[55.12302492106894,56.91021556447509],[55.02208479493883,56.84096811146595],[54.88735792097647,56.89440879362148],[54.988218191105915,56.963771140175055]],[[13.913364586230456,64.36783736193793],[14.118851447012808,64.3626560318927],[14.105763179244086,64.27259857556287],[13.900925796804508,64.27776152648971],[13.913364586230456,64.36783736193793]],[[25.800095803774745,63.61757473267325],[25.995544633685622,63.59726995296608],[25.946746275808152,63.509849360424106],[25.751842368122592,63.53008613388554],[25.800095803774745,63.61757473267325]],[[33.94388478640164,62.531036463440856],[34.126328114250434,62.50075621579677],[34.056747973817394,62.41686121139547],[33.874725805973455,62.4470478208991],[33.94388478640164,62.531036463440856]],[[38.05208501983849,61.78050394446429],[38.22643596427296,61.74536805092897],[38.148014014054475,61.6637450682406],[37.974013902529585,61.69877793524931],[38.05208501983849,61.78050394446429]],[[49.95400753899007,58.675467022587576],[50.100983302483975,58.62710262940692],[50.0044591087483,58.55371923899457],[49.857634420920704,58.601968130854395],[49.95400753899007,58.675467022587576]],[[53.10494005790348,57.57659677227431],[53.24411182322275,57.52496162537938],[53.144806553779716,57.45411896994879],[53.00573975461272,57.505638858361635],[53.10494005790348,57.57659677227431]],[[12.054709516215846,64.31233828138514],[12.260039476691238,64.30955465153691],[12.252872272400287,64.21937177165397],[12.048192489710496,64.22214553744152],[12.054709516215846,64.31233828138514]],[[14.105763179244086,64.27259857556287],[14.310527817713826,64.26717189073074],[14.296889180743998,64.17713893841537],[14.092768621941188,64.18254645371462],[14.105763179244086,64.27259857556287]],[[22.79931529807614,63.80410478421655],[22.997747053691636,63.787576248781136],[22.917851218751515,63.610830247618736],[22.720570760721053,63.62724652517114],[22.79931529807614,63.80410478421655]],[[38.84041121278407,61.52159303618078],[39.012606377665996,61.48555324400463],[38.77501860208718,61.24193990815779],[38.945857505510645,61.20601237627255],[38.86725448085086,61.12481055310711],[38.52588450946895,61.19626197080868],[38.84041121278407,61.52159303618078]],[[49.41499975618088,58.745780143193954],[49.710449991243394,58.650061644922935],[49.61470027455382,58.57636150653018],[49.90840370560531,58.48024917903565],[49.81281429247294,58.406693065670865],[49.51941779225832,58.5025762134542],[49.42459972589438,58.428706373494],[49.13009715998863,58.52373769809201],[49.224598169366175,58.59783568992538],[49.07665343764442,58.64523006488713],[48.888438505734584,58.49672345622853],[48.74046538916672,58.54373263073614],[49.022993050833925,58.766709992839594],[49.31956475055833,58.671850039967396],[49.41499975618088,58.745780143193954]],[[54.786940148433736,56.82494527844946],[54.92158615768384,56.77161912494236],[54.82152680776185,56.70216925205253],[54.686962654847825,56.755381241567434],[54.786940148433736,56.82494527844946]],[[26.47983466283793,63.36045448078273],[26.673168908428032,63.339317948999046],[26.622898725989963,63.25214672875248],[26.430092821527445,63.273213372028124],[26.47983466283793,63.36045448078273]],[[54.55206499693833,56.808457407732774],[54.686962654847825,56.755381241567434],[54.488319672114,56.61595416461777],[54.35359214495779,56.668802968671756],[54.55206499693833,56.808457407732774]],[[25.656312946333554,63.35507119402357],[25.850136587235205,63.33496907050007],[25.80231882772544,63.247509647949144],[25.609030580785117,63.26754511923698],[25.656312946333554,63.35507119402357]],[[29.67088219400827,62.88282621182282],[29.85896660748984,62.85775591225391],[29.74242638531548,62.685921779508035],[29.555298816437293,62.71083201881065],[29.67088219400827,62.88282621182282]],[[34.28026590134242,62.188313185511156],[34.46045501679959,62.15766311050099],[34.39093852129054,62.073941820178646],[34.21115655814663,62.10449852829461],[34.28026590134242,62.188313185511156]],[[52.669498378086224,57.41458475076501],[52.808694177759335,57.36343699282763],[52.61343914082944,57.2208579565863],[52.474463182749666,57.27177790560725],[52.669498378086224,57.41458475076501]],[[11.22140570947176,64.05017450295938],[11.424919518475429,64.04846894836962],[11.420452249565129,63.9582715171432],[11.62330381399283,63.95631059699973],[11.628408504382788,64.04650112937297],[12.03529785977291,64.04177892579449],[12.028919275017001,63.95160494449176],[11.826127321300474,63.954088385545155],[11.81476530296522,63.77374150794546],[11.613202556575729,63.77594825427897],[11.608205236211472,63.685776327843534],[11.005238738529766,63.69082195475988],[11.014678951536286,63.961409272847476],[11.217576127832087,63.9599710915016],[11.22140570947176,64.05017450295938]],[[27.339486416196706,63.07858556459073],[27.530455543258636,63.05639774130293],[27.478280708119307,62.969552318448926],[27.287821074773962,62.99166783579224],[27.339486416196706,63.07858556459073]],[[27.72115571593137,63.03397338071276],[27.911584773266288,63.01131301998765],[27.805562273513647,62.83789770238505],[27.426449768439337,62.882690248175216],[27.478280708119307,62.969552318448926],[27.66847400094863,62.947200915513214],[27.72115571593137,63.03397338071276]],[[29.236820873912393,62.84612839258106],[29.425006331660953,62.82159980996984],[29.254742849337973,62.563273347313206],[29.06799807989628,62.58756766260904],[29.236820873912393,62.84612839258106]],[[47.93787010054329,58.89753246834292],[48.08814702970145,58.85136833822368],[47.902903580996444,58.70133925560838],[47.75298406200995,58.74727749351244],[47.93787010054329,58.89753246834292]],[[48.53683410312798,58.71191075993405],[48.6856832552926,58.66510518280468],[48.59213909422709,58.59058359418523],[48.44345918893159,58.637275751679795],[48.53683410312798,58.71191075993405]],[[25.56206559377447,63.18000681458358],[25.75482157378539,63.160037552652696],[25.70764171244857,63.07255291572783],[25.51541489651818,63.09245640703596],[25.56206559377447,63.18000681458358]],[[26.523362937055673,63.07776054577858],[26.714865968915475,63.05659381268697],[26.665077068598986,62.96944833931401],[26.47409088019598,62.99054588153263],[26.523362937055673,63.07776054577858]],[[38.86725448085086,61.12481055310711],[39.03741211448315,61.088788337191154],[38.95893917529533,61.00763914588232],[38.78910736243529,61.043558826767864],[38.86725448085086,61.12481055310711]],[[48.14503687692265,58.73018126051757],[48.44345918893159,58.637275751679795],[48.35054620340554,58.56256011950124],[48.64721521366668,58.469242972561],[48.55442315766114,58.394672358873606],[48.84935929771265,58.300947836966415],[48.756692397291786,58.2265212150767],[48.609562429962324,58.273350027468304],[48.51751154304135,58.19873094359167],[48.37020216158268,58.24529057770683],[48.27876764455645,58.17048055287784],[48.131283295921705,58.216770989488325],[48.22254852789192,58.291692214364026],[48.07455025930539,58.33793527182663],[47.983456520317986,58.26290290867788],[47.83528695818892,58.30887573037428],[47.7448151062212,58.23365497842064],[47.29878192792384,58.370281610363605],[47.388718129476324,58.44583378627021],[47.23917405661319,58.491164386056575],[47.32937680091347,58.566751397882236],[47.479103582241365,58.52131001858796],[47.56994113805393,58.59670975399665],[47.868713796038456,58.50512033840274],[48.14503687692265,58.73018126051757]],[[49.03605888723589,58.4495566637962],[49.18332698813467,58.40223284479308],[49.089587892604165,58.32808251650812],[48.94248053330061,58.375293180723375],[49.03605888723589,58.4495566637962]],[[52.19549529505267,57.37318703809124],[52.474463182749666,57.27177790560725],[52.18523166280448,57.056874286533244],[52.046258812347936,57.10731201737331],[52.142115062815435,57.17915072655762],[52.002692333347284,57.22955700273819],[52.19549529505267,57.37318703809124]],[[13.840049593735793,63.82746342710194],[14.04170785765101,63.82239039265389],[14.02916724271607,63.732364253026],[13.828131477250114,63.73741969033907],[13.840049593735793,63.82746342710194]],[[25.89962505901629,63.05240962505285],[26.09136258385787,63.03202702534168],[26.043452080363522,62.94466271352032],[25.852235828462177,62.96497860147278],[25.89962505901629,63.05240962505285]],[[27.805562273513647,62.83789770238505],[27.99471758638574,62.81514989469218],[27.941730992261093,62.728489310217036],[27.753071865705035,62.751163825279306],[27.805562273513647,62.83789770238505]],[[28.560554879628988,62.74550675341414],[28.748617663340237,62.72182760475996],[28.693672398943036,62.635466440557416],[28.50609534436194,62.65906980705866],[28.560554879628988,62.74550675341414]],[[29.49806795980581,62.62480181181647],[29.871085880947412,62.57491119968342],[29.698783483304222,62.3171621384709],[29.513820269387395,62.34198519148376],[29.62738679238299,62.513997628795565],[29.441206375360156,62.53874981733278],[29.49806795980581,62.62480181181647]],[[46.693637341206376,59.06428276160794],[46.84603659885156,59.01948936159746],[46.75541111317317,58.943572473032155],[46.907261827758084,58.89872546194378],[46.726999859735486,58.74688995036242],[46.57553676366609,58.79151487279032],[46.665245495025815,58.867580792325214],[46.51323803667678,58.91215134310017],[46.693637341206376,59.06428276160794]],[[23.539339406737085,63.19002093830455],[23.7333173418182,63.172599594728915],[23.692096682770458,63.08447288178391],[23.49866435732866,63.10183644371011],[23.539339406737085,63.19002093830455]],[[26.805837183813797,62.86102278318438],[26.995802234448153,62.83952120642483],[26.89583449296068,62.66543387573115],[26.706878806802624,62.68679668214535],[26.805837183813797,62.86102278318438]],[[28.13012263741318,62.70558177980781],[28.31824476014534,62.682441766694694],[28.264624403861458,62.595910985626794],[28.07699064649793,62.61897692665865],[28.13012263741318,62.70558177980781]],[[29.254742849337973,62.563273347313206],[29.441206375360156,62.53874981733278],[29.384710652750037,62.45267624575949],[29.198719765413347,62.47712207898935],[29.254742849337973,62.563273347313206]],[[32.928246960251144,62.03000899443055],[33.46874159821971,61.94239693043837],[33.40253785747555,61.85817155239138],[32.86328785612366,61.9455169581999],[32.928246960251144,62.03000899443055]],[[10.60317044346628,63.69289221347422],[10.804211390250305,63.691986456817],[10.799264173226792,63.511618048533805],[10.999055252513564,63.510461565291955],[10.995995823461277,63.42029053942865],[10.199212340187033,63.423364019035255],[10.198604565797114,63.333188522692296],[10.0,63.333316153691094],[10.0,63.42349208778028],[9.800787659812967,63.423364019035255],[9.799559313066155,63.603733397217084],[10.0,63.603862350852474],[10.0,63.51367413348664],[10.39964540236964,63.51316009847763],[10.400878009193478,63.60334653979158],[10.60130860249541,63.60270178901727],[10.60317044346628,63.69289221347422]],[[12.411764400181971,63.67542911236607],[12.612560897789749,63.672196375857865],[12.604505360787535,63.58207741495656],[12.404326727888733,63.58529899600039],[12.411764400181971,63.67542911236607]],[[22.722843809586493,63.16885232253596],[22.917107417281827,63.15246494904201],[22.878345170027732,63.06410500595124],[22.684632171293675,63.08043794293702],[22.722843809586493,63.16885232253596]],[[26.376522618102403,62.81607413382671],[26.56648386909072,62.79511362084284],[26.51767331618984,62.70792466672027],[26.328220201794867,62.728817333106385],[26.376522618102403,62.81607413382671]],[[38.97218771939282,60.80927901127544],[39.140681973210675,60.77317165127874],[39.06291915534305,60.69207642133508],[39.23075330427168,60.65587628178929],[39.075928376185146,60.49373882405376],[39.24279720367229,60.457547660436305],[39.16573314259705,60.37650497793346],[38.99917449978916,60.41259560416876],[38.9228551576373,60.331403271427924],[38.756273960822476,60.36720138628208],[38.98560038476039,60.61093136609168],[38.817741092778384,60.646836202547256],[38.97218771939282,60.80927901127544]],[[51.767312445103315,57.20775490347465],[52.046258812347936,57.10731201737331],[51.950839770676616,57.03538288125813],[51.6721298744063,57.13560143622838],[51.767312445103315,57.20775490347465]],[[52.46217988558323,56.9555689330673],[52.60015655543587,56.90470237790676],[52.50428729373308,56.83322169503266],[52.366420369724565,56.88397616925635],[52.46217988558323,56.9555689330673]],[[12.003852007354109,63.59096985747356],[12.204107830422094,63.58826317010454],[12.190611487950452,63.407999888345486],[11.9915801460089,63.41068802177687],[12.003852007354109,63.59096985747356]],[[26.51767331618984,62.70792466672027],[26.706878806802624,62.68679668214535],[26.657885297865917,62.59966158359085],[26.46918269001714,62.6207215056834],[26.51767331618984,62.70792466672027]],[[29.32857742218936,62.3665813041769],[29.513820269387395,62.34198519148376],[29.457580974967765,62.2559463916344],[29.642081573709824,62.23120122256337],[29.585740213627595,62.1452183765384],[29.21738515744136,62.19432812300931],[29.32857742218936,62.3665813041769]],[[32.978377912062214,61.83218294356196],[33.15771522621343,61.80315597020272],[33.092731722877616,61.718777404965756],[32.913805795187095,61.74771653589984],[32.978377912062214,61.83218294356196]],[[57.000674209364405,55.02647348178973],[57.127458116438035,54.971051949526206],[57.02922771760588,54.90335867764644],[56.90249695633586,54.9586706009703],[57.000674209364405,55.02647348178973]],[[11.59831536803858,63.50545067475023],[11.798019962244954,63.50326671333328],[11.792515923544144,63.41312035789274],[11.593422097881293,63.41529683212325],[11.59831536803858,63.50545067475023]],[[12.995503492299036,63.48477391542379],[13.19492926264737,63.480794379271394],[13.185160567103095,63.39072499415531],[12.98634264322641,63.394690909318165],[12.995503492299036,63.48477391542379]],[[30.925682386943755,62.05169312650422],[31.107904639569355,62.02515696512145],[31.0479750239765,61.93981336459515],[30.866192070967895,61.96626771961327],[30.925682386943755,62.05169312650422]],[[52.271093433507055,56.81229239603102],[52.54627920246271,56.71086490513276],[52.35647091212303,56.56767110494469],[52.219261155088304,56.61823363378704],[52.12510532255255,56.54639091122079],[51.57348815114851,56.74677394475692],[51.48021960142263,56.674401537590825],[51.34162769954541,56.72402825309726],[51.52834932714895,56.868906329070036],[51.94387084348789,56.71893227033345],[52.038225756071704,56.790907215653505],[52.17619674975979,56.74051820829073],[52.271093433507055,56.81229239603102]],[[11.394301949728641,63.41721738667027],[11.593422097881293,63.41529683212325],[11.583737116764125,63.23500682493722],[11.385826394102631,63.23691430361414],[11.394301949728641,63.41721738667027]],[[14.165688241070168,63.27708524907259],[14.561326824271532,63.2658775795536],[14.547513270910596,63.175936793488205],[14.15306548739609,63.187106468353086],[14.165688241070168,63.27708524907259]],[[28.239033427407186,62.22660156372952],[28.793802634733247,62.15622374835352],[28.686559662764097,61.98354741141352],[28.31883978683568,62.030399175231565],[28.37136147757343,62.11689384064047],[28.186645687069635,62.14005247198475],[28.239033427407186,62.22660156372952]],[[34.9029006324683,61.21951700925468],[35.25137610115101,61.156722183178246],[35.18254244134187,61.07341276350528],[35.00883429497663,61.10482161446883],[34.94077890418068,61.02138342244433],[34.76712936231235,61.052494734155296],[34.9029006324683,61.21951700925468]],[[42.10604574437519,59.69461128245925],[42.26616606507982,59.654975049901616],[42.184155011959206,59.57583312668952],[42.343676014389004,59.53612142301665],[42.26184912853347,59.45702503849314],[42.10258539747128,59.49663226854132],[41.940757853687515,59.33805558294077],[41.78167601710783,59.377275745391614],[41.70167066574072,59.297798049476526],[41.54251854678597,59.336735440302405],[41.70243803952407,59.495839371072016],[41.86211306652009,59.45669636644567],[42.10604574437519,59.69461128245925]],[[48.68244150986934,57.83477505316086],[48.82790121708149,57.78792227831754],[48.736979001920396,57.71342809433808],[48.59167913046119,57.760170722778106],[48.68244150986934,57.83477505316086]],[[51.24970408042154,56.968166959303176],[51.38919017900887,56.91860920477808],[51.29573830897818,56.846103137030696],[51.15637607390524,56.895550312427694],[51.24970408042154,56.968166959303176]],[[11.583737116764125,63.23500682493722],[11.979478022159967,63.23042938557026],[11.967542174832003,63.050193494647644],[11.770877905598162,63.052592952685124],[11.776231463380022,63.14271621625336],[11.578944712867813,63.14487054453096],[11.583737116764125,63.23500682493722]],[[12.177301782778814,63.22775954463851],[12.770547839809518,63.218226394382235],[12.753852535594424,63.038072913324896],[13.146755829225482,63.030500088103146],[13.156257875233377,63.120548523165354],[13.353226418642226,63.116370210231345],[13.33310972067153,62.93630653075319],[12.941478006319564,62.94435599342661],[12.93268856757041,62.85430466303057],[12.542038072214082,62.861326140901355],[12.526950183349307,62.681191990319356],[12.13845495706505,62.687171652965944],[12.144819343256344,62.77725609357627],[11.949942831366013,62.77988131230022],[11.967542174832003,63.050193494647644],[12.164174910342043,63.047541690126835],[12.177301782778814,63.22775954463851]],[[29.290999425857148,61.99770211487312],[29.65698158282541,61.948449193735335],[29.545871229404028,61.77648584072432],[29.18169316241428,61.825434675459675],[29.290999425857148,61.99770211487312]],[[30.02187235052806,61.89830193956172],[30.203904214384128,61.872894282885234],[30.146836488523387,61.78715633621772],[29.96524796316928,61.81248580024226],[30.02187235052806,61.89830193956172]],[[38.9228551576373,60.331403271427924],[39.08910434773677,60.29541266164135],[39.01290747158525,60.214271119544726],[38.84696699625894,60.250162230521866],[38.9228551576373,60.331403271427924]],[[51.01668822156579,56.94485183489772],[51.15637607390524,56.895550312427694],[51.063475438343964,56.82284736590339],[50.92391398640441,56.8720387106044],[51.01668822156579,56.94485183489772]],[[56.86319028831115,54.64455326010673],[56.98916271020686,54.589318578193044],[56.89240683036769,54.52143340211092],[56.76648855186543,54.57655988800027],[56.86319028831115,54.64455326010673]],[[10.592192020854618,63.151841517538],[10.789574465620959,63.150954210498675],[10.787193674369513,63.060803107957],[10.590406311658555,63.06168741547934],[10.592192020854618,63.151841517538]],[[28.686559662764097,61.98354741141352],[28.87002823463318,61.959782803640294],[28.8164574327183,61.87348943711626],[28.63344734195218,61.89718024505288],[28.686559662764097,61.98354741141352]],[[30.870420831940113,61.683629687987455],[31.58949794783081,61.576595203606395],[31.529348266316294,61.49147500365998],[31.707983604071092,61.46425482820911],[31.6477868837751,61.37918988831438],[32.003371165858944,61.32426748883108],[31.942720966158486,61.239339978006306],[32.648824049550875,61.12726164491313],[32.52542166531066,60.957986978271016],[32.7004381205247,60.929604919351],[32.63890039434887,60.84500717619227],[32.81324169822672,60.81649869397426],[32.751683937325694,60.731954945538725],[32.92535541181309,60.70332101092966],[32.86378019155171,60.618831001896],[33.03678710748956,60.590072573701306],[32.91396998374699,60.42116955621605],[32.74172074990437,60.44976199990534],[32.50188176206201,60.1112749464094],[31.644139971207906,60.249518251587226],[31.417345656881633,59.909009193830855],[31.07547397122832,59.96224132387357],[31.186681773032543,60.13285288088372],[31.014603167634473,60.15931047382478],[31.070313980276016,60.2446556504879],[30.897594165632025,60.270980952937116],[30.953245449845024,60.35637800572633],[30.779879608104707,60.3825700213508],[30.83546842831987,60.468019156010186],[30.661451699642008,60.49407687645126],[30.71697506000238,60.579578297050205],[30.542302542263393,60.6055007017603],[30.59775738537739,60.69105461061799],[30.422424133883155,60.716840666695084],[30.533526631399976,60.88803057684459],[30.357116750664602,60.91375541126286],[30.41276221639786,60.99939186238304],[30.058331787424876,61.05034887665954],[30.113480711785066,61.13611472396705],[29.935454217072095,61.161344803470335],[29.99051836865772,61.24716412157232],[30.168968670582338,61.221858047385446],[30.33749679517961,61.47895087943789],[30.51695965477529,61.45319531382359],[30.631923688297373,61.62431698951872],[30.811970010085577,61.59818494291362],[30.870420831940113,61.683629687987455]],[[28.8164574327183,61.87348943711626],[28.99920663150695,61.849574075267306],[28.892169854969286,61.677076244579624],[28.52822566403613,61.72438880325578],[28.580670354754503,61.81079398417457],[28.763224307946537,61.78717651990973],[28.8164574327183,61.87348943711626]],[[47.681612957549255,57.841002602248494],[47.828244915380665,57.795261454342054],[47.73945137415313,57.71998767086324],[47.59299098686185,57.76562029222957],[47.681612957549255,57.841002602248494]],[[51.663354938171864,56.50247664057002],[51.80086638873627,56.45252903488426],[51.70808645265063,56.3803115233151],[51.57069159035762,56.430149746747794],[51.663354938171864,56.50247664057002]],[[8.234438986084909,62.962475318681484],[8.430541618608661,62.96461514062875],[8.435236211194038,62.87449590141008],[8.239719582989311,62.87236325690835],[8.234438986084909,62.962475318681484]],[[11.373330765561239,62.966503347813095],[11.76556101391509,62.962475318681484],[11.749826647241827,62.692155620787915],[11.555470120995153,62.69427405928835],[11.56476378880596,62.87449590141008],[11.36922243430903,62.87637777418989],[11.373330765561239,62.966503347813095]],[[22.04375426092092,62.49257557174572],[22.234075640608882,62.477092409634196],[22.198378863160084,62.38857995961142],[22.008585324344377,62.40401295635129],[22.04375426092092,62.49257557174572]],[[29.127555005599596,61.73927015588527],[29.309328242471658,61.71498228148513],[29.255082656914823,61.62887206298141],[29.07375604831744,61.65308535229422],[29.127555005599596,61.73927015588527]],[[37.53014998715735,60.331992685799825],[38.031933743207375,60.2283881822627],[37.813086075167924,59.98293231028579],[37.14726739219504,60.1195355199045],[37.29017791114501,60.28397929920649],[37.45775263366182,60.249930717582366],[37.53014998715735,60.331992685799825]],[[51.84516456728382,56.330330766971976],[51.981926499071996,56.280207989011295],[51.797154421411285,56.135947859592726],[51.66062047976739,56.185853054309305],[51.84516456728382,56.330330766971976]],[[45.72373093914382,58.223970587913655],[46.02386715396687,58.13662420953069],[45.93794384279717,58.06002077061183],[45.638201486328356,58.14715401119469],[45.72373093914382,58.223970587913655]],[[47.063969327003036,57.82578620454253],[47.21124075187028,57.78073743803471],[47.12382904848943,57.70499066652371],[46.97673616090555,57.7499320245229],[47.063969327003036,57.82578620454253]],[[10.195044789609103,62.7922604685913],[10.390086516614728,62.79188526684059],[10.388928135070456,62.701752104025985],[10.77783202189863,62.70025634505284],[10.780148534409143,62.79038450723265],[10.975162703001844,62.78925898728588],[10.972267297236362,62.699134575058984],[11.166687422766811,62.697763580147516],[11.163236772849855,62.60764928012059],[10.775531176707421,62.61013376988595],[10.77324584219254,62.52001672258143],[10.579944775101307,62.52088346582341],[10.5816588826955,62.61100339002011],[10.193890294618116,62.611997272537906],[10.195044789609103,62.7922604685913]],[[25.536727683500978,61.98281467093202],[25.722181805047498,61.9629737109474],[25.457736358889026,61.438084015166844],[25.640111851814396,61.418384655852165],[25.55324362102743,61.24344845526847],[25.371799116734067,61.26302689239367],[25.414632481101737,61.35056120376993],[25.23251505420836,61.36997386474962],[25.536727683500978,61.98281467093202]],[[26.461747909419678,61.881310058371],[26.8301521155463,61.83910470051367],[26.73516660578481,61.66496145781873],[26.552022127779853,61.68604642105779],[26.59889483365252,61.77319101311401],[26.41505013520102,61.7941141241152],[26.461747909419678,61.881310058371]],[[27.747013831168307,61.72961500285123],[27.929659600342195,61.70703921446256],[27.879231959890603,61.620384143299724],[27.697044576937053,61.642890236998305],[27.747013831168307,61.72961500285123]],[[39.20459252635777,59.781585844767044],[39.69392086485258,59.67225318620959],[39.618057280777734,59.591459226526716],[39.78023459302839,59.55473939375769],[39.704500741476345,59.47399399791845],[39.86607304726433,59.437186834850245],[39.790469487196845,59.35648967512311],[39.62918101096593,59.393198642460575],[39.55427233153171,59.3123537192301],[39.39295379642673,59.34877975295303],[39.542610305891145,59.5106154062136],[39.217876829845956,59.58329862658759],[39.292742672241076,59.66433848911432],[39.12960630293686,59.70049674450633],[39.20459252635777,59.781585844767044]],[[45.487838711715156,58.19047387893123],[45.638201486328356,58.14715401119469],[45.55310036762316,58.07026889010486],[45.40293795172772,58.11348282013955],[45.487838711715156,58.19047387893123]],[[17.36220382952587,62.522793252323545],[17.55445291073334,62.51325395095602],[17.532317940641782,62.423748045386716],[17.340621740482593,62.43325609005139],[17.36220382952587,62.522793252323545]],[[45.85244859466042,57.98334787575204],[46.0016346853769,57.93964191953777],[45.91637081837905,57.863005896218034],[45.76737866403784,57.90660602230141],[45.85244859466042,57.98334787575204]],[[46.44724280026945,57.807548999314776],[46.74269159680049,57.71868010631071],[46.5707103357505,57.566398368762876],[46.42351485185433,57.610700891940375],[46.338337585743524,57.5343483487919],[46.191007680872474,57.578385058103436],[46.27599919785979,57.65484296396031],[46.12816318726539,57.698824033810716],[46.21338632864195,57.77531788249607],[46.36141001799595,57.73123110934349],[46.44724280026945,57.807548999314776]],[[11.74465275647037,62.60205993184369],[12.13213357528768,62.59709249793493],[12.12585476850267,62.50701857235728],[12.318977868546252,62.50417210866121],[12.312175625224459,62.41411272959996],[12.504697949256798,62.41102923795213],[12.475716022826953,62.05088175145232],[11.904721184423773,62.05928237799593],[11.89923650897974,61.96923037636003],[11.709392449559783,61.97153650868426],[11.699615685257081,61.791432299823036],[11.888375183348817,61.78914099299952],[11.872348056084116,61.51904261796662],[11.685188989357984,61.52131205555616],[11.689966504229426,61.611347403930516],[11.314518614570419,61.61518218542151],[11.322025539197705,61.79529172576981],[11.133200353428682,61.79685975484247],[11.146327801656158,62.15715867404128],[10.955299302813362,62.158502825803055],[10.960879539674169,62.338691948859065],[11.153023445958178,62.33733897166631],[11.15640501459981,62.42743703440505],[11.54176365608734,62.423982020083706],[11.546301688556943,62.51407401363587],[11.739513724500078,62.511969585936455],[11.74465275647037,62.60205993184369]],[[26.36864883546328,61.706904453284245],[26.552022127779853,61.68604642105779],[26.50544573961948,61.59888780797487],[26.32254129175739,61.61968116895373],[26.36864883546328,61.706904453284245]],[[28.010610061710025,61.51105147688521],[28.19185560175715,61.48816780789798],[28.141157324907667,61.40161807974164],[28.50201827898155,61.355324817635484],[28.450748367628087,61.26889824372034],[28.80974397330797,61.22186338712911],[28.75791752687909,61.135560627711484],[28.578978547800695,61.159116752555676],[28.527904219145732,61.0727240005344],[28.349156878398393,61.09599017350855],[28.29882970854929,61.00950899316979],[28.120277869069767,61.03248626277919],[28.220370086889726,61.205569818512004],[27.680656773670194,61.27359431285752],[27.779322948604595,61.447022836354755],[27.960360931027733,61.42443176117598],[28.010610061710025,61.51105147688521]],[[38.40050894097004,59.7617151704981],[38.72840225520493,59.69091572402747],[38.65483671690989,59.6095368816166],[38.32754774218265,59.68014410238224],[38.40050894097004,59.7617151704981]],[[6.715998686688896,62.48623321096835],[6.908914639197711,62.490314916607474],[6.917975342017655,62.40030114086265],[6.725622883582552,62.396232859258845],[6.715998686688896,62.48623321096835]],[[36.50531144188904,60.054766866551866],[36.6725047102028,60.021680982710315],[36.5341082193119,59.85653197867299],[36.36757310684747,59.88943445343545],[36.50531144188904,60.054766866551866]],[[39.790469487196845,59.35648967512311],[40.272436518728604,59.24525561424969],[40.196409331579304,59.16480306130567],[40.356157253365176,59.12745663877785],[40.28026725198439,59.047051202242805],[39.9610050898873,59.12136489091553],[39.8860704572539,59.04071298113085],[39.72624822617827,59.077497978743395],[39.80090556662964,59.15824714397348],[39.640494283031394,59.194945575646614],[39.790469487196845,59.35648967512311]],[[45.38417207314781,57.91629498369293],[45.53361225563474,57.873127230427315],[45.44958112879792,57.7961441150686],[45.300339417164025,57.83920717047301],[45.38417207314781,57.91629498369293]],[[45.98000664511244,57.74264354930004],[46.12816318726539,57.698824033810716],[45.95897266454656,57.54562887271877],[46.10643282635678,57.501857881856836],[46.02227201184996,57.42526192049727],[45.874999996530384,57.46892853202864],[45.79143889690367,57.39216032441968],[45.644042967739814,57.43556187220301],[45.98000664511244,57.74264354930004]],[[23.66130791112577,61.71062997450839],[23.846186195153958,61.693160998109235],[23.768304708814505,61.517088415018165],[23.584400628486577,61.53444842392604],[23.66130791112577,61.71062997450839]],[[24.39964958128596,61.63936993048511],[24.583739718649692,61.62097951393405],[24.542739160190607,61.53317251874318],[24.35913007434684,61.55150568145081],[24.39964958128596,61.63936993048511]],[[35.36210645196693,60.08271902216169],[35.530424827237695,60.050999428251075],[35.46381474770764,59.96782411772382],[35.295838382613674,59.9994548835927],[35.36210645196693,60.08271902216169]],[[12.681476160492537,62.227637697211726],[12.872801768789422,62.224085007813],[12.864473779264125,62.13407294138658],[12.673701421106912,62.13761406347579],[12.681476160492537,62.227637697211726]],[[35.6314984295499,59.93599517496196],[35.7988885584297,59.903968609173816],[35.731984539835715,59.820934248911584],[35.56493045261145,59.85287173451023],[35.6314984295499,59.93599517496196]],[[36.63140678220574,59.74089088610502],[36.7970183783369,59.707690265052356],[36.72814833162854,59.62519778299143],[36.56285843051718,59.65830723229611],[36.63140678220574,59.74089088610502]],[[38.4365697717081,59.36512207886839],[38.760832880264054,59.294333291726225],[38.61614002842174,59.131539852787284],[38.4547471027587,59.16683871217563],[38.52660292515539,59.24835290696242],[38.36461386123252,59.28355893550782],[38.4365697717081,59.36512207886839]],[[41.93543940214133,58.54606118080152],[42.09089425604866,58.5067656870052],[42.01273200697407,58.42744356097627],[41.8575216853185,58.466639094726546],[41.93543940214133,58.54606118080152]],[[42.246035223060304,58.46729510605518],[42.400862125834145,58.42765000052997],[42.32221757153636,58.348528385543254],[42.16763069699383,58.38807313831661],[42.246035223060304,58.46729510605518]],[[46.16922991905453,57.381434619018776],[46.315873877161316,57.337447168919404],[46.148042872233326,57.18446634347515],[46.001767424377164,57.228245921340914],[46.16922991905453,57.381434619018776]],[[48.76099349947862,56.565676571861594],[49.04274908535142,56.47196860666066],[48.868666741828996,56.322968967695445],[48.58750394926294,56.41625563287063],[48.76099349947862,56.565676571861594]],[[26.683501373053257,61.20836691716079],[26.863894915964824,61.187157789204484],[26.81740340269954,61.10012249821249],[26.637460088981097,61.12126717123299],[26.683501373053257,61.20836691716079]],[[36.72814833162854,59.62519778299143],[36.8931415030214,59.591894946019174],[36.82433926373079,59.50945311332795],[36.659664425091876,59.54266492492455],[36.72814833162854,59.62519778299143]],[[16.648121603358472,61.92260149523059],[16.836880685578528,61.913995744972254],[16.817335530346188,61.82441151972236],[16.62910795377165,61.83298969553039],[16.648121603358472,61.92260149523059]],[[32.96381875764021,60.22351387142484],[33.1347701043923,60.194675126923364],[33.07387488486016,60.11028424494424],[32.90329232170508,60.1390407651138],[32.96381875764021,60.22351387142484]],[[37.64327327937729,59.340517575879154],[37.80616735118475,59.306159048634804],[37.73589421732555,59.22422673236041],[37.5733034758731,59.25849280191269],[37.64327327937729,59.340517575879154]],[[41.31325801297332,58.50339582174294],[41.469151007828174,58.46482718493553],[41.39253812882818,58.38509684247074],[41.23689573636733,58.42356707282852],[41.31325801297332,58.50339582174294]],[[44.969155713017756,57.53019463249774],[45.11760284649955,57.48754590086613],[45.035631575790795,57.41023225308962],[44.88738320596871,57.452778510912836],[44.969155713017756,57.53019463249774]],[[21.66926889862296,61.51812004400861],[21.85395665317078,61.50317098633394],[21.820722140421886,61.414602577191495],[21.636528280798,61.42950494739927],[21.66926889862296,61.51812004400861]],[[26.411990667632484,61.05501207369198],[26.59170421109615,61.03415333648208],[26.54623118800137,60.947025531284055],[26.366965113230773,60.967821180353475],[26.411990667632484,61.05501207369198]],[[35.09929821896071,59.749445449177415],[35.26625566203366,59.71807829973894],[35.201149706076244,59.63475738085544],[35.03452953649628,59.66603760293708],[35.09929821896071,59.749445449177415]],[[37.08375716655261,59.36015225010207],[37.24723430402628,59.326456111151764],[37.17826212727678,59.244205716413695],[37.01509441612851,59.277810806765615],[37.08375716655261,59.36015225010207]],[[37.73589421732555,59.22422673236041],[38.060184907703764,59.155128518962144],[37.98970029012202,59.07333802324696],[37.828001480904064,59.107888705057256],[37.75819920242114,59.025962432951474],[37.596504718243736,59.06023327360613],[37.73589421732555,59.22422673236041]],[[24.199598388700814,61.199955693967446],[24.38131033229838,61.18184795897278],[24.34158475551769,61.09399307360735],[24.16034043513175,61.11204533270153],[24.199598388700814,61.199955693967446]],[[33.01333399689165,60.02586345906996],[33.183278955524564,59.99698513361016],[33.122725964297224,59.91261641771506],[32.95314453957827,59.94141301297436],[33.01333399689165,60.02586345906996]],[[36.35951230084788,59.410318158729616],[36.52384310328252,59.377479360298466],[36.45649979473584,59.29482728361237],[37.434518101957025,59.09431584594067],[37.29725236974001,58.92997120315191],[37.13557948884087,58.963683953017366],[37.203721651645715,59.04596734628341],[37.041457990389866,59.079581327667626],[36.973620261322516,58.997207972715636],[36.32293336001707,59.129406087026176],[36.38953083920012,59.212136090765505],[36.225834435020595,59.24479681046918],[36.35951230084788,59.410318158729616]],[[41.62619673703169,58.228040804973446],[41.934848954512475,58.150069628238356],[41.85805634923113,58.07062396670907],[41.54988846589576,58.14839872552052],[41.62619673703169,58.228040804973446]],[[44.95406438882178,57.33285388884191],[45.10180753629977,57.29024675480245],[45.02044507855032,57.2129058532107],[44.87289870034411,57.25541126067885],[44.95406438882178,57.33285388884191]],[[12.077107327330154,61.7866086929913],[12.265809392486242,61.78383545883628],[12.259358951943065,61.693814951540396],[12.447492142414061,61.69081049588631],[12.426804201437541,61.42080496784164],[12.240258444498684,61.42378086225145],[12.252950582864218,61.60379905337002],[12.065317821952656,61.60655458902613],[12.077107327330154,61.7866086929913]],[[25.60482885666569,60.961332995936694],[25.78448804561991,60.94148712663804],[25.741355679028853,60.854085932453025],[25.562146874396312,60.873871818184924],[25.60482885666569,60.961332995936694]],[[26.501038498036607,60.859883871920864],[26.679645362675416,60.83893020646746],[26.634289722801714,60.751837701749466],[26.456123648858323,60.77272847261168],[26.501038498036607,60.859883871920864]],[[32.27214971168435,60.05456278869974],[32.442796507054354,60.0265818596219],[32.38405529117111,59.94186070866086],[32.21377952918798,59.96976207139491],[32.27214971168435,60.05456278869974]],[[33.122725964297224,59.91261641771506],[33.292038241481144,59.883617190059034],[33.23147544485105,59.79930029310211],[33.06252299262727,59.828217827861366],[33.122725964297224,59.91261641771506]],[[35.468136777190615,59.48842477647492],[35.63357538854051,59.456643592601594],[35.56821269246917,59.37351177673266],[35.40310216383893,59.40520587891265],[35.468136777190615,59.48842477647492]],[[37.75819920242114,59.025962432951474],[38.40204390616874,58.88700726013282],[38.33145174319038,58.80540648245771],[38.49138955472837,58.7702952643807],[38.420892732947685,58.68874244405507],[38.73932170325386,58.6181518980727],[38.66863973027949,58.53673916547977],[38.985344385933445,58.46560082974037],[38.77389740477373,58.22164502831977],[38.93099336919356,58.18607953769049],[38.86098549641622,58.104761944264936],[38.704161698327916,58.14023600787233],[38.63479481343074,58.0587823333868],[38.477962421395006,58.09398471253009],[38.409234644327874,58.01239644049185],[38.09528365003552,58.08207729492277],[38.23199897989088,58.24557030754898],[37.59852129392638,58.38345826853584],[37.6662922529975,58.465499643399305],[37.506935916242824,58.49960063676979],[37.574783283477196,58.58168982483912],[37.73442964085181,58.54749918127905],[37.802936185059,58.629456566130585],[37.962588374270155,58.59499034832811],[38.1012995824885,58.758595215795545],[37.94106777832122,58.79324359353162],[37.87181463824007,58.7113714781107],[37.71158584114757,58.74574278386022],[37.64299900672077,58.66373731286088],[37.48277742288796,58.697832060322746],[37.75819920242114,59.025962432951474]],[[41.240510311706785,58.225474958234955],[41.39535055617323,58.18702442990907],[41.319682777806946,58.107230916621354],[41.16508979975732,58.145584209702434],[41.240510311706785,58.225474958234955]],[[9.246649026895305,61.70920231037564],[9.434977275867535,61.71004402606776],[9.436581169503068,61.619976324559715],[9.24878742707181,61.61913729707592],[9.246649026895305,61.70920231037564]],[[42.240929323344275,57.87345578910255],[42.54560229980554,57.794151183888],[42.468428946838394,57.715086043628844],[42.16421765060697,57.794194108861184],[42.240929323344275,57.87345578910255]],[[45.086528799463736,57.09293446189207],[45.67169611577883,56.92105875713533],[45.50904708603419,56.76706767452064],[45.363582173746146,56.81007464884805],[45.44452292348102,56.88720398285369],[45.00576682386329,57.01556649534524],[45.086528799463736,57.09293446189207]],[[12.628116966731348,61.59757004227343],[12.81564526267282,61.59409670989148],[12.799790671415105,61.41413998479156],[12.613315813787462,61.41759131776418],[12.628116966731348,61.59757004227343]],[[22.269508338724595,61.10320210353646],[22.451590852878123,61.08752308513627],[22.38317628029187,60.91071917523016],[22.202043472063714,60.92630224226966],[22.269508338724595,61.10320210353646]],[[24.62294421394194,60.88169802149953],[24.802692042172346,60.86308380068601],[24.762334955184073,60.77536810744611],[24.583041696220157,60.79392605301646],[24.62294421394194,60.88169802149953]],[[32.66468615607763,59.80085628536833],[32.83380846358748,59.77242409824885],[32.77465619230652,59.68788610053384],[32.605895252339856,59.716238328582094],[32.66468615607763,59.80085628536833]],[[41.552205233476585,57.95034750800258],[41.70565659326625,57.911568339099226],[41.63004401756858,57.83195916862148],[41.47683275229576,57.87064138840805],[41.552205233476585,57.95034750800258]],[[22.77998975557508,60.96718086056249],[23.14202413375018,60.93433130925439],[23.070291579961722,60.75790978709633],[22.710123780890818,60.790559718894],[22.77998975557508,60.96718086056249]],[[32.77465619230652,59.68788610053384],[32.94315575565889,59.65933198472524],[32.82515483139308,59.49032948872605],[32.657369270095494,59.51872417769196],[32.77465619230652,59.68788610053384]],[[36.093638492413305,59.0791220697673],[36.256704507980004,59.046637573881945],[36.190841461039035,58.96383084908678],[36.02808913438944,58.99622792093461],[36.093638492413305,59.0791220697673]],[[36.35331535809978,58.93124304889313],[36.51551009636899,58.89846504318538],[36.44939126027029,58.81579532967137],[36.611000011623325,58.782915593357544],[36.54493819071162,58.70029484788671],[36.2220555203079,58.76569028678689],[36.35331535809978,58.93124304889313]],[[37.16148345264503,58.76546144696574],[37.322272033051966,58.73174028077487],[37.25464449498811,58.64951347707027],[37.09415328213136,58.683145438608115],[37.16148345264503,58.76546144696574]],[[40.322823174100186,58.056100726153204],[41.09502238024705,57.8675330945455],[41.020907558957724,57.78752934003334],[41.174223710797925,57.74938633486574],[41.10024722395199,57.66942616394325],[40.94717428147246,57.707473974928526],[40.87381991360999,57.62736737083363],[41.02665004247299,57.58941431115935],[40.95342955995788,57.50935114646875],[41.10573157547539,57.471319435625816],[41.32724796508313,57.711069736526255],[41.47998007269064,57.67258007118557],[41.4055234093334,57.592810914312345],[41.55772615744275,57.554244520656646],[41.40947746054701,57.39473919006134],[41.71207754632588,57.317473280579904],[41.78647945856774,57.39706179547883],[42.08839037086632,57.31892309973988],[42.01353008804587,57.239525824745336],[42.16382554047294,57.20029780227091],[42.089115875924676,57.120942002630166],[41.939046309652646,57.16007455567446],[41.864936516143175,57.08056967063949],[42.01478047985429,57.04153215670531],[41.94081685930153,56.96206864081857],[41.79119820785253,57.001011543744674],[41.71782890483742,56.92140054512887],[41.86722254087093,56.88255182731835],[41.79399507057852,56.80298208462111],[41.64482614672004,56.8417370410075],[41.42799282820212,56.60243509978091],[41.57648949666411,56.56395890739999],[41.29147239802979,56.24454200843541],[41.14386746266412,56.282652315142315],[41.21437168598886,56.362673424737295],[41.066278173631126,56.40070733158446],[40.85647751863165,56.16022443271484],[40.56085270401934,56.2352488278243],[40.423605017783856,56.07432732253968],[40.27585922235508,56.111410361837855],[40.20797013743245,56.030790604618375],[40.06019774052803,56.067617687314254],[39.92587883781501,55.90606452731488],[39.778313543108894,55.94254919223612],[39.91217136266968,56.1042763917622],[39.76389131884413,56.14076625815173],[39.69702919155013,56.0598383549173],[39.548730111254734,56.09607214065498],[39.615357935379784,56.17708682668548],[39.31753251196844,56.24921823120555],[39.384018175950324,56.3303617100619],[39.68231853467546,56.25805661082579],[39.749614161717204,56.33898119150725],[39.450837856416236,56.41146078855999],[39.51799383164061,56.49251516628998],[39.367980470376864,56.52858581131525],[39.23448669571242,56.36625813349432],[39.084701504182775,56.401983189240234],[39.01869793249383,56.320666928118236],[38.71885722281747,56.39142924197711],[38.784371525836036,56.47291734772612],[38.934662983045214,56.437536414775884],[39.00075520614413,56.51889552309561],[38.85021764320628,56.55436266211308],[38.91639786586859,56.63576489389755],[38.765357453359854,56.67114540803207],[38.898230720063324,56.83399340775649],[39.8035598121959,56.618070293617215],[39.87197942164671,56.698899966959374],[40.17214195215834,56.62537161059525],[40.241384793999586,56.70597591045042],[40.690347666937384,56.594134880438865],[40.55080694829778,56.43341817713796],[40.69946768777652,56.395978966404925],[40.629988142286386,56.315637978894685],[40.778157783264824,56.27812013628843],[41.059076225601615,56.59882994942424],[40.90999411908764,56.63670966735745],[40.98087333852194,56.71685470257142],[40.83129113538639,56.75465661962234],[40.90229483058808,56.83484353849323],[40.75220861062269,56.872567175686854],[40.96667433791202,57.113105069014715],[41.11746268681665,57.0751043759916],[41.045378171309615,56.99506776435967],[41.195655560627245,56.95698944383389],[41.267972555123976,57.03693307591446],[41.56815588891231,56.960080659553554],[41.64129822635914,57.03978565344527],[41.49111711635212,57.0783904661038],[41.564398898009664,57.158137244291176],[41.41370564915976,57.196666289399325],[41.340655091700945,57.116825477600145],[41.03888921619622,57.19318407925846],[41.111471379690485,57.27321235740822],[40.959930840132785,57.31122836400773],[40.887585855611405,57.23110665988911],[40.43199729101548,57.34384145956396],[40.3607414433811,57.263391737725236],[40.66426323441301,57.18859262767192],[40.59288789111055,57.1082783133162],[40.1379163019966,57.2199417770429],[40.27957590809794,57.38107372738957],[39.66710624908528,57.5282593216935],[39.59709398980331,57.44735119024807],[39.443537016529575,57.48361820761799],[39.51329454749088,57.5646173223736],[39.35920587606902,57.60079895246915],[39.42906872610265,57.681842832357155],[39.58341469726359,57.64557002563295],[39.65390002768671,57.726475982790575],[39.49929620112849,57.76284040302429],[39.56989088936866,57.84379132860064],[39.72475312257232,57.80733485544104],[39.79597658790655,57.88814630133561],[40.105363021610735,57.814516891766885],[40.322823174100186,58.056100726153204]],[[41.55481939666274,57.75229628360551],[41.70749643721578,57.71353782115248],[41.632419797966016,57.63391786474062],[41.47998007269064,57.67258007118557],[41.55481939666274,57.75229628360551]],[[43.813957843390504,57.153076896576124],[43.96219906631537,57.11179054314801],[43.72818643058443,56.877148422065126],[43.58056491027783,56.9181394494318],[43.6579781988588,56.99651116160454],[43.50985782861639,57.037435651189],[43.58744608477011,57.11584656032732],[43.735775009521824,57.07482378128263],[43.813957843390504,57.153076896576124]],[[44.55219987461848,56.94500700241683],[44.84542189009316,56.8606396250892],[44.76583396488565,56.78308159406159],[44.473003546496,56.8672496860655],[44.55219987461848,56.94500700241683]],[[23.250120379220792,60.74124769861123],[23.429776420682902,60.72436132039631],[23.393324609507793,60.63624133005221],[23.572348796305516,60.61918262375229],[23.535667280783155,60.53110629917754],[23.178356415009116,60.56489841322757],[23.250120379220792,60.74124769861123]],[[41.93642122562962,57.556077930592785],[42.23925062830307,57.47755413475308],[42.16362969769384,57.398265998494956],[41.86125982707788,57.476596806052136],[41.93642122562962,57.556077930592785]],[[38.86098549641622,58.104761944264936],[39.01752661332725,58.06910743074184],[38.94761880121219,57.98783597904662],[38.79134709727339,58.023399250371604],[38.86098549641622,58.104761944264936]],[[39.4854494068773,57.96106638627211],[39.64085540136368,57.924695269386646],[39.56989088936866,57.84379132860064],[39.41474593346537,57.88007019380128],[39.4854494068773,57.96106638627211]],[[42.23891198617823,57.27959917528908],[42.38914414567215,57.24010622240677],[42.313833544798584,57.160900934870654],[42.16382554047294,57.20029780227091],[42.23891198617823,57.27959917528908]],[[32.48394205327253,59.26476984108305],[32.65066737775182,59.23661101823607],[32.535987158719585,59.067324804553834],[32.36996153638923,59.09532852896634],[32.48394205327253,59.26476984108305]],[[34.63144135296349,58.88329703020891],[34.794815737405514,58.85258509983451],[34.73294521859195,58.76900253163116],[34.56989424209091,58.79963169907904],[34.63144135296349,58.88329703020891]],[[42.46355393974346,57.121335735629906],[42.61298657637283,57.081602717205264],[42.537611183044774,57.00253441830808],[42.38839847318644,57.04217142440587],[42.46355393974346,57.121335735629906]],[[14.59756720433685,60.91749481213183],[15.147426425542033,60.89890015910963],[15.133297376113545,60.80915105389557],[14.584936181665388,60.82768825019023],[14.59756720433685,60.91749481213183]],[[29.73175572181277,59.601921711965495],[29.901969171348036,59.57708724071167],[29.850620879940323,59.49124435040111],[29.68078869767326,59.516008529438814],[29.73175572181277,59.601921711965495]],[[36.18851051560353,58.48473407560159],[36.50902813158066,58.41948166346466],[36.44409237946697,58.33679394385356],[36.12417546607655,58.40187459928882],[36.18851051560353,58.48473407560159]],[[42.23889998599919,57.0816407889584],[42.38839847318644,57.04217142440587],[42.31361779535723,56.96295220859409],[42.46261081535285,56.923410786883224],[42.31372528751965,56.76499905385402],[42.16517090840517,56.804350581998726],[42.23920942707422,56.883678468889855],[42.090153991420344,56.92295744815517],[42.23889998599919,57.0816407889584]],[[10.734595405940267,60.89878793787489],[11.285446338209084,60.89493122116885],[11.278408179499488,60.71491296808456],[11.095810109700407,60.71642284937615],[11.09282200279956,60.62641543595427],[10.728580179640787,60.62873132354082],[10.734595405940267,60.89878793787489]],[[29.51072920354479,59.540566373135434],[29.68078869767326,59.516008529438814],[29.630117640427006,59.430074727074185],[29.460439598731543,59.45456314901277],[29.51072920354479,59.540566373135434]],[[32.7017651125763,59.03912256830261],[32.86729434840767,59.01072229625299],[32.752529555124624,58.841634881928734],[32.58768628664559,58.86988012819913],[32.53112682549018,58.785217385547604],[32.366381812812456,58.81318891518142],[32.47913261306811,58.98264017426145],[32.644564867027725,58.954515259069666],[32.7017651125763,59.03912256830261]],[[36.60364854015397,58.30397324984019],[36.76293560664481,58.2709663144325],[36.69775990591067,58.18841275402743],[36.538767085244785,58.22133346556834],[36.60364854015397,58.30397324984019]],[[36.921952925297866,58.23777364055631],[37.555312176483845,58.10315563984149],[37.356523601678354,57.85667993913424],[37.51333964582741,57.82282885280068],[37.57953058109205,57.904940832779914],[38.04920191481323,57.80203531491932],[37.98218218042041,57.72018643769943],[38.13792602559172,57.685610900628554],[38.07098659331947,57.603807963388086],[37.75977509357179,57.67260329927213],[37.82616948239167,57.754581606286635],[37.66988845749368,57.78879590998977],[37.537998549469215,57.62462402891114],[37.84919565827665,57.55636333899552],[37.78322384084125,57.47438971507578],[38.09282323867145,57.40558394430669],[37.960837851205696,57.24185989333048],[38.1147115984618,57.20736264336018],[37.98356200905375,57.043645662298715],[37.830215830476824,57.077970841685335],[37.89535762890713,57.159935847923315],[37.74148985956913,57.19416907894584],[37.67661339441059,57.11211851169883],[37.52275521121164,57.14608819957189],[37.58736444885906,57.2282240578336],[36.96829703155023,57.36265194320612],[37.16087449325046,57.60984279475525],[37.31685429586281,57.576250546111304],[37.447498304458904,57.740676283870734],[37.134160616111984,57.80802297964031],[37.06922581901721,57.725657845358434],[36.912443294942754,57.75897190707454],[36.84813336979347,57.67648234249138],[37.00463398915972,57.64325355483988],[36.940382636039665,57.5608103885395],[36.313961600627934,57.6922912500534],[36.50432123331392,57.940521792625674],[36.34620581448763,57.9731864349787],[36.41004829939211,58.055939779493244],[36.56845529537757,58.023190211693006],[36.69775990591067,58.18841275402743],[36.85648504533883,58.155306610582144],[36.921952925297866,58.23777364055631]],[[38.027469468390805,58.00026661367726],[38.340869719096155,57.930764607505004],[38.20521798963374,57.76737152545974],[38.04920191481323,57.80203531491932],[38.11657602193907,57.88384200647178],[37.96001410736387,57.91841356669506],[38.027469468390805,58.00026661367726]],[[44.518651447151356,56.35252949932577],[44.663376077213236,56.310536516228844],[44.585686756320655,56.23280464832086],[44.44115300909424,56.274700165524756],[44.518651447151356,56.35252949932577]],[[39.75037561890087,57.410908545508185],[40.05611136804065,57.33749838286985],[39.98570912399253,57.25681680794452],[39.83322750518857,57.29351794571444],[39.693994457075874,57.131831497719645],[39.8459811468995,57.09531158838875],[39.77665047424923,57.014488606488555],[39.92812186503165,56.97788546712135],[39.997697308273054,57.05861824210716],[40.149142597752615,57.02175195088127],[40.079324312299484,56.94110960810765],[40.230257481864804,56.90416151809595],[40.16055200927408,56.82356209031214],[40.00985929124916,56.86041994581362],[39.94074512446113,56.77968329096979],[39.18450631082131,56.96093705403514],[39.25239210914174,57.04211938751181],[39.10010049266064,57.077937911933304],[39.37413956431442,57.4025730122144],[39.680471795062026,57.33004469154061],[39.75037561890087,57.410908545508185]],[[42.0163366027848,56.84353500632081],[42.16517090840517,56.804350581998726],[42.091499798519344,56.72496892067838],[41.94288635020947,56.764059212307664],[42.0163366027848,56.84353500632081]],[[8.72507759329437,60.624910197402066],[8.907177997200439,60.62641543595427],[8.910147304054494,60.53641221280002],[8.728541437080649,60.534911587132534],[8.72507759329437,60.624910197402066]],[[8.546952294191927,60.53318018163942],[8.728541437080649,60.534911587132534],[8.731983555177276,60.444917079687826],[8.55088569092943,60.44319096179125],[8.546952294191927,60.53318018163942]],[[28.125463185178965,59.36065073834189],[28.295507560839525,59.337811289181765],[28.248655883854198,59.25133146788301],[28.0789987275771,59.27410640532713],[28.125463185178965,59.36065073834189]],[[30.151822854051197,59.072980819174596],[30.319255729170376,59.04768032209887],[30.267899919892265,58.96201179434054],[30.100832175009618,58.987242143277655],[30.151822854051197,59.072980819174596]],[[33.7813624750927,58.47033099385863],[34.10551654790722,58.41084558567387],[33.98739552499371,58.24293550907918],[33.8260830068339,58.27261579583723],[33.88466205262436,58.35666545539494],[33.722782849278914,58.386232940364366],[33.7813624750927,58.47033099385863]],[[38.226191548958575,57.56914064598504],[38.381128637136044,57.53429422020675],[38.31400352649997,57.45262486656806],[38.15933329275627,57.48738336273812],[38.226191548958575,57.56914064598504]],[[42.90274727264078,56.40807003814868],[43.04920429731629,56.36791660113576],[42.974771355390246,56.28908648152259],[42.82852149764877,56.32914541449881],[42.90274727264078,56.40807003814868]],[[10.362325929282822,60.450095978753126],[10.543482973415653,60.44952050511675],[10.542016557793454,60.359516028481806],[10.361348281596582,60.36008974986912],[10.362325929282822,60.450095978753126]],[[42.240772484182315,56.48773998905894],[42.38812191919374,56.44833849491456],[42.31488981041363,56.36907742933087],[42.16775476432749,56.40838550536442],[42.240772484182315,56.48773998905894]],[[31.37747529892245,58.69458244316536],[31.542368201133772,58.667822855466916],[31.435464651486882,58.49751554806791],[31.763181172672663,58.44369608506288],[31.603011549580128,58.18848584380185],[31.765514213070166,58.16150018380886],[31.712379606693762,58.07645258386725],[31.55021126766739,58.10336616959728],[31.44548133658025,57.93305348195588],[31.28375851831922,57.95963030022796],[31.18083704338439,57.78908028141209],[31.01956231158896,57.815323024783005],[31.173369843981295,58.07132284825901],[30.685234163149104,58.149510455733456],[30.634697959343534,58.063991460018705],[30.471895852846185,58.08959313970203],[30.572564112804343,58.26074679895037],[30.736051974630065,58.23500701482553],[30.78715362728435,58.32048097897212],[30.950767587565394,58.294474468375626],[31.106837037227347,58.55054676325821],[31.271264186258467,58.524129905898675],[31.37747529892245,58.69458244316536]],[[34.950069558532455,58.06085865000047],[35.109640696444515,58.0298510445954],[35.04889136706739,57.946409886741996],[34.88962476789087,57.97733641127055],[34.950069558532455,58.06085865000047]],[[35.90370182672407,57.872006622767664],[36.06175004149829,57.839879798454085],[35.999214510156435,57.75693201316854],[35.841459108439295,57.78897580681912],[35.90370182672407,57.872006622767664]],[[38.555241674315454,57.30103718907492],[38.70885105541898,57.26583339246119],[38.64163638137727,57.184342026835175],[38.48828667864954,57.21945796348518],[38.555241674315454,57.30103718907492]],[[41.94790368912832,56.368027717121294],[42.38866626327154,56.25038299109508],[42.315937062946574,56.17110793929361],[42.46210563244196,56.13165680748568],[42.38952070842156,56.05242104362327],[42.24356211437387,56.091779637719156],[42.1715391299772,56.01239844085171],[42.317287993364,55.97313198040556],[42.173870150729066,55.814395363560315],[42.02853999028275,55.853478760888],[42.099865839581796,55.932964699509824],[41.807995506610915,56.01082297657036],[42.02279214535126,56.24951745360192],[41.87581611593036,56.28847487751284],[41.94790368912832,56.368027717121294]],[[42.53504504682537,56.21083891550242],[42.681152553992696,56.17113105975909],[42.60800474830722,56.09204206435095],[42.46210563244196,56.13165680748568],[42.53504504682537,56.21083891550242]],[[11.078160014572534,60.176440065963206],[11.257818449027411,60.17495759880211],[11.25112479765414,59.99500407102517],[11.072422042583966,59.99647763098712],[11.078160014572534,60.176440065963206]],[[17.51949991273516,59.97996346107117],[17.69715597965469,59.97032863691284],[17.676807313538472,59.880962461843744],[17.85390725403191,59.87113311110225],[17.833225571294086,59.78179603569394],[17.65658276034129,59.79159626786042],[17.636481210672848,59.70223003215022],[17.460199180326445,59.711779427836106],[17.4212632602354,59.53299066133318],[17.77193029101412,59.51378339243803],[17.751744766509262,59.42444529899216],[17.576903685687412,59.43413084072027],[17.537780599403515,59.25539740229887],[17.18960220307529,59.273999437693156],[17.226950188735138,59.45284173225398],[16.876648346701067,59.47067116986352],[16.858811441084097,59.381197852091525],[15.808676084061048,59.429242891541065],[15.823815560109963,59.518857276240226],[15.999476485554533,59.51137950103412],[16.015162031033242,59.60097322323868],[16.367169452951174,59.5853072817816],[16.38386199951301,59.6748559753202],[16.73646752517872,59.6582537980356],[16.754175975292867,59.74775433489469],[16.930811880978144,59.73909436879677],[16.949087260077384,59.82856994995032],[17.126095593939542,59.81966098752865],[17.107362440222246,59.730211777899115],[17.283825566374983,59.721106737691244],[17.30301568577259,59.81052893142665],[17.479845437868445,59.80117396301613],[17.51949991273516,59.97996346107117]],[[35.30565018366722,57.80068272053811],[35.463866764696206,57.76927708580859],[35.40287303654867,57.68601175453949],[35.244953168181766,57.71733614916954],[35.30565018366722,57.80068272053811]],[[38.26832479204688,57.17268783076816],[38.42167695109611,57.13783593581492],[38.355410065632654,57.056171405439486],[38.20231822116751,57.09093653447752],[38.26832479204688,57.17268783076816]],[[10.0,60.0905501910005],[10.179226990114357,60.0904364824135],[10.178750183793502,60.00044523108171],[10.0,60.00055859801303],[10.0,60.0905501910005]],[[16.612278354561354,59.93524523103891],[16.789918946279094,59.9267577486538],[16.771992789548243,59.83725564153141],[16.59481429519855,59.84571788934248],[16.612278354561354,59.93524523103891]],[[10.536241514836208,59.99953830948999],[11.072422042583966,59.99647763098712],[11.069579573418864,59.90650212105131],[10.891336822524597,59.907745296977176],[10.888982461262026,59.81776980534025],[10.355608504577324,59.820136185636926],[10.356550394453963,59.910118760914],[10.534819996479888,59.90955363520386],[10.536241514836208,59.99953830948999]],[[36.28274842329341,57.411381759509354],[36.43863263301994,57.378852894049174],[36.376276196833544,57.296090882614514],[36.22067354842395,57.32853715191547],[36.28274842329341,57.411381759509354]],[[36.749646866981735,57.31325038975404],[36.904775671926174,57.28017768900276],[36.778725204313396,57.1151148496333],[36.62414741049791,57.14802100518533],[36.749646866981735,57.31325038975404]],[[38.136651432761006,57.009143446680525],[38.28948361712992,56.97446466831857],[38.22389522115534,56.89271601703466],[38.07132203988716,56.92730885750074],[38.136651432761006,57.009143446680525]],[[17.812669593880734,59.69245873858383],[17.988762274449563,59.68246573920031],[17.967880006122407,59.59315759255413],[17.792238202473552,59.60312119816749],[17.812669593880734,59.69245873858383]],[[36.064822224737235,57.36080150638636],[36.22067354842395,57.32853715191547],[36.15892450365372,57.245656249642856],[36.00335574973729,57.27783871740964],[36.064822224737235,57.36080150638636]],[[36.376276196833544,57.296090882614514],[36.531629539853725,57.263463163148224],[36.46932095768577,57.180746931950864],[36.31424644972653,57.213292167404916],[36.376276196833544,57.296090882614514]],[[10.177805360983331,59.82047425355812],[10.355608504577324,59.820136185636926],[10.354672386077226,59.73015734850475],[10.177337291473565,59.73049441069053],[10.177805360983331,59.82047425355812]],[[34.43424200201383,57.589573647044595],[34.59224122226303,57.559232528809424],[34.533715800902726,57.47551484385807],[34.376016753416245,57.50577766942724],[34.43424200201383,57.589573647044595]],[[35.84754083153504,57.309839110129325],[36.00335574973729,57.27783871740964],[35.942211867798896,57.19484029329482],[35.78668049359528,57.22675950897549],[35.84754083153504,57.309839110129325]],[[37.70093796012546,56.913919084071956],[37.85375932908785,56.879764323758344],[37.78935717146952,56.79776272925562],[37.63679716752007,56.83183289317734],[37.70093796012546,56.913919084071956]],[[41.737093425359596,55.93115490178245],[41.882947691183105,55.89239876264198],[41.81217776678165,55.81277021217085],[42.10268054615617,55.73494850471981],[42.173870150729066,55.814395363560315],[42.318938011239574,55.77514903737937],[42.17648789964294,55.61638522609296],[42.32088263946825,55.577158592963556],[42.03924263404421,55.25936967815848],[41.895666222612704,55.29823669895494],[41.82629793610662,55.21857215273528],[41.53880171828419,55.295644086902605],[41.60775713794205,55.375485981784465],[41.751837665297685,55.33694228316704],[41.89116249188781,55.49629782053403],[41.74666654307429,55.53501985271103],[41.67704470098884,55.45527801133412],[41.53250313062547,55.49374816951167],[41.46342482647701,55.41386734553911],[41.31884092699334,55.45208592492542],[41.4569092851478,55.6119753894573],[41.60191541135387,55.57357919411009],[41.67166382571854,55.653360095088935],[41.5264461177475,55.691845684408236],[41.737093425359596,55.93115490178245]],[[10.709327198358025,59.72880913342098],[10.886642524039374,59.72779800744734],[10.884316880783386,59.63782984547452],[10.707466562154874,59.63883797367997],[10.709327198358025,59.72880913342098]],[[36.40733754652826,57.09799384610665],[36.71619135807728,57.03252679480473],[36.653981979872725,56.94990133154471],[36.49995196167145,56.98264257084299],[36.37704189759792,56.81711713802],[36.22331505551261,56.84951599941233],[36.40733754652826,57.09799384610665]],[[37.78935717146952,56.79776272925562],[38.09372315137501,56.72909412565078],[38.02913481044084,56.64722145417123],[38.18068462553308,56.612708912792755],[38.11617045792858,56.53088003230525],[37.96487518739666,56.565308005843505],[37.900941998402764,56.48335405692731],[37.74965389746797,56.51752331459145],[37.87733467305313,56.68155893326429],[37.72528469168577,56.715720889456314],[37.78935717146952,56.79776272925562]],[[11.061156320237489,59.63659772951799],[11.237982706780771,59.63514165024672],[11.234747198363792,59.54518500923316],[11.058382767099012,59.54663678638772],[11.061156320237489,59.63659772951799]],[[30.145654970424115,58.14020727615318],[30.471895852846185,58.08959313970203],[30.421979721490718,58.00398337095895],[30.259307417564937,58.02932070462773],[30.21000795783207,57.94362147163989],[30.04746851730873,57.96869525699731],[30.145654970424115,58.14020727615318]],[[40.86530322534474,55.96207406493031],[41.01202201172632,55.92432314135309],[40.94301216823911,55.84414560875038],[40.79651400883399,55.88180768670939],[40.86530322534474,55.96207406493031]],[[11.234747198363792,59.54518500923316],[11.41109654415782,59.54350995876262],[11.40376904364781,59.363616866714274],[11.22833494753673,59.365282082928324],[11.234747198363792,59.54518500923316]],[[30.584441152341956,57.97845018373002],[30.746690609900348,57.952721551676575],[30.696373505692186,57.867226684135694],[30.534461553627153,57.892886780671255],[30.584441152341956,57.97845018373002]],[[35.355262298324284,57.12346643876778],[35.510708608611,57.09207204982876],[35.45108208434852,57.00880855059744],[35.29592023922378,57.04012357946088],[35.355262298324284,57.12346643876778]],[[35.82088254628996,57.02873752743975],[35.975608848391985,56.99679829278088],[35.91513972838241,56.913774714707465],[36.069347459923954,56.881735341166376],[36.00891617294991,56.798756884862364],[36.316063155818036,56.734299924907596],[36.25539892616247,56.651446709482975],[35.64125020931228,56.779322210857224],[35.82088254628996,57.02873752743975]],[[38.56856056606078,56.42655185735982],[38.71885722281747,56.39142924197711],[38.653672462428254,56.30989863284616],[38.50362254557582,56.34493608582528],[38.56856056606078,56.42655185735982]],[[13.340620471546806,59.42051019436866],[13.867126669335763,59.40683154538522],[13.857111940255948,59.31702363020138],[14.032071567642033,59.31203524979028],[13.970575357825131,58.77332410221525],[14.14283390172528,58.76820452334289],[14.111607946760861,58.49892159782915],[13.769629384432083,58.5088581332383],[13.788667306781926,58.6884349447708],[13.616753023791212,58.69310671926962],[13.580610137067046,58.333908414753395],[13.750814280622782,58.3292894595377],[13.760194220702433,58.419072804169474],[14.10132138708071,58.40916441637325],[14.091094998111744,58.31940905089389],[13.92097652695146,58.32445630926483],[13.891907721874365,58.055158259025774],[13.385067249492431,58.06889866975158],[13.410365977582435,58.33831309175512],[13.24008368667592,58.342503411196645],[13.224010349428559,58.162868251371016],[13.05453405145231,58.16682179296622],[13.046984878011934,58.076996247243386],[12.877892590606997,58.080726006641946],[12.892197107673734,58.260400236604546],[12.552241983066953,58.267259818561804],[12.558611002936138,58.357119660254476],[12.388166424393015,58.360237135622086],[12.400162774084418,58.53998183936465],[12.228836563363075,58.54290108997749],[12.234456743088987,58.632785606420384],[12.406214171032586,58.62985801649676],[12.418424962971896,58.809618294562526],[12.591024512919462,58.806456044105616],[12.604261405493569,58.986208957511955],[12.77771042012072,58.98280938679342],[12.784832077045847,59.07268012950816],[13.132516874103029,59.06520254224007],[13.156831626942552,59.33476596969013],[13.331963817533765,59.33066223791584],[13.340620471546806,59.42051019436866]],[[15.268936458003111,59.360609286494885],[15.793627871915977,59.339629862549366],[15.778670116464916,59.250018150840326],[15.952985181825523,59.242605734185695],[15.937673756836903,59.153016821052525],[15.415856047217671,59.174532039411844],[15.40196008765298,59.08488194309067],[15.054643089282532,59.0980903504503],[15.041710390247882,59.00840354210354],[14.868402523517798,59.014661157960965],[14.906103485173546,59.28378144208168],[15.255320280123879,59.27093641448202],[15.268936458003111,59.360609286494885]],[[15.96838889626785,59.332195793631726],[16.317694556442735,59.3166671170386],[16.301400882682966,59.22712225240583],[15.952985181825523,59.242605734185695],[15.96838889626785,59.332195793631726]],[[29.558613128315553,58.04273755609294],[29.721769960410743,58.018253698286934],[29.67377105384117,57.93233371733102],[29.5109603715017,57.95675192421106],[29.558613128315553,58.04273755609294]],[[29.884722139704834,57.99357279921289],[30.04746851730873,57.96869525699731],[29.998782313332782,57.88290785728363],[29.836378748738156,57.907718896729946],[29.884722139704834,57.99357279921289]],[[34.98488667311502,57.10220659190292],[35.14052153733482,57.07125640792861],[35.081775436400754,56.987801418807884],[34.92642767654069,57.018673264621725],[34.98488667311502,57.10220659190292]],[[31.931305146550553,57.57001650046434],[32.09095709263411,57.542691355405445],[32.038255275579054,57.45778007456957],[31.87892266516122,57.48503387602313],[31.931305146550553,57.57001650046434]],[[37.5350223428943,56.46935662888297],[37.686299892669446,56.43544562616711],[37.62326714110015,56.35332837622404],[37.47224569692978,56.38715652283638],[37.5350223428943,56.46935662888297]],[[40.51363224372711,55.758450883752054],[40.659942186163285,55.72113099529807],[40.52469791454025,55.560264476827854],[40.37882999299939,55.597409824254875],[40.51363224372711,55.758450883752054]],[[42.68172884950388,55.181461836465374],[42.82423807031026,55.1417042165332],[42.75333704557461,55.06262872018791],[42.611023653146624,55.10229619918207],[42.68172884950388,55.181461836465374]],[[30.112223267413928,57.77215942095867],[30.27387720598594,57.74702411470968],[30.176492435226894,57.575611114199994],[30.01551011684039,57.600613540470576],[29.919851884706958,57.428984940841644],[30.080168350437486,57.40411397504379],[29.890637187166018,57.06087164368441],[30.049446004306297,57.03606806642143],[30.002377385976455,56.950270806153924],[30.160670058138113,56.92534087580025],[30.11353332114145,56.83958745799595],[30.271313241998026,56.81453199802659],[30.177159590889598,56.64309166939879],[30.334115113410025,56.617975888427154],[30.287099879224073,56.53228861250665],[30.755884273767922,56.456007394106244],[30.70818971586938,56.37049263194128],[31.019140744058785,56.31883463392622],[30.971088163914526,56.23342822690425],[30.660746110442542,56.284956052631145],[30.613551593048097,56.19939778808541],[30.303064091533905,56.25005331224971],[30.34964626779927,56.33573959626402],[30.193814528478825,56.36085135501315],[30.147540699152156,56.27510162514892],[29.991832149877936,56.29996316148799],[30.084004209706297,56.47156838958656],[29.770785085841638,56.52098032797122],[29.816609750126066,56.606878566124415],[29.973627683806562,56.58220377380901],[30.066648615710346,56.75381338361483],[29.908996014458307,56.778615074515045],[29.955561363059044,56.86445309981472],[29.639045423760248,56.913613451421156],[29.685215472681463,56.99955854337398],[29.52634831576903,57.02391560978065],[29.618785075890248,57.19587355170161],[29.778306965350176,57.171389292849774],[29.872413259978302,57.3431399595269],[29.712230945853406,57.36775277394741],[29.806701674558163,57.53955226550798],[29.484409649095724,57.58845492979059],[29.57856765017089,57.76043383132644],[30.063733796369593,57.686396889252606],[30.112223267413928,57.77215942095867]],[[30.596566576801607,57.696170070961465],[30.757599854038745,57.670452133003465],[30.707774193849815,57.58495853350351],[30.54707247142111,57.61060862730102],[30.596566576801607,57.696170070961465]],[[32.98966140417339,57.29027911190474],[33.14745571321329,57.26170317575913],[33.092859605849355,57.17727366755323],[32.93537135644545,57.205776069734945],[32.98966140417339,57.29027911190474]],[[36.86574300787552,56.52071533702128],[37.01773017776986,56.4875895924623],[36.894681022306,56.32258250915356],[36.74321793616141,56.355545861583465],[36.86574300787552,56.52071533702128]],[[37.169476701668785,56.45428757775875],[37.47224569692978,56.38715652283638],[37.40978738830753,56.30491751342125],[37.10753447439979,56.37188443557305],[37.169476701668785,56.45428757775875]],[[16.269105261253657,59.048035098973],[16.442321750686727,59.040010979653864],[16.425881891303533,58.95049173294824],[16.25310161197562,58.95849273947334],[16.269105261253657,59.048035098973]],[[35.88898988554011,56.632694569324826],[36.042136152716665,56.60071547392499],[35.98236461113979,56.51771138819075],[35.829490432966125,56.54961118327615],[35.88898988554011,56.632694569324826]],[[14.174620559366364,59.03750553637968],[14.348144626122487,59.03212257431959],[14.337045520320775,58.942369015396075],[14.163961794773156,58.94773644189085],[14.174620559366364,59.03750553637968]],[[16.425881891303533,58.95049173294824],[16.598587402627217,58.942273434812016],[16.58181207305294,58.85277839683538],[16.40953956261044,58.860973110354266],[16.425881891303533,58.95049173294824]],[[30.818385890472914,57.473667462101666],[30.978345029419458,57.44770003764067],[30.780207494004653,57.10595448786966],[30.621542194341586,57.13165237902383],[30.57299278119877,57.046093536573004],[30.414448904544475,57.07153468979337],[30.462676634511325,57.15715963968129],[30.14434880746531,57.207600730774175],[30.240285528035862,57.379050037552965],[30.400202354786025,57.35379351460672],[30.351776160798956,57.268145361538885],[30.51116558926191,57.242763054429346],[30.608935240221058,57.413904716920875],[30.768773983890313,57.3881970232906],[30.818385890472914,57.473667462101666]],[[34.907372868512866,56.73724020303755],[35.06163591918966,56.706419647039944],[35.00382470085396,56.62291166096781],[34.84984321680386,56.653655115882486],[34.907372868512866,56.73724020303755]],[[40.311920685737064,55.516819462348074],[40.45756820127822,55.479760802360474],[40.39076391883873,55.39921058849728],[40.245336401038436,55.43618294702163],[40.311920685737064,55.516819462348074]],[[16.754008560395878,58.84436715553606],[16.92612710746309,58.83573954246673],[16.908592042336625,58.746293655094036],[16.736902613424796,58.75489661382757],[16.754008560395878,58.84436715553606]],[[34.386537091993546,56.74479733221284],[34.54119870411715,56.714598378100135],[34.42816395804287,56.547028236649645],[34.274072827815935,56.57707602492919],[34.386537091993546,56.74479733221284]],[[38.629542778902554,55.83186999816928],[39.07312746463526,55.725972865745106],[39.00868300034594,55.6446107073938],[38.56580742431685,55.750256575579556],[38.629542778902554,55.83186999816928]],[[41.54533846330528,55.09753288516496],[41.83151656920523,55.0204910758704],[41.694669619184566,54.86098785440065],[41.55211003285303,54.89941401177371],[41.484374017328285,54.819501063199304],[41.198933152826875,54.89569770009212],[41.06523777973268,54.73538101932484],[40.92256808429172,54.773065790878604],[41.12296860421027,55.01372734999487],[41.26625932629202,54.975784194710535],[41.333907205984616,55.05582238878813],[41.47716046255311,55.01763073717113],[41.54533846330528,55.09753288516496]],[[14.843641671043281,58.835256461853284],[15.01607531755005,58.82903480250873],[14.978188550449058,58.559993230190464],[15.833010949576751,58.5259233370341],[15.862472921246802,58.7050881249181],[16.03409960855028,58.697586990204705],[15.973824992770405,58.33934542714903],[15.463837333717803,58.360954253693244],[15.450242732200282,58.27133477482981],[14.77109369796534,58.29708080817904],[14.759248831211044,58.20738999784749],[14.589743040875309,58.21327615311314],[14.567089701720102,58.03386563735262],[14.398364534410247,58.039506958851725],[14.366102132172902,57.770354339914384],[14.030971756657113,57.78091226435979],[14.050780915424706,57.96040477476889],[14.219187497073914,57.95520218491426],[14.2611678196665,58.314147775177176],[14.431193120829526,58.30867257665112],[14.464602614067964,58.57785246912283],[14.635851197024815,58.5721148814741],[14.647548596250566,58.66182851997316],[14.819173264604688,58.65585841104135],[14.843641671043281,58.835256461853284]],[[34.63868562977378,56.60052402292798],[35.406054501584066,56.44629079192295],[35.34801130739626,56.36294915659742],[35.65282054280675,56.300154891742345],[35.711407928560455,56.38334111632577],[35.86374045864334,56.3515987637889],[35.80488351329101,56.268490686255234],[35.956717893490065,56.23664900021543],[35.89789447035625,56.153584772657126],[36.04923429171836,56.12164437730195],[35.99044558758192,56.038623754719886],[35.8393703179856,56.070486183783906],[35.7811433353297,55.98735345696699],[35.63010759613836,56.01896210143537],[35.57244026082643,55.93571852588845],[35.4214471081808,55.96707391593823],[35.536542813732375,56.133681180628976],[35.384791798066004,56.16501290739134],[35.270232596094424,55.99825256892443],[35.11879735010162,56.0292540714427],[35.17566121421099,56.112726696377244],[35.02373478619615,56.14362639386054],[35.08061837391853,56.22714272041113],[34.928197254011465,56.25793997004882],[35.04229525851024,56.42502839313043],[34.58203247191652,56.516799159030086],[34.63868562977378,56.60052402292798]],[[38.12077742567124,55.85437289053751],[38.41770292951062,55.78513254794102],[38.354522084283595,55.70339487712193],[38.05807996769537,55.772470131245015],[38.12077742567124,55.85437289053751]],[[40.03362390902472,55.39222189053385],[40.179075017898995,55.355500575281084],[40.11313443204428,55.27477264096508],[39.96790414685127,55.31140862395078],[40.03362390902472,55.39222189053385]],[[16.20565730747268,58.689870100778094],[16.548558138634114,58.67378962871756],[16.51569415945224,58.494802378355125],[16.174491830834103,58.51079167942438],[16.20565730747268,58.689870100778094]],[[36.1083230790355,56.20463026060089],[36.2596984772985,56.1724348950482],[36.20034600257668,56.08952763982525],[36.04923429171836,56.12164437730195],[36.1083230790355,56.20463026060089]],[[40.40287014999414,55.201006343925485],[40.69163755672877,55.126583845751775],[40.62515049642956,55.04615245625307],[40.33681241109506,55.12040365007476],[40.40287014999414,55.201006343925485]],[[29.139069123965314,57.268169803555274],[29.299165066032547,57.24426417795931],[29.253482255557067,57.158168680822975],[29.093718963913904,57.18201177361886],[29.139069123965314,57.268169803555274]],[[34.31629896780148,56.37933486640283],[34.62268950755388,56.31899706998034],[34.566631689637425,56.23525417561615],[34.719219357305974,56.20489054714855],[34.60741484901007,56.03746144645398],[34.455378192429556,56.0676757495266],[34.51086193670702,56.151480335673384],[34.052625021418365,56.24126981479779],[33.99797606240937,56.15724365988758],[33.69197158052457,56.21605572434985],[33.74605598158158,56.300228004907105],[33.89944779562868,56.270839326893054],[33.95409742778284,56.35490942283169],[34.26079986803174,56.29544247422449],[34.31629896780148,56.37933486640283]],[[41.27456272290644,54.777631609836504],[41.416958300168126,54.73953936826894],[41.34986086536894,54.659529230913414],[41.207668777990875,54.697535356990606],[41.27456272290644,54.777631609836504]],[[34.87158728029279,56.174347815478505],[35.02373478619615,56.14362639386054],[34.967142007115584,56.06007801084257],[34.815267215461745,56.090723975252956],[34.87158728029279,56.174347815478505]],[[41.06523777973268,54.73538101932484],[41.207668777990875,54.697535356990606],[41.14109079602266,54.6173913331125],[40.99886454629753,54.65515143040133],[41.06523777973268,54.73538101932484]],[[33.28460047525416,56.38730499259309],[33.43863156318416,56.35846124091762],[33.33188177536762,56.1897990122542],[33.17842540955341,56.21849928376399],[33.28460047525416,56.38730499259309]],[[42.41042408717966,54.27038854555302],[42.68987446837402,54.191544750454796],[42.621464499927704,54.11230172332866],[42.48204618427334,54.15171461267071],[42.41413833880731,54.072333721539124],[42.27467124459185,54.11150419565752],[42.41042408717966,54.27038854555302]],[[11.706139494221375,58.370558999899814],[11.876679709698552,58.36830083660907],[11.872005867313826,58.27840944536812],[11.70188995359265,58.28066123418487],[11.706139494221375,58.370558999899814]],[[33.53865060281301,56.24519058583407],[33.69197158052457,56.21605572434985],[33.6381662999919,56.13185471071084],[33.48512899206877,56.16091735568639],[33.53865060281301,56.24519058583407]],[[34.150658100556726,56.12756726128256],[34.30312571199457,56.09771115630113],[34.24820165044948,56.01380221571896],[34.096011345870394,56.04358482733995],[34.150658100556726,56.12756726128256]],[[34.400178419044316,55.983840614075255],[34.70348859405768,55.923382051693245],[34.592845136571846,55.75591580215948],[34.74363804374697,55.725568005159424],[34.79908800932017,55.80924257477474],[35.10056749025433,55.74786816324651],[34.98888291354119,55.5807850312585],[35.13877111217924,55.549982630348666],[35.02768382835117,55.38292118897778],[35.32577947869966,55.321088613850605],[35.214768605631996,55.154195873164696],[35.06634137176527,55.185051610636364],[35.121451085338244,55.26858768081851],[34.823454657468154,55.329924037768166],[34.878320196312394,55.41357561421315],[34.57896441651755,55.47435877480806],[34.36323845442226,55.138987342669566],[34.21430451812027,55.16882709197023],[34.4289735397502,55.50448672642254],[34.128369069729075,55.56421341906792],[34.23626282116982,55.732153844363154],[33.93374346399114,55.79146048591432],[34.04164465014319,55.959572762259235],[34.34526059716937,55.89997512377241],[34.400178419044316,55.983840614075255]],[[35.90805509053611,55.674469120415125],[36.05763980268154,55.64256537767654],[35.9998041459905,55.55952745567532],[35.85047674640044,55.59135452660943],[35.90805509053611,55.674469120415125]],[[28.236341061887103,56.843172324159006],[28.395177519875634,56.82040357703985],[28.352255735723716,56.733956688788304],[28.193748933174376,56.75666651746114],[28.236341061887103,56.843172324159006]],[[33.37891208251309,55.99228649901551],[33.53138508294231,55.9633672127596],[33.478405183431384,55.879081086937546],[33.32621282590913,55.90792922631294],[33.37891208251309,55.99228649901551]],[[36.38816065435601,55.380163380126774],[36.53635652005006,55.34772083235478],[36.478090171964325,55.26492131783581],[36.33014379855097,55.29728683722336],[36.38816065435601,55.380163380126774]],[[37.27402433255666,55.18293732939706],[37.42089213364778,55.14946933854415],[37.36116166432882,55.06713743752365],[37.21453397670361,55.10052685894094],[37.27402433255666,55.18293732939706]],[[28.66874141916633,56.68796208145996],[28.826718113560553,56.66467798967258],[28.783050714989496,56.578392451782236],[28.62539800671049,56.60161670363987],[28.66874141916633,56.68796208145996]],[[31.17432755644591,56.292726890447064],[31.329320685020342,56.266433810866374],[31.232263388108542,56.09586124977283],[31.077870627389625,56.12202266299512],[31.17432755644591,56.292726890447064]],[[36.478090171964325,55.26492131783581],[36.625818017739135,55.23238413364441],[36.567592806163816,55.14962637657295],[36.42011217393413,55.18208663039411],[36.478090171964325,55.26492131783581]],[[32.96934794440535,55.88055952585928],[33.12166733166714,55.852141944725005],[33.069786674676934,55.7676593926015],[32.91774895216132,55.796007177123464],[32.96934794440535,55.88055952585928]],[[33.88020503279539,55.70736064240509],[34.03129562501011,55.67786841181684],[33.97775681139591,55.59381138137128],[33.82693877863941,55.6232319033221],[33.88020503279539,55.70736064240509]],[[36.12450050397365,55.246492532896745],[36.42011217393413,55.18208663039411],[36.30501340484116,55.01631260666239],[36.01039548300425,55.08041452754401],[36.12450050397365,55.246492532896745]],[[33.67591566572098,55.65247459781135],[33.82693877863941,55.6232319033221],[33.773942775308704,55.539074446804314],[33.62319278745442,55.568246093655986],[33.67591566572098,55.65247459781135]],[[33.97775681139591,55.59381138137128],[34.128369069729075,55.56421341906792],[34.07483134465128,55.48019898765155],[33.924489191869455,55.509725283375055],[33.97775681139591,55.59381138137128]],[[36.656672878433525,55.03427888348495],[36.80347459683357,55.00155412392693],[36.745334658804424,54.918879159630606],[36.5987756751925,54.95152718824285],[36.656672878433525,55.03427888348495]],[[33.32108492105999,55.626055305252535],[33.47223993143871,55.59723984059368],[33.42005810419783,55.51291275471709],[33.2691782489256,55.54165814780811],[33.32108492105999,55.626055305252535]],[[36.83358236660611,54.803427520073924],[36.9794709791679,54.770517405745174],[36.921420171201405,54.68792427397599],[36.77576991720608,54.720757861108005],[36.83358236660611,54.803427520073924]],[[29.855385797262837,56.04240378845916],[30.164778684691424,55.992869572476046],[30.073788055482044,55.821310886451855],[29.91978735803232,55.84604683559144],[29.96486187161022,55.93189821666229],[29.810379638378514,55.95651072673893],[29.855385797262837,56.04240378845916]],[[36.629906755722416,54.753422667402404],[36.77576991720608,54.720757861108005],[36.71823896944537,54.638052687815126],[36.57261498702842,54.67064157071121],[36.629906755722416,54.753422667402404]],[[31.146727992433878,55.6430111863827],[31.29927086728694,55.616808559950776],[31.251773582720826,55.53150391229004],[31.09952041657506,55.55764214261165],[31.146727992433878,55.6430111863827]],[[32.210589714403795,55.455788556372724],[32.36181219435561,55.42832120470664],[32.31232635971451,55.34347692456912],[32.16138371277175,55.37087750030088],[32.210589714403795,55.455788556372724]],[[34.45845071729428,55.02512671392053],[34.60672000530166,54.99500971887901],[34.4999629291683,54.8273703428018],[34.352209272885496,54.85734481940265],[34.45845071729428,55.02512671392053]],[[29.87494740995893,55.76017547417725],[30.02864733561818,55.735501040412274],[29.983740696920176,55.64967101268762],[29.830340300850878,55.67428424505369],[29.87494740995893,55.76017547417725]],[[32.46307860942171,55.3158974487246],[32.61363969747995,55.288139435024476],[32.51431505366934,55.118643032996545],[32.36430487521511,55.14626717635301],[32.46307860942171,55.3158974487246]],[[33.61047272084948,55.00460809673253],[33.759213645806796,54.97550455856673],[33.707528165138626,54.89128912461984],[33.55905089720232,54.92032338989163],[33.61047272084948,55.00460809673253]],[[29.632688129327008,55.61274181709172],[29.785964320645242,55.58837325918267],[29.741817775567373,55.50244262587422],[29.588839971454984,55.52675097213442],[29.632688129327008,55.61274181709172]],[[29.93906642355094,55.56382091640899],[30.091993519233775,55.53908512472241],[30.04725417845403,55.45327601699901],[29.89462281597519,55.47795086303699],[29.93906642355094,55.56382091640899]],[[13.616432136931596,56.98274322583337],[13.780526417739889,56.97810597683749],[13.762688766132358,56.798615065438064],[13.599365367795581,56.80322746382964],[13.616432136931596,56.98274322583337]],[[29.741817775567373,55.50244262587422],[29.89462281597519,55.47795086303699],[29.850408190774306,55.39206096238188],[29.697898987945486,55.4164924528066],[29.741817775567373,55.50244262587422]],[[30.04725417845403,55.45327601699901],[30.199710958642758,55.42841842261875],[30.15490861284498,55.34265015767539],[30.00274503237388,55.367446753237694],[30.04725417845403,55.45327601699901]],[[28.779275806794224,55.55922588234154],[29.086156903390833,55.51238463345079],[29.043655634622557,55.42617884167102],[28.737377951197743,55.47290424300019],[28.779275806794224,55.55922588234154]],[[14.730648742876227,56.67699255545797],[14.89329406028117,56.670967236112716],[14.881847729088152,56.58132506267133],[14.719580049275717,56.5873343741342],[14.730648742876227,56.67699255545797]],[[33.94449897563261,54.466828019050816],[34.091170150322725,54.437375951360565],[34.03973058951434,54.353295399429676],[33.8933130858872,54.382678665221725],[33.94449897563261,54.466828019050816]],[[34.71651929185567,54.12004808871859],[35.006370065662956,54.059202799777815],[34.74557884153335,53.64063697900557],[34.60195476276461,53.67079698073452],[34.80912015461713,54.005987453075846],[34.66434239035506,54.03625562300357],[34.71651929185567,54.12004808871859]],[[35.530130147236356,53.85211855558636],[35.673752612998996,53.82084167425541],[35.56681309058286,53.65414943325646],[35.423660050350364,53.685284450392174],[35.530130147236356,53.85211855558636]],[[33.9817018248068,53.98740752134601],[34.126742521735046,53.95795543797419],[34.07605116414343,53.8738690112042],[33.93125727473401,53.903253334085925],[33.9817018248068,53.98740752134601]],[[34.94091114704923,53.694013771337985],[35.22769728212248,53.63271827684663],[35.17533018258278,53.54915284989286],[35.318205215581784,53.518324593837235],[35.26585435724922,53.43479794330172],[35.12321285080723,53.46555665148046],[35.071343646167485,53.38192984994362],[34.64300680744795,53.47300077108257],[34.69416987183969,53.55683370175907],[34.83737007861284,53.52657487713321],[34.94091114704923,53.694013771337985]],[[28.251077756676377,54.43570159789253],[28.400769743953415,54.41310139461877],[28.361285580505392,54.32661248772205],[28.211879708931423,54.34915864166658],[28.251077756676377,54.43570159789253]],[[28.796949555645487,53.88938171802372],[28.94448651607767,53.86616152388194],[28.904596500236867,53.779858520917294],[28.757334272668523,53.80302424746672],[28.796949555645487,53.88938171802372]],[[34.29161602430151,52.88535321749896],[34.43294384112007,52.85563327330732],[34.38345999742091,52.77163472439209],[34.24236288132563,52.8012886840943],[34.29161602430151,52.88535321749896]]]},"properties":{"name":"Tree cover (2000)","source":"JRC GLC2000 v1.1","threshold":0.4}},{"type":"Feature","geometry":{"type":"Polygon","coordinates":[[[26.871280522382296,53.80612207410109],[26.73027846794079,53.45787564280932],[26.877279840228077,53.43719178971004],[26.842187365470604,53.35014336192188],[26.988780700435083,53.32933098763563],[27.095416304245582,53.59028716239213],[26.947988911677207,53.61124598077601],[27.019405096884206,53.785242946135924],[26.871280522382296,53.80612207410109]]]},"properties":{"name":"Tree cover (2000)","source":"JRC GLC2000 v1.1","threshold":0.4}},{"type":"Feature","geometry":{"type":"Polygon","coordinates":[[[40.44551772667775,50.91167089633099],[40.38799309978673,50.83074175016768],[40.25622311047884,50.86725030939819],[40.14226559288689,50.705120173288734],[40.2736891429299,50.66875902678752],[40.216906960695454,50.5877058666787],[40.347976064459644,50.55127005694203],[40.57727518011006,50.874939610929566],[40.44551772667775,50.91167089633099]]]},"properties":{"name":"Tree cover (2000)","source":"JRC GLC2000 v1.1","threshold":0.4}},{"type":"Feature","geometry":{"type":"Polygon","coordinates":[[[25.648310848653537,53.879276077986866],[25.615259453731877,53.79184321725852],[25.466541757125444,53.81101252322951],[25.401510800757816,53.636019812135075],[25.253247404566977,53.654919056736546],[25.221262566894133,53.56736033504891],[25.664827088856114,53.51025891497554],[25.797192874970246,53.85988072705329],[25.648310848653537,53.879276077986866]]]},"properties":{"name":"Tree cover (2000)","source":"JRC GLC2000 v1.1","threshold":0.4}},{"type":"Feature","geometry":{"type":"Polygon","coordinates":[[[30.921712987151967,54.00162114272041],[30.87754094456319,53.916104458146634],[31.024118265508584,53.890372731884575],[30.892111042845652,53.63387288559166],[30.45426690503497,53.71001089178313],[30.54047244966942,53.8813873939391],[30.393673287012994,53.906536094629054],[30.22316623367082,53.56346764520879],[30.368904949814908,53.53855186133709],[30.284375011810415,53.36701108366244],[30.42943527209905,53.34203733458573],[30.4718573631206,53.42776032212491],[30.617021787106363,53.40255623299814],[30.659911746664395,53.48820043366642],[31.095234280218957,53.411378150573476],[30.879015124017158,52.98382275801217],[31.02253391177381,52.95816547077422],[30.89453384696336,52.70154866065876],[31.17961422129397,52.65007349459125],[31.13686154517598,52.56460711576713],[31.27892695616611,52.53867466129854],[31.321924590716176,52.624082932793215],[31.464080865356543,52.597924106406715],[31.50752867739714,52.68325156837511],[31.365127627361634,52.70946907029461],[31.408537441355037,52.79483297245425],[31.122775828486052,52.84687901422553],[31.16589734493824,52.93233814101101],[31.59504871687563,52.853838855635644],[31.639123737520414,52.93909847045611],[31.352683688686405,52.99171939473967],[31.440473181415356,53.16240914566617],[31.152395188789985,53.21458777363341],[31.24002218453911,53.385426562048686],[31.5291143329181,53.33300897257785],[31.57375790263674,53.41827489256377],[31.862705818444596,53.365051913302246],[31.908073796998114,53.45017289164282],[31.763428977483148,53.47693107500968],[31.808763691254715,53.562090056493915],[31.37307079207209,53.64151851287983],[31.46285917293877,53.81213438310833],[31.31677811364148,53.83838737972399],[31.361742050805876,53.92372250299275],[30.921712987151967,54.00162114272041]],[[31.22750990925394,53.667650078860774],[31.37307079207209,53.64151851287983],[31.328504884625115,53.556176837779454],[31.183202629067978,53.582248123990155],[31.22750990925394,53.667650078860774]]]},"properties":{"name":"Tree cover (2000)","source":"JRC GLC2000 v1.1","threshold":0.4}},{"type":"Feature","geometry":{"type":"Polygon","coordinates":[[[24.888910233711766,54.799191555621945],[24.792026580419105,54.53621714001146],[24.64035819659107,54.55442418785368],[24.608699175773666,54.466700167604436],[24.457213182791538,54.48467863741628],[24.364111849445575,54.22131328894631],[24.062602690242155,54.25645959032336],[24.123296918507926,54.43221742941999],[23.97175720442267,54.449599053986304],[23.852199872229626,54.0978767976797],[23.551208743755897,54.13175531507487],[23.522301356608576,54.04371942400339],[22.92020433550629,54.10911237266396],[22.8379705182279,53.844481068176954],[22.987750379258248,53.828523961592126],[22.960316977673084,53.740335051937734],[23.109693126890075,53.72423370968448],[23.13742515517246,53.81238413272415],[23.58580852381792,53.762870396609216],[23.614576507132913,53.85089369287584],[23.913546914266483,53.816893818015934],[23.8841862963357,53.72895148259689],[24.330915844781035,53.67671279818971],[24.300824317283755,53.58888453943789],[24.4492157670464,53.57115180489932],[24.602670317597266,54.00997744115995],[24.752412024787013,53.99185029124316],[24.783867852382393,54.07954013429096],[24.63382919047956,54.09771078933811],[24.665146706725995,54.185433482970325],[24.815483682273932,54.16721910000928],[24.87920003468567,54.34254428034358],[25.331267820512085,54.28653693269455],[25.397445679106223,54.461546337501446],[25.094989107530118,54.499249769051836],[25.12772697366491,54.586828619688845],[24.976004166730096,54.60544970416597],[25.04137416343235,54.78066470399871],[24.888910233711766,54.799191555621945]]]},"properties":{"name":"Tree cover (2000)","source":"JRC GLC2000 v1.1","threshold":0.4}},{"type":"Feature","geometry":{"type":"Polygon","coordinates":[[[31.606082392169583,52.57159730763855],[31.562598075354078,52.48630613233473],[31.27892695616611,52.53867466129854],[31.236133360310447,52.45324435574085],[32.083848121359864,52.29448556025012],[32.1725282169722,52.464616267251365],[31.606082392169583,52.57159730763855]]]},"properties":{"name":"Tree cover (2000)","source":"JRC GLC2000 v1.1","threshold":0.4}},{"type":"Feature","geometry":{"type":"Polygon","coordinates":[[[21.911822894947974,53.847928197506256],[21.86156502091764,53.671012829918006],[22.011045212847957,53.65626267467429],[22.036411580482053,53.744688653758985],[22.18609577546727,53.72972011896563],[22.2118929314285,53.81810290916779],[21.911822894947974,53.847928197506256]]]},"properties":{"name":"Tree cover (2000)","source":"JRC GLC2000 v1.1","threshold":0.4}},{"type":"Feature","geometry":{"type":"Polygon","coordinates":[[[32.831407836559386,52.24239594745996],[32.74080539884763,52.07282064750378],[32.88053189771574,52.045014083541],[32.92595743718012,52.129753262453605],[33.065754982410795,52.10172159409094],[33.11162324124731,52.18637404877734],[32.831407836559386,52.24239594745996]]]},"properties":{"name":"Tree cover (2000)","source":"JRC GLC2000 v1.1","threshold":0.4}},{"type":"Feature","geometry":{"type":"Polygon","coordinates":[[[33.995834636080616,52.098629645287886],[33.948390176174684,52.01437901792177],[33.670118774178746,52.07236316130957],[33.62334156187726,51.98795933330764],[33.484186551862386,52.01664463579169],[33.437850716728434,51.932151907823],[33.71555015667608,51.87474344233057],[33.76233458761049,51.95911137518707],[34.039832589496186,51.900928703249086],[34.08727993379181,51.98514333706285],[34.22600504264515,51.955745657975946],[34.27389435985392,52.039868822578235],[33.995834636080616,52.098629645287886]]]},"properties":{"name":"Tree cover (2000)","source":"JRC GLC2000 v1.1","threshold":0.4}},{"type":"Feature","geometry":{"type":"Polygon","coordinates":[[[21.159972281691058,53.919273280614995],[21.066015236830626,53.56473486783974],[21.81181341565251,53.49406889179186],[21.86156502091764,53.671012829918006],[21.71198946071322,53.68558009923148],[21.736752744330502,53.77407621933232],[21.28655457337879,53.81678098264828],[21.310529514695112,53.905372800114726],[21.159972281691058,53.919273280614995]]]},"properties":{"name":"Tree cover (2000)","source":"JRC GLC2000 v1.1","threshold":0.4}},{"type":"Feature","geometry":{"type":"Polygon","coordinates":[[[32.365180502785556,52.240235383462014],[32.27639293993054,52.07024870361886],[32.416357764078924,52.04299543444874],[32.372042960411854,51.9580257705193],[32.51162155836329,51.930667855024154],[32.60092130542638,52.10046302627555],[32.46088019139277,52.12794092467139],[32.50561159760102,52.21286213052053],[32.365180502785556,52.240235383462014]]]},"properties":{"name":"Tree cover (2000)","source":"JRC GLC2000 v1.1","threshold":0.4}},{"type":"Feature","geometry":{"type":"Polygon","coordinates":[[[19.43760449806651,53.793047106449755],[19.417657272357282,53.70406898302928],[19.868188939954354,53.66827716484202],[19.88906102415513,53.75716921500963],[19.43760449806651,53.793047106449755]]]},"properties":{"name":"Tree cover (2000)","source":"JRC GLC2000 v1.1","threshold":0.4}},{"type":"Feature","geometry":{"type":"Polygon","coordinates":[[[16.300199838378877,54.265713480629536],[16.27317833044118,54.08678016252402],[16.120870222529017,54.09446740456892],[16.09476825642214,53.91548911182305],[16.246434951409007,53.90783922759842],[16.2331662638352,53.81836580156488],[16.38446342349823,53.81054744678724],[16.411706656531198,53.98945425776546],[16.56358788772623,53.98141005693473],[16.577635885474166,54.070840744473735],[16.72978286972875,54.062588782771115],[16.758743230943782,54.24140339089024],[16.300199838378877,54.265713480629536]]]},"properties":{"name":"Tree cover (2000)","source":"JRC GLC2000 v1.1","threshold":0.4}},{"type":"Feature","geometry":{"type":"Polygon","coordinates":[[[15.487609266481074,53.94421216951892],[15.475935788623355,53.8546505617621],[15.930419375171155,53.83344140423426],[15.943051118284107,53.922951446340825],[15.487609266481074,53.94421216951892]]]},"properties":{"name":"Tree cover (2000)","source":"JRC GLC2000 v1.1","threshold":0.4}},{"type":"Feature","geometry":{"type":"Polygon","coordinates":[[[28.346337426788214,53.58932840281883],[28.26993601158153,53.41624668850822],[27.977134766653833,53.460814760099325],[27.939758923325734,53.37414564674913],[27.793422201509717,53.3961146832167],[27.830524838677192,53.482834974145476],[27.389868036938427,53.547837121082],[27.317493196312178,53.374078685025204],[27.463964478600875,53.35268798946193],[27.427770521374853,53.2658359804003],[27.57383419105358,53.244319202958216],[27.610301069022015,53.33112122791114],[27.756502114067747,53.30937866121446],[27.68320451465768,53.13585966342322],[27.974117084505306,53.09205106918803],[27.863905847760215,52.83195672706157],[28.440921889065006,52.742863148131185],[28.51632560904279,52.915867353130665],[28.660763122566912,52.8930589495919],[28.62270817079867,52.80661725756479],[28.766745937936737,52.783688461795954],[28.69066820609815,52.61085746545675],[28.54714866425771,52.63368244804668],[28.50964161570034,52.547189461670634],[28.65290360232365,52.524416013474806],[28.615320189289957,52.437957346645035],[28.758190730904307,52.41506440222001],[28.796029700792,52.50147145846444],[29.224585166512828,52.43161376905615],[29.18598536508984,52.345363458751436],[29.328308792467375,52.32178997957292],[29.367160245567412,52.407987409495476],[29.50959573707109,52.38419126061515],[29.548885054759598,52.4703167836507],[29.40619791753183,52.494166378091684],[29.44542306718336,52.5803268118155],[30.15869162825379,52.45911160063186],[30.118213430216244,52.373222774017286],[30.26018695227459,52.348526723424925],[30.300912713122113,52.43436030576951],[30.584916681137532,52.38435167056307],[30.54369886747049,52.29862948389087],[30.82662610281227,52.24806057103506],[30.91023583043637,52.41925854909514],[30.199363426781584,52.54498052883749],[30.24023012842897,52.63082947445494],[30.097363868164603,52.65552237757625],[30.056747658840923,52.569617971538776],[29.628030349525947,52.642511386423365],[29.667888886769205,52.72858031221209],[29.811192531506254,52.70439807434096],[29.891998013680748,52.87636894341632],[29.748184226833633,52.900661018526684],[29.70793974297666,52.81463021626433],[29.420387886738034,52.86259071605087],[29.38084927719786,52.776432186272736],[29.237114786846668,52.800101273778445],[29.39538737149611,53.1448404855994],[29.25046980761537,53.168553576424706],[29.171472247963546,52.99611245089052],[28.737429742091564,53.0658905719024],[28.893025957102004,53.41134481340972],[28.746995918052104,53.43447027347037],[28.708078844622463,53.34807953113731],[28.562173537584226,53.37097689379848],[28.60082144125045,53.45742078489082],[28.454503342562894,53.48019607086298],[28.49307070009883,53.56667589258745],[28.346337426788214,53.58932840281883]],[[27.939758923325734,53.37414564674913],[28.085957406027145,53.35200098593234],[28.0484941898021,53.26536716305735],[27.902566767386425,53.28746055167846],[27.939758923325734,53.37414564674913]],[[28.0484941898021,53.26536716305735],[28.194283549333317,53.24309876053567],[28.156734931823927,53.15650013148146],[28.01121450638644,53.17871717002121],[28.0484941898021,53.26536716305735]],[[28.339934021211036,53.22065561071089],[28.485444787895805,53.19803798157614],[28.447361330778605,53.11154309869053],[28.59246568518349,53.088803637844045],[28.554302969010802,53.00234401875516],[28.264485402066878,53.04754515199997],[28.339934021211036,53.22065561071089]]]},"properties":{"name":"Tree cover (2000)","source":"JRC GLC2000 v1.1","threshold":0.4}},{"type":"Feature","geometry":{"type":"Polygon","coordinates":[[[31.952383673942133,52.03911299375327],[31.865762121817845,51.86874817877531],[32.00533627140021,51.842001063544416],[32.048778185877325,51.92713655512098],[32.18843264646822,51.900166419960435],[32.2323100565921,51.98521945830572],[31.952383673942133,52.03911299375327]]]},"properties":{"name":"Tree cover (2000)","source":"JRC GLC2000 v1.1","threshold":0.4}},{"type":"Feature","geometry":{"type":"Polygon","coordinates":[[[33.71555015667608,51.87474344233057],[33.668981604084486,51.79034872295115],[33.5304353488756,51.81907190818018],[33.48430359111403,51.734588560285474],[33.34582089992478,51.76308789532786],[33.25463780422093,51.593919947599915],[33.530557525822466,51.53700509242755],[33.622627555176166,51.70592734250969],[33.76079227060997,51.67710453853879],[33.854158017733376,51.84579591400756],[33.71555015667608,51.87474344233057]]]},"properties":{"name":"Tree cover (2000)","source":"JRC GLC2000 v1.1","threshold":0.4}},{"type":"Feature","geometry":{"type":"Polygon","coordinates":[[[32.69582072864579,51.987995685824195],[32.6510452734947,51.9031460021363],[32.51162155836329,51.930667855024154],[32.46728297414569,51.84573370895737],[32.18843264646822,51.900166419960435],[32.10128893676608,51.72998938721102],[32.37922170823211,51.67579284281315],[32.42315013213041,51.76077533557995],[32.70092976964345,51.7058073887824],[32.74551799965362,51.79064633110814],[33.02313320635607,51.7349066028985],[33.06838145670889,51.819599734685895],[32.79031353580685,51.8754605030055],[32.83531771809527,51.96024979185321],[32.69582072864579,51.987995685824195]]]},"properties":{"name":"Tree cover (2000)","source":"JRC GLC2000 v1.1","threshold":0.4}},{"type":"Feature","geometry":{"type":"Polygon","coordinates":[[[32.70092976964345,51.7058073887824],[32.65654751687992,51.620943787176024],[32.933261877391274,51.56544450526681],[32.97809379103836,51.65018815496941],[32.70092976964345,51.7058073887824]]]},"properties":{"name":"Tree cover (2000)","source":"JRC GLC2000 v1.1","threshold":0.4}},{"type":"Feature","geometry":{"type":"Polygon","coordinates":[[[20.70775698351031,53.959866201640544],[20.639865820916615,53.69368036500365],[20.33979405137724,53.71962878829454],[20.361696583072675,53.80842550185475],[19.910039761412385,53.84605627510469],[19.88906102415513,53.75716921500963],[20.039387258922126,53.74484025260443],[20.018208109825675,53.65597774095574],[20.168146385440217,53.64349417137279],[20.146769639857116,53.55465630395644],[20.296321576269648,53.5420189736065],[20.27475001647567,53.4532058418524],[20.42391723381503,53.44041559051936],[20.40215360938025,53.351627281576334],[20.699638456677917,53.32556035235385],[20.67738739513731,53.23682793903247],[20.825706212518572,53.2235526607061],[20.848254725217075,53.312253676922325],[20.996785467250117,53.29876508387353],[21.019745861830007,53.387427980850106],[21.168487577986724,53.37372526732778],[21.191862867560644,53.46234931988541],[21.042822170018393,53.476084572144174],[21.066015236830626,53.56473486783974],[20.916585542362178,53.578319852992955],[20.939593692676205,53.666996325058626],[20.78977329556227,53.68043021189181],[20.85858489838154,53.94652015967998],[20.70775698351031,53.959866201640544]]]},"properties":{"name":"Tree cover (2000)","source":"JRC GLC2000 v1.1","threshold":0.4}},{"type":"Feature","geometry":{"type":"Polygon","coordinates":[[[14.707558131773295,53.79660866454275],[14.68767667424728,53.61732559512141],[14.838477066544943,53.611424511226474],[14.85899332649622,53.79067899355246],[14.707558131773295,53.79660866454275]]]},"properties":{"name":"Tree cover (2000)","source":"JRC GLC2000 v1.1","threshold":0.4}},{"type":"Feature","geometry":{"type":"Polygon","coordinates":[[[19.378066180383218,53.52609902504755],[19.35842083559738,53.437107145907206],[19.209008722993453,53.44858576201927],[19.189766028904863,53.359561984206984],[19.487909189379764,53.336476205546916],[19.52770803798488,53.514409077595275],[19.378066180383218,53.52609902504755]]]},"properties":{"name":"Tree cover (2000)","source":"JRC GLC2000 v1.1","threshold":0.4}},{"type":"Feature","geometry":{"type":"Polygon","coordinates":[[[29.04352405830844,52.36876719727124],[29.00535988545141,52.28244643085592],[28.720532745558668,52.32863994998647],[28.683054526441115,52.24219816662465],[29.109336491954018,52.17280849041561],[29.18598536508984,52.345363458751436],[29.04352405830844,52.36876719727124]]]},"properties":{"name":"Tree cover (2000)","source":"JRC GLC2000 v1.1","threshold":0.4}},{"type":"Feature","geometry":{"type":"Polygon","coordinates":[[[30.037832681680193,52.20138575595345],[29.918681642645726,51.943483023113096],[30.059431367840787,51.919059340150156],[30.13916403849717,52.09090586086391],[30.28025869586638,52.066206427193485],[30.320652309319776,52.152045212510366],[30.037832681680193,52.20138575595345]]]},"properties":{"name":"Tree cover (2000)","source":"JRC GLC2000 v1.1","threshold":0.4}},{"type":"Feature","geometry":{"type":"Polygon","coordinates":[[[13.941454701847947,53.73373791803218],[13.924841355263107,53.55432348460115],[14.075503993144,53.549367871558935],[14.084105752115294,53.639063613787606],[14.235051466347397,53.6339092017458],[14.226133588055978,53.544225861432245],[14.527288832618039,53.533382921051434],[14.536838138144137,53.62304012107008],[14.385962665629984,53.62856801412672],[14.395243815372245,53.71823734803194],[13.941454701847947,53.73373791803218]]]},"properties":{"name":"Tree cover (2000)","source":"JRC GLC2000 v1.1","threshold":0.4}},{"type":"Feature","geometry":{"type":"Polygon","coordinates":[[[31.051964260178043,52.39360916617691],[30.967868801137413,52.22252493276993],[30.82662610281227,52.24806057103506],[30.78511727310411,52.16242985626652],[30.643969622267143,52.187741951167574],[30.602898059441934,52.10203428537416],[30.743804063715217,52.07677811118266],[30.70268518678673,51.99110542428325],[30.843205994620817,51.965738429893534],[30.8020413175558,51.88010058334105],[30.942179180617973,51.85462336641954],[30.90097019475664,51.76902022065881],[31.04072735058733,51.743433373130436],[31.0821723190435,51.82898050531722],[31.501277130548747,51.75106080462891],[31.586163078301034,51.921748514249195],[31.16564675672756,52.000010050762924],[31.249909091210732,52.17095269293815],[31.108963346140822,52.19682221304098],[31.19354245147869,52.36779211464755],[31.051964260178043,52.39360916617691]],[[30.88456461217636,52.05135516307728],[31.02517905688565,52.02576571721602],[30.983581710383834,51.94020522831308],[30.843205994620817,51.965738429893534],[30.88456461217636,52.05135516307728]]]},"properties":{"name":"Tree cover (2000)","source":"JRC GLC2000 v1.1","threshold":0.4}},{"type":"Feature","geometry":{"type":"Polygon","coordinates":[[[33.347177406629754,51.480981437835396],[33.256804156956925,51.311780312012985],[33.394027533055336,51.283424806192635],[33.48483885178935,51.45250446590108],[33.347177406629754,51.480981437835396]]]},"properties":{"name":"Tree cover (2000)","source":"JRC GLC2000 v1.1","threshold":0.4}},{"type":"Feature","geometry":{"type":"Polygon","coordinates":[[[21.12208815207904,53.19645773739899],[21.099062331350076,53.10781424091086],[21.542099973380303,53.065912030016946],[21.5660060908112,53.15445699197267],[21.12208815207904,53.19645773739899]]]},"properties":{"name":"Tree cover (2000)","source":"JRC GLC2000 v1.1","threshold":0.4}},{"type":"Feature","geometry":{"type":"Polygon","coordinates":[[[30.521333966723827,51.9305569924287],[30.480838901262107,51.84478753522211],[30.761069311562377,51.794441710948604],[30.8020413175558,51.88010058334105],[30.521333966723827,51.9305569924287]]]},"properties":{"name":"Tree cover (2000)","source":"JRC GLC2000 v1.1","threshold":0.4}},{"type":"Feature","geometry":{"type":"Polygon","coordinates":[[[34.98870543924713,51.128707783239044],[34.940851719741275,51.04486679267564],[34.8051418065877,51.07503315972782],[34.75771045925079,50.99109983363455],[35.02855664634047,50.93073650975111],[35.12446188327603,51.09832028927502],[34.98870543924713,51.128707783239044]]]},"properties":{"name":"Tree cover (2000)","source":"JRC GLC2000 v1.1","threshold":0.4}},{"type":"Feature","geometry":{"type":"Polygon","coordinates":[[[22.009113162299858,53.11083041078302],[21.95967553673419,52.933937192070736],[22.10661422028083,52.919104012615655],[22.156630538023528,53.0959277567861],[22.009113162299858,53.11083041078302]]]},"properties":{"name":"Tree cover (2000)","source":"JRC GLC2000 v1.1","threshold":0.4}},{"type":"Feature","geometry":{"type":"Polygon","coordinates":[[[12.265717884657548,53.59651621530364],[12.26095149216419,53.506706114065835],[12.56219019794413,53.5007305456305],[12.567590377254813,53.590526238418164],[12.265717884657548,53.59651621530364]]]},"properties":{"name":"Tree cover (2000)","source":"JRC GLC2000 v1.1","threshold":0.4}},{"type":"Feature","geometry":{"type":"Polygon","coordinates":[[[14.677812079356974,53.52768213233528],[14.658233284354376,53.34839111056131],[14.80809344964369,53.34253234814825],[14.818169732621287,53.43216452441713],[14.968302982382728,53.42610613237842],[14.978743831017399,53.515722289563264],[14.677812079356974,53.52768213233528]]]},"properties":{"name":"Tree cover (2000)","source":"JRC GLC2000 v1.1","threshold":0.4}},{"type":"Feature","geometry":{"type":"Polygon","coordinates":[[[17.977653133574623,53.35533456124918],[17.944485114346055,53.17686364603299],[18.093232108194783,53.16695292944191],[18.127008093572453,53.34537669634813],[17.977653133574623,53.35533456124918]]]},"properties":{"name":"Tree cover (2000)","source":"JRC GLC2000 v1.1","threshold":0.4}},{"type":"Feature","geometry":{"type":"Polygon","coordinates":[[[19.61681845824697,53.235713180372876],[19.57701945628469,53.05780695683124],[19.725005938860896,53.0458914911641],[19.745152912867432,53.13481901027458],[19.893360617336334,53.12269365053972],[19.913907210566503,53.211587403396166],[19.61681845824697,53.235713180372876]]]},"properties":{"name":"Tree cover (2000)","source":"JRC GLC2000 v1.1","threshold":0.4}},{"type":"Feature","geometry":{"type":"Polygon","coordinates":[[[27.18423705485764,52.28849466253354],[27.14983721972712,52.2015117395273],[27.292590027430464,52.180404757835795],[27.25809726203904,52.093454335804125],[27.400469182501155,52.0722237970254],[27.47013502116723,52.24601425416972],[27.18423705485764,52.28849466253354]]]},"properties":{"name":"Tree cover (2000)","source":"JRC GLC2000 v1.1","threshold":0.4}},{"type":"Feature","geometry":{"type":"Polygon","coordinates":[[[25.138714655816603,52.47890844367737],[25.108176532835323,52.39128472326789],[25.396336568383603,52.35382248650899],[25.427412896536865,52.441360924766485],[25.138714655816603,52.47890844367737]]]},"properties":{"name":"Tree cover (2000)","source":"JRC GLC2000 v1.1","threshold":0.4}},{"type":"Feature","geometry":{"type":"Polygon","coordinates":[[[11.504392255418605,53.42854090467892],[11.498113741867828,53.24886223477031],[11.647879130433319,53.246914925048365],[11.654784776938062,53.426584252749],[11.504392255418605,53.42854090467892]]]},"properties":{"name":"Tree cover (2000)","source":"JRC GLC2000 v1.1","threshold":0.4}},{"type":"Feature","geometry":{"type":"Polygon","coordinates":[[[36.80584056462624,50.32487321887652],[36.70614313563374,50.158854081141],[36.83829328443288,50.12653674461346],[36.938367991412186,50.292424361720215],[36.80584056462624,50.32487321887652]]]},"properties":{"name":"Tree cover (2000)","source":"JRC GLC2000 v1.1","threshold":0.4}},{"type":"Feature","geometry":{"type":"Polygon","coordinates":[[[17.92802614652062,53.087622860622],[17.911649733790323,52.99837847979181],[18.503849033909386,52.95783027681226],[18.52142367686988,53.046979072092114],[17.92802614652062,53.087622860622]]]},"properties":{"name":"Tree cover (2000)","source":"JRC GLC2000 v1.1","threshold":0.4}},{"type":"Feature","geometry":{"type":"Polygon","coordinates":[[[21.61772559559222,52.78600688178349],[21.594003559538745,52.697466842993315],[21.886433142396402,52.66854095925321],[21.910726554960018,52.75701389630086],[21.61772559559222,52.78600688178349]]]},"properties":{"name":"Tree cover (2000)","source":"JRC GLC2000 v1.1","threshold":0.4}},{"type":"Feature","geometry":{"type":"Polygon","coordinates":[[[23.000152542181134,53.37154553075729],[22.946200870293872,53.19514966661229],[23.241124412514356,53.16286162154905],[23.21377392108874,53.0747262159676],[23.654528830845614,53.02506556895805],[23.543078950605963,52.672892622540694],[23.39739233550815,52.68947048014947],[23.343041021106938,52.51325082673912],[23.488171146682024,52.49674898581376],[23.515557749803847,52.584825559594705],[23.806069358179553,52.55121679541659],[23.778129748695783,52.46321715930777],[23.922956385916383,52.44618756867912],[23.894878755522097,52.35821687961462],[24.32791917199647,52.30619446859428],[24.385851261090885,52.48188785687135],[24.241063232514758,52.49948351084165],[24.26996745190894,52.587354511182255],[23.97952467589229,52.62209871330824],[24.008017268398216,52.710039142804945],[24.15356845109679,52.692715287617624],[24.182479630030045,52.78060562797337],[24.619322437680427,52.727454273257315],[24.589581046874628,52.63968606701969],[25.02461312087387,52.585074783883925],[24.994197550707238,52.49742045998741],[25.138714655816603,52.47890844367737],[25.200238791676806,52.65412072003093],[25.05517749035947,52.67271757793936],[25.085891699144884,52.76034881775496],[24.794882369321094,52.797100196656366],[24.82519478309642,52.884804660249905],[23.947843082232197,52.99106633233956],[24.00553959011294,53.16693652829108],[23.563699825980056,53.217905212041885],[23.591902400538114,53.30594486148865],[23.000152542181134,53.37154553075729]],[[23.80123883329687,53.00815502789489],[23.947843082232197,52.99106633233956],[23.919208323442536,52.90311628742314],[23.77288648040308,52.92016535719779],[23.80123883329687,53.00815502789489]]]},"properties":{"name":"Tree cover (2000)","source":"JRC GLC2000 v1.1","threshold":0.4}},{"type":"Feature","geometry":{"type":"Polygon","coordinates":[[[24.53053281920757,52.46411693282769],[24.472057314308078,52.28850429599433],[24.76001529328288,52.25260112527637],[24.789721841246866,52.340331246214674],[24.645526640837826,52.35841089167952],[24.675107011889633,52.446170946864676],[24.53053281920757,52.46411693282769]]]},"properties":{"name":"Tree cover (2000)","source":"JRC GLC2000 v1.1","threshold":0.4}},{"type":"Feature","geometry":{"type":"Polygon","coordinates":[[[36.308728492731966,50.25489379919461],[36.211037175377726,50.08835585413927],[36.34328771409122,50.05662416489685],[36.441360390440806,50.22303290107511],[36.308728492731966,50.25489379919461]]]},"properties":{"name":"Tree cover (2000)","source":"JRC GLC2000 v1.1","threshold":0.4}},{"type":"Feature","geometry":{"type":"Polygon","coordinates":[[[34.792523592510015,50.51126817325372],[34.745946039467995,50.427288312137804],[35.01372391188816,50.367052286739586],[35.06070341119097,50.45090772975932],[34.792523592510015,50.51126817325372]]]},"properties":{"name":"Tree cover (2000)","source":"JRC GLC2000 v1.1","threshold":0.4}},{"type":"Feature","geometry":{"type":"Polygon","coordinates":[[[18.66960964484717,53.036362515021466],[18.65173668119575,52.947238652861195],[18.503849033909386,52.95783027681226],[18.486362165710535,52.8686773643142],[18.92893380449915,52.83643356735526],[18.892455469128528,52.65826541625777],[19.039257002105646,52.64720719623959],[19.094993087902257,52.91437490367319],[18.799557289987124,52.93646545982571],[18.81772806375626,53.02556397622827],[18.66960964484717,53.036362515021466]]]},"properties":{"name":"Tree cover (2000)","source":"JRC GLC2000 v1.1","threshold":0.4}},{"type":"Feature","geometry":{"type":"Polygon","coordinates":[[[10.747573274141619,53.165960936373615],[10.746022886730769,53.07610372317381],[10.895214520364442,53.075088374113236],[10.893363544840206,52.98523298740916],[11.04223976037513,52.98403590061678],[11.04656938245044,53.16374038803342],[10.747573274141619,53.165960936373615]]]},"properties":{"name":"Tree cover (2000)","source":"JRC GLC2000 v1.1","threshold":0.4}},{"type":"Feature","geometry":{"type":"Polygon","coordinates":[[[34.38909606074146,50.6006404636204],[34.29736665518936,50.432283258451584],[34.43158797561209,50.402771214704394],[34.52372570147127,50.57100586296527],[34.38909606074146,50.6006404636204]]]},"properties":{"name":"Tree cover (2000)","source":"JRC GLC2000 v1.1","threshold":0.4}},{"type":"Feature","geometry":{"type":"Polygon","coordinates":[[[36.78858285782748,50.043543717730714],[36.68980944829556,49.87745997146389],[36.82123916181324,49.84518690520133],[36.920384857498206,50.01114036961781],[36.78858285782748,50.043543717730714]]]},"properties":{"name":"Tree cover (2000)","source":"JRC GLC2000 v1.1","threshold":0.4}},{"type":"Feature","geometry":{"type":"Polygon","coordinates":[[[22.999769446269408,52.369320161177455],[22.97360487721902,52.28110413997438],[23.262504852399836,52.24885150184209],[23.289219362957393,52.33699391379364],[22.999769446269408,52.369320161177455]]]},"properties":{"name":"Tree cover (2000)","source":"JRC GLC2000 v1.1","threshold":0.4}},{"type":"Feature","geometry":{"type":"Polygon","coordinates":[[[11.342742366481076,53.07093492015562],[11.337204631777212,52.89124311339262],[11.485746243304247,52.88949783091638],[11.491898713883486,53.06918135863713],[11.342742366481076,53.07093492015562]]]},"properties":{"name":"Tree cover (2000)","source":"JRC GLC2000 v1.1","threshold":0.4}},{"type":"Feature","geometry":{"type":"Polygon","coordinates":[[[15.213952384059667,52.96547766990338],[15.20321721385186,52.87588100590805],[15.055007303974781,52.882219452248286],[15.04462762366611,52.79260592861109],[15.48823081079667,52.77308827533674],[15.510855450990704,52.952221374593556],[15.213952384059667,52.96547766990338]]]},"properties":{"name":"Tree cover (2000)","source":"JRC GLC2000 v1.1","threshold":0.4}},{"type":"Feature","geometry":{"type":"Polygon","coordinates":[[[12.976463268334864,52.9517269566767],[12.964237932980037,52.772171834238115],[13.112285194753616,52.76841714452071],[13.125119256298117,52.94795453565254],[12.976463268334864,52.9517269566767]]]},"properties":{"name":"Tree cover (2000)","source":"JRC GLC2000 v1.1","threshold":0.4}},{"type":"Feature","geometry":{"type":"Polygon","coordinates":[[[14.610146547839538,52.900137412917445],[14.59124846776502,52.72082446105214],[15.034299822760238,52.70299045277448],[15.04462762366611,52.79260592861109],[14.89668048443016,52.798747076341215],[14.90675813631025,52.88837505317159],[14.610146547839538,52.900137412917445]]]},"properties":{"name":"Tree cover (2000)","source":"JRC GLC2000 v1.1","threshold":0.4}},{"type":"Feature","geometry":{"type":"Polygon","coordinates":[[[24.844315953507206,52.05897669492023],[24.78536956279396,51.88351925158165],[24.928018859175552,51.865297734413026],[24.98749313426481,52.04067318525526],[24.844315953507206,52.05897669492023]]]},"properties":{"name":"Tree cover (2000)","source":"JRC GLC2000 v1.1","threshold":0.4}},{"type":"Feature","geometry":{"type":"Polygon","coordinates":[[[19.039257002105646,52.64720719623959],[19.02086222796587,52.55814189523437],[19.459980310417503,52.52396744084183],[19.421734645961227,52.3459800376263],[19.567392246035492,52.33428417712081],[19.586754197983296,52.42325349538868],[19.732626332633014,52.41135207433954],[19.752371085573134,52.50028858989038],[19.60621184282406,52.51221750972901],[19.625765862943286,52.60117624335269],[19.039257002105646,52.64720719623959]]]},"properties":{"name":"Tree cover (2000)","source":"JRC GLC2000 v1.1","threshold":0.4}},{"type":"Feature","geometry":{"type":"Polygon","coordinates":[[[12.712779052814287,53.49746300921817],[12.690201033452272,53.13830471551126],[12.540862818972316,53.14154115491996],[12.535598305869103,53.05174188216756],[12.386548864785988,53.05478636670355],[12.381618214544787,52.96497901679274],[12.976463268334864,52.9517269566767],[12.988812450230308,53.13127784931522],[13.287329364836763,53.12351263595035],[13.280522955087863,53.03375608973576],[13.429435228728595,53.02960657661122],[13.415313979484871,52.8501096831189],[13.26701272546104,52.854239645961414],[13.253637628479304,52.674718383934774],[13.5490041457214,52.666314871219654],[13.556278153397662,52.75605640590661],[13.85213811008244,52.746902541018585],[13.860054076402907,52.83662118028311],[13.711835794314414,52.84130039515851],[13.734907069848378,53.11048129108731],[13.585742414059018,53.11500947127796],[13.593201891246771,53.2047447277739],[13.443699771424683,53.20909886743294],[13.450886438658003,53.29884341692661],[13.301046036209794,53.30302263913614],[13.30795681019459,53.392776200863885],[13.007572446492759,53.400597187233544],[13.013889706691138,53.49036864529525],[12.712779052814287,53.49746300921817]]]},"properties":{"name":"Tree cover (2000)","source":"JRC GLC2000 v1.1","threshold":0.4}},{"type":"Feature","geometry":{"type":"Polygon","coordinates":[[[17.11129113457067,52.68751441196796],[17.082362030190456,52.508770859375275],[17.229019395354324,52.49994381836205],[17.258537551991008,52.67864619908935],[17.11129113457067,52.68751441196796]]]},"properties":{"name":"Tree cover (2000)","source":"JRC GLC2000 v1.1","threshold":0.4}},{"type":"Feature","geometry":{"type":"Polygon","coordinates":[[[13.85213811008244,52.746902541018585],[13.836424582904634,52.567460802079346],[13.983710329711707,52.562632666064665],[14.000024093917887,52.74205176425069],[13.85213811008244,52.746902541018585]]]},"properties":{"name":"Tree cover (2000)","source":"JRC GLC2000 v1.1","threshold":0.4}},{"type":"Feature","geometry":{"type":"Polygon","coordinates":[[[9.85016891057051,53.25804359098474],[9.85140625847698,52.898592434292645],[9.70281367590028,52.89831681249626],[9.705238969049573,52.53885762529763],[10.0,52.5392216870445],[10.0,52.629088532763014],[10.147681968596068,52.62899730405497],[10.147984368934052,52.7188631044893],[10.591926062679828,52.717491485260645],[10.594363377039699,52.897214342661094],[10.29718632409972,52.89831681249626],[10.297800304347152,52.98817980248231],[10.148900736112378,52.9884560765971],[10.149209284641973,53.07831911248005],[10.298417392386293,53.0780421826464],[10.299037611112752,53.16790400946093],[10.0,53.168274128493586],[10.0,53.258136341907594],[9.85016891057051,53.25804359098474]],[[9.85140625847698,52.898592434292645],[10.0,52.89868430861035],[10.0,52.80881978708153],[9.851711710461686,52.808728129081224],[9.85140625847698,52.898592434292645]]]},"properties":{"name":"Tree cover (2000)","source":"JRC GLC2000 v1.1","threshold":0.4}},{"type":"Feature","geometry":{"type":"Polygon","coordinates":[[[21.309443862869184,52.18007607542768],[21.264267889394507,52.002824111669185],[21.40836862546412,51.98888674097391],[21.45409840223674,52.166075191302426],[21.309443862869184,52.18007607542768]]]},"properties":{"name":"Tree cover (2000)","source":"JRC GLC2000 v1.1","threshold":0.4}},{"type":"Feature","geometry":{"type":"Polygon","coordinates":[[[36.28103355709757,49.69180024244512],[36.18511910515749,49.52514140101347],[36.31593303860948,49.49348956874185],[36.41221875262679,49.66002159783954],[36.28103355709757,49.69180024244512]]]},"properties":{"name":"Tree cover (2000)","source":"JRC GLC2000 v1.1","threshold":0.4}},{"type":"Feature","geometry":{"type":"Polygon","coordinates":[[[10.590716548037536,52.62762889602302],[10.589513069593467,52.53776545798507],[10.88424712570761,52.535945238885745],[10.88605217167238,52.625804417857665],[10.590716548037536,52.62762889602302]]]},"properties":{"name":"Tree cover (2000)","source":"JRC GLC2000 v1.1","threshold":0.4}},{"type":"Feature","geometry":{"type":"Polygon","coordinates":[[[38.56714167574246,49.01482564489911],[38.5160990329103,48.93264867285909],[38.6441113585443,48.89833525210269],[38.59311557838821,48.81618877888168],[38.84833273351541,48.74725983831984],[38.899660951824124,48.82927313236909],[38.77196541174733,48.86387664417491],[38.823343151169624,48.94592024291786],[38.56714167574246,49.01482564489911]]]},"properties":{"name":"Tree cover (2000)","source":"JRC GLC2000 v1.1","threshold":0.4}},{"type":"Feature","geometry":{"type":"Polygon","coordinates":[[[21.40836862546412,51.98888674097391],[21.363081027973372,51.8116692046181],[21.506551487292583,51.79762000392835],[21.552386627393567,51.97477390749721],[21.40836862546412,51.98888674097391]]]},"properties":{"name":"Tree cover (2000)","source":"JRC GLC2000 v1.1","threshold":0.4}},{"type":"Feature","geometry":{"type":"Polygon","coordinates":[[[36.96770078566991,49.33298223907361],[36.87042556938336,49.16695951691408],[37.12933864763743,49.10196924285176],[37.227327562628574,49.26773538139697],[36.96770078566991,49.33298223907361]]]},"properties":{"name":"Tree cover (2000)","source":"JRC GLC2000 v1.1","threshold":0.4}},{"type":"Feature","geometry":{"type":"Polygon","coordinates":[[[37.35690819805407,49.234889375442975],[37.307631949739246,49.15208739076941],[37.436880755286126,49.11915811901153],[37.387638282667204,49.03638730195385],[37.51655731192388,49.00337515065244],[37.61560246242585,49.16875361448898],[37.35690819805407,49.234889375442975]]]},"properties":{"name":"Tree cover (2000)","source":"JRC GLC2000 v1.1","threshold":0.4}},{"type":"Feature","geometry":{"type":"Polygon","coordinates":[[[38.181647691062715,49.117090731941055],[38.131114908044246,49.03471498144154],[38.002472006000815,49.06844482369236],[37.902387790078244,48.90345731178303],[38.03068815066796,48.86985849924277],[38.0807954631541,48.95230418612577],[38.20911059144147,48.918493846890286],[38.310304252566624,49.08314848457563],[38.181647691062715,49.117090731941055]]]},"properties":{"name":"Tree cover (2000)","source":"JRC GLC2000 v1.1","threshold":0.4}},{"type":"Feature","geometry":{"type":"Polygon","coordinates":[[[27.759466059142394,51.09602820548151],[27.691221493498503,50.92233902169224],[27.82989858207212,50.9006651408138],[27.89862331312514,51.07426047404193],[27.759466059142394,51.09602820548151]]]},"properties":{"name":"Tree cover (2000)","source":"JRC GLC2000 v1.1","threshold":0.4}},{"type":"Feature","geometry":{"type":"Polygon","coordinates":[[[30.655706904547362,50.604356260156685],[30.577734761513245,50.43276152482737],[30.71379241838689,50.407663295156674],[30.792208658882075,50.57915207719745],[30.655706904547362,50.604356260156685]]]},"properties":{"name":"Tree cover (2000)","source":"JRC GLC2000 v1.1","threshold":0.4}},{"type":"Feature","geometry":{"type":"Polygon","coordinates":[[[12.94015166333598,52.413047197867805],[12.934204739918378,52.32326273000138],[12.64103617848594,52.33014275445054],[12.63570853893519,52.24034095601922],[13.074544303538955,52.22977425405921],[13.086999545728025,52.40932742703605],[12.94015166333598,52.413047197867805]]]},"properties":{"name":"Tree cover (2000)","source":"JRC GLC2000 v1.1","threshold":0.4}},{"type":"Feature","geometry":{"type":"Polygon","coordinates":[[[28.833226688416172,50.83079905511333],[28.797290190758766,50.74432952831658],[29.210056253859573,50.67486706968253],[29.246688985984797,50.761188114154535],[28.833226688416172,50.83079905511333]]]},"properties":{"name":"Tree cover (2000)","source":"JRC GLC2000 v1.1","threshold":0.4}},{"type":"Feature","geometry":{"type":"Polygon","coordinates":[[[25.764434974315577,52.12147238921717],[25.73301543107332,52.034026383458624],[25.590123535117737,52.05323484745516],[25.5591162554519,51.9657331677635],[25.416374994954886,51.984726646345],[25.385777525839245,51.89717007644697],[25.52825740302339,51.878219074630124],[25.49754597044737,51.79069259412938],[25.63965609534767,51.771612585903824],[25.670627009757627,51.85909645397521],[25.812885528038997,51.839802428679725],[25.719641561252132,51.577441388104916],[25.578155836544717,51.596607176513146],[25.60883270277017,51.684116151440556],[25.466980959393574,51.70315375158609],[25.406286253211274,51.52803907797319],[25.264840835402143,51.546822202733075],[25.294858996549493,51.634427363783885],[25.153049493603522,51.65308134502215],[25.123289060692425,51.565434854012366],[24.981631738431528,51.5838768266856],[24.952269983665307,51.49617764720522],[24.81076605696127,51.51440828205663],[24.78180057573479,51.42665716167708],[25.06419112957516,51.39010621038718],[25.034851738075307,51.30242409669783],[25.3163179068439,51.26527494316825],[25.286610954722434,51.177662419247696],[25.567154457381662,51.13991894787321],[25.59736447775923,51.227448722983574],[25.877985195412368,51.188947069749325],[25.9088401200935,51.27637976629786],[25.76833267783844,51.295757312305724],[25.829976351660925,51.47066893568808],[25.970988355106897,51.451205997000635],[26.00228362989547,51.53859947653951],[26.14343839412169,51.51892377953986],[26.175136575753253,51.60626059205736],[26.316432796326257,51.586371485683195],[26.284481267624855,51.49907854149102],[26.42541147430446,51.47906397893736],[26.52248355652167,51.74076883048489],[26.664058681799094,51.720450955929586],[26.73005759298093,51.894761096222986],[26.445768121628767,51.93540717868094],[26.380792553395352,51.76091661562762],[25.955032145473297,51.8203372143947],[26.018460314183653,51.995093417611045],[25.875794631467443,52.01464583389458],[25.907476180003897,52.102048263495085],[25.764434974315577,52.12147238921717]],[[25.54762451008836,51.5090856863049],[25.688854807345113,51.48996223573428],[25.658213690678654,51.40247039085585],[25.51723774561895,51.42155170526274],[25.54762451008836,51.5090856863049]]]},"properties":{"name":"Tree cover (2000)","source":"JRC GLC2000 v1.1","threshold":0.4}},{"type":"Feature","geometry":{"type":"Polygon","coordinates":[[[17.89751840653419,52.09609182831703],[17.866013048148847,51.917559426822464],[18.010608452605087,51.907788350502585],[18.04268110217688,52.086276058970874],[17.89751840653419,52.09609182831703]]]},"properties":{"name":"Tree cover (2000)","source":"JRC GLC2000 v1.1","threshold":0.4}},{"type":"Feature","geometry":{"type":"Polygon","coordinates":[[[23.811460511784997,52.094244488389435],[23.729244680577516,51.830181831752824],[23.586311772568628,51.84694358390542],[23.506067605996716,51.58267888921512],[23.363833604641822,51.59915649582088],[23.311499019960742,51.42285793992386],[23.73634510869812,51.373130243732554],[23.790249989063014,51.549207470616516],[23.932196665517907,51.5322140313675],[23.904919071055144,51.4442181697246],[24.187999434812596,51.40979316191585],[24.243726852316907,51.585621397872586],[24.38563852764742,51.568074927943556],[24.442423879177976,51.74378190619917],[24.58475665681662,51.725985049744544],[24.61361643355484,51.813782323453474],[24.32832278624112,51.84928328414021],[24.299988947748286,51.76140673416273],[24.157452708472288,51.778859336004345],[24.24206876295158,52.04257459955194],[23.811460511784997,52.094244488389435]],[[23.87207971604516,51.813247078540215],[24.157452708472288,51.778859336004345],[24.101715315761844,51.60299633597428],[23.9596047585357,51.62019954904529],[23.98714424113659,51.70817471369123],[23.84467230443742,51.725244050873464],[23.87207971604516,51.813247078540215]],[[23.506067605996716,51.58267888921512],[23.648206685828494,51.566029152284116],[23.6214516108692,51.477958289052005],[23.479574822538,51.49457104820514],[23.506067605996716,51.58267888921512]]]},"properties":{"name":"Tree cover (2000)","source":"JRC GLC2000 v1.1","threshold":0.4}},{"type":"Feature","geometry":{"type":"Polygon","coordinates":[[[29.933270594401442,50.641905672652456],[29.857890774661392,50.46975066693931],[29.994371870018867,50.44550945462065],[30.070202944541514,50.617561721275415],[29.933270594401442,50.641905672652456]]]},"properties":{"name":"Tree cover (2000)","source":"JRC GLC2000 v1.1","threshold":0.4}},{"type":"Feature","geometry":{"type":"Polygon","coordinates":[[[5.592551074452536,52.367705309879966],[5.610306048291672,52.18834428232807],[5.756317381436362,52.193667562744686],[5.773316469987584,52.01427406690214],[6.064268774359167,52.02433463893474],[6.056370816466324,52.11405551565646],[5.910589190483672,52.109103416461934],[5.88578001471768,52.3782205222622],[5.592551074452536,52.367705309879966]]]},"properties":{"name":"Tree cover (2000)","source":"JRC GLC2000 v1.1","threshold":0.4}},{"type":"Feature","geometry":{"type":"Polygon","coordinates":[[[13.681609563194332,52.482373225821604],[13.659331908437101,52.21316156840699],[13.513173266915883,52.21758499797937],[13.499087742706061,52.038081720032636],[13.935731225640833,52.02433463893474],[13.943629183533675,52.11405551565646],[14.089410809516327,52.109103416461934],[14.10590930092927,52.28851667740621],[14.2522453095785,52.283361359285806],[14.260850501402066,52.37305325482142],[13.967558466868574,52.38320704946484],[13.975614306427623,52.47292069788326],[13.681609563194332,52.482373225821604]],[[13.813146058951352,52.29828627731932],[13.95954252294641,52.293491670118826],[13.951566189354354,52.203774509109515],[13.805463242098915,52.208558053660404],[13.813146058951352,52.29828627731932]]]},"properties":{"name":"Tree cover (2000)","source":"JRC GLC2000 v1.1","threshold":0.4}},{"type":"Feature","geometry":{"type":"Polygon","coordinates":[[[23.73634510869812,51.373130243732554],[23.709584520816488,51.28507640559806],[23.99182378613122,51.25114395600478],[24.019100990733175,51.33912282386571],[23.73634510869812,51.373130243732554]]]},"properties":{"name":"Tree cover (2000)","source":"JRC GLC2000 v1.1","threshold":0.4}},{"type":"Feature","geometry":{"type":"Polygon","coordinates":[[[30.71379241838689,50.407663295156674],[30.674850345079662,50.32188777030255],[30.53901353973427,50.34693337885447],[30.500467402060032,50.26108481013343],[30.636084149875206,50.23609158755935],[30.597492729321104,50.150274819041066],[30.732761349297395,50.12517413757747],[30.849718596963886,50.38240465114253],[30.71379241838689,50.407663295156674]]]},"properties":{"name":"Tree cover (2000)","source":"JRC GLC2000 v1.1","threshold":0.4}},{"type":"Feature","geometry":{"type":"Polygon","coordinates":[[[21.461157397005017,51.620436299127256],[21.438623850135656,51.531833243434704],[21.29596540225774,51.54578816113026],[21.273808078256188,51.45714649999339],[21.55850844093858,51.429125813444664],[21.604004022985357,51.60627628588978],[21.461157397005017,51.620436299127256]]]},"properties":{"name":"Tree cover (2000)","source":"JRC GLC2000 v1.1","threshold":0.4}},{"type":"Feature","geometry":{"type":"Polygon","coordinates":[[[12.366974359813312,52.69555137986096],[12.34305096067666,52.24648343145823],[12.196695318637397,52.249283956944296],[12.183501114896242,51.97980838565429],[12.328979167569713,51.97702713634784],[12.32433460852758,51.887205457017345],[12.614659268294593,51.88111919784265],[12.625132018859702,52.06073309767157],[12.479398502938794,52.063880021545174],[12.484381441494579,52.15369193007067],[12.630407214969573,52.15053775506435],[12.63570853893519,52.24034095601922],[12.489389064209817,52.243502419152115],[12.514803709914759,52.69253546888032],[12.366974359813312,52.69555137986096]]]},"properties":{"name":"Tree cover (2000)","source":"JRC GLC2000 v1.1","threshold":0.4}},{"type":"Feature","geometry":{"type":"Polygon","coordinates":[[[24.745654428286983,53.535146029641886],[24.714846581164778,53.44743408058918],[24.862604599475866,53.4292044534518],[24.831664218339387,53.341524345222375],[25.126260608026914,53.304614583056185],[25.0949070608938,53.21700957012209],[25.24174741483415,53.19833079578321],[25.21026806758901,53.110757719958094],[25.356710907436334,53.091945061774936],[25.262367077415384,52.82928593957002],[25.407862339045376,52.81042739907058],[25.376447900834826,52.72289399123324],[25.52155384760901,52.70390333885803],[25.490020480556534,52.6164013792255],[25.345186749217024,52.63534858011384],[25.314077820722027,52.547791193739066],[25.74742224704225,52.49055607814471],[25.68404614932098,52.31566513371496],[26.114751039420373,52.25712961825033],[26.082499605736444,52.169797341254935],[26.368529145032028,52.12999966169973],[26.401304881209935,52.217242227437964],[26.25808678746984,52.237272143584036],[26.29075784939364,52.32454635082517],[26.577600379936964,52.28422347761956],[26.61095661131948,52.371392996932485],[26.754460280328097,52.3509268176533],[26.72084183263502,52.2638034424555],[26.863962326114414,52.243211318063445],[26.897842116276966,52.330288211351906],[27.18423705485764,52.28849466253354],[27.218802711227095,52.37546278344568],[26.78824128593152,52.4380360693889],[26.82218596657209,52.52513115580576],[26.678154547997433,52.54569029571407],[26.746007241844698,52.7199316677481],[26.890570872406514,52.699278660699754],[26.856295449541033,52.61221203413791],[27.000467910803962,52.591432626520096],[26.96609378053592,52.504398909390275],[27.109877170459377,52.483493795831166],[27.179321078914867,52.65745151586737],[27.467563052648348,52.61493115676146],[27.432230070407456,52.528056132941224],[27.288436035713353,52.549354432645046],[27.25353532327741,52.46241605591495],[27.397067432310273,52.44116593183578],[27.362073977619918,52.35426060323243],[27.505219308048428,52.33288661575484],[27.47013502116723,52.24601425416972],[27.755529709568876,52.202848911998046],[27.720100469708196,52.116057906568734],[27.86235204196167,52.094267790688264],[27.898036381606865,52.181009998435734],[28.04041491528918,52.159000583315596],[27.968708829134776,51.985598272476864],[27.684840143991885,52.02925122818694],[27.649747596550437,51.94242892729132],[27.223769140048447,52.006488975818904],[27.155602396848206,51.832513621221544],[27.013873755763736,51.853432920955015],[26.980286361687238,51.766376650272626],[26.838692101356138,51.78707984831282],[26.64197828318889,51.26416650662585],[26.361458079886873,51.304525257362975],[26.266649819982778,51.04261458625341],[26.545686665214536,51.002518925738066],[26.577633585733714,51.089748836293765],[26.85671576748377,51.048896348003694],[26.824279545261447,50.96175498992105],[26.96340766961483,50.94112295474955],[26.93087991665992,50.854011714673845],[27.346859647810906,50.791253422765436],[27.313763008554986,50.704262438367145],[27.451956464110765,50.68305736142036],[27.518781275219244,50.856932767620115],[27.380110130375204,50.87822918319268],[27.41351546556878,50.96518968047924],[27.55242688836528,50.94384727634878],[27.620189644320014,51.11762969820455],[27.480794775107274,51.139064724696475],[27.51467081235273,51.22597918900505],[28.072504465526556,51.13905280015908],[28.10751106630083,51.22576255768974],[28.24690852759189,51.203567083366785],[28.21166114023227,51.11690541378869],[28.628395878364355,51.049469079340234],[28.66436050380326,51.1359846674893],[29.219210101989773,51.04355966470695],[29.25629028599521,51.12985811468093],[29.394919963736264,51.106289345066884],[29.432408254952577,51.192518609073645],[29.293542908637505,51.21613831880724],[29.33096909659635,51.30240021453394],[29.74788122856786,51.23089245533624],[29.709748039670416,51.144784965143515],[29.986562306722305,51.09639401288155],[30.025162299146334,51.1823971133671],[30.163602804520576,51.15790314671335],[30.086117605116907,50.98598246101072],[29.94814030491319,51.01037141699664],[29.87182569955011,50.83826801729732],[29.596401389973817,50.886348654268204],[29.55896638308784,50.80016549003263],[29.42129210226925,50.82390991655804],[29.384259219426838,50.73765740757511],[29.521703123487924,50.71396356924288],[29.447687453508735,50.541503707680306],[29.310701708547843,50.565097058929695],[29.201619903819534,50.306119097790415],[29.33792483987785,50.282674774786585],[29.410932869824517,50.45524588917558],[29.68407498481035,50.40767310420179],[29.72128260150501,50.49383027310245],[29.584547957075042,50.517748033043375],[29.65902006881321,50.69010683954176],[29.796209431759213,50.66608745987517],[29.833930833219892,50.75218734987864],[29.971219755093927,50.72795412342796],[30.047642134996256,50.89999258615742],[30.18525765249717,50.87549276906338],[30.070202944541514,50.617561721275415],[30.207005875713804,50.59305585012467],[30.13072528667072,50.42110687718484],[30.26695042933524,50.39654317662864],[30.305227319469008,50.48247575253447],[30.441546201565874,50.45769909277657],[30.51907247116622,50.62939923856864],[30.655706904547362,50.604356260156685],[30.69496007252418,50.6901227025468],[30.83168507900921,50.66486518457745],[30.91118022179453,50.836228448997474],[30.77400628859095,50.861593360899654],[30.97482532903092,51.28990337639352],[30.83637471678952,51.31537765618074],[30.917546294435056,51.48666360794379],[30.778491933795774,51.51208395219592],[30.819127817367225,51.59775042761193],[30.679698289042705,51.62306123240175],[30.720288718029128,51.708761898970806],[30.580481836897476,51.73396257842937],[30.499961479580907,51.562430870549726],[30.63929678727974,51.53733979498846],[30.59908298589987,51.4515976692442],[30.45998216206505,51.4766343200002],[30.420188464536622,51.39081741179177],[30.281183639435216,51.415635428765],[30.32074276664611,51.50150622600494],[30.18136543431538,51.52621312531475],[30.260565462298114,51.69800226015735],[30.120575240744586,51.72265125510496],[30.081120932579733,51.63671285103371],[29.80120483668373,51.68540550785541],[29.84017978896467,51.77145064055135],[29.559235423227808,51.81958347524956],[29.79404508650242,52.3360906645739],[29.50959573707109,52.38419126061515],[29.4704936177769,52.298047023766934],[29.612539125109407,52.274134856547526],[29.5343950246067,52.101896789733345],[29.392845976526353,52.125702703360524],[29.31593224407233,51.95328440020818],[28.608632567243085,52.0692628604777],[28.683054526441115,52.24219816662465],[28.54069204911796,52.26498862486069],[28.577916742705426,52.35148152934663],[28.435166776633384,52.37415264513086],[28.50964161570034,52.547189461670634],[28.222713025694045,52.59222199987288],[28.25970205365489,52.67881707753809],[28.115776533804993,52.70112620501721],[27.933891820969013,52.2677362482389],[27.648237913066232,52.311341064187594],[27.683750324347557,52.39814950691024],[27.540472697283562,52.41974366717991],[27.611491416719815,52.593411637204845],[27.8989588856572,52.54985516100584],[27.93525009365416,52.63656701052601],[27.64725909007649,52.6802224521607],[27.683200552328195,52.76701774964613],[27.53874474522686,52.788635468474666],[27.503067550290318,52.70179095252692],[27.358746392553684,52.72318630489953],[27.394158378704006,52.810079700995715],[26.81452378691271,52.89411677196305],[26.780181958096748,52.80703127522582],[26.63522505031721,52.827557180747036],[26.601319038065004,52.74041064209848],[26.45650710289214,52.76071534374439],[26.523944730181434,52.93508793516694],[26.232866917211865,52.97535825184262],[26.19960993036233,52.8880862138344],[25.908588133296995,52.92756261556975],[25.97416771198712,53.1022762033518],[25.68155954374242,53.141229257786996],[25.714036158186296,53.228657442282845],[25.273383048186172,53.28589215476464],[25.337127623745904,53.460979601826686],[24.745654428286983,53.535146029641886]],[[25.76289633751506,52.94703722316758],[25.908588133296995,52.92756261556975],[25.87603910965635,52.840186675461496],[26.166515437841582,52.80080097633805],[26.133582312553585,52.71350257727023],[25.84364910783199,52.752798018030596],[25.8114170241543,52.66539667732997],[25.66654384726881,52.6847374922675],[25.76289633751506,52.94703722316758]],[[27.06971848521122,52.76545657097171],[27.214296430707,52.744408260252065],[27.179321078914867,52.65745151586737],[27.03500909438872,52.67845186242955],[27.06971848521122,52.76545657097171]],[[25.439431137191104,52.897948774807816],[25.58508508315698,52.878870575557656],[25.553241688419966,52.791393081060946],[25.407862339045376,52.81042739907058],[25.439431137191104,52.897948774807816]],[[25.9561725087515,52.64588112147382],[26.245326953916805,52.606326704429364],[26.212445282459925,52.51904730634357],[25.923827583619968,52.55851164472865],[25.9561725087515,52.64588112147382]],[[28.39819655830829,52.28760893946117],[28.54069204911796,52.26498862486069],[28.50364490579965,52.17847869538244],[28.361402873493276,52.20104845005791],[28.39819655830829,52.28760893946117]],[[28.32478453498098,52.11447123649146],[28.608632567243085,52.0692628604777],[28.461893416516194,51.72318700803299],[28.32103108421224,51.74567577542276],[28.430078511997,52.00540800487208],[28.288340366039996,52.027877357282726],[28.32478453498098,52.11447123649146]],[[29.418559083421087,51.84339928582051],[29.559235423227808,51.81958347524956],[29.520743633597313,51.7334328033815],[29.380310294633414,51.75719629499417],[29.418559083421087,51.84339928582051]],[[29.099041553173485,51.80422168423589],[29.239742704950853,51.78079267368432],[29.201916517816976,51.694519446529],[29.06145929845808,51.71789698716495],[29.099041553173485,51.80422168423589]],[[28.639298797079316,51.78702470523338],[28.78014973715469,51.76414986706256],[28.743232747890247,51.67770571104452],[28.602627542029747,51.70053023796509],[28.639298797079316,51.78702470523338]],[[27.155602396848206,51.832513621221544],[27.29721038312302,51.81142448823305],[27.195413062526008,51.550489920347175],[27.05455968018379,51.57143965098539],[27.155602396848206,51.832513621221544]],[[27.580061343147825,51.76873765489414],[27.721302807797063,51.74714042401544],[27.651775335334047,51.573482322629374],[27.5110328215861,51.59498447375895],[27.476762475435404,51.50808478343655],[27.336147575971022,51.52937155480828],[27.404351868572295,51.70324954680003],[27.54546541526076,51.68186877948284],[27.580061343147825,51.76873765489414]],[[30.10290088789591,51.35434454320148],[30.24180806101005,51.32974459941679],[30.202614842358052,51.24383381382958],[30.06394143773857,51.26838064749953],[30.10290088789591,51.35434454320148]],[[29.925133547161305,51.29276308095682],[30.06394143773857,51.26838064749953],[30.025162299146334,51.1823971133671],[29.886588228665826,51.206726967150985],[29.925133547161305,51.29276308095682]],[[27.93289380748184,51.529973476267976],[28.073268308638056,51.50796725136537],[28.03801123516357,51.4212582654825],[27.897882126208522,51.443216344118326],[27.93289380748184,51.529973476267976]],[[28.353644242435145,51.46345238318304],[29.19173685438328,51.325905733833],[29.11753206913089,51.15326210762306],[28.142681580960808,51.312455956079106],[28.17801709204964,51.399132945271674],[28.31789898682599,51.3768406200227],[28.353644242435145,51.46345238318304]],[[30.44008060842753,51.108423890770425],[30.5781166664323,51.08343911195467],[30.499252819503894,50.91183685518943],[30.636696956579744,50.88679624798509],[30.51907247116622,50.62939923856864],[30.382305944777176,50.654280762567566],[30.42110991379974,50.740153055404214],[30.283985944635027,50.764925388054095],[30.44008060842753,51.108423890770425]],[[26.913588179809818,51.59222051894886],[27.05455968018379,51.57143965098539],[26.987990305168996,51.39731686195242],[26.84751841564541,51.418006530041914],[26.913588179809818,51.59222051894886]],[[27.235039736704195,51.26844127737202],[27.37491419750993,51.247293848366745],[27.341282163560116,51.16033305865663],[27.480794775107274,51.139064724696475],[27.447076671489995,51.05213487460626],[27.168421287108384,51.09441271820706],[27.235039736704195,51.26844127737202]],[[26.64197828318889,51.26416650662585],[26.78206873047614,51.24373498640648],[26.749573851620145,51.15657772252892],[26.609730459529313,51.17696470752045],[26.64197828318889,51.26416650662585]]]},"properties":{"name":"Tree cover (2000)","source":"JRC GLC2000 v1.1","threshold":0.4}},{"type":"Feature","geometry":{"type":"Polygon","coordinates":[[[14.2522453095785,52.283361359285806],[14.243682618563637,52.193667562744686],[14.389693951708328,52.18834428232807],[14.380882065580112,52.098660773377716],[14.235162125393384,52.10397181527528],[14.226683530012416,52.01427406690214],[13.935731225640833,52.02433463893474],[13.927872038515098,51.934611828075425],[14.218246535239533,51.924574267597606],[14.209850846733497,51.834872367282316],[14.35470509771467,51.829597671315085],[14.363387944267703,51.9192875174845],[14.508497395600399,51.913822203307255],[14.499527628471455,51.824144814878004],[14.644317400303516,51.81851386194903],[14.662875789927863,51.997840627017744],[14.517511270173985,52.00349736667028],[14.544820694398423,52.27250999794907],[14.2522453095785,52.283361359285806]]]},"properties":{"name":"Tree cover (2000)","source":"JRC GLC2000 v1.1","threshold":0.4}},{"type":"Feature","geometry":{"type":"Polygon","coordinates":[[[20.008559870957416,51.66355151995242],[19.988841756836383,51.574646325381806],[20.1319118229684,51.562287175694316],[20.112016688005056,51.47340358592066],[20.397398054638597,51.448218561133906],[20.41783548221109,51.537045715830494],[20.2749100420148,51.54975359183672],[20.295174009590745,51.63860281959461],[20.008559870957416,51.66355151995242]]]},"properties":{"name":"Tree cover (2000)","source":"JRC GLC2000 v1.1","threshold":0.4}},{"type":"Feature","geometry":{"type":"Polygon","coordinates":[[[8.692282150165886,51.902872376527576],[8.69488400204258,51.8130134075516],[8.984870282804733,51.815872260425955],[8.982846323721784,51.90573776957158],[8.692282150165886,51.902872376527576]]]},"properties":{"name":"Tree cover (2000)","source":"JRC GLC2000 v1.1","threshold":0.4}},{"type":"Feature","geometry":{"type":"Polygon","coordinates":[[[13.485140263059227,51.858571344808226],[13.471328880637888,51.6790534557416],[13.904524369708223,51.665431281328345],[13.912268881145009,51.755160200249854],[13.622928064710985,51.76444033835998],[13.630137475011086,51.85418833884686],[13.485140263059227,51.858571344808226]]]},"properties":{"name":"Tree cover (2000)","source":"JRC GLC2000 v1.1","threshold":0.4}},{"type":"Feature","geometry":{"type":"Polygon","coordinates":[[[29.065192863399467,50.329401710353636],[29.029388595128058,50.24299035698671],[28.89306695170984,50.26606236490437],[28.857651248363176,50.179584672577164],[29.265577943775497,50.110030076350554],[29.30166927438789,50.19636159513228],[29.16558957495254,50.21975669052855],[29.201619903819534,50.306119097790415],[29.065192863399467,50.329401710353636]]]},"properties":{"name":"Tree cover (2000)","source":"JRC GLC2000 v1.1","threshold":0.4}},{"type":"Feature","geometry":{"type":"Polygon","coordinates":[[[9.419902596899746,51.81882064049621],[9.422199106086692,51.63907200785808],[9.71109538263182,51.640139323503135],[9.709947065374013,51.819892826051934],[9.419902596899746,51.81882064049621]]]},"properties":{"name":"Tree cover (2000)","source":"JRC GLC2000 v1.1","threshold":0.4}},{"type":"Feature","geometry":{"type":"Polygon","coordinates":[[[12.464596043745525,51.794435237299716],[12.454847982017679,51.61479729003158],[12.743416327795236,51.60839730805837],[12.748848689127833,51.69820258454333],[12.604288821124811,51.701498824928755],[12.609461347321142,51.7913098475056],[12.464596043745525,51.794435237299716]]]},"properties":{"name":"Tree cover (2000)","source":"JRC GLC2000 v1.1","threshold":0.4}},{"type":"Feature","geometry":{"type":"Polygon","coordinates":[[[10.1453161970427,51.91003619842069],[10.144739210787227,51.73028421446468],[10.289477371132108,51.73001677443447],[10.28890461736818,51.640139323503135],[10.722243298324951,51.638271537441625],[10.720818523900652,51.5483968598268],[11.009116961101778,51.54626717279104],[11.01111142914117,51.63613701803448],[11.15553507233239,51.6348029938999],[11.15782546387207,51.724668302700756],[11.013115658105194,51.72600536191397],[11.015129717195265,51.815872260425955],[10.725113817324022,51.81801651790229],[10.726559661269087,51.90788693309682],[10.1453161970427,51.91003619842069]]]},"properties":{"name":"Tree cover (2000)","source":"JRC GLC2000 v1.1","threshold":0.4}},{"type":"Feature","geometry":{"type":"Polygon","coordinates":[[[31.54163588778781,49.97123189843872],[31.50171295596198,49.885765414717945],[31.36744153841839,49.911764875814356],[31.327908185517316,49.82622279685571],[31.461967916054096,49.80027684798576],[31.34378922952096,49.54367942829664],[31.477089907665473,49.51773598817382],[31.516516463141514,49.60323727433821],[31.783145384270927,49.55077460955223],[31.82316346314923,49.63614646781176],[31.556118369290523,49.68871647653836],[31.675987047818506,49.945020798513916],[31.54163588778781,49.97123189843872]]]},"properties":{"name":"Tree cover (2000)","source":"JRC GLC2000 v1.1","threshold":0.4}},{"type":"Feature","geometry":{"type":"Polygon","coordinates":[[[27.798225693850725,50.444791511264754],[27.697949730333377,50.18417915684099],[27.970975650221433,50.14075089460549],[28.03859573349644,50.31432451928466],[27.901678798364358,50.33621215200738],[27.935489800587412,50.4230209121822],[27.798225693850725,50.444791511264754]]]},"properties":{"name":"Tree cover (2000)","source":"JRC GLC2000 v1.1","threshold":0.4}},{"type":"Feature","geometry":{"type":"Polygon","coordinates":[[[17.071768969180386,51.516829933391115],[17.05788750126188,51.427433825627745],[17.20107737285947,51.41866983288898],[17.186987138947003,51.32928948955961],[17.32985073929628,51.32037016273185],[17.358651390743915,51.49908679204797],[17.071768969180386,51.516829933391115]]]},"properties":{"name":"Tree cover (2000)","source":"JRC GLC2000 v1.1","threshold":0.4}},{"type":"Feature","geometry":{"type":"Polygon","coordinates":[[[17.66038443461449,51.56995188696822],[17.645324605282816,51.480641174287726],[17.502014636817737,51.489951740845044],[17.47266279887069,51.31127598313905],[17.615422356284654,51.30200705343022],[17.63033741344904,51.391326241942494],[17.77331767483781,51.381861518820884],[17.78858032385387,51.47115519849467],[17.931780823157464,51.46149392147091],[17.947393762074412,51.55076153389032],[17.66038443461449,51.56995188696822]]]},"properties":{"name":"Tree cover (2000)","source":"JRC GLC2000 v1.1","threshold":0.4}},{"type":"Feature","geometry":{"type":"Polygon","coordinates":[[[35.32992596137066,48.7822100775327],[35.23991503171576,48.61446077269299],[35.36896746689333,48.5839933476898],[35.41405884314147,48.66782286531103],[35.54315145394862,48.63714697122602],[35.58861718401397,48.720887208173714],[35.32992596137066,48.7822100775327]]]},"properties":{"name":"Tree cover (2000)","source":"JRC GLC2000 v1.1","threshold":0.4}},{"type":"Feature","geometry":{"type":"Polygon","coordinates":[[[17.41724677884585,54.47429172437196],[17.401191338621572,54.384978876198495],[17.0947195322594,54.40297335571016],[17.079397865129454,54.31361377119593],[16.773336458885645,54.330807465363314],[16.758743230943782,54.24140339089024],[16.911478582077468,54.232922029721145],[16.867185602001427,53.96475871459111],[16.715414608570388,53.97317817257885],[16.701120217880863,53.88376530698504],[16.549612144900408,53.89197721975207],[16.535708118791234,53.80254219344263],[16.838035311683388,53.785971416478894],[16.809182483387854,53.607174360603985],[16.658674796912393,53.61551279003952],[16.672750853761848,53.70493265465464],[16.52187527656887,53.71310493836655],[16.508113090712538,53.623665414729146],[16.3574985454685,53.631632128269466],[16.344119202788576,53.542171177211316],[16.0433629387211,53.557509534765096],[16.030675119729015,53.46800960529133],[15.5801149668061,53.48957177359188],[15.55679413114667,53.31046276457427],[15.706406044526451,53.3034942708414],[15.670944758659079,53.034865713681526],[15.819591775069815,53.027763306883365],[15.807586685187765,52.938232979569875],[15.659243111680507,52.94531864652806],[15.647600136560472,52.855769398033395],[15.795641767126835,52.84870038477457],[15.783756585176716,52.75916547859029],[15.48823081079667,52.77308827533674],[15.477003211696642,52.68351846671962],[15.181907763248466,52.696681685009516],[15.171332708539394,52.60707893519712],[15.024023526590462,52.613372977685735],[15.013798364129485,52.523753456211985],[14.866748388197415,52.52985168760592],[14.847040777173179,52.35057806972281],[14.554014169869891,52.36217675233032],[14.544820694398423,52.27250999794907],[14.691057912914435,52.26681408563773],[14.6722235654353,52.08750062309809],[14.817843003001103,52.081651647787965],[14.789073376327487,51.8127048785547],[14.644317400303516,51.81851386194903],[14.635106141497097,51.728846995451775],[14.490601657712572,51.7344651521339],[14.481719175205466,51.6447831657669],[14.337466326189125,51.650211294047196],[14.303488211155598,51.29141040484274],[15.59044569164115,51.23667536554893],[15.601378104731817,51.326256386171146],[15.887514896202807,51.31213283235877],[15.910651772677625,51.49122208522498],[15.479716640721596,51.51223838372274],[15.490528315486074,51.60182575316425],[15.346522786342687,51.608493519885926],[15.378424525945944,51.87728422780643],[15.812872339538108,51.85661031039951],[15.801332234967242,51.76706311597381],[16.23454766318531,51.74483934981198],[16.246939178032918,51.83433596205457],[15.957604984347439,51.84936324076604],[15.969487176202806,51.938891006160986],[16.114461638923558,51.93144924857089],[16.12668875689645,52.02095706118653],[15.836122713798432,52.035696096530536],[15.824469032039099,51.94615462242286],[15.534305833751896,51.96014709079906],[15.556518371772846,52.13929151596266],[15.410798356383037,52.14605112655026],[15.432648186007834,52.325216446543244],[16.163732878537367,52.28946288855421],[16.17620328361743,52.37895910397063],[16.029782063574487,52.386486885512824],[16.06668143516736,52.65501162103318],[16.213987766386918,52.64743116681135],[16.22670851510439,52.73691646810989],[16.669229891386323,52.71303189487123],[16.682910365739044,52.802458576690604],[15.94363852808249,52.84144894455295],[15.95588504571873,52.930964462535925],[16.25234163793882,52.915879244586584],[16.26525494232392,53.0053568037657],[16.41371294127566,52.99752185509858],[16.44034390714823,53.176432364693454],[16.142161185796027,53.191992735497436],[16.15496438390848,53.2814812239348],[16.304387505464643,53.27377466631325],[16.317564181095225,53.36324248728776],[16.467245274397875,53.355332832216924],[16.453760542704636,53.26588383335286],[16.75235177245154,53.24954974685126],[16.696659439234285,52.89188238962639],[16.844663032432223,52.88351876096025],[16.945007274155,53.50926838110448],[17.09509236624455,53.500579534257305],[17.110031090781153,53.589940524703],[17.26036966687431,53.58104534261325],[17.27569691323621,53.67038219159088],[17.42628845954796,53.66127980921459],[17.44200746140851,53.75059189142303],[17.743633431625632,53.73178500467869],[17.727289370109713,53.64251814852775],[17.877696400301268,53.632859114830964],[17.828234665973184,53.36510853662067],[17.977653133574623,53.35533456124918],[17.99436340903349,53.4445647558214],[18.144024600889193,53.434583133189626],[18.161127624852384,53.523785980556084],[18.610636054242754,53.49266230959899],[18.64695823748947,53.67090779254103],[18.496572670565637,53.681517456204695],[18.514562234429864,53.77065990477815],[18.3637963924297,53.78110948626238],[18.399425559985225,53.95943386927543],[18.09643230632249,53.97987424477886],[18.113750998713158,54.069080837923615],[17.961835642083482,54.079044918521696],[17.978924688649663,54.16827259244175],[17.826623275970782,54.1780730660165],[17.843479608698292,54.26732166179392],[17.690790704387798,54.27695763058442],[17.72411839505265,54.45549356453505],[17.41724677884585,54.47429172437196]],[[17.079397865129454,54.31361377119593],[17.2323391859493,54.3047331477958],[17.216773159115245,54.21539299715147],[17.064155637505756,54.22425185930844],[17.079397865129454,54.31361377119593]],[[17.369329912489096,54.20634556318242],[17.521824666978357,54.19710967975678],[17.505696230778703,54.10781169046394],[17.35352267897516,54.11702502943331],[17.369329912489096,54.20634556318242]],[[17.201287612493218,54.1260503676431],[17.35352267897516,54.11702502943331],[17.337796943869954,54.02770186457217],[17.185881943487825,54.036705223624914],[17.201287612493218,54.1260503676431]],[[17.033907119884685,54.0455209079434],[17.185881943487825,54.036705223624914],[17.17055555554773,53.94735752925528],[17.018899654377638,53.95615179525897],[17.033907119884685,54.0455209079434]],[[16.867185602001427,53.96475871459111],[17.018899654377638,53.95615179525897],[17.003969277208867,53.86678020879216],[16.852572996802493,53.87536626620409],[16.867185602001427,53.96475871459111]],[[17.625162304117307,53.91985183353332],[17.776573571174634,53.91030937496082],[17.760061290649794,53.82104873584415],[17.60896544663354,53.83056812314321],[17.625162304117307,53.91985183353332]],[[17.92792069103458,53.90058017854121],[18.079202475926255,53.89066437306516],[18.062060848316683,53.8014511921642],[17.91109348417966,53.81134304959827],[17.92792069103458,53.90058017854121]],[[17.155307858090545,53.85800724849893],[17.30658754195362,53.84904750143204],[17.291102676803895,53.759716232609065],[17.14013826642888,53.76865434512948],[17.155307858090545,53.85800724849893]],[[16.97433750099483,53.68802946607078],[17.125046201697426,53.67929878273153],[17.110031090781153,53.589940524703],[16.95963497271267,53.598650235146465],[16.97433750099483,53.68802946607078]],[[15.76016370791723,52.58008855587327],[15.907264544079577,52.572887822783095],[15.895260280034874,52.48336244792816],[15.748455162184024,52.49054645097681],[15.76016370791723,52.58008855587327]],[[15.307782974704821,52.51101358693896],[15.454715423700147,52.504372104795294],[15.432648186007834,52.325216446543244],[15.286304755267626,52.33182719693625],[15.307782974704821,52.51101358693896]],[[15.108973962625043,52.0694162451999],[15.254483374400913,52.063029963527164],[15.243980336136596,51.97342599372778],[15.098759326273633,51.97979766084369],[15.108973962625043,52.0694162451999]],[[14.933794521532926,51.80671793276552],[15.07847980283803,51.800553094691075],[15.068414212772705,51.71092701834015],[14.92401344550909,51.717077859997296],[14.933794521532926,51.80671793276552]],[[15.068414212772705,51.71092701834015],[15.212778358130075,51.70459875550764],[15.202478879615876,51.61498441049884],[15.058397607377708,51.62129834997334],[15.068414212772705,51.71092701834015]],[[14.472879875753273,51.555098806410236],[14.760722886824732,51.543736459516104],[14.742051080280545,51.36441150676903],[14.455329619627655,51.37572277096979],[14.472879875753273,51.555098806410236]]]},"properties":{"name":"Tree cover (2000)","source":"JRC GLC2000 v1.1","threshold":0.4}},{"type":"Feature","geometry":{"type":"Polygon","coordinates":[[[20.519370892560815,51.34656029772045],[20.478448764278433,51.16893030619179],[20.194821722843578,51.194293173245335],[20.17503822648449,51.10541208625937],[20.458133843394453,51.080105287652664],[20.437915467738772,50.99127356067297],[20.579092026392964,50.978390267968834],[20.558706998392744,50.8895801140677],[20.69954919081435,50.87655380734485],[20.720196243282953,50.96533530146946],[21.002184136205887,50.93871091877408],[21.02345428797537,51.02742673491187],[21.446654870182307,50.986115546073066],[21.468813037913936,51.07473297218807],[20.90334337393345,51.12959233665915],[20.92455231770808,51.218323426819495],[20.640832257141117,51.244779608478176],[20.661609612379245,51.333562411852775],[20.519370892560815,51.34656029772045]]]},"properties":{"name":"Tree cover (2000)","source":"JRC GLC2000 v1.1","threshold":0.4}},{"type":"Feature","geometry":{"type":"Polygon","coordinates":[[[13.745342396345713,51.490664008942026],[13.737991089209956,51.40091795092302],[13.88151591095376,51.396231491899194],[13.87392057746313,51.30649371411292],[14.017138469987994,51.30164182211044],[14.025013180211035,51.391368687784436],[14.168481890856457,51.38632959419434],[14.176675366079039,51.47604275253711],[13.745342396345713,51.490664008942026]]]},"properties":{"name":"Tree cover (2000)","source":"JRC GLC2000 v1.1","threshold":0.4}},{"type":"Feature","geometry":{"type":"Polygon","coordinates":[[[30.541307517621338,49.69604258231864],[30.465917165667797,49.524246668972204],[30.599555124233376,49.49934893748239],[30.675370591672042,49.67104247391366],[30.541307517621338,49.69604258231864]]]},"properties":{"name":"Tree cover (2000)","source":"JRC GLC2000 v1.1","threshold":0.4}},{"type":"Feature","geometry":{"type":"Polygon","coordinates":[[[26.738849034153333,50.33103895693724],[26.707357486346808,50.243826246766716],[26.57014209887857,50.264107702447994],[26.5390295577518,50.17683770535736],[26.81288441231016,50.1361969639861],[26.844465795973694,50.22338082659212],[27.52837734900822,50.118701504205596],[27.561267635552706,50.2056492074524],[26.738849034153333,50.33103895693724]]]},"properties":{"name":"Tree cover (2000)","source":"JRC GLC2000 v1.1","threshold":0.4}},{"type":"Feature","geometry":{"type":"Polygon","coordinates":[[[31.968923077772295,49.327091329255666],[31.92902352604189,49.24175898369382],[32.19338277541899,49.188374222800796],[32.23368752278004,49.2735986667207],[31.968923077772295,49.327091329255666]]]},"properties":{"name":"Tree cover (2000)","source":"JRC GLC2000 v1.1","threshold":0.4}},{"type":"Feature","geometry":{"type":"Polygon","coordinates":[[[31.783145384270927,49.55077460955223],[31.74330407783869,49.46538019962523],[31.477089907665473,49.51773598817382],[31.43783763026638,49.43221269444431],[31.57080232678139,49.406165952615964],[31.53151688390743,49.320673577392945],[31.664147480983427,49.294524039941614],[31.62483006120844,49.20906244496615],[31.75712842979115,49.18281061328474],[31.916263963858043,49.5243089358706],[31.783145384270927,49.55077460955223]]]},"properties":{"name":"Tree cover (2000)","source":"JRC GLC2000 v1.1","threshold":0.4}},{"type":"Feature","geometry":{"type":"Polygon","coordinates":[[[19.02236724551515,51.110634285418186],[18.98751060500897,50.93242568119626],[19.128827843956277,50.92131580622693],[19.16421803542827,51.09947519598642],[19.02236724551515,51.110634285418186]]]},"properties":{"name":"Tree cover (2000)","source":"JRC GLC2000 v1.1","threshold":0.4}},{"type":"Feature","geometry":{"type":"Polygon","coordinates":[[[25.882483339311086,50.36304839329769],[25.852555597869458,50.275568399440935],[25.71495152314044,50.29482074060573],[25.685399464874536,50.20728668862588],[25.96002991261228,50.16869921743177],[26.02022365777673,50.34358980546099],[25.882483339311086,50.36304839329769]]]},"properties":{"name":"Tree cover (2000)","source":"JRC GLC2000 v1.1","threshold":0.4}},{"type":"Feature","geometry":{"type":"Polygon","coordinates":[[[9.712796982457569,51.37049801162202],[9.713358693283904,51.280614400267496],[9.570040570352347,51.28017368004963],[9.571713487150433,51.10040332751162],[9.714473995815418,51.10084207868116],[9.7139176914476,51.19072910805044],[9.856958343344957,51.190992949988946],[9.856397981379729,51.370763040927244],[9.712796982457569,51.37049801162202]]]},"properties":{"name":"Tree cover (2000)","source":"JRC GLC2000 v1.1","threshold":0.4}},{"type":"Feature","geometry":{"type":"Polygon","coordinates":[[[24.831134527322074,50.231304391176415],[24.77556230933024,50.05569961866814],[24.912801084887473,50.037595422352176],[24.94076241951119,50.125365271070834],[25.078144677124445,50.10705755130479],[25.106474643261844,50.194776438131406],[24.831134527322074,50.231304391176415]]]},"properties":{"name":"Tree cover (2000)","source":"JRC GLC2000 v1.1","threshold":0.4}},{"type":"Feature","geometry":{"type":"Polygon","coordinates":[[[17.854834337743686,51.015088665886815],[17.83966510854099,50.92579392823332],[17.69809577200715,50.93532698322177],[17.683266177846054,50.84600659443211],[17.824568065927874,50.83649454491451],[17.80954271795892,50.74719047978308],[18.091454135791512,50.72769171424681],[18.075971184747416,50.63842563399698],[18.35713605654785,50.618283112754646],[18.341201447340133,50.52905602144656],[19.181753476096922,50.464659058768255],[19.199252686699072,50.553745635814415],[18.91878391798617,50.57594220223672],[18.97020644863817,50.843313140173464],[18.68791949109949,50.864967831772766],[18.671226127402484,50.77580223156369],[18.812135099556386,50.7650845403832],[18.795257398204523,50.675937074860464],[18.373146244154594,50.7075050285129],[18.405395418252276,50.88593346769265],[18.12264151365155,50.906209129817555],[18.138346952197026,50.99546053474128],[17.854834337743686,51.015088665886815]]]},"properties":{"name":"Tree cover (2000)","source":"JRC GLC2000 v1.1","threshold":0.4}},{"type":"Feature","geometry":{"type":"Polygon","coordinates":[[[9.430063170603368,51.00990260522351],[9.431165058119602,50.92001426632716],[9.573370353736285,50.920625781753124],[9.574192837462018,50.83073417080951],[9.858062978228872,50.831431507210525],[9.857788807439187,50.92132466626786],[9.715578597746195,50.92106258335702],[9.715027625076852,51.01095325587603],[9.430063170603368,51.00990260522351]]]},"properties":{"name":"Tree cover (2000)","source":"JRC GLC2000 v1.1","threshold":0.4}},{"type":"Feature","geometry":{"type":"Polygon","coordinates":[[[19.357237600314512,50.63144716400326],[19.32163671574772,50.45332933325922],[19.46145798023914,50.44182938152262],[19.49757768714263,50.61989703255412],[19.357237600314512,50.63144716400326]]]},"properties":{"name":"Tree cover (2000)","source":"JRC GLC2000 v1.1","threshold":0.4}},{"type":"Feature","geometry":{"type":"Polygon","coordinates":[[[22.68212650301983,50.21901502759373],[22.658292043867593,50.13064985271544],[22.934373038995954,50.099393181023466],[22.958699865100918,50.18769147542475],[22.68212650301983,50.21901502759373]]]},"properties":{"name":"Tree cover (2000)","source":"JRC GLC2000 v1.1","threshold":0.4}},{"type":"Feature","geometry":{"type":"Polygon","coordinates":[[[17.65381787862385,50.667352041432885],[17.62464759130691,50.48867887351074],[17.90508451132072,50.469649688261626],[17.920159851054322,50.558947053730414],[17.779705160682905,50.56856815859363],[17.794588577201147,50.65788169651147],[17.65381787862385,50.667352041432885]]]},"properties":{"name":"Tree cover (2000)","source":"JRC GLC2000 v1.1","threshold":0.4}},{"type":"Feature","geometry":{"type":"Polygon","coordinates":[[[21.986734897036868,50.84013934035632],[21.940880879654937,50.66311574364773],[22.080701991065766,50.64841635237673],[22.05768198503559,50.55992390610587],[21.918115149125953,50.57459142510076],[21.89545598106322,50.48605874550548],[21.61659335513096,50.51482380006934],[21.572601170018213,50.33760937641059],[21.433560147868622,50.35167738672665],[21.41196923539466,50.26302777395294],[21.550758788710958,50.24899001762604],[21.529017976638293,50.16036254190716],[21.667482263650562,50.14618715933446],[21.733762895044816,50.41195346672872],[21.87290266624023,50.397517693662856],[21.850454501750093,50.30896825797185],[21.989265182529387,50.29439544905323],[22.011964293530838,50.38291346484797],[22.28984986448373,50.35320025345769],[22.313157642918856,50.441645578089116],[22.17400381689377,50.45661850597655],[22.197168738337137,50.54508740337846],[22.475898718793047,50.51490807538901],[22.4522303245645,50.42650432049057],[22.591221054464295,50.41119489184425],[22.639171672368352,50.58792711000194],[22.77858130258183,50.572382681246246],[22.754298574009304,50.48405471365612],[23.032361852459527,50.452528614795916],[23.007693520443492,50.364259188633504],[23.14634845046584,50.34827869220191],[23.121547279868658,50.260033902354955],[23.53625471989161,50.21119369560179],[23.587453203583376,50.38746351067368],[23.448811738482252,50.403980979152365],[23.423399744472928,50.315815800359964],[23.284917452750054,50.33213084028092],[23.31008216855303,50.42033109919324],[23.171265277298527,50.436513700643815],[23.19629852806116,50.52473892958792],[23.057145533703306,50.54078842478196],[23.08204533239226,50.62903862108408],[22.103830398322533,50.73690029559164],[22.127067935711164,50.82537574511435],[21.986734897036868,50.84013934035632]]]},"properties":{"name":"Tree cover (2000)","source":"JRC GLC2000 v1.1","threshold":0.4}},{"type":"Feature","geometry":{"type":"Polygon","coordinates":[[[23.648650532528208,50.106465439571],[23.597673237123416,49.930204281373264],[23.73491943046229,49.91353127470074],[23.786380322441445,50.089721477717696],[23.648650532528208,50.106465439571]]]},"properties":{"name":"Tree cover (2000)","source":"JRC GLC2000 v1.1","threshold":0.4}},{"type":"Feature","geometry":{"type":"Polygon","coordinates":[[[28.411807519339316,49.42293642166223],[28.344686486395446,49.2495238699435],[28.478462080039463,49.22717756581197],[28.546019101325165,49.40049824499166],[28.411807519339316,49.42293642166223]]]},"properties":{"name":"Tree cover (2000)","source":"JRC GLC2000 v1.1","threshold":0.4}},{"type":"Feature","geometry":{"type":"Polygon","coordinates":[[[11.706253315718344,50.908833672383246],[11.702965313061208,50.81896817395632],[11.561092650816287,50.82097254377176],[11.55809274295156,50.73110052435417],[11.841281672944454,50.72692682297838],[11.848387897169886,50.906650272945654],[11.706253315718344,50.908833672383246]]]},"properties":{"name":"Tree cover (2000)","source":"JRC GLC2000 v1.1","threshold":0.4}},{"type":"Feature","geometry":{"type":"Polygon","coordinates":[[[19.46145798023914,50.44182938152262],[19.443525215550448,50.35278638181264],[19.303961603880616,50.364261424423084],[19.251430903482635,50.097021379099154],[19.390228501448814,50.08562035057732],[19.407911034394356,50.17468189460017],[19.546901305871913,50.163087264572894],[19.601216403530152,50.43015932587655],[19.46145798023914,50.44182938152262]]]},"properties":{"name":"Tree cover (2000)","source":"JRC GLC2000 v1.1","threshold":0.4}},{"type":"Feature","geometry":{"type":"Polygon","coordinates":[[[18.309556928549558,50.35058617665235],[18.26264438656074,50.082841740560625],[19.095479357531296,50.01913728250272],[19.129746797372825,50.19736389032623],[18.990574532148358,50.208451018377986],[18.973655842898435,50.119316864183915],[18.556556323523424,50.15149192913837],[18.572707414259455,50.24069553171831],[18.433304469246234,50.25110436894664],[18.449273626116987,50.340324995848206],[18.309556928549558,50.35058617665235]]]},"properties":{"name":"Tree cover (2000)","source":"JRC GLC2000 v1.1","threshold":0.4}},{"type":"Feature","geometry":{"type":"Polygon","coordinates":[[[4.786498049461832,50.4434279859466],[4.806240501682783,50.26413879872462],[4.946203111728704,50.270417427414],[4.926988289369853,50.44973402117877],[4.786498049461832,50.4434279859466]]]},"properties":{"name":"Tree cover (2000)","source":"JRC GLC2000 v1.1","threshold":0.4}},{"type":"Feature","geometry":{"type":"Polygon","coordinates":[[[24.6118728783689,49.52860186129218],[24.585024292232166,49.44071099368851],[24.85611657874016,49.404868511617636],[24.883429395273605,49.49268461422009],[24.6118728783689,49.52860186129218]]]},"properties":{"name":"Tree cover (2000)","source":"JRC GLC2000 v1.1","threshold":0.4}},{"type":"Feature","geometry":{"type":"Polygon","coordinates":[[[10.284421402253805,50.92106258335702],[10.283873067835417,50.83117000485159],[10.425807162537982,50.83073417080951],[10.424988608767453,50.74084059284265],[10.283327353498,50.74127546409224],[10.282784241240735,50.651378904816255],[10.424173957952835,50.65094499162301],[10.423363183345622,50.56104731092517],[10.705592578281511,50.55966186589644],[10.70424779543044,50.46976508508228],[10.985920382224867,50.46769154593703],[10.984046797790137,50.3777970889115],[11.265157877991648,50.375038549748176],[11.262760697220099,50.285147817961594],[11.403037874677663,50.28351357846586],[11.397748838381567,50.10373203256795],[11.677217629874296,50.09996409312494],[11.689969248350867,50.45948467002531],[11.549178412690805,50.4614714685302],[11.55809274295156,50.73110052435417],[11.416481830169682,50.73292663446833],[11.413767393012845,50.64304846458875],[11.27241804612,50.64469708150017],[11.274861239731582,50.73457889006294],[10.708301434107012,50.73944903170889],[10.7096655958098,50.829339528945006],[10.567738330327831,50.830124009918265],[10.568834941880398,50.92001426632716],[10.284421402253805,50.92106258335702]]]},"properties":{"name":"Tree cover (2000)","source":"JRC GLC2000 v1.1","threshold":0.4}},{"type":"Feature","geometry":{"type":"Polygon","coordinates":[[[4.140128756556521,49.96143896185922],[4.15108130275283,49.871850842100514],[4.428610293968966,49.88582634513944],[4.418172191162224,49.975444522647265],[4.140128756556521,49.96143896185922]]]},"properties":{"name":"Tree cover (2000)","source":"JRC GLC2000 v1.1","threshold":0.4}},{"type":"Feature","geometry":{"type":"Polygon","coordinates":[[[14.73796517083258,49.923682584134724],[14.729117887987671,49.83397938598381],[15.006543615575474,49.82206516518342],[15.015905896311255,49.91174275672461],[14.73796517083258,49.923682584134724]]]},"properties":{"name":"Tree cover (2000)","source":"JRC GLC2000 v1.1","threshold":0.4}},{"type":"Feature","geometry":{"type":"Polygon","coordinates":[[[14.286744248167562,51.11199509385624],[14.278432551064718,51.02228354655814],[14.136101229129219,51.027452430764455],[14.128103015838676,50.93772675487673],[13.986016859914926,50.94270988203653],[13.970678762793227,50.76322851227763],[14.112221066454568,50.758267386871516],[14.09649001377766,50.57879699252284],[14.51933092489494,50.562942579259854],[14.510720197377308,50.4732378108131],[14.932487491083908,50.45586808653196],[14.951352045646145,50.63519829461768],[15.092409354377,50.629037300344315],[15.073011710630144,50.44973402117877],[15.213501950538168,50.4434279859466],[15.223443436473023,50.533067462156176],[15.364164194812318,50.526575349678154],[15.353957289140919,50.436950048801634],[15.915411261260287,50.4093207034669],[15.92667718721979,50.49888559749206],[16.067208316909777,50.491533207964174],[16.055678333071953,50.40198433923394],[16.195905013057644,50.39447651860801],[16.184166829034968,50.3049401284456],[16.324089962326216,50.29727761196212],[16.300257933672135,50.118226029099475],[16.160855662891176,50.12585542685527],[16.17248383610573,50.21539977924514],[15.89303839783001,50.23017959674608],[15.88193074639183,50.14060329373087],[16.021412970748464,50.133314541302994],[16.01009816840298,50.04375006246069],[16.288425580572643,50.028694069035296],[16.276648503823676,49.939157938148114],[16.415493977108447,49.931391856720296],[16.403515835325656,49.84186815015955],[16.54206403451733,49.833949660776646],[16.566588935943944,50.01295870655596],[16.705606896534388,50.00483646688878],[16.68057006722723,49.825862206395364],[16.819033070919527,49.81760587073907],[16.844581212224355,49.996544634331634],[16.983511010617846,49.988083295554034],[16.970451210579057,49.898634333493796],[17.247662895121607,49.881240851848624],[17.234155314948648,49.79182443841996],[17.372437620715377,49.7828934482801],[17.34510597244811,49.604083994440934],[17.620521566471457,49.58579482071056],[17.634657665729936,49.675163118439414],[17.772543884279816,49.665747174283624],[17.786997291826033,49.75509022819639],[17.510672617763532,49.77379402047032],[17.595751568257764,50.30998679104878],[17.036366162808093,50.34583364185449],[17.04973602307018,50.4352600568328],[16.76923545308956,50.452195539118826],[16.743604350414714,50.27326482791808],[16.603809619404338,50.281439877422756],[16.616333631865338,50.37092513216027],[16.476233567335868,50.37894683192504],[16.500932728865656,50.55793996698655],[16.641559721276582,50.54988319263304],[16.65426260689717,50.63935608270762],[16.51337030717162,50.64743052277854],[16.538423467635326,50.8263998237305],[16.113879126921756,50.849691215364565],[16.125686441767325,50.93922157140277],[15.841904999798265,50.95391519702229],[15.853225446511031,51.043474608854204],[15.568738216844839,51.057503919682034],[15.55796243206971,50.96791340268727],[15.131763192211048,50.98760544729066],[15.121854113136854,50.89796809257976],[14.979987697546632,50.90416997813606],[14.970396890507347,50.814515836437124],[14.687104880851624,50.82637153410001],[14.696152995406974,50.916051930432616],[14.554186628324796,50.92173186541654],[14.563005178450823,51.011421987775456],[14.420734191711471,51.01694004566087],[14.429320642637093,51.10663968288998],[14.286744248167562,51.11199509385624]],[[14.395220463377502,50.74782461365577],[14.819492256272804,50.73086002316467],[14.810261199296974,50.64118650578146],[14.38679682740454,50.65811379663129],[14.395220463377502,50.74782461365577]],[[16.439618895992574,50.11042642847869],[16.578937664845583,50.102456707161934],[16.566588935943944,50.01295870655596],[16.42752820504274,50.02091126836118],[16.439618895992574,50.11042642847869]]]},"properties":{"name":"Tree cover (2000)","source":"JRC GLC2000 v1.1","threshold":0.4}},{"type":"Feature","geometry":{"type":"Polygon","coordinates":[[[29.135633737853514,48.374937682284326],[29.068101507590626,48.20190774291973],[29.198901037349184,48.17876745854701],[29.266842062057425,48.351705342423934],[29.135633737853514,48.374937682284326]]]},"properties":{"name":"Tree cover (2000)","source":"JRC GLC2000 v1.1","threshold":0.4}},{"type":"Feature","geometry":{"type":"Polygon","coordinates":[[[7.9821208219067,51.5332249920111],[7.986087752365107,51.44338302282318],[7.554805458456833,51.43515236358902],[7.559597109422646,51.345327147502935],[7.41615088881027,51.34223693227137],[7.411078169473278,51.43205518381983],[6.980010990503786,51.42170326252822],[6.9859260706680875,51.33190828085651],[7.272722968855423,51.338970357547964],[7.278050750086288,51.2491574877996],[7.1349215780300455,51.24572230899887],[7.162555888213805,50.79666441256918],[7.304307836119795,50.800061570734314],[7.309484114255752,50.71023569667969],[7.026542555292631,50.703282796863476],[7.032234503475083,50.613469857637824],[7.173425542953898,50.61702525572041],[7.1788216462738115,50.52720203453611],[7.319762902221921,50.53057682678691],[7.324865747615692,50.44074372308514],[7.606265817674258,50.44696110288676],[7.6108113092079455,50.357111914115784],[7.4703694345564875,50.35409607168292],[7.475158866518806,50.26425094108536],[7.3349991685531055,50.26106990838055],[7.340030070470032,50.17122908940899],[7.619838030378081,50.17740596512707],[7.628780032244128,49.99768955783732],[7.4893923422933275,49.99469978016976],[7.494092398057301,49.904843955967586],[7.354981468997817,49.90169033783388],[7.359918692847837,49.81183847560074],[7.637638452259384,49.81796225640888],[7.633219619703284,49.90782729613892],[7.911519337691187,49.913283019268924],[7.907601012088092,50.00315705593502],[8.186476736107915,50.00794162187236],[8.18306406875773,50.097823349151966],[8.462511706955274,50.10193366123096],[8.459609855577789,50.191821750941436],[8.59961288236838,50.19362402711768],[8.596962125322337,50.28351357846586],[8.456694280982234,50.281707378390216],[8.453764889678169,50.37159059908513],[8.313241312841377,50.36960813977342],[8.310030751649133,50.45948467002531],[8.450821587309193,50.4614714685302],[8.444892867560974,50.641226375669206],[8.727581953879998,50.64469708150017],[8.725138760268417,50.73457889006294],[8.583518169830318,50.73292663446833],[8.580790732783143,50.82280269494724],[8.722683864884278,50.824458607204015],[8.72021718681305,50.914336288676296],[8.57805020596501,50.91267670165262],[8.575296498651216,51.002548710210505],[8.717738644380209,51.004211990232584],[8.715248155142334,51.09408576762598],[9.00071134167822,51.09689346652852],[9.004576686050347,50.91713151504282],[9.146767242065664,50.918267123232184],[9.14178522354002,51.1879148870764],[8.712745635878083,51.18395767661007],[8.710231002579034,51.273827772939164],[8.853515734664997,51.27532603387046],[8.849012327472867,51.455067770613844],[8.992867814556847,51.45639577019148],[8.990883038898222,51.54626717279104],[8.41438132323887,51.53987870361705],[8.417499247472811,51.45002172094104],[8.273682763629811,51.44798575194673],[8.270281743192655,51.53783812969851],[7.9821208219067,51.5332249920111]],[[8.561327018938686,51.45188072764251],[8.70516505385162,51.453562750654605],[8.707704170440401,51.36369611236851],[8.564148019844508,51.36201787545787],[8.561327018938686,51.45188072764251]],[[7.309484114255752,50.71023569667969],[7.450982891029051,50.71345175811651],[7.45586416294341,50.62361645351195],[7.314635746769481,50.62040746667159],[7.309484114255752,50.71023569667969]],[[7.592499053168691,50.71649417945372],[7.734031639893499,50.71936292722408],[7.738371819716917,50.6295146163515],[7.59710983854019,50.62665218114339],[7.592499053168691,50.71649417945372]],[[7.742691369157159,50.53966399401075],[8.165756990009527,50.547194674374374],[8.17272901260692,50.36745338569546],[8.313241312841377,50.36960813977342],[8.319617019650591,50.18984790668472],[7.899708896555949,50.18289718515159],[7.903664240038409,50.09302842626979],[7.763984544922244,50.09037429821644],[7.75552763712286,50.270097711931086],[7.895734855502857,50.272763387448656],[7.891741989576389,50.362627088019224],[8.032228926041409,50.36512636008303],[8.028484099605146,50.45499308227564],[7.746990429057189,50.44981100558262],[7.742691369157159,50.53966399401075]]]},"properties":{"name":"Tree cover (2000)","source":"JRC GLC2000 v1.1","threshold":0.4}},{"type":"Feature","geometry":{"type":"Polygon","coordinates":[[[10.417794099376,49.93170059846148],[10.416236348197032,49.751865332629045],[10.554977622312405,49.751270918346464],[10.556013662318387,49.841188566561584],[10.695010319811852,49.840422687952824],[10.696311398111794,49.93033609438198],[10.417794099376,49.93170059846148]]]},"properties":{"name":"Tree cover (2000)","source":"JRC GLC2000 v1.1","threshold":0.4}},{"type":"Feature","geometry":{"type":"Polygon","coordinates":[[[26.13539859107211,48.58408381959603],[26.10662369767784,48.4965883829707],[25.973930744791023,48.51604763066613],[25.945499782737638,48.42849907473057],[26.210359054840936,48.38950112325526],[26.268215104903774,48.56442679350825],[26.13539859107211,48.58408381959603]]]},"properties":{"name":"Tree cover (2000)","source":"JRC GLC2000 v1.1","threshold":0.4}},{"type":"Feature","geometry":{"type":"Polygon","coordinates":[[[15.581827808837776,49.975444522647265],[15.561000250540362,49.79620428180176],[15.699527050353762,49.789316024346945],[15.688930923959102,49.699704735884296],[15.827166302177758,49.692662466967604],[15.816365777258055,49.60306212012317],[16.230085627389006,49.580970825966546],[16.21857946142681,49.49141317971779],[16.35615671052232,49.48372950282196],[16.321208302381894,49.21507827749846],[16.45799905998009,49.20727650932845],[16.469842524219217,49.29681506732502],[16.606840517100075,49.28882999576749],[16.594749681248267,49.199308219541024],[16.8681272289582,49.18287239482028],[16.880711938483373,49.27235957719074],[17.017583717835347,49.263874395199146],[17.04342391775965,49.44279815504148],[16.906055808097484,49.45131921268882],[16.918815736961974,49.54079174975833],[16.643449223324758,49.557366939127405],[16.618987139961668,49.37834701237742],[16.481740653784698,49.386348945395376],[16.50570235657472,49.56540283626082],[16.367914208970088,49.573270825290514],[16.37972631970421,49.66280767812397],[16.2416452569592,49.670524080617916],[16.253258706174787,49.760072988041166],[15.976469721044984,49.7750323588913],[15.987626895536911,49.864609016294644],[15.710172675897457,49.87892330957378],[15.720868132431741,49.968526637742194],[15.581827808837776,49.975444522647265]],[[16.76864419659564,49.45967296002028],[16.906055808097484,49.45131921268882],[16.89335467063833,49.36184183580208],[16.75619208933692,49.37017794840812],[16.76864419659564,49.45967296002028]]]},"properties":{"name":"Tree cover (2000)","source":"JRC GLC2000 v1.1","threshold":0.4}},{"type":"Feature","geometry":{"type":"Polygon","coordinates":[[[14.694138235326795,49.475130664776636],[14.676890311089013,49.29568405462214],[14.81409792202825,49.28988616320933],[14.822952541727938,49.37959909806853],[14.960380401463036,49.37362124061256],[14.969527573579851,49.46331764986482],[14.694138235326795,49.475130664776636]]]},"properties":{"name":"Tree cover (2000)","source":"JRC GLC2000 v1.1","threshold":0.4}},{"type":"Feature","geometry":{"type":"Polygon","coordinates":[[[9.71882966056169,50.381676553327246],[9.71936254119106,50.29177135744321],[9.158117512407006,50.289018606819454],[9.16129178884658,50.109213195662804],[9.301068051716634,50.11015533311823],[9.302381406196346,50.02024695740207],[9.162867741755704,50.01930685641933],[9.165997527582126,49.83948663041003],[8.88803033865502,49.83710401944291],[8.890102008446169,49.7471951289835],[8.751387567524143,49.7457517015598],[8.746715704748913,49.92556063128065],[9.025189451833084,49.928289409976514],[9.02335956063777,50.01819585146581],[8.883857776019898,50.01691395427919],[8.881756751382191,50.10681511039253],[8.602251161618433,50.10373203256795],[8.604877047310017,50.013837539174695],[8.465399927749022,50.01204305374694],[8.468274609747004,49.922149872973286],[8.607490622910886,49.92394049129286],[8.615258312482737,49.65423346421454],[8.47681832835094,49.652454335684844],[8.479639756451087,49.56255030649862],[8.617823467305985,49.56432564185838],[8.622918143989626,49.384501443173285],[9.035990973658793,49.388794942281194],[9.037762113545817,49.298869372218874],[9.175213444874831,49.29996153743067],[9.172169994246103,49.479814419231566],[9.310133634288633,49.480742506060196],[9.306284682115313,49.750506682010204],[9.445022377687595,49.751270918346464],[9.443986337681613,49.841188566561584],[9.582986599359552,49.84178425822888],[9.581421530979442,50.021614409527906],[9.720946163750538,50.022041746220616],[9.719892907274366,50.201863861790464],[9.859945989937408,50.202121379314],[9.859680803540101,50.29202943589764],[10.0,50.29211546235709],[10.0,50.202207218794165],[10.14005401006259,50.202121379314],[10.140585640161248,50.38193519545776],[9.71882966056169,50.381676553327246]]]},"properties":{"name":"Tree cover (2000)","source":"JRC GLC2000 v1.1","threshold":0.4}},{"type":"Feature","geometry":{"type":"Polygon","coordinates":[[[37.92301039848321,45.93961881279221],[37.78676708417096,45.69098198713911],[38.02901762636265,45.62446549243876],[38.12025774630469,45.79001929494946],[37.998902114720295,45.82346496139827],[38.044646009730485,45.90625123674919],[37.92301039848321,45.93961881279221]]]},"properties":{"name":"Tree cover (2000)","source":"JRC GLC2000 v1.1","threshold":0.4}},{"type":"Feature","geometry":{"type":"Polygon","coordinates":[[[17.291195306540835,49.24640451033253],[17.277872044442365,49.15697178545131],[17.004752517479826,49.17440502371455],[16.991980067240284,49.08493060242385],[17.40085788966721,49.05858689034572],[17.427933479346724,49.2374199820262],[17.291195306540835,49.24640451033253]]]},"properties":{"name":"Tree cover (2000)","source":"JRC GLC2000 v1.1","threshold":0.4}},{"type":"Feature","geometry":{"type":"Polygon","coordinates":[[[4.911578094988868,49.27778839016854],[4.948571223393812,48.91899829234639],[5.084728398236598,48.92507957126972],[5.048724599076745,49.28392092170202],[4.911578094988868,49.27778839016854]]]},"properties":{"name":"Tree cover (2000)","source":"JRC GLC2000 v1.1","threshold":0.4}},{"type":"Feature","geometry":{"type":"Polygon","coordinates":[[[44.4306347558386,43.50737676774716],[44.326596278221146,43.34847825658672],[44.43984625911835,43.30802607865985],[44.49187671722229,43.38743282207969],[44.60509814280617,43.346791471058054],[44.657423821069834,43.426087201556136],[44.4306347558386,43.50737676774716]]]},"properties":{"name":"Tree cover (2000)","source":"JRC GLC2000 v1.1","threshold":0.4}},{"type":"Feature","geometry":{"type":"Polygon","coordinates":[[[1.676934951859531,48.81275163353492],[1.7068720260491559,48.634152157214054],[1.841826892845285,48.64417289512235],[1.812366615528347,48.8228138874598],[1.676934951859531,48.81275163353492]]]},"properties":{"name":"Tree cover (2000)","source":"JRC GLC2000 v1.1","threshold":0.4}},{"type":"Feature","geometry":{"type":"Polygon","coordinates":[[[8.082851741183692,49.10671307501686],[8.089818792748394,48.92689221284146],[8.226211235553185,48.92914102637854],[8.219741136544355,49.1089713402759],[8.082851741183692,49.10671307501686]]]},"properties":{"name":"Tree cover (2000)","source":"JRC GLC2000 v1.1","threshold":0.4}},{"type":"Feature","geometry":{"type":"Polygon","coordinates":[[[15.742143877945676,48.9757404267647],[15.72137213112505,48.79646593413455],[15.992768899571667,48.782179415460156],[16.003617135845765,48.871789184525085],[15.867693617264047,48.87903004383303],[15.878347474041874,48.96865024826657],[15.742143877945676,48.9757404267647]]]},"properties":{"name":"Tree cover (2000)","source":"JRC GLC2000 v1.1","threshold":0.4}},{"type":"Feature","geometry":{"type":"Polygon","coordinates":[[[17.916621997851454,48.84244519877837],[17.873961679885817,48.57435333971496],[18.008776147741177,48.564680073133324],[18.02316930784693,48.65402992435853],[18.158173107154713,48.64417289512235],[18.172869831060705,48.73349640172127],[18.0376278202439,48.743373812293896],[18.052152107738237,48.83271177459772],[17.916621997851454,48.84244519877837]]]},"properties":{"name":"Tree cover (2000)","source":"JRC GLC2000 v1.1","threshold":0.4}},{"type":"Feature","geometry":{"type":"Polygon","coordinates":[[[6.862914998301736,48.89916508696453],[6.874241525935696,48.71944637012247],[7.010007796254216,48.7231768134161],[6.999171808191059,48.90291110552495],[6.862914998301736,48.89916508696453]]]},"properties":{"name":"Tree cover (2000)","source":"JRC GLC2000 v1.1","threshold":0.4}},{"type":"Feature","geometry":{"type":"Polygon","coordinates":[[[10.956973281232555,49.02907469904716],[10.955234506307631,48.93913696707764],[10.682327150290416,48.94113639312142],[10.681090735963,48.85119130622925],[10.953503690313667,48.84919605468517],[10.951780781266686,48.75925190588423],[11.223678419999496,48.75659723180767],[11.225893310063384,48.84653584177333],[11.634419421714162,48.84129895656695],[11.637385422062602,48.9312233505747],[11.500972016486998,48.93313916480194],[11.503703597022882,49.023064317268535],[11.230353647778522,49.02640332949705],[11.228118363720146,48.93647118906623],[11.091679791589572,48.93788736607932],[11.0936668447153,49.02782247688585],[10.956973281232555,49.02907469904716]]]},"properties":{"name":"Tree cover (2000)","source":"JRC GLC2000 v1.1","threshold":0.4}},{"type":"Feature","geometry":{"type":"Polygon","coordinates":[[[26.636032503206884,47.590566038486536],[26.57859131791146,47.41574639258301],[26.837965606409668,47.37535316976198],[26.896225120084612,47.55001447369311],[26.636032503206884,47.590566038486536]]]},"properties":{"name":"Tree cover (2000)","source":"JRC GLC2000 v1.1","threshold":0.4}},{"type":"Feature","geometry":{"type":"Polygon","coordinates":[[[43.41577862692954,43.66760769361498],[43.36491560872812,43.587574123833086],[43.25057391113533,43.62683677237354],[43.20000995876333,43.54669601114216],[43.31423958119879,43.50749729542507],[43.26374967398956,43.42737736268317],[43.37773583160528,43.388116700303385],[43.32732006904451,43.30801740976745],[43.66815968979611,43.189675012728735],[43.61759963333924,43.10972339857482],[44.18251033867887,42.91031497403742],[44.233604851115665,42.9899469777156],[44.12077806982447,43.030140625577204],[44.1719524250299,43.10979220698044],[43.94569209600388,43.18993624396909],[43.99683913182608,43.269671940890056],[43.883403485872435,43.309621842113046],[43.93462946997345,43.38937761617293],[43.47912439075591,43.54818562449284],[43.53009892001955,43.62815494934963],[43.41577862692954,43.66760769361498]],[[43.65613494252202,43.38914750389459],[43.76983541086068,43.3494471041505],[43.71890466418908,43.269582966148356],[43.605313371320676,43.309219279588994],[43.65613494252202,43.38914750389459]]]},"properties":{"name":"Tree cover (2000)","source":"JRC GLC2000 v1.1","threshold":0.4}},{"type":"Feature","geometry":{"type":"Polygon","coordinates":[[[2.544141548518347,48.512958008869504],[2.5707219059962534,48.33407421645922],[2.839341214079586,48.351837358243046],[2.826552553496999,48.44131855678363],[2.691985443765636,48.43250039849831],[2.6789019452530316,48.52195790418142],[2.544141548518347,48.512958008869504]]]},"properties":{"name":"Tree cover (2000)","source":"JRC GLC2000 v1.1","threshold":0.4}},{"type":"Feature","geometry":{"type":"Polygon","coordinates":[[[45.10937803095152,43.262023593183144],[45.05663747300044,43.182990568747925],[44.94395461739489,43.2241256692613],[44.7871782786284,42.986551432835334],[44.56202988896542,43.06806064147901],[44.5103541007523,42.98864756127037],[44.28488485079354,43.06953424927319],[44.233604851115665,42.9899469777156],[44.34630045034144,42.94962974986987],[44.295101074016536,42.87006192695579],[44.40756127715663,42.829685603408784],[44.458864844429556,42.90918916189282],[44.68359993967107,42.82793878384726],[44.73529575131363,42.907267981686196],[44.959709687056986,42.82539727352376],[44.90781001111234,42.74619759788715],[45.019718136361476,42.705143499126166],[45.176281674469955,42.94240856674851],[45.51211530938283,42.817927675024954],[45.45944074071604,42.73908218466332],[45.347728550035285,42.78063219119633],[45.29534098794624,42.70167419220658],[45.51843543753539,42.61858334992697],[45.78324898287591,43.012244064487284],[45.446922539889094,43.13768408361381],[45.39387806798576,43.05884890887164],[45.28159919841769,43.10035196456328],[45.334543052884044,43.17925316510821],[45.10937803095152,43.262023593183144]]]},"properties":{"name":"Tree cover (2000)","source":"JRC GLC2000 v1.1","threshold":0.4}},{"type":"Feature","geometry":{"type":"Polygon","coordinates":[[[28.386374148425805,47.12012940440045],[28.355041781995613,47.033269536975645],[28.611374422916022,46.9886872968132],[28.643096618147794,47.07546140907713],[28.386374148425805,47.12012940440045]]]},"properties":{"name":"Tree cover (2000)","source":"JRC GLC2000 v1.1","threshold":0.4}},{"type":"Feature","geometry":{"type":"Polygon","coordinates":[[[17.48268021090027,48.69181908087979],[17.46923896157273,48.602391364751405],[17.064113486050534,48.62895485980596],[17.001349409439236,48.18146000133532],[17.135253617090456,48.17285814153147],[17.14792763170246,48.262350567096234],[17.28202394628318,48.25356844103488],[17.308014556234365,48.43250039849831],[17.442538291030278,48.42351897292291],[17.455858451481653,48.512958008869504],[17.590574403466785,48.50379460456081],[17.617872021977398,48.68261781947354],[17.48268021090027,48.69181908087979]]]},"properties":{"name":"Tree cover (2000)","source":"JRC GLC2000 v1.1","threshold":0.4}},{"type":"Feature","geometry":{"type":"Polygon","coordinates":[[[27.167370858048606,47.139128256993956],[27.108905746123398,46.96458329126912],[27.237379622378366,46.94385676252573],[27.266748133124157,47.031097071086165],[27.39532863729568,47.0101782996986],[27.42502165875449,47.09736243680794],[27.167370858048606,47.139128256993956]]]},"properties":{"name":"Tree cover (2000)","source":"JRC GLC2000 v1.1","threshold":0.4}},{"type":"Feature","geometry":{"type":"Polygon","coordinates":[[[29.94686119348516,46.560101012559684],[29.913463778058233,46.47375687258316],[30.16606242004622,46.42554968430271],[30.19982918999477,46.51180304541749],[29.94686119348516,46.560101012559684]]]},"properties":{"name":"Tree cover (2000)","source":"JRC GLC2000 v1.1","threshold":0.4}},{"type":"Feature","geometry":{"type":"Polygon","coordinates":[[[3.9478300522975363,48.14749100803708],[3.95852672777895,48.05785697859645],[4.226044090428959,48.0722353275807],[4.215815971426797,48.16189866568979],[3.9478300522975363,48.14749100803708]]]},"properties":{"name":"Tree cover (2000)","source":"JRC GLC2000 v1.1","threshold":0.4}},{"type":"Feature","geometry":{"type":"Polygon","coordinates":[[[2.0762336338499776,48.02845360733456],[2.090180862727343,47.939060945044034],[2.2233617540660204,47.94859705562103],[2.2370175670145667,47.859178887783735],[2.37001370032512,47.86853476815406],[2.343101220978565,48.04740284601924],[2.0762336338499776,48.02845360733456]]]},"properties":{"name":"Tree cover (2000)","source":"JRC GLC2000 v1.1","threshold":0.4}},{"type":"Feature","geometry":{"type":"Polygon","coordinates":[[[21.74932937804102,47.5927824428145],[21.708654098286047,47.41536015058283],[21.83972369798844,47.40108847729049],[21.8808342258677,47.57845408346389],[21.74932937804102,47.5927824428145]]]},"properties":{"name":"Tree cover (2000)","source":"JRC GLC2000 v1.1","threshold":0.4}},{"type":"Feature","geometry":{"type":"Polygon","coordinates":[[[4.369802360537102,47.989498377946006],[4.37970660587035,47.899810905971705],[4.646489982869485,47.913159968394474],[4.637051520459988,48.00287453762462],[4.369802360537102,47.989498377946006]]]},"properties":{"name":"Tree cover (2000)","source":"JRC GLC2000 v1.1","threshold":0.4}},{"type":"Feature","geometry":{"type":"Polygon","coordinates":[[[2.37001370032512,47.86853476815406],[2.3833801757057085,47.77909154685673],[2.5161912180685406,47.78826783007731],[2.5292704252457128,47.69880000202414],[2.6618960576592774,47.7077973196193],[2.6361367250687917,47.886763200813384],[2.37001370032512,47.86853476815406]]]},"properties":{"name":"Tree cover (2000)","source":"JRC GLC2000 v1.1","threshold":0.4}},{"type":"Feature","geometry":{"type":"Polygon","coordinates":[[[18.87193837659964,48.04628921407166],[18.84076798836309,47.867799022039115],[18.707921516280262,47.87846176879239],[18.692667134532503,47.78918486292926],[18.825286550464398,47.77854355044769],[18.779252079051325,47.51073521363987],[18.911146844709425,47.49999829123064],[18.942217061200736,47.678501193421425],[19.07450973305947,47.66756142324021],[19.10630823967769,47.8459919245864],[19.23900059202016,47.83484777362587],[19.255233080408523,47.924029845075445],[19.122313738715828,47.93519646486447],[19.138390664617923,48.02439390957674],[18.87193837659964,48.04628921407166]]]},"properties":{"name":"Tree cover (2000)","source":"JRC GLC2000 v1.1","threshold":0.4}},{"type":"Feature","geometry":{"type":"Polygon","coordinates":[[[4.779928460913464,47.91959152696776],[4.789092596551497,47.82985902528829],[4.655886301147368,47.82344046826058],[4.665240742079291,47.733715988837076],[5.197316965773832,47.758369725508764],[5.188888363561361,47.84814403688018],[5.055594379788989,47.8422108667588],[5.046895220868838,47.93196839997312],[4.779928460913464,47.91959152696776]]]},"properties":{"name":"Tree cover (2000)","source":"JRC GLC2000 v1.1","threshold":0.4}},{"type":"Feature","geometry":{"type":"Polygon","coordinates":[[[10.405727206197689,48.49269743909579],[10.405002040365464,48.402732988968985],[10.270002702171409,48.403144399079125],[10.2695214364825,48.313175618725246],[10.134761118047743,48.31342195899984],[10.134521569174835,48.223449136743646],[9.865478430825165,48.223449136743646],[9.865716899931536,48.13347272369253],[10.0,48.13355450148972],[10.0,47.95359034514603],[9.866190626478224,47.953508900121115],[9.86642589758506,47.86352137704792],[10.133574102414938,47.86352137704792],[10.134045703805148,48.04349266357643],[10.402133978554266,48.0428397799962],[10.403561531152251,48.222793578624085],[10.538078335899758,48.22221997209178],[10.537124514098537,48.132246072216596],[10.67139972832501,48.13151009526404],[10.672591964611993,48.221482487334626],[10.807101623560925,48.220581131368725],[10.811432523427355,48.49047129415367],[10.405727206197689,48.49269743909579]]]},"properties":{"name":"Tree cover (2000)","source":"JRC GLC2000 v1.1","threshold":0.4}},{"type":"Feature","geometry":{"type":"Polygon","coordinates":[[[35.00693876509433,45.08637882896291],[34.96698339271987,45.00200646802524],[34.84575971926163,45.031729792095774],[34.80611830083517,44.94727729081639],[35.04814138100173,44.887796865378334],[35.12820338898864,45.05646355537247],[35.00693876509433,45.08637882896291]]]},"properties":{"name":"Tree cover (2000)","source":"JRC GLC2000 v1.1","threshold":0.4}},{"type":"Feature","geometry":{"type":"Polygon","coordinates":[[[44.832174261341144,41.9889652370141],[44.78162098291684,41.90954639442182],[45.00275022179205,41.82773957769483],[45.05349931698247,41.90703188453575],[44.832174261341144,41.9889652370141]]]},"properties":{"name":"Tree cover (2000)","source":"JRC GLC2000 v1.1","threshold":0.4}},{"type":"Feature","geometry":{"type":"Polygon","coordinates":[[[24.08148585893518,47.22266279720641],[24.057353819491063,47.13449991122585],[23.92748510271068,47.15142877630453],[23.856334629755374,46.886770153694975],[23.98558066564589,46.86993978065972],[24.033326025628686,47.0463251167641],[24.162910678683183,47.029274450427835],[24.211487113872366,47.20554548419371],[24.08148585893518,47.22266279720641]]]},"properties":{"name":"Tree cover (2000)","source":"JRC GLC2000 v1.1","threshold":0.4}},{"type":"Feature","geometry":{"type":"Polygon","coordinates":[[[22.342058490025305,47.2538477155867],[22.29977301565497,47.07665402107825],[22.68985701907707,47.031280065894855],[22.71158939876004,47.11979311807743],[22.451177723898837,47.150257769467714],[22.472579664890056,47.238820081117815],[22.342058490025305,47.2538477155867]]]},"properties":{"name":"Tree cover (2000)","source":"JRC GLC2000 v1.1","threshold":0.4}},{"type":"Feature","geometry":{"type":"Polygon","coordinates":[[[26.993462135161774,46.61530653066396],[26.93647202500329,46.44057500250532],[27.06377022038752,46.42008474788756],[27.121149317104617,46.59473819107608],[26.993462135161774,46.61530653066396]]]},"properties":{"name":"Tree cover (2000)","source":"JRC GLC2000 v1.1","threshold":0.4}},{"type":"Feature","geometry":{"type":"Polygon","coordinates":[[[0.03555327008718622,47.40837888477946],[0.05275621103987189,47.31929846962903],[0.4466849422674224,47.354776306003544],[0.43014326687797655,47.44392715237267],[0.03555327008718622,47.40837888477946]]]},"properties":{"name":"Tree cover (2000)","source":"JRC GLC2000 v1.1","threshold":0.4}},{"type":"Feature","geometry":{"type":"Polygon","coordinates":[[[34.5636422980016,45.00620147042351],[34.52447005732713,44.92161750575767],[34.766634188401426,44.86279747123558],[34.80611830083517,44.94727729081639],[34.5636422980016,45.00620147042351]]]},"properties":{"name":"Tree cover (2000)","source":"JRC GLC2000 v1.1","threshold":0.4}},{"type":"Feature","geometry":{"type":"Polygon","coordinates":[[[16.783478777482774,47.563051891651455],[16.771701479669083,47.47347931636949],[17.03587554515177,47.45671083865193],[17.048105272999532,47.546249859979525],[16.783478777482774,47.563051891651455]]]},"properties":{"name":"Tree cover (2000)","source":"JRC GLC2000 v1.1","threshold":0.4}},{"type":"Feature","geometry":{"type":"Polygon","coordinates":[[[18.41254659641025,47.720660819748765],[18.36873563577739,47.452643862940654],[18.23687198543406,47.46272277502105],[18.222620127893858,47.373350157518544],[18.485854464078155,47.353073405547434],[18.545037763948265,47.71036102424137],[18.41254659641025,47.720660819748765]]]},"properties":{"name":"Tree cover (2000)","source":"JRC GLC2000 v1.1","threshold":0.4}},{"type":"Feature","geometry":{"type":"Polygon","coordinates":[[[0.20092003226228025,47.24217056504051],[0.21775454867033986,47.15305051476468],[0.4795510863622896,47.17645147076347],[0.4631540660963822,47.26561775617965],[0.20092003226228025,47.24217056504051]]]},"properties":{"name":"Tree cover (2000)","source":"JRC GLC2000 v1.1","threshold":0.4}},{"type":"Feature","geometry":{"type":"Polygon","coordinates":[[[17.69560648348203,47.41199392802064],[17.68230928947348,47.32253783138146],[17.550670157322248,47.33178199894392],[17.537654202371506,47.24230111576548],[17.800444428686813,47.22369061224386],[17.813905633183296,47.31313454007269],[17.945458489219043,47.303572208907966],[17.95920227068914,47.39299056589586],[17.69560648348203,47.41199392802064]]]},"properties":{"name":"Tree cover (2000)","source":"JRC GLC2000 v1.1","threshold":0.4}},{"type":"Feature","geometry":{"type":"Polygon","coordinates":[[[1.7054858858845792,47.8201462983475],[1.719992420471951,47.730800383821915],[1.5874534035897467,47.720660819748765],[1.6021217610746545,47.63132859559496],[1.4698563633989927,47.621049420293375],[1.4846846828010134,47.5317309736794],[1.7488130842983027,47.55208865992555],[1.7344346858698998,47.64144785024295],[1.8667944282511595,47.651407092493365],[1.8950378553160878,47.47264229349391],[1.763128014565941,47.46272277502105],[1.7915690490119422,47.28397076924628],[2.0545415107809553,47.303572208907966],[2.0682249058131745,47.214147218834974],[2.199555571313185,47.22369061224386],[2.2129577143068957,47.134240097212434],[2.3441100481285786,47.143606210193234],[2.304393516517969,47.41199392802064],[2.436256378020962,47.42125650301537],[2.4231250436404976,47.51072466901404],[2.2910374856351026,47.50144360274929],[2.2776222489348608,47.590886895935746],[2.1453526839040267,47.58142720083423],[2.1316515171903667,47.670845179615945],[2.264147434321889,47.68032384780605],[2.2506126665152317,47.76975449844275],[1.8525785725312147,47.740779624068125],[1.8382994280317286,47.83014562809318],[1.7054858858845792,47.8201462983475]]]},"properties":{"name":"Tree cover (2000)","source":"JRC GLC2000 v1.1","threshold":0.4}},{"type":"Feature","geometry":{"type":"Polygon","coordinates":[[[3.1318863415916276,47.19647135745303],[3.1554218942181715,47.01730529490834],[3.2864111987092555,47.02552760111434],[3.263319604536841,47.20472623157773],[3.1318863415916276,47.19647135745303]]]},"properties":{"name":"Tree cover (2000)","source":"JRC GLC2000 v1.1","threshold":0.4}},{"type":"Feature","geometry":{"type":"Polygon","coordinates":[[[41.69157027318202,42.40410975520117],[41.598389703826214,42.24157196751705],[41.71123432137234,42.20429548837323],[41.80464107345307,42.36671440031478],[41.69157027318202,42.40410975520117]]]},"properties":{"name":"Tree cover (2000)","source":"JRC GLC2000 v1.1","threshold":0.4}},{"type":"Feature","geometry":{"type":"Polygon","coordinates":[[[44.322653058134264,41.39264244495578],[44.27360812658577,41.312804466738335],[44.49341815523102,41.23223570271024],[44.54265868224935,41.31195054077873],[44.322653058134264,41.39264244495578]]]},"properties":{"name":"Tree cover (2000)","source":"JRC GLC2000 v1.1","threshold":0.4}},{"type":"Feature","geometry":{"type":"Polygon","coordinates":[[[4.032079906232278,47.43027166507138],[4.0424019770666195,47.34059504794745],[3.778692909704184,47.325807266233106],[3.789418966866345,47.23615448827029],[3.9210318517841576,47.243613392603564],[3.9625783583442007,46.88488598864162],[4.093335283013497,46.892128028803214],[4.08323796153496,46.981832780401916],[4.214248309738813,46.98893055423214],[4.204328769428551,47.07864361002724],[4.3355932314479295,47.08559650261031],[4.325853342299915,47.175317727028734],[4.194365525914404,47.16835105571646],[4.184358306284981,47.25805293873495],[4.316070450241109,47.26503345152909],[4.306244286005893,47.354743723860196],[4.174306835300493,47.34774930643483],[4.164210835368118,47.43744020608463],[4.032079906232278,47.43027166507138]]]},"properties":{"name":"Tree cover (2000)","source":"JRC GLC2000 v1.1","threshold":0.4}},{"type":"Feature","geometry":{"type":"Polygon","coordinates":[[[34.28185797748053,44.979880368452044],[34.243154952938895,44.89516653489585],[34.12183946789851,44.92403727319842],[34.04520845073233,44.754428694467045],[33.924098053523416,44.78305817912976],[33.848387901996496,44.61324476148795],[33.60647212966261,44.66988446209516],[33.56915627502939,44.584839567043865],[33.69001035909417,44.55663912844729],[33.61550843325967,44.386572537091816],[33.73594366681073,44.35833210411503],[33.77327667028929,44.44332857373298],[34.01413970106123,44.38633237593162],[34.05193165074227,44.47120333691542],[34.17235742305952,44.4424472297678],[34.24870187713778,44.6120099680135],[34.36932880437705,44.583014009949046],[34.52447005732713,44.92161750575767],[34.28185797748053,44.979880368452044]],[[34.243154952938895,44.89516653489585],[34.364359700242055,44.86615627800954],[34.325653860351835,44.781467308243975],[34.2046058026696,44.810426338774214],[34.243154952938895,44.89516653489585]]]},"properties":{"name":"Tree cover (2000)","source":"JRC GLC2000 v1.1","threshold":0.4}},{"type":"Feature","geometry":{"type":"Polygon","coordinates":[[[17.380778458888724,47.07235120308304],[17.368153096444242,46.98283316142057],[17.237318063103583,46.99168848107972],[17.2126705788801,46.812598258191386],[17.34306750857337,46.80377764193882],[17.355582892849217,46.89330865510502],[17.61669317608527,46.8751595968136],[17.629701611819378,46.96464841343384],[17.498947840989608,46.97381977921787],[17.51179339668595,47.063320047273734],[17.380778458888724,47.07235120308304]]]},"properties":{"name":"Tree cover (2000)","source":"JRC GLC2000 v1.1","threshold":0.4}},{"type":"Feature","geometry":{"type":"Polygon","coordinates":[[[1.2104366358920915,46.78569719234617],[1.2253379229563512,46.69637639899722],[1.6152447886719468,46.72755092530802],[1.600990681271532,46.81693262701362],[1.2104366358920915,46.78569719234617]]]},"properties":{"name":"Tree cover (2000)","source":"JRC GLC2000 v1.1","threshold":0.4}},{"type":"Feature","geometry":{"type":"Polygon","coordinates":[[[41.87069030200905,42.24806353750354],[41.82395968529486,42.16689385256991],[41.71123432137234,42.20429548837323],[41.66478554732299,42.12302715204825],[41.88989318250498,42.04821750304882],[41.98340807000319,42.21047740703314],[41.87069030200905,42.24806353750354]]]},"properties":{"name":"Tree cover (2000)","source":"JRC GLC2000 v1.1","threshold":0.4}},{"type":"Feature","geometry":{"type":"Polygon","coordinates":[[[42.84951081156333,41.624774794054076],[42.755063012900635,41.46334623752596],[42.86605118697806,41.42482132280837],[42.96070896564008,41.586130269718645],[42.84951081156333,41.624774794054076]]]},"properties":{"name":"Tree cover (2000)","source":"JRC GLC2000 v1.1","threshold":0.4}},{"type":"Feature","geometry":{"type":"Polygon","coordinates":[[[28.282191133437472,45.29306032101699],[28.2232438803448,45.118960119308035],[28.47101354359233,45.07493060330276],[28.500783814722872,45.16190910530933],[28.3767643325238,45.18403690629732],[28.4064780852065,45.271038069623614],[28.282191133437472,45.29306032101699]]]},"properties":{"name":"Tree cover (2000)","source":"JRC GLC2000 v1.1","threshold":0.4}},{"type":"Feature","geometry":{"type":"Polygon","coordinates":[[[16.266837810129577,46.600908425601645],[16.245736645565106,46.42153194912672],[16.375305266188743,46.413890528652225],[16.39683864448838,46.59323723940054],[16.266837810129577,46.600908425601645]]]},"properties":{"name":"Tree cover (2000)","source":"JRC GLC2000 v1.1","threshold":0.4}},{"type":"Feature","geometry":{"type":"Polygon","coordinates":[[[17.435554698824465,46.52621943409056],[17.410580616351893,46.347132309893546],[17.53982092998455,46.33808523775227],[17.5652228458512,46.517137245853064],[17.435554698824465,46.52621943409056]]]},"properties":{"name":"Tree cover (2000)","source":"JRC GLC2000 v1.1","threshold":0.4}},{"type":"Feature","geometry":{"type":"Polygon","coordinates":[[[18.84472302829028,46.328395930739305],[18.81520070385282,46.14971182516536],[18.943758610670866,46.13897586439352],[18.973700733998935,46.31761861620512],[18.84472302829028,46.328395930739305]]]},"properties":{"name":"Tree cover (2000)","source":"JRC GLC2000 v1.1","threshold":0.4}},{"type":"Feature","geometry":{"type":"Polygon","coordinates":[[[17.66902147856062,46.32888234767437],[17.65619035130198,46.239363722935934],[17.914045746967357,46.22052714505179],[17.92730067710108,46.310009425800466],[17.66902147856062,46.32888234767437]]]},"properties":{"name":"Tree cover (2000)","source":"JRC GLC2000 v1.1","threshold":0.4}},{"type":"Feature","geometry":{"type":"Polygon","coordinates":[[[17.398174354314552,46.25757851020866],[17.38582151011625,46.16801782871237],[17.643414430148034,46.1498380604344],[17.65619035130198,46.239363722935934],[17.398174354314552,46.25757851020866]]]},"properties":{"name":"Tree cover (2000)","source":"JRC GLC2000 v1.1","threshold":0.4}},{"type":"Feature","geometry":{"type":"Polygon","coordinates":[[[18.185413022415677,46.290514180840134],[18.171735384782163,46.2010694087575],[17.914045746967357,46.22052714505179],[17.90084780252515,46.131037665581104],[18.286687508578574,46.101674777264506],[18.300516440715914,46.1911078091294],[18.557947834741,46.17071956340744],[18.57225740825295,46.26010589859474],[18.185413022415677,46.290514180840134]]]},"properties":{"name":"Tree cover (2000)","source":"JRC GLC2000 v1.1","threshold":0.4}},{"type":"Feature","geometry":{"type":"Polygon","coordinates":[[[17.16401561137303,46.45433980972068],[17.1280741931065,46.1855763621394],[16.999144252482967,46.19412248108836],[16.98747833968194,46.10450476138063],[17.116196755308053,46.09597505534174],[17.104370316577825,46.00636693024477],[17.232841280260335,45.99769869067552],[17.293547472869633,46.44558767240866],[17.16401561137303,46.45433980972068]]]},"properties":{"name":"Tree cover (2000)","source":"JRC GLC2000 v1.1","threshold":0.4}},{"type":"Feature","geometry":{"type":"Polygon","coordinates":[[[18.785930951410297,45.970996515525556],[18.75691075014076,45.792249703956415],[18.884639458946403,45.78159536413379],[18.914072539139685,45.96030154486825],[18.785930951410297,45.970996515525556]]]},"properties":{"name":"Tree cover (2000)","source":"JRC GLC2000 v1.1","threshold":0.4}},{"type":"Feature","geometry":{"type":"Polygon","coordinates":[[[42.41129347558686,41.09716826282704],[42.319383364125436,40.93505457770222],[42.42975464928643,40.89706397829591],[42.521873837626956,41.05906099636629],[42.41129347558686,41.09716826282704]]]},"properties":{"name":"Tree cover (2000)","source":"JRC GLC2000 v1.1","threshold":0.4}},{"type":"Feature","geometry":{"type":"Polygon","coordinates":[[[15.93667226569563,45.98765260956614],[15.926834827371854,45.89789537640017],[16.18351750907677,45.883252313932374],[16.193776004735167,45.97298150527385],[15.93667226569563,45.98765260956614]]]},"properties":{"name":"Tree cover (2000)","source":"JRC GLC2000 v1.1","threshold":0.4}},{"type":"Feature","geometry":{"type":"Polygon","coordinates":[[[4.292063316852711,46.271018424805426],[4.339345425973548,45.822128577986184],[4.467581882264001,45.828894943000144],[4.458416995168816,45.918698223750596],[4.586892429942499,45.92532247599055],[4.559796987665718,46.194733737000696],[4.688937932183687,46.20124027955563],[4.680042210466919,46.29104459937598],[4.292063316852711,46.271018424805426]]]},"properties":{"name":"Tree cover (2000)","source":"JRC GLC2000 v1.1","threshold":0.4}},{"type":"Feature","geometry":{"type":"Polygon","coordinates":[[[18.884639458946403,45.78159536413379],[18.840957624636804,45.513475704496706],[18.968028930525975,45.50272900962329],[19.0123228432538,45.77078754918679],[18.884639458946403,45.78159536413379]]]},"properties":{"name":"Tree cover (2000)","source":"JRC GLC2000 v1.1","threshold":0.4}},{"type":"Feature","geometry":{"type":"Polygon","coordinates":[[[42.3839399339301,40.816005330254065],[42.33828750387978,40.73490674844225],[42.44833810073169,40.69691032520478],[42.40274382159426,40.61582967796863],[42.5125792812912,40.57776957154922],[42.604135389322614,40.73977497954353],[42.3839399339301,40.816005330254065]]]},"properties":{"name":"Tree cover (2000)","source":"JRC GLC2000 v1.1","threshold":0.4}},{"type":"Feature","geometry":{"type":"Polygon","coordinates":[[[18.090891156331097,45.66424472089662],[18.077617481564793,45.57474755560744],[18.332233934397987,45.55493526780534],[18.345917069076524,45.644394938853544],[18.090891156331097,45.66424472089662]]]},"properties":{"name":"Tree cover (2000)","source":"JRC GLC2000 v1.1","threshold":0.4}},{"type":"Feature","geometry":{"type":"Polygon","coordinates":[[[2.6871916758867505,45.63050682075014],[2.699179488230531,45.540896763547465],[2.9540075555725838,45.55822249078985],[2.942431554134432,45.647865367727505],[2.6871916758867505,45.63050682075014]]]},"properties":{"name":"Tree cover (2000)","source":"JRC GLC2000 v1.1","threshold":0.4}},{"type":"Feature","geometry":{"type":"Polygon","coordinates":[[[41.29825564999135,40.98972072011747],[41.25388078969955,40.90802891369465],[41.475452557721624,40.834344712113634],[41.52004370399212,40.9159230512664],[41.29825564999135,40.98972072011747]]]},"properties":{"name":"Tree cover (2000)","source":"JRC GLC2000 v1.1","threshold":0.4}},{"type":"Feature","geometry":{"type":"Polygon","coordinates":[[[41.96228539180408,40.766853878430894],[41.87241143023358,40.60411444835874],[41.98248360696823,40.56665556998656],[42.0725673573322,40.72928063969311],[41.96228539180408,40.766853878430894]]]},"properties":{"name":"Tree cover (2000)","source":"JRC GLC2000 v1.1","threshold":0.4}},{"type":"Feature","geometry":{"type":"Polygon","coordinates":[[[-0.47215670929474923,45.27278997853957],[-0.4382827038476343,45.094550621569425],[-0.18643585600467127,45.11940224457441],[-0.20294287641908276,45.20857292284389],[-0.3290889272840327,45.19619946879363],[-0.3458637020354624,45.285337794345814],[-0.47215670929474923,45.27278997853957]]]},"properties":{"name":"Tree cover (2000)","source":"JRC GLC2000 v1.1","threshold":0.4}},{"type":"Feature","geometry":{"type":"Polygon","coordinates":[[[42.53118740181397,40.37753777706784],[42.44071141606397,40.215327174589426],[42.54991796035254,40.17725496091353],[42.640596294950214,40.339350845881036],[42.53118740181397,40.37753777706784]]]},"properties":{"name":"Tree cover (2000)","source":"JRC GLC2000 v1.1","threshold":0.4}},{"type":"Feature","geometry":{"type":"Polygon","coordinates":[[[41.27623092769352,40.707864027522824],[41.18836931656904,40.54432837047403],[41.29867036594249,40.507649983638274],[41.38674640514584,40.67107340502516],[41.27623092769352,40.707864027522824]]]},"properties":{"name":"Tree cover (2000)","source":"JRC GLC2000 v1.1","threshold":0.4}},{"type":"Feature","geometry":{"type":"Polygon","coordinates":[[[21.049188692640104,44.94077331594403],[21.03145608620563,44.8517492352498],[21.281793055854358,44.824891705021514],[21.29991224349714,44.91386622603464],[21.049188692640104,44.94077331594403]]]},"properties":{"name":"Tree cover (2000)","source":"JRC GLC2000 v1.1","threshold":0.4}},{"type":"Feature","geometry":{"type":"Polygon","coordinates":[[[23.173070845735236,44.693042339667805],[23.131212109029534,44.51589020877715],[23.2552341294874,44.50003836818221],[23.276306735987944,44.58859156203894],[23.40045248917208,44.57256325693185],[23.42179909885548,44.661075120466315],[23.173070845735236,44.693042339667805]]]},"properties":{"name":"Tree cover (2000)","source":"JRC GLC2000 v1.1","threshold":0.4}},{"type":"Feature","geometry":{"type":"Polygon","coordinates":[[[18.78357295331733,45.155868523270534],[18.755241769669695,44.9770152624375],[19.132719766733914,44.94468214278826],[19.118051720934396,44.85530279972552],[19.243592897640024,44.84424398425857],[19.273384666917657,45.022952973409424],[19.021469511716244,45.04500170882615],[19.036062752978236,45.134384200381696],[18.78357295331733,45.155868523270534]]]},"properties":{"name":"Tree cover (2000)","source":"JRC GLC2000 v1.1","threshold":0.4}},{"type":"Feature","geometry":{"type":"Polygon","coordinates":[[[2.62007932041516,45.17355758817505],[2.6439042572493414,44.994289752272486],[2.7700477922628695,45.00308312066627],[2.746624669485054,45.182383827481225],[2.62007932041516,45.17355758817505]]]},"properties":{"name":"Tree cover (2000)","source":"JRC GLC2000 v1.1","threshold":0.4}},{"type":"Feature","geometry":{"type":"Polygon","coordinates":[[[17.37992067958484,45.17355758817505],[17.36798308574258,45.08392742926402],[17.620561668309445,45.0658524721585],[17.6082740455313,44.97624842163913],[17.86030338447186,44.957601439210904],[17.87299032364802,45.04717076369593],[17.74679503355154,45.05658742554175],[17.759335167236383,45.14616651063945],[17.37992067958484,45.17355758817505]]]},"properties":{"name":"Tree cover (2000)","source":"JRC GLC2000 v1.1","threshold":0.4}},{"type":"Feature","geometry":{"type":"Polygon","coordinates":[[[6.689713259535815,45.29020029683772],[6.695090040243989,45.20017689110873],[6.949060026567725,45.2078506283792],[6.944095182147762,45.29788848172991],[6.689713259535815,45.29020029683772]]]},"properties":{"name":"Tree cover (2000)","source":"JRC GLC2000 v1.1","threshold":0.4}},{"type":"Feature","geometry":{"type":"Polygon","coordinates":[[[1.1994655539050236,46.06035808940696],[1.228610156247619,45.881627066203635],[1.6126818613258382,45.91272748787852],[1.6813911694422994,45.46546778674757],[1.8084749351073741,45.475431651187705],[1.8218394420801503,45.38593759715615],[1.6949585862716003,45.375992455862566],[1.7219217203433121,45.197018084602604],[1.4690901061635215,45.1767467042168],[1.4828865397223385,45.08728536704273],[1.735318111459665,45.10751896385776],[1.7619422062747032,44.928496650127094],[1.8878209483988275,44.93834938866787],[1.9008513416477248,44.848807873156225],[2.278127351614313,44.87740599400216],[2.2656923696999507,44.96700060083827],[2.3917259544686993,44.97624842163913],[2.3670988030863036,45.155448858073306],[2.2406648327636183,45.14616651063945],[2.2280716570479497,45.235737898530225],[2.481380436171068,45.25418510454159],[2.469138687880577,45.343783463437354],[2.72300269149152,45.36165492450888],[2.7111163926554496,45.45127947936175],[2.5839620473750586,45.442403393035356],[2.5596270933026726,45.6215971375771],[2.6871916758867505,45.63050682075014],[2.675152650818033,45.72010969453629],[2.8029609934179227,45.72888241973483],[2.7910779630343567,45.818494851662315],[2.919130789987229,45.82713004955326],[2.942431554134432,45.647865367727505],[3.070105604212344,45.656314090320144],[3.035703463320277,45.925249040730584],[2.907405430292131,45.91675194297715],[2.895629683422174,46.00636693024477],[2.767158719739666,45.99769869067552],[2.7791439742406476,45.90810026075669],[2.650919730750722,45.89929406553201],[2.6630621057172235,45.80970542835396],[2.5350838480348923,45.800761851807806],[2.5227333338492497,45.89033342997852],[2.1384075390536013,45.8625256262062],[2.112293499873552,46.04154094659475],[1.9838479712529493,46.0319266544849],[1.9704969439042925,46.1214049286366],[1.7133124914214242,46.101674777264506],[1.7270821443248348,46.012234256657415],[1.5987631084758498,46.002156314072394],[1.5847845629912103,46.091577527090934],[1.1994655539050236,46.06035808940696]]]},"properties":{"name":"Tree cover (2000)","source":"JRC GLC2000 v1.1","threshold":0.4}},{"type":"Feature","geometry":{"type":"Polygon","coordinates":[[[18.138404769322296,45.117408422821555],[18.099148658352274,44.848807873156225],[18.224829432251738,44.83897337590635],[18.264681888540334,45.10751896385776],[18.138404769322296,45.117408422821555]]]},"properties":{"name":"Tree cover (2000)","source":"JRC GLC2000 v1.1","threshold":0.4}},{"type":"Feature","geometry":{"type":"Polygon","coordinates":[[[16.72993290940567,46.1210983967922],[16.718739084996958,46.03144212457022],[16.847318576975525,46.023238717308054],[16.83596256379283,45.93359148377063],[16.964296536679722,45.925249040730584],[16.952780044965518,45.83561095105181],[17.08086921001277,45.82713004955326],[17.069193935304174,45.73750120587401],[17.197039006582077,45.72888241973483],[17.161692630451043,45.46000254863755],[17.034465636142574,45.46857253062577],[17.022987728561997,45.37891544268937],[16.895929874180787,45.387316424522126],[16.941312762877605,45.74596598246257],[16.813396118333966,45.75427668020979],[16.824655174882782,45.84393748639142],[16.568300859284612,45.86012718559203],[16.546663306480962,45.6807372322862],[16.67444119887783,45.672750089622326],[16.652574712785547,45.49336326811531],[16.779906059456096,45.48525295766136],[16.76883746069128,45.39556446455795],[16.641711102746175,45.40365949654288],[16.630893546986393,45.31394875660949],[16.50393821134359,45.32187578594449],[16.51455141639352,45.41160145539908],[16.260134529490347,45.42702589931562],[16.280672979532742,45.606514981613756],[16.025304726458575,45.62138250510509],[16.035224478083553,45.71114524868201],[15.77931757187531,45.7254240578615],[15.769813973669573,45.635634218301746],[15.897574346704436,45.62858536751567],[15.887903960647698,45.53880243505529],[15.760350887079197,45.54583794100229],[15.750928070149218,45.45603517753182],[15.623552446426835,45.46290390181723],[15.596137897423278,45.19341754989372],[15.849631378201275,45.179604775178426],[15.868686364211465,45.35921688755857],[15.995798033557096,45.35205474164085],[15.97633487694073,45.17246947721753],[16.10300873143106,45.16518164750093],[16.083305266978616,44.98559637166038],[16.461932048837213,44.962903151605715],[16.47236711827503,45.05265689680707],[16.59871448646575,45.044774266293025],[16.609395508535183,45.134506187618214],[16.73591200407202,45.12645659172673],[16.725029379491975,45.0367396839838],[16.85131119673062,45.028553213214785],[16.840273826821903,44.938844312619814],[17.092335381311038,44.92204724439297],[17.13837764985683,45.28071338148394],[17.771928342952048,45.235737898530225],[17.759335167236383,45.14616651063945],[17.88573081590655,45.1367322724198],[17.87299032364802,45.04717076369593],[17.999146947174605,45.037602560637566],[18.025082843092395,45.2166820236452],[18.278078279656686,45.197018084602604],[18.3050414137284,45.375992455862566],[18.17816055791985,45.38593759715615],[18.191525064892627,45.475431651187705],[17.93723467996828,45.494900986618035],[17.950247733483547,45.584424043053495],[17.695388256302184,45.60331731378433],[17.708045752667708,45.69286860742333],[17.58035134588853,45.70210271490538],[17.592856181580476,45.79166419540416],[17.208922036965646,45.818494851662315],[17.220856025759353,45.90810026075669],[17.092594569707867,45.91675194297715],[17.104370316577825,46.00636693024477],[16.9758625350799,46.014880296032345],[16.98747833968194,46.10450476138063],[16.72993290940567,46.1210983967922]],[[17.543155053599072,45.43337436106479],[18.05123881455937,45.39573024558747],[18.038133156626923,45.30621001912632],[17.911373727355798,45.31583201023292],[17.898525177528107,45.226286007327836],[17.771928342952048,45.235737898530225],[17.78457487482223,45.3253016314841],[17.530861312119423,45.343783463437354],[17.543155053599072,45.43337436106479]],[[16.132878567796038,45.43450826013202],[16.260134529490347,45.42702589931562],[16.239770010307367,45.247509716231185],[16.112923142568615,45.25496397750745],[16.132878567796038,45.43450826013202]],[[16.746840709797294,45.21616632722745],[16.87352614045115,45.20794920625315],[16.862395209262118,45.11825482926153],[16.73591200407202,45.12645659172673],[16.746840709797294,45.21616632722745]],[[16.356265065490085,45.15014862577399],[16.48284632708612,45.14240355317036],[16.47236711827503,45.05265689680707],[16.345987876860434,45.06038751333939],[16.356265065490085,45.15014862577399]]]},"properties":{"name":"Tree cover (2000)","source":"JRC GLC2000 v1.1","threshold":0.4}},{"type":"Feature","geometry":{"type":"Polygon","coordinates":[[[14.446887546945543,45.15806634846717],[14.439693411002764,45.06811590749193],[14.692831826046916,45.057096276359154],[14.700433410884523,45.147026071401925],[14.446887546945543,45.15806634846717]]]},"properties":{"name":"Tree cover (2000)","source":"JRC GLC2000 v1.1","threshold":0.4}},{"type":"Feature","geometry":{"type":"Polygon","coordinates":[[[19.870615797234432,44.78669586522262],[19.85483853986905,44.69743421382776],[20.104930661964957,44.67340898198864],[20.121095708073995,44.76262639271983],[19.870615797234432,44.78669586522262]]]},"properties":{"name":"Tree cover (2000)","source":"JRC GLC2000 v1.1","threshold":0.4}},{"type":"Feature","geometry":{"type":"Polygon","coordinates":[[[7.841906251389004,45.13979496859969],[7.845396625865143,45.04970428615332],[8.098778994188908,45.054599501072715],[8.095698596247068,45.144699365541385],[7.841906251389004,45.13979496859969]]]},"properties":{"name":"Tree cover (2000)","source":"JRC GLC2000 v1.1","threshold":0.4}},{"type":"Feature","geometry":{"type":"Polygon","coordinates":[[[0.7324488060106762,45.748711847318575],[0.7476851229478808,45.6594089434239],[0.6203453369317558,45.64816253663062],[0.6357201363051411,45.55887249217175],[0.38158884595669756,45.53596450257109],[0.3973022282760399,45.44670903926405],[0.5241423193981014,45.45821760245839],[0.5702857608771045,45.190334444234914],[0.06561089005318414,45.14365059265915],[0.08165463737556986,45.05442562484474],[0.2075540358583434,45.066301230875425],[0.2233338638692173,44.9770451359794],[0.0976311781682452,44.96519153679461],[0.11354090385848872,44.87594829486683],[0.6158497318952327,44.92237288935681],[0.6007254990908263,45.011702177804544],[0.8525505216904371,45.034052845982686],[0.8672802332660883,44.94468214278826],[0.7415424502562811,44.93360284305305],[0.756407102359977,44.84424398425857],[0.6309107026183193,44.83303478279957],[0.6459087791569054,44.743687821943595],[0.8965550181762694,44.76591477956287],[0.911100806830662,44.676518044899815],[0.7859504624822399,44.66549993432883],[0.8006298888727745,44.57611466924903],[0.9255859984344686,44.58711255816811],[0.9400109435939721,44.49769828163291],[1.1896649775690802,44.519205482042004],[1.2036438569945571,44.429743069427616],[1.3283406327434153,44.44025309442416],[1.3145552382188592,44.52973476521853],[1.4394869140690398,44.540114396500506],[1.4121329886837253,44.719090281548844],[1.5374959006558007,44.7293578805411],[1.5239293430451952,44.81885215230037],[1.6495297089314396,44.82898810981186],[1.6361036363708903,44.91849287150182],[1.5103058201283335,44.9083381307412],[1.49662499791347,44.997815855744705],[1.3706705233049412,44.98749109595164],[1.3427372123701886,45.16638342306654],[1.0901601963858267,45.14520208771234],[1.0611886136660662,45.32398217812202],[0.9345656549170804,45.31312378848378],[0.9197865745750289,45.40248095934403],[0.7930077343801727,45.39144999872545],[0.7628567951922028,45.57009769127941],[0.8900399993752844,45.58117023918603],[0.860039708506018,45.75982634717703],[0.7324488060106762,45.748711847318575]],[[0.6662748409506654,45.380266938593955],[0.7930077343801727,45.39144999872545],[0.8079877580196703,45.30211348611129],[0.6814555121927348,45.29095135836153],[0.6662748409506654,45.380266938593955]],[[0.5702857608771045,45.190334444234914],[0.6965722349016541,45.201627194788614],[0.7116253844188382,45.11229441186677],[0.5855376333593609,45.10102268415357],[0.5702857608771045,45.190334444234914]]]},"properties":{"name":"Tree cover (2000)","source":"JRC GLC2000 v1.1","threshold":0.4}},{"type":"Feature","geometry":{"type":"Polygon","coordinates":[[[2.529833602480719,44.89571619359949],[2.5537560946355553,44.71643584564117],[2.3028412754579684,44.698193263189744],[2.3151208232939515,44.60857505352716],[2.5656423524396446,44.626784045882054],[2.5774790058605235,44.53712443713091],[2.702597453395834,44.5459870577182],[2.6557416444294937,44.90464451336278],[2.529833602480719,44.89571619359949]]]},"properties":{"name":"Tree cover (2000)","source":"JRC GLC2000 v1.1","threshold":0.4}},{"type":"Feature","geometry":{"type":"Polygon","coordinates":[[[2.064746779078815,44.589765043744784],[2.0773658622110456,44.50017340106812],[2.32734916165407,44.51894889036099],[2.3151208232939515,44.60857505352716],[2.064746779078815,44.589765043744784]]]},"properties":{"name":"Tree cover (2000)","source":"JRC GLC2000 v1.1","threshold":0.4}},{"type":"Feature","geometry":{"type":"Polygon","coordinates":[[[40.27885165104779,44.684480399540064],[40.18386504069797,44.520985490170084],[40.0660955507022,44.5567037008072],[40.11336668945034,44.6385307596983],[39.877174615205654,44.70969225113455],[39.8301680988523,44.62774368909067],[39.71201043133192,44.6630650146649],[39.665317246438384,44.58101958600017],[39.54716433201468,44.61614795913992],[39.59372367158611,44.698253593202764],[39.4753079757243,44.733309198764495],[39.38263691846171,44.56894203953147],[39.02743297427497,44.67295059733096],[39.073272106331714,44.755330802295504],[38.95447973548765,44.78979272802565],[38.908777747808536,44.70735321241157],[38.43289196992231,44.8436232032652],[38.3879209531993,44.76091396715678],[38.030107052377616,44.86152800720698],[37.98573277537471,44.778610933498065],[37.866354157440036,44.81182104054744],[37.91058622498571,44.89479584518476],[37.671171498629775,44.96092493269441],[37.715289416813604,45.04398228541238],[37.595251264028406,45.0769005908865],[37.507476820616596,44.910638640607004],[37.62722597043852,44.87783511346746],[37.583451944017014,44.7947129342497],[37.46384678097418,44.82745939527292],[37.42038701754874,44.74424810934458],[37.65918815593986,44.67873344737231],[37.70293450888774,44.76183087828975],[37.94153100197911,44.69566085386898],[37.897500850159055,44.61267787658366],[38.13532345198467,44.54608313337178],[38.09118368285702,44.46318198051266],[38.91872140915167,44.22628516541386],[38.873794836562524,44.14375505388387],[39.226204814507824,44.0404083317549],[39.18105090119018,43.95801836568868],[39.29814279471585,43.92336382299407],[39.34342838326813,44.00569531116187],[39.927690961454665,43.830159088898526],[39.881757220217075,43.748121934656915],[40.23044452326146,43.64140920893553],[40.138336986328845,43.47758049146821],[40.254067966077486,43.44186820693374],[40.2081483719548,43.35995775541653],[40.66935094027908,43.21605400968442],[40.71576324064514,43.297727333131725],[41.51898156409711,43.04054042792655],[41.47173256519269,42.959286505920524],[41.35747573048284,42.996350078880525],[41.263733894557504,42.83360528911824],[41.49165656105293,42.7595911654153],[41.44481127752602,42.678280155694786],[41.558473859587316,42.64114306463978],[41.46506746279814,42.478523551413694],[41.57837904039482,42.44137954088856],[41.625111231476446,42.52264924988128],[41.738416465825445,42.48531982430251],[41.7854343249154,42.56649050881775],[41.6720149051534,42.603879779618005],[41.71909086409872,42.68507100329701],[41.94603608271843,42.61004647723511],[41.89873203254773,42.52897546035828],[42.01190794469604,42.491334842283685],[42.10691582884017,42.65331630448952],[42.22019490483964,42.61542939729736],[42.17249154395955,42.5345192605501],[42.28553541830052,42.49656766577394],[42.33335073767276,42.57741713471194],[42.446383254415046,42.53927972667029],[42.398456622500944,42.45849102521698],[42.73648352100308,42.343512915867464],[42.78474022313179,42.424118727565165],[43.0096937506871,42.34672284472171],[42.9612202160012,42.266239438250295],[43.073404014816816,42.22741690288462],[43.170741825259604,42.38821898100025],[43.61909286913835,42.23120165652843],[43.56991209124552,42.15106874954331],[43.34619622806106,42.22970038092793],[43.200339416245725,41.98867625166359],[42.86479702589044,42.10514764856343],[42.816845784703304,42.02453953733419],[42.7048623434529,42.063055760048655],[42.6571911282008,41.982345919262066],[42.3208407946361,42.09697073035555],[42.22666350586058,41.93506867552836],[42.11452565198494,41.9729092619443],[42.06780125728702,41.891838586018295],[41.95565460344854,41.92949559050472],[41.725094707237105,41.52325442338162],[41.61338100332851,41.560493891729244],[41.56787566965128,41.47907024408728],[41.45615715817812,41.516127732632924],[41.36585694049143,41.35304930941888],[41.25424525759909,41.38986757814729],[41.164813706944024,41.22652194840236],[41.053310562230344,41.263101998440014],[41.00894627668281,41.181315659624204],[40.89744239721362,41.21771495317772],[40.85334851024591,41.13583464986877],[40.74184496347351,41.172053400575685],[40.65435451181308,41.00806915585282],[40.43146435188493,41.0799100307895],[40.388178380742765,40.99775141570316],[40.27668217049074,41.03342984213513],[40.190801439965234,40.86889341459962],[40.07942254865185,40.9043372084936],[40.036826294313784,40.82196027266302],[39.81397381447783,40.89236502928493],[39.77175714838481,40.8098436025834],[39.43702440421008,40.914352374244345],[39.478897281050905,40.99703622211468],[39.36699284045874,41.031676300854414],[39.28362966096496,40.86616635825172],[39.171851628350176,40.900573571731215],[39.254982479333755,41.06619091430901],[39.14286632818047,41.100579879039486],[39.01874549956673,40.85194212749862],[38.90687518240199,40.886045148428224],[38.8659176747934,40.80304502853],[38.53003756373488,40.904441152954924],[38.44927116867629,40.73802528439183],[38.56109837450513,40.70445713719135],[38.520817234961946,40.62125191989758],[38.63242552003985,40.587610328822684],[38.6728236712004,40.670763336722665],[38.78444691707385,40.636944060359035],[38.82510848183494,40.72001130402774],[39.04828006492325,40.65189165203336],[39.00738670253319,40.56892978983914],[39.3410276057841,40.46597175353889],[39.38226456363135,40.54877466546361],[39.49338611231896,40.51415304893832],[39.53488557815535,40.596868125473065],[39.312311196002284,40.66609351459282],[39.39530289563748,40.831633912954345],[39.61833446094875,40.76219405313622],[39.57653479805944,40.67954849049886],[39.687779301632695,40.644695320673485],[39.72969254302919,40.72728700184351],[39.840945330035964,40.692255445177985],[39.88312318300485,40.774757865437984],[40.327526470938245,40.6331723883457],[40.37030488118107,40.715420868406234],[40.592089240549505,40.643775228920504],[40.67855108767374,40.807942455530174],[40.78950223934883,40.77182355048829],[40.83307646027967,40.85379633996875],[40.944028780614765,40.81749816144408],[40.987869354180134,40.89937788095505],[41.0988218030659,40.86290021614553],[41.23162007719861,41.10814526965744],[41.342789813961275,41.07137455412236],[41.43233895237963,41.23456786319339],[41.54361491101676,41.19755939162046],[41.49865098124753,41.11603909553867],[41.60970572728655,41.07896454821632],[41.52004370399212,40.9159230512664],[41.741387163188435,40.841633599469205],[41.78635231178499,40.92305932987345],[41.896963416217595,40.88567338452075],[41.94219577683035,40.96700279476684],[42.052800807063306,40.92943681023302],[42.235779137662306,41.25412947905702],[42.45749463944227,41.178165017587915],[42.55039287205923,41.34003774342189],[42.43938144607675,41.37819891238094],[42.53273404116392,41.540028211507654],[42.42139336268941,41.578184873419005],[42.46821438056446,41.659098231348544],[42.57966180319936,41.62088214454305],[42.674024055820816,41.78246794369327],[43.00829226355058,41.66672274559608],[43.05604618595106,41.74727371496786],[43.2785033563708,41.669375892626455],[43.230540589137114,41.58894580632405],[43.34148545697903,41.549873898709265],[43.43778978560548,41.71057067720914],[43.548820958281276,41.67125521789622],[43.64602195962882,41.83166014348098],[43.979001891885666,41.71261456212685],[44.028169770143876,41.79256787780499],[44.249746556210276,41.71247233364183],[44.29929116563343,41.79225792946542],[44.07751302033098,41.872477583942974],[44.12703242421868,41.9523435365421],[44.01585641970536,41.99233301938179],[43.96643874689794,41.9124049315522],[43.743919939661275,41.99189363483119],[43.69488343702462,41.91179838855269],[43.47207881912267,41.990674458941214],[43.52090767227395,42.070892969798095],[43.63247547057758,42.031454576872136],[43.78033176439919,42.27166715672054],[43.892087480677056,42.23191995614529],[43.94183198783229,42.31184177601176],[44.27665544030899,42.19167741364849],[44.226602841661936,42.111943598647784],[44.44898632148098,42.03134916161162],[44.4992411072555,42.11095722711696],[44.388011285579246,42.15137824116617],[44.43834472308803,42.23100467264986],[44.66087942545508,42.149914689433785],[44.762490555147984,42.30877940562379],[44.87376730951065,42.26792487538077],[44.822771369015115,42.1885788470254],[45.04474327847959,42.106633287607494],[44.99373121817544,42.0273689897554],[45.10442837462314,41.98627840591181],[45.361800973771004,42.3818187396712],[45.25061429717641,42.42322998614433],[45.19887151253029,42.344150203281764],[44.976306340562374,42.426479876209235],[45.079580327605214,42.584851078959716],[44.96790366436033,42.62596247984502],[44.8648297974566,42.46746242236361],[44.75322395752901,42.50832315504194],[44.60029004902147,42.27003893826679],[44.48885838782261,42.31058640347918],[44.53955308606428,42.39012328102572],[44.42789239806936,42.430612199647754],[44.377299412850945,42.35101186538095],[44.15379959950599,42.43149592882138],[44.204187203115595,42.511222930709756],[44.09214273984614,42.551344315290116],[44.041858807154775,42.47155410461502],[43.705273223339255,42.59099064955829],[43.755242209144676,42.67096997373041],[43.64268642497631,42.710598312651726],[43.692730085296404,42.79059717071132],[43.467020500136435,42.86960811775847],[43.36754355325176,42.70931573400504],[43.254712943143886,42.74850943883952],[43.30425277904474,42.828739677594236],[42.39615216883402,43.13829191813417],[42.34750249504437,43.057564351538645],[42.119433937498165,43.133571656847835],[42.07119170045549,43.0526803070414],[40.92446903756973,43.424483803350164],[41.018760543668336,43.58744459838403],[40.90315627002581,43.624042095164995],[40.95044470330902,43.705525519826665],[41.06617157145556,43.66886738908106],[41.11376058835123,43.75025160150816],[41.34507761054006,43.67642683243784],[41.249590872884355,43.51386347976281],[41.364816714104144,43.476880293042285],[41.460544745367116,43.63932148219318],[41.575884160417694,43.60208778123471],[41.52781078084128,43.52094809712835],[41.75786799351142,43.44621945092514],[41.80617944390826,43.52723620608658],[42.15066213504682,43.41400170428168],[42.19950614781497,43.49479261761993],[42.31419344507612,43.456731267231234],[42.41265941806432,43.61806563844032],[42.06750827614323,43.73224231181456],[42.11666379406265,43.81303574193477],[42.00123424331257,43.85090183800434],[41.95219746390201,43.77004591770145],[41.72118569954498,43.84526886376662],[41.67257075514548,43.764248301866154],[41.32544317049681,43.87593320101834],[41.37369408274457,43.957139270983845],[41.48965435626491,43.91997796785674],[41.538209180992624,44.00108276434611],[41.30591384471423,44.07540001098343],[41.403081042343615,44.23773925456868],[41.28649009946346,44.27482787376536],[41.237938949447354,44.193615793851265],[41.12134127238695,44.23051245179336],[41.073097716984044,44.14919938448599],[40.956494628076925,44.185904307054194],[41.004612905869735,44.26727907532939],[40.88775396382362,44.30391543847222],[40.83976167420308,44.222479087141835],[40.488784820615976,44.331420324284274],[40.58418662419705,44.49462323555199],[40.34903773113491,44.566840481660634],[40.39675272872893,44.64850798465948],[40.27885165104779,44.684480399540064]],[[39.665317246438384,44.58101958600017],[39.783341785597436,44.54575859722649],[39.736694776438306,44.46373710216194],[39.61880310090009,44.49893797334828],[39.665317246438384,44.58101958600017]],[[41.14138484144607,44.031074262462944],[41.2576042093917,43.994171443668094],[41.20947603850442,43.9129037626539],[41.09338011183719,43.949745084860254],[41.14138484144607,44.031074262462944]],[[40.76582978521333,43.86002062798491],[40.88193394017686,43.823560329385536],[40.83459122672584,43.742054536177605],[40.71861125638132,43.778454219323166],[40.76582978521333,43.86002062798491]],[[39.903219966904125,44.0296122880628],[40.02008190414281,43.99412406525282],[39.97379890351976,43.912159839572034],[39.85706573831515,43.94758851373701],[39.903219966904125,44.0296122880628]],[[40.20689036694854,43.84091048927275],[40.323248391526235,43.80509024846218],[40.27675899145935,43.72326824971116],[40.1605274360271,43.75902878320165],[40.20689036694854,43.84091048927275]],[[40.439481101151856,43.76913992078588],[40.787426072004784,43.66051059345008],[40.69362501365631,43.49730877366307],[40.57801626551793,43.5335278936708],[40.62470535236553,43.615207724800165],[40.39286591478966,43.68737775113467],[40.439481101151856,43.76913992078588]],[[42.46134711964541,43.01937148162012],[42.57506521149948,42.98105275427429],[42.52636787127829,42.90040764851282],[42.412762556198906,42.938664663494876],[42.46134711964541,43.01937148162012]],[[43.141755383237786,42.787578791416536],[43.254712943143886,42.74850943883952],[43.205352865235795,42.66823664885084],[43.092504108836664,42.70724371123917],[43.141755383237786,42.787578791416536]],[[40.30016019424681,43.523741771101356],[40.41589284309427,43.48784078593292],[40.36967620706447,43.40602653577904],[40.254067966077486,43.44186820693374],[40.30016019424681,43.523741771101356]],[[42.202621462246896,42.81513702032185],[42.31612625662397,42.77712835592348],[42.26807287152275,42.69629914033163],[42.15468102061051,42.734246822012246],[42.202621462246896,42.81513702032185]],[[42.33868234150398,41.897104048324024],[42.45058208919328,41.85901558255377],[42.40353097528924,41.77812351497995],[42.291739515066986,41.8161523470206],[42.33868234150398,41.897104048324024]],[[42.105650037454424,41.49194506893418],[42.217009962293105,41.454152772014766],[42.170796770451304,41.37306009158977],[42.05954432080075,41.41079375094636],[42.105650037454424,41.49194506893418]],[[42.013603758679096,41.32960287734961],[42.12474889855207,41.291927658552254],[42.0331461394447,41.12954401583614],[41.922215119150486,41.16710294158037],[42.013603758679096,41.32960287734961]],[[41.72064816123141,41.04176685485746],[41.83147820342072,41.004446206662756],[41.78635231178499,40.92305932987345],[41.67562932042917,40.960322609698004],[41.72064816123141,41.04176685485746]],[[39.08932154866748,40.73481962786412],[39.200868216540385,40.70051907052786],[39.159711412540304,40.6176441457082],[39.04828006492325,40.65189165203336],[39.08932154866748,40.73481962786412]]]},"properties":{"name":"Tree cover (2000)","source":"JRC GLC2000 v1.1","threshold":0.4}},{"type":"Feature","geometry":{"type":"Polygon","coordinates":[[[38.22531160934622,40.8047839099329],[38.18538476835921,40.72142279488712],[38.40910758468575,40.65476797880826],[38.44927116867629,40.73802528439183],[38.22531160934622,40.8047839099329]]]},"properties":{"name":"Tree cover (2000)","source":"JRC GLC2000 v1.1","threshold":0.4}},{"type":"Feature","geometry":{"type":"Polygon","coordinates":[[[1.4394869140690398,44.540114396500506],[1.4666137679648623,44.36110453354682],[1.5911990653062815,44.37129705752868],[1.6044857140571822,44.28176071580586],[1.7289180933001373,44.29178565635322],[1.7158241411022324,44.38134030293534],[1.8404884366076533,44.39123419382829],[1.8275336595397267,44.48079854230798],[1.952430590201453,44.49056085638272],[1.9396164961017859,44.58013483692296],[1.4394869140690398,44.540114396500506]]]},"properties":{"name":"Tree cover (2000)","source":"JRC GLC2000 v1.1","threshold":0.4}},{"type":"Feature","geometry":{"type":"Polygon","coordinates":[[[36.57098978062272,41.37338101514126],[36.456743226830945,41.121011028830075],[36.570025402329904,41.08970560673737],[36.68465233325509,41.34192594302016],[36.57098978062272,41.37338101514126]]]},"properties":{"name":"Tree cover (2000)","source":"JRC GLC2000 v1.1","threshold":0.4}},{"type":"Feature","geometry":{"type":"Polygon","coordinates":[[[36.07763758132674,41.41361749937041],[36.002638157279286,41.24494549806289],[36.11631049179541,41.21415530889448],[36.19156750314033,41.38272884119135],[36.07763758132674,41.41361749937041]]]},"properties":{"name":"Tree cover (2000)","source":"JRC GLC2000 v1.1","threshold":0.4}},{"type":"Feature","geometry":{"type":"Polygon","coordinates":[[[38.00094617870434,40.87103779618848],[37.92171477233217,40.70407685939987],[38.14560290415915,40.63802923759483],[38.18538476835921,40.72142279488712],[38.07337189868246,40.75456119966898],[38.11317955221546,40.83797403398133],[38.00094617870434,40.87103779618848]]]},"properties":{"name":"Tree cover (2000)","source":"JRC GLC2000 v1.1","threshold":0.4}},{"type":"Feature","geometry":{"type":"Polygon","coordinates":[[[39.3410276057841,40.46597175353889],[39.2999388038908,40.38313449209856],[39.18894159664491,40.41752556857499],[39.148113787250736,40.334601311099036],[39.48045945387485,40.23121391513663],[39.52162618379421,40.31397962904545],[39.41083370756559,40.3486191199602],[39.45203571571527,40.43140335079276],[39.3410276057841,40.46597175353889]]]},"properties":{"name":"Tree cover (2000)","source":"JRC GLC2000 v1.1","threshold":0.4}},{"type":"Feature","geometry":{"type":"Polygon","coordinates":[[[15.274312140210993,44.4874995244428],[15.2659445071824,44.39757892578756],[15.5159474564086,44.3845954375972],[15.52470867087621,44.474492178449374],[15.274312140210993,44.4874995244428]]]},"properties":{"name":"Tree cover (2000)","source":"JRC GLC2000 v1.1","threshold":0.4}},{"type":"Feature","geometry":{"type":"Polygon","coordinates":[[[35.43282484342259,41.39695441735404],[35.39618296392921,41.31233225801479],[35.62413639315861,41.2520144261402],[35.661039675850375,41.336539941884055],[35.43282484342259,41.39695441735404]]]},"properties":{"name":"Tree cover (2000)","source":"JRC GLC2000 v1.1","threshold":0.4}},{"type":"Feature","geometry":{"type":"Polygon","coordinates":[[[15.5159474564086,44.3845954375972],[15.507222730033229,44.29469162704887],[15.756729442190416,44.28113215513881],[15.765845458893754,44.371011126282006],[15.5159474564086,44.3845954375972]]]},"properties":{"name":"Tree cover (2000)","source":"JRC GLC2000 v1.1","threshold":0.4}},{"type":"Feature","geometry":{"type":"Polygon","coordinates":[[[16.02518020044173,44.44667216712675],[16.006127268049845,44.26697335584796],[16.13078391300999,44.25966934180822],[16.121122563938055,44.16982226195893],[16.245556224659534,44.1623821543339],[16.25541161587934,44.2522156581641],[16.504577911859613,44.236859508588935],[16.51486349279895,44.32665748362837],[16.14048554643021,44.34950902675943],[16.15022769849953,44.43934136500225],[16.02518020044173,44.44667216712675]]]},"properties":{"name":"Tree cover (2000)","source":"JRC GLC2000 v1.1","threshold":0.4}},{"type":"Feature","geometry":{"type":"Polygon","coordinates":[[[1.6177173464867014,44.19221583839892],[1.657085292503293,43.923529582382564],[1.7807546130812366,43.933482080142156],[1.7678757581262203,44.02307080565406],[1.8917729292051981,44.032892993855754],[1.8662369901565532,44.21208043857861],[1.6177173464867014,44.19221583839892]]]},"properties":{"name":"Tree cover (2000)","source":"JRC GLC2000 v1.1","threshold":0.4}},{"type":"Feature","geometry":{"type":"Polygon","coordinates":[[[36.68320955971027,41.05827180848785],[36.60724306866137,40.890074715527234],[36.4943098603864,40.92140936689462],[36.53209783763333,41.00557237655687],[36.418941827029855,41.03682827329167],[36.34375618535538,40.86837402254926],[36.456660805697055,40.8372166441985],[36.41915001284601,40.75299427406613],[36.531833510889875,40.72175806105893],[36.56946900413433,40.80593130019408],[36.79479539708001,40.74297739683459],[36.832817893748945,40.8270217913099],[36.72007914074207,40.8586121331716],[36.75811722476205,40.9426760379642],[36.87098023237882,40.911035940790065],[36.909283078596225,40.99501977652872],[36.68320955971027,41.05827180848785]]]},"properties":{"name":"Tree cover (2000)","source":"JRC GLC2000 v1.1","threshold":0.4}},{"type":"Feature","geometry":{"type":"Polygon","coordinates":[[[36.94545914740598,40.795303861598946],[36.86930679074688,40.627284141820745],[36.98160488003628,40.59553830791623],[37.05800272403625,40.76345851586447],[36.94545914740598,40.795303861598946]]]},"properties":{"name":"Tree cover (2000)","source":"JRC GLC2000 v1.1","threshold":0.4}},{"type":"Feature","geometry":{"type":"Polygon","coordinates":[[[27.140003523750995,42.91138641191352],[27.11411269756945,42.82375561638993],[26.994492345844403,42.844115519672776],[26.968867762947152,42.75643311873102],[27.207708255384414,42.71564308378012],[27.259715388772936,42.890850963184945],[27.140003523750995,42.91138641191352]]]},"properties":{"name":"Tree cover (2000)","source":"JRC GLC2000 v1.1","threshold":0.4}},{"type":"Feature","geometry":{"type":"Polygon","coordinates":[[[21.899517299194198,49.940237823085425],[21.87733902926139,49.851676965841456],[21.602119585566246,49.880346369323625],[21.58053289448996,49.79171615421742],[21.85526288514431,49.763107502907886],[21.83328819996905,49.67452942091818],[21.970297935968762,49.66000680177399],[21.948182209098643,49.57145067007261],[21.674572280536196,49.600269432396324],[21.696203811057963,49.68888640338852],[21.559045542396404,49.703077604822326],[21.537656880840135,49.614430705550795],[21.40066888533637,49.628426383703655],[21.42181417066981,49.71710288230492],[21.284510476057932,49.73096209437833],[21.263609069204858,49.64225632641437],[20.852006500054873,49.68275035937557],[20.892433461540666,49.860325864302034],[20.61670054104288,49.88660205123234],[20.596934706734313,49.797762325629265],[20.32142582761192,49.82331517482748],[20.302245205564333,49.73441384383733],[20.164639135527338,49.74691302360593],[20.183572045455985,49.835840948759866],[19.355109797063353,49.90747851853174],[19.337672538862996,49.81839817250664],[18.923370899876144,49.85187892469354],[18.94005454863478,49.94103084863246],[18.80158624598759,49.95187840482314],[18.76879917505615,49.7735223462157],[18.492700990237886,49.794621584197536],[18.461215819392038,49.61615237853747],[18.18590220874909,49.63649291236996],[18.170766292629164,49.547206613950415],[18.033280496322647,49.55710465620434],[18.018462635787767,49.46779184492136],[17.743837110754445,49.4870452400389],[17.72958286789368,49.39768628377503],[17.59244471519011,49.40704256853765],[17.578503108322533,49.31765853659224],[17.715394142864813,49.308321950525745],[17.70127050689062,49.21895220192261],[17.56462548372068,49.22826918214846],[17.550811423370156,49.13887446607043],[17.687211534983355,49.12957699943889],[17.65928590211838,48.95081007793979],[17.52337234177206,48.96006879171191],[17.509746502782047,48.87065775440746],[17.37402890502013,48.87973239514072],[17.36070589117294,48.79029702070238],[17.766999085879302,48.7626361420275],[17.7810438370294,48.85201406533143],[17.916621997851454,48.84244519877837],[17.930971820556774,48.931797513386165],[18.066742596850556,48.922043848762755],[18.052152107738237,48.83271177459772],[18.323065048140467,48.81275163353492],[18.308062570569444,48.723454954155244],[18.443205266357687,48.71324956656002],[18.45844632117406,48.80252511048751],[18.593776428375897,48.79213441747019],[18.562887843145283,48.6136199419296],[18.293127973950842,48.634152157214054],[18.278260822498474,48.54484320629051],[18.143542783441525,48.554843330619],[18.114479637946207,48.3761658788776],[18.248727130814828,48.366206695941074],[18.26346068420767,48.455528064789085],[18.397893913216432,48.44538549706977],[18.382925937919506,48.35608487477569],[18.785222756597697,48.32474454568836],[18.769623810380722,48.23550144034102],[18.903388376912428,48.224751968571965],[18.919219344125036,48.31397314252894],[19.05316351926716,48.30303959372046],[19.08550600555198,48.481416896552695],[19.219862656825807,48.4702758570608],[19.203421737032972,48.3811133951692],[19.337490813678656,48.369832874985505],[19.30436681055412,48.19153299905255],[19.571415740687275,48.16857926197238],[19.53767132594967,47.990343773337784],[19.271537973674427,48.013204718084125],[19.255233080408523,47.924029845075445],[20.184140428403495,47.84137327344111],[20.202030712552112,47.930381448999114],[20.59995021707651,47.89248164003792],[20.618596670494693,47.98140548305973],[20.751340978451633,47.96842641506048],[20.789335786732103,48.14619686051809],[20.656139235653892,48.159228446530776],[20.675036398965105,48.2481276169945],[20.54155005061379,48.261024630600645],[20.560302882804038,48.34994187584466],[20.82767084420739,48.323934027469996],[20.885820877085646,48.59047779412167],[21.0201003405254,48.57715065592178],[21.039890572697647,48.66595477374985],[21.17433621844796,48.652437941856704],[21.19444838144886,48.74120594287649],[21.329059570726766,48.72749878890019],[21.349495771440424,48.81623012127815],[21.48427184878185,48.802332016118946],[21.44302706311167,48.6249178149699],[21.308715289469273,48.638758912323034],[21.208352403515565,48.194930667459836],[21.341520534925788,48.181229823024175],[21.36164067689672,48.26998492693671],[21.494969410017475,48.2560955897397],[21.515406867203232,48.34481369133599],[21.648895559810462,48.33073524858145],[21.66965236971971,48.41941580149696],[21.535935866704556,48.43352291114307],[21.639974493218755,48.876936436035585],[21.50503420013482,48.8910261221481],[21.525890655655214,48.97971158948131],[21.796168933522107,48.95131085463455],[21.774844629894144,48.86268400581114],[21.909643883220493,48.848268968190254],[21.888183467029773,48.75966285638696],[22.022679393958374,48.745115307547906],[22.04437152951178,48.83369146123878],[22.31360912267811,48.80404959831055],[22.269400324927258,48.62700951518521],[22.403449347109557,48.61200708145389],[22.38126510140001,48.52350342064638],[22.51501285492778,48.50837061442556],[22.53742490681864,48.5968433601646],[22.67132630571399,48.58151849398843],[22.64868694867522,48.49307696850119],[22.782286691898182,48.47762262582234],[22.759522468715634,48.389202556146685],[23.159194214400767,48.34197274744802],[23.13585954847671,48.25363811593977],[23.00293470130505,48.269509256378036],[22.979925951205278,48.18113211025212],[23.245255135646936,48.149294596287895],[23.198659160195685,47.97263683500294],[23.462804135408156,47.94029307782011],[23.4392230725627,47.85201275071706],[23.307406760365115,47.86823136034458],[23.260988529616803,47.69157328408024],[23.129531733663384,47.70756997793974],[23.1066911505329,47.61919293102313],[23.36909869313526,47.58710579863069],[23.392370986468457,47.67541911896889],[23.654910342627694,47.64263895010116],[23.63120832155147,47.55439050231116],[23.50019106147141,47.570826599278554],[23.47680618501431,47.482534414885045],[23.34592806162771,47.49878146417123],[23.29988930115713,47.32209971702656],[23.16936406385307,47.33812670454632],[23.079322937289202,46.984505682836044],[22.68985701907707,47.031280065894855],[22.668218669003487,46.94275646837564],[22.27876773776869,46.9880419531303],[22.237029325407065,46.81078728994737],[22.495890828251753,46.78086908314052],[22.453678540705216,46.60368919497144],[22.066538626630145,46.648161293409814],[22.046190024939346,46.55946990537975],[22.175093875385745,46.544828709383765],[22.154625817378562,46.45615535270007],[22.28325904149062,46.44138829387676],[22.26267308488228,46.35273297817488],[22.39103675053375,46.337840607628344],[22.370334437295288,46.249203340318715],[21.857317920051976,46.307738302050154],[21.837520325450335,46.21897872108486],[21.581049525045266,46.24727014195637],[21.561745382152917,46.15844647555919],[21.689806492074485,46.144404401915196],[21.670380789305668,46.05559759009269],[21.54252354777939,46.0696129247],[21.504324849800163,45.89191607543452],[21.75916952516693,45.863839198124666],[21.77863228579648,45.95263930288234],[22.288402528635146,45.89454842406136],[22.268136296366308,45.80585813791549],[22.140986368050577,45.82058152593773],[22.121005289160667,45.731852839537595],[21.99399367426283,45.74639675318948],[21.97429605289454,45.657630152418676],[22.1011085903348,45.64311359062325],[22.08129577594693,45.55436375804353],[22.33434256821633,45.524931606668765],[22.294180509455913,45.34750992067659],[22.168080257828294,45.36224636886653],[22.187923108703586,45.45099016978921],[22.06156635431711,45.4656033203521],[22.04191983767317,45.37683225581015],[21.91569980366585,45.39126746693199],[21.935149603127073,45.480065531568535],[21.68213835402392,45.50853667973075],[21.663083124563578,45.419685408511285],[21.789420712838773,45.405551888676015],[21.770248871482018,45.31671667009205],[21.644107972017885,45.33082383296129],[21.606396030914745,45.153069671321816],[21.73214588912875,45.139014883609214],[21.675586200926315,44.87238346754097],[21.42519229158386,44.90018815121881],[21.406880331619483,44.81123880028907],[21.656889749021897,44.78348523379153],[21.601264426891067,44.51672689355608],[21.476859110939774,44.5306018574033],[21.458659608855317,44.4416358571825],[21.58287585439156,44.42778614783654],[21.564563153138685,44.33883470899774],[21.44053523807004,44.352659270636934],[21.386608642808977,44.08566572012813],[21.510075967592794,44.07191596690433],[21.474122691416934,43.8939161796339],[21.597167389162593,43.88006922376145],[21.561140841074007,43.70207544092208],[21.683766583993425,43.6881319549435],[21.6656814312769,43.59914335848522],[21.910410977377072,43.5708692489622],[21.873739314384633,43.39295863964495],[21.995664295058166,43.378654163350234],[22.0326956956971,43.55651402283049],[22.15492639061405,43.542013485171225],[22.211585283393358,43.80863971784975],[21.965981251647953,43.83765005483234],[22.041143360844696,44.19320001092276],[22.28821860451726,44.163980534529856],[22.307574186805997,44.252787179028644],[22.183879273197967,44.26749697149441],[22.203128425709885,44.356318893049426],[22.450833049999584,44.32669858718113],[22.57027734576104,44.859068698752694],[22.94477463896525,44.81303324856135],[22.96554322212392,44.901637124726165],[23.090441813864285,44.885966172812],[23.111487086738308,44.97452951915715],[22.986398319754816,44.990229319239866],[23.028370062589314,45.16737873391167],[23.40459121709631,45.11965720011023],[23.426284858182775,45.208126032889304],[23.927760464456817,45.14228897151305],[23.860672079385065,44.877209239040326],[23.611203898021056,44.91024308189036],[23.633096531161318,44.99867623047223],[23.50807482109742,45.01500066150667],[23.48637147602274,44.92653753272896],[23.236512550448882,44.95868087384204],[23.215277501323115,44.870146628205646],[23.340049763863252,44.85417861118202],[23.31871405174032,44.76566166709049],[23.443234127883024,44.74957477728027],[23.46475808327789,44.83806224295384],[23.589401943805747,44.82179764566576],[23.546068001627066,44.64486985321107],[23.794412821958613,44.61201661074323],[23.838494237473284,44.78882425711207],[24.087322568249967,44.75525944108816],[24.109874631719492,44.84358297791345],[24.234375026910524,44.82654800765227],[24.25720783310128,44.91482751762996],[24.132520248510883,44.93189371120091],[24.155259955731132,45.020191651846964],[24.404942145686544,44.98584833873349],[24.358807495831684,44.809365315217796],[24.483171537477787,44.79203502994842],[24.5063774348844,44.880251355792716],[24.879610401379285,44.82727964242316],[24.90347100001516,44.91538576280634],[25.027926225338774,44.897400905394356],[25.003880354234973,44.80932760962543],[25.376260236296417,44.75458901036957],[25.4255598714685,44.9305216091198],[25.67418427137764,44.893159250045045],[25.724632637334157,45.068898207889895],[25.973694360840035,45.03080902861866],[25.999445495903988,45.1185869376587],[26.124046036950205,45.09928622391064],[26.098110589943428,45.01154363389859],[26.222449757810782,44.992131228822444],[26.248569033807787,45.079838261850334],[26.373014007954755,45.06024319823101],[26.39942542883145,45.1478992627685],[26.64844596837292,45.10819582459782],[26.70233485753222,45.28331630115537],[26.452577161304987,45.32316584725673],[26.47931872823101,45.410776355409254],[26.729447034575642,45.3708532953517],[26.756671886515754,45.458374782499924],[27.00684432236585,45.41778654341315],[27.090319335210065,45.68003165328244],[26.964716160184608,45.70051308203842],[27.105239483159675,46.13746310415418],[26.97860559230094,46.15798724627037],[27.035262179127763,46.332734543954416],[26.908157398540634,46.3531860051432],[26.93647202500329,46.44057500250532],[26.809086481083728,46.4609145777518],[26.865686482833365,46.63572369148967],[26.481833911973347,46.69606643729872],[26.509722851426844,46.78356359117521],[26.381400154613267,46.80341240486374],[26.43713739855841,46.97843865667474],[26.308328156350335,46.99821124269151],[26.33617504936166,47.085740553089],[26.207077057213954,47.10539820075193],[26.2907297213089,47.36801366689017],[26.031048273596955,47.40709633161332],[26.086597128644083,47.58225454799723],[25.825736256388858,47.62087052090401],[25.880933965318352,47.796124829577465],[25.749952357949454,47.81527534390648],[25.805211126319353,47.99055054194047],[25.54213498648138,48.028533836201504],[25.569519359417068,48.11622676819929],[25.305661476095732,48.15365691487216],[25.33273542384657,48.241411552720216],[25.200458580903398,48.259927438658906],[25.22743496683983,48.34770632474337],[24.962183373026672,48.384337512942494],[24.98884128151893,48.47217754985152],[24.855865174578927,48.49029182360375],[24.882420883521068,48.5781560629802],[24.74913673401374,48.59614767865613],[24.722802413498915,48.50824699015068],[24.58965364419613,48.52604288386234],[24.61576599716857,48.61397972996566],[24.348767379122243,48.6491644782062],[24.426459489367293,48.91311896021306],[24.29215637951171,48.93057812259872],[24.26636938195102,48.84256926551107],[23.997961435669662,48.876933462096304],[24.023293827990233,48.96501293826821],[23.754094056215287,48.99880198623658],[23.77908191756567,49.08693994400263],[23.64412705642495,49.103626308729346],[23.668996791539588,49.19178790327937],[23.53372737210379,49.208346295413776],[23.55847720589083,49.29653153693014],[23.28722395574911,49.329227967252855],[23.311617244605024,49.417470814118694],[22.903417896136375,49.4653900811448],[22.927211614659637,49.5537230673605],[22.790745795329205,49.56940098129271],[22.814409457568008,49.65775714244277],[22.67762401998351,49.6733031439305],[22.724795861702503,49.85005230123228],[22.312510152763217,49.895892842659535],[22.289598498611173,49.80742602418807],[22.152255673081736,49.822342385221006],[22.174923405054315,49.91084087925858],[21.899517299194198,49.940237823085425]],[[20.55767596894875,49.620060638137446],[20.694837907973668,49.60708890279929],[20.675099654196096,49.51825424227632],[20.53818187565376,49.531198631770785],[20.55767596894875,49.620060638137446]],[[19.83443383060448,49.50442926305462],[19.9714291990337,49.49234109120777],[19.953085957108165,49.403359065815636],[19.816334846906628,49.41542180647899],[19.83443383060448,49.50442926305462]],[[20.34397719443556,49.27726591665364],[20.48023366859472,49.2645676890478],[20.423074509782374,48.99786886906304],[20.15193486533065,49.02294296106161],[20.170424165472017,49.111902354370045],[20.30626407484345,49.0994213861302],[20.34397719443556,49.27726591665364]],[[20.888611200348155,49.225484176774536],[21.02460385842894,49.21212715739363],[21.004506896190698,49.123344431557165],[20.86875279847604,49.1366736365831],[20.888611200348155,49.225484176774536]],[[21.296384828725405,49.184920130944676],[21.432171629727208,49.17107039061369],[21.390646293138918,48.99366723045121],[20.984501177210028,49.034553632345116],[21.004506896190698,49.123344431557165],[21.275812151677513,49.096194003318715],[21.296384828725405,49.184920130944676]],[[19.626448400442314,49.16018019979662],[19.762533217482687,49.14835788118543],[19.744762665813607,49.0593226283139],[19.608918267594248,49.07112031660545],[19.626448400442314,49.16018019979662]],[[20.71340186156333,49.060992814547575],[20.848984610473213,49.04785515206627],[20.829306055869207,48.95902870151815],[20.693960268872345,48.972139128555014],[20.71340186156333,49.060992814547575]],[[20.558549502853108,48.98508589294648],[20.693960268872345,48.972139128555014],[20.674606713023422,48.883277580547684],[20.539432333308802,48.896197556679795],[20.558549502853108,48.98508589294648]],[[21.234946068612505,48.91871672197512],[21.370024480810173,48.90495292879155],[21.349495771440424,48.81623012127815],[21.214651470386592,48.82996552952827],[21.234946068612505,48.91871672197512]],[[18.081399717856343,49.011370072114715],[18.21736271594149,49.00143094367573],[18.202464200468413,48.91212538921108],[18.066742596850556,48.922043848762755],[18.081399717856343,49.011370072114715]],[[18.760703784410882,48.96002512002518],[18.896407398831407,48.94926184334616],[18.88030723212322,48.860064610384704],[18.744843221121503,48.87080556158175],[18.760703784410882,48.96002512002518]],[[19.118141221287523,48.65976702502195],[19.38773853148072,48.637229986449114],[19.370913758356988,48.54810460094524],[19.101786787822892,48.57059534120367],[19.118141221287523,48.65976702502195]],[[23.268708346541892,48.237607459675175],[23.40148042971073,48.22141743473021],[23.37780575590345,48.13313715639456],[23.245255135646936,48.149294596287895],[23.268708346541892,48.237607459675175]],[[19.63981772410952,48.52496270252096],[19.77418421874227,48.51314784303816],[19.756735562409023,48.42408701028654],[19.89081166844475,48.412134172330035],[19.90849273367712,48.50117052568349],[20.311063040552945,48.46426496816782],[20.292687166280842,48.37530395266327],[20.426525634812347,48.362703695631446],[20.408002182324875,48.27376051264408],[19.87320983831162,48.32309037170589],[19.855686741174658,48.23403909505285],[19.58840136804774,48.25768601834224],[19.63981772410952,48.52496270252096]],[[23.37780575590345,48.13313715639456],[23.51027951579744,48.11682079060144],[23.486489400355246,48.02856242218025],[23.354235684788907,48.04484605614389],[23.37780575590345,48.13313715639456]],[[20.238050767556135,48.108374043271844],[20.371202789233827,48.095850311352706],[20.352925810839523,48.00688324059829],[20.220000658164313,48.01938169641233],[20.238050767556135,48.108374043271844]],[[24.105722777631495,47.31081377960356],[24.3660665923776,47.276356609220215],[24.316862129888406,47.10017717338035],[24.44650053570483,47.08278359435512],[24.47125720063575,47.170845466048355],[24.601024844253935,47.15326305879313],[24.576060988726564,47.065235406192876],[24.834945696088685,47.029675801558554],[24.809678147839115,46.94170459942385],[24.680480707297754,46.959526945591186],[24.655526197667864,46.871508480390254],[24.784519087310596,46.85372059411416],[24.734523840645014,46.677714171504036],[24.86303235960268,46.659841669050444],[24.78823443434072,46.39583837361528],[24.660328584326383,46.413608486305826],[24.635807012185907,46.32554763538069],[24.5080248212809,46.34313187972148],[24.483806357533407,46.25502478373263],[24.356148576912,46.27242368502378],[24.33223154728876,46.18427088922271],[24.077093221198083,46.218547122712664],[24.030355708997956,46.04207422947078],[24.15756431300515,46.02507665748534],[24.110827104480016,45.848618693123605],[24.237570486863433,45.83153425361082],[24.214154043064724,45.74331869768405],[23.83429839638657,45.79402378861443],[23.85712725631398,45.88233476245568],[23.476052976700384,45.93177482932264],[23.45381572808691,45.84337077655941],[23.199819583047898,45.8755125124037],[23.22166022860537,45.96397730663441],[23.348890554559603,45.947951911850375],[23.371023284922043,46.0363748453526],[23.498384570082784,46.02016712848228],[23.52081106627229,46.108547686170084],[23.39325013511965,46.12478617007141],[23.415571663581552,46.21318589854785],[23.543333027782502,46.19691651414818],[23.565951021646345,46.28527362380562],[23.437988433228785,46.30157404295599],[23.48310997048868,46.47831562640919],[23.611477397429873,46.46195273182963],[23.634386936413907,46.550274751078874],[23.37717379079475,46.58290986467588],[23.422468221586822,46.75964493410798],[23.16414925567127,46.79178913310544],[23.14186619350943,46.70336522532353],[22.883681079003754,46.73483040633482],[22.927512510767954,46.91178931661736],[23.445261986757906,46.84799539213966],[23.46815423856317,46.936334479622644],[23.59762082327341,46.91996764391908],[23.644120376627956,47.09654788231489],[23.77393027783551,47.07996197645081],[23.797540808701527,47.16820244477859],[23.92748510271068,47.15142877630453],[23.951407927140895,47.239624782710486],[24.08148585893518,47.22266279720641],[24.105722777631495,47.31081377960356]],[[23.407260497055958,47.217590834224985],[23.667521539275008,47.184820772467496],[23.644120376627956,47.09654788231489],[23.38427952670084,47.12925393548431],[23.407260497055958,47.217590834224985]],[[25.351754116213407,46.956707930745765],[25.48075267736106,46.93808172290447],[25.454466185823794,46.8502875899961],[25.583179996001345,46.831544207673154],[25.556804511629768,46.743772555770725],[25.685234855395063,46.724912524683035],[25.658771782768202,46.63716330716157],[25.402229834394596,46.67465861200236],[25.428292127589927,46.76247988502907],[25.29969825668874,46.781034356911654],[25.351754116213407,46.956707930745765]],[[26.58190434317828,46.58862992320682],[26.709658840375923,46.5685539917459],[26.68161410236824,46.48110330895163],[26.554055405988624,46.501141032313065],[26.58190434317828,46.58862992320682]],[[25.658771782768202,46.63716330716157],[25.786919940629744,46.618187148914416],[25.760370668736755,46.530460317491105],[25.888237917120666,46.511368549608164],[25.861603819541873,46.423664054370505],[25.989191430760414,46.40445719032354],[25.93586919307048,46.22907844185014],[25.80867340077231,46.24821253841006],[25.835082534753774,46.335945382104605],[25.707609643400986,46.354964580830256],[25.73393412419509,46.4427194597273],[25.606182879432602,46.46162325108683],[25.658771782768202,46.63716330716157]],[[26.653687966046956,46.39363747103567],[26.78096582382305,46.37348703536946],[26.752963797724895,46.28604418695947],[26.879962122121682,46.265781537825625],[26.851885500816998,46.17836161401273],[26.598188729162768,46.218660377920884],[26.653687966046956,46.39363747103567]],[[25.094373213232,46.535719203403566],[25.350437896646014,46.49897537528351],[25.324706941995018,46.411113417121044],[25.58005572361131,46.373832421651194],[25.52813273010155,46.19820917904167],[25.40089174597831,46.216854580319485],[25.273957572572044,45.777379336446636],[25.14761070515253,45.795700168463654],[25.122735209479128,45.707729771696336],[24.743821144703094,45.76169031782585],[24.768116565071374,45.849761926194496],[24.894689675987284,45.8318916065674],[24.96877954250156,46.0959263933717],[25.095862294885855,46.07780367784742],[25.146173501980115,46.253691782756995],[24.891143808905206,46.28992319333561],[24.916063563417705,46.377916111739935],[25.043815420720126,46.35984184728999],[25.094373213232,46.535719203403566]],[[22.453678540705216,46.60368919497144],[22.582594253013227,46.588556323329385],[22.540331645595753,46.41139257703542],[22.411827849402453,46.42646732726047],[22.453678540705216,46.60368919497144]],[[25.52813273010155,46.19820917904167],[25.782375760825264,46.16046552838038],[25.756188963302584,46.07270435660755],[25.629302025779353,46.09161586188054],[25.577645333582975,45.91598001657969],[25.45106686868273,45.93467039825728],[25.52813273010155,46.19820917904167]],[[26.036296695674114,46.12211909375226],[26.28989136378605,46.08317110416385],[26.209350093485945,45.82027973954338],[26.083169193512802,45.83971907535224],[26.05673691980367,45.75202280444324],[25.80451627996815,45.79038103405722],[25.752742642389418,45.6148019504053],[25.50097016610481,45.6524212495233],[25.47562524533428,45.56454033309443],[25.349813955237206,45.58309144765135],[25.425594006868355,45.8467964347835],[25.678287185585162,45.80933590932333],[25.73011236170727,45.98492902718664],[25.856725950104217,45.96590292141892],[25.830566294131096,45.878149128959365],[25.95690775759503,45.8590089224782],[26.036296695674114,46.12211909375226]],[[24.36424211898076,45.814299058736786],[24.743821144703094,45.76169031782585],[24.719627663745232,45.67360558246435],[24.340630723282477,45.72611582440136],[24.36424211898076,45.814299058736786]],[[22.945555793751865,45.90704803845234],[23.199819583047898,45.8755125124037],[23.17807117546401,45.7870362133587],[23.051170625588167,45.80284997072883],[22.965873554998307,45.448711327219435],[22.839693684441087,45.464256608399324],[22.945555793751865,45.90704803845234]],[[21.770248871482018,45.31671667009205],[21.896331646871218,45.30245886930662],[21.877044656795473,45.21363971570292],[21.751157419598243,45.227871009713795],[21.770248871482018,45.31671667009205]],[[22.234565977080138,45.08129571040098],[22.360023432245626,45.066491470568714],[22.340125089669232,44.97775885068045],[22.214860139756315,44.99253577392581],[22.234565977080138,45.08129571040098]],[[22.610757471849507,45.03643445168892],[22.73603298262608,45.0211819041887],[22.71555942040647,44.9325327741027],[22.590475263716023,44.94775723575733],[22.610757471849507,45.03643445168892]],[[21.944914026017898,44.932816749308245],[22.070104324790506,44.91836544008565],[22.050753466379824,44.82955671398834],[21.925754910185386,44.84398145106877],[21.944914026017898,44.932816749308245]],[[21.78181081066812,44.769384783901394],[21.906675391220293,44.755135365817736],[21.8876750112836,44.666278469561924],[21.76300103441094,44.68050179612547],[21.78181081066812,44.769384783901394]],[[21.82468079259701,43.76299493338536],[21.947382227176405,43.7487344324665],[21.928858943831788,43.659807505818385],[21.806339450410583,43.67404260953495],[21.82468079259701,43.76299493338536]]]},"properties":{"name":"Tree cover (2000)","source":"JRC GLC2000 v1.1","threshold":0.4}},{"type":"Feature","geometry":{"type":"Polygon","coordinates":[[[4.394550331749808,44.01826902226723],[4.403323744085235,43.928348509071505],[4.651332665009777,43.94151201003559],[4.64294449644947,44.03145640665907],[4.394550331749808,44.01826902226723]]]},"properties":{"name":"Tree cover (2000)","source":"JRC GLC2000 v1.1","threshold":0.4}},{"type":"Feature","geometry":{"type":"Polygon","coordinates":[[[36.08052489319679,40.845935261053654],[36.043528012129954,40.76153726321314],[35.93058854262672,40.79221273989826],[35.893853825587236,40.70773751576426],[36.11938616393723,40.64635496560221],[36.19349551522484,40.81508304319825],[36.08052489319679,40.845935261053654]]]},"properties":{"name":"Tree cover (2000)","source":"JRC GLC2000 v1.1","threshold":0.4}},{"type":"Feature","geometry":{"type":"Polygon","coordinates":[[[35.02368373873324,41.03298137257218],[34.952402377834346,40.863242065220156],[35.065832826921586,40.833692187941374],[35.137374414988614,41.00333749302302],[35.02368373873324,41.03298137257218]]]},"properties":{"name":"Tree cover (2000)","source":"JRC GLC2000 v1.1","threshold":0.4}},{"type":"Feature","geometry":{"type":"Polygon","coordinates":[[[4.155418724397811,43.91458975930534],[4.164538915321949,43.82468671683462],[4.412060922579939,43.83842062482269],[4.403323744085235,43.928348509071505],[4.155418724397811,43.91458975930534]]]},"properties":{"name":"Tree cover (2000)","source":"JRC GLC2000 v1.1","threshold":0.4}},{"type":"Feature","geometry":{"type":"Polygon","coordinates":[[[21.26333105620896,43.46230505943265],[21.246005551565023,43.373210176782905],[21.733716094566905,43.318120801345515],[21.751761460078473,43.40711818435442],[21.26333105620896,43.46230505943265]]]},"properties":{"name":"Tree cover (2000)","source":"JRC GLC2000 v1.1","threshold":0.4}},{"type":"Feature","geometry":{"type":"Polygon","coordinates":[[[38.614607566471996,40.02096056486154],[38.57498862445581,39.93767932020558],[38.02100758531918,40.104084354200594],[37.9821053689039,40.020516270093864],[38.64590072322471,39.82076201754263],[38.72522379520438,39.987255038665396],[38.614607566471996,40.02096056486154]]]},"properties":{"name":"Tree cover (2000)","source":"JRC GLC2000 v1.1","threshold":0.4}},{"type":"Feature","geometry":{"type":"Polygon","coordinates":[[[36.49433593206812,40.63755506363526],[36.41975191075712,40.46906005177416],[36.30744066010452,40.50014992240528],[36.344540590469094,40.58446084966937],[36.11938616393723,40.64635496560221],[36.04581952781737,40.47751045477075],[36.49475795041733,40.35359960686179],[36.569315600226766,40.522056506128024],[36.68156036463093,40.490663418008374],[36.719167287833486,40.57479814357993],[36.49433593206812,40.63755506363526]]]},"properties":{"name":"Tree cover (2000)","source":"JRC GLC2000 v1.1","threshold":0.4}},{"type":"Feature","geometry":{"type":"Polygon","coordinates":[[[37.80962051344406,40.736911327125924],[37.6533547821949,40.402402681520776],[37.76497178011273,40.369771565912345],[37.726140445444706,40.2861158028175],[37.50304644383991,40.351151418452915],[37.54163999465523,40.43490784057869],[37.429827576886126,40.467286872102704],[37.39135370486311,40.383480310395875],[37.05569448419881,40.47970928405772],[37.017721552643636,40.395722503752566],[36.79370972888887,40.459143276152645],[36.756117802310115,40.375027580409345],[36.86804988280579,40.34342969344279],[36.83047341941108,40.25933287611618],[36.942189369312615,40.22765750043929],[36.97988672962073,40.31170522030447],[37.203274038921315,40.2478771856516],[37.16533642843148,40.16392805018169],[37.38810258743639,40.099694780391715],[37.46459279193371,40.26736372083339],[37.576069548265046,40.23495891822101],[37.53763654519721,40.15118992973234],[37.648898476824996,40.118709462242855],[37.610486545881315,40.034959027904335],[37.83248704272773,39.969722131718015],[37.87113304150268,40.05337246389033],[37.760064026945784,40.0861035841375],[37.79873267401281,40.169772368212605],[37.90991873262094,40.1369909594692],[37.94884476265945,40.22057754586306],[37.83754139204247,40.25340941936716],[37.87649083154176,40.33701466486305],[38.099234480062144,40.271124191478684],[38.17802901387445,40.438035088418694],[37.8430584224972,40.53698791330026],[37.92171477233217,40.70407685939987],[37.80962051344406,40.736911327125924]]]},"properties":{"name":"Tree cover (2000)","source":"JRC GLC2000 v1.1","threshold":0.4}},{"type":"Feature","geometry":{"type":"Polygon","coordinates":[[[5.395937731340497,43.97742718719223],[5.4031365655998,43.88741056508037],[5.279171589237578,43.88180755619977],[5.286532701885004,43.791794007533845],[5.781749364166992,43.81327355386281],[5.775157114225954,43.903325965068355],[5.6511298946042645,43.89816980955038],[5.644317078400734,43.98820594665427],[5.395937731340497,43.97742718719223]]]},"properties":{"name":"Tree cover (2000)","source":"JRC GLC2000 v1.1","threshold":0.4}},{"type":"Feature","geometry":{"type":"Polygon","coordinates":[[[20.43896072962449,43.73176134534205],[20.42277524587234,43.64252562495267],[20.300017785262508,43.654960588051175],[20.268210900273704,43.476414349410824],[20.023290987276408,43.50075805265526],[20.007849703238612,43.41142652533709],[20.130149752806044,43.399349140351035],[20.11458923672188,43.31002897119509],[20.602605950513645,43.26035072464024],[20.618891621232105,43.34958293187422],[20.740959999298603,43.336777654600255],[20.724493765612305,43.24756804932517],[20.846334044637707,43.23464030740143],[20.89647708674284,43.50216862023885],[21.018811340420026,43.4890263482729],[21.052946675353095,43.66727863241662],[20.930247562980043,43.68046776066199],[20.9133278904968,43.59132347637982],[20.790762324201847,43.604343174840565],[20.80749890436285,43.69351068964292],[20.43896072962449,43.73176134534205]]]},"properties":{"name":"Tree cover (2000)","source":"JRC GLC2000 v1.1","threshold":0.4}},{"type":"Feature","geometry":{"type":"Polygon","coordinates":[[[18.032870832665377,43.49512515239176],[18.020490885046744,43.40546676282223],[18.265622380657913,43.38592104141066],[18.278372788759714,43.475544597204184],[18.032870832665377,43.49512515239176]]]},"properties":{"name":"Tree cover (2000)","source":"JRC GLC2000 v1.1","threshold":0.4}},{"type":"Feature","geometry":{"type":"Polygon","coordinates":[[[25.67552416480626,42.5997184501058],[25.65203416220434,42.51162252702742],[25.89061616608515,42.473972037795164],[25.914436278521002,42.56200348968112],[25.67552416480626,42.5997184501058]]]},"properties":{"name":"Tree cover (2000)","source":"JRC GLC2000 v1.1","threshold":0.4}},{"type":"Feature","geometry":{"type":"Polygon","coordinates":[[[19.778190656161243,43.5245174039412],[19.718257211228313,43.16696334907875],[19.840100881400197,43.15524011432018],[19.90076311906037,43.51271081525229],[19.778190656161243,43.5245174039412]]]},"properties":{"name":"Tree cover (2000)","source":"JRC GLC2000 v1.1","threshold":0.4}},{"type":"Feature","geometry":{"type":"Polygon","coordinates":[[[3.656647007958892,46.144823377152555],[3.6672061445492514,46.055121585763025],[3.4098752966258066,46.039490449549255],[3.4425410636149523,45.77043556804139],[3.5705603356684077,45.77828362557951],[3.5811479432149236,45.68857038293134],[3.325558801122172,45.672750089622326],[3.369106453013607,45.31394875660949],[3.115295731424035,45.2976363895786],[3.12647385954885,45.20794920625315],[3.2531592902027064,45.21616632722745],[3.26408799592798,45.12645659172673],[3.137604790737883,45.11825482926153],[3.1597261731780977,44.938844312619814],[2.7816855131582727,44.91342155314895],[2.793274391812624,44.82375245042973],[2.919054425923694,44.832362157734494],[2.9303964946303607,44.74266956048996],[3.307344708870754,44.76754546789836],[3.3180456995305945,44.677799411283566],[3.192561154328318,44.66967344706503],[3.203414669996952,44.5799349512841],[3.0781600053989275,44.57167349751059],[3.089164479845231,44.48194265795179],[2.964139046011852,44.47354625463097],[2.975292925983094,44.38382316389476],[3.1001231189140417,44.39220419349807],[3.1219039506674093,44.21270420650639],[2.8730526710057314,44.19585399475374],[2.884260906752255,44.10612299953761],[2.7600776447408824,44.09748978640667],[2.7714311912092793,44.00776649190107],[2.2758064087592853,43.97181090322614],[2.287874481750465,43.882144470802096],[2.535237189764311,43.900386212810915],[2.5468768749471122,43.810678567878554],[2.4233674725419903,43.80164805463618],[2.4351480104036543,43.711948353336496],[2.311861920148497,43.702786444057274],[2.3356529569346556,43.52339457608199],[2.089934844888449,43.504695217259695],[2.1142738414628015,43.32533563299255],[2.9722802074362633,43.38798538015698],[2.9614354557020905,43.47778117112164],[3.3301975785131117,43.50247368728075],[3.3198706972931546,43.5923054105221],[3.443040407085548,43.60025598611311],[3.4328596274365664,43.6900939578133],[3.556248005948752,43.69791095358611],[3.5662399810689287,43.6080589673206],[3.6894688757899545,43.615714297237666],[3.6796658909728057,43.70558003764477],[3.8031127345449467,43.71310115374613],[3.7837658192340213,43.892836442781054],[3.9076220924152967,43.900236169856896],[3.8980802090858644,43.99010572438401],[4.022156553746041,43.997369985613766],[4.012767720078676,44.08724519430709],[4.137064717241785,44.09437346076387],[4.118557746697691,44.27412764501578],[4.243270557809584,44.28113215513881],[4.270392178356714,44.01145168711538],[4.394550331749808,44.01826902226723],[4.3857404763157914,44.10818221420726],[4.5101181024632275,44.114862597539016],[4.501465719675962,44.20478069699116],[4.626063376054721,44.21132359434383],[4.609041190401271,44.3911623097732],[4.7340554928176,44.39757892578756],[4.717285156579754,44.57741320650678],[4.842719418734793,44.583702606705536],[4.834480114044011,44.6736210423271],[4.960138016801848,44.67977088616031],[4.9520637187717815,44.76969394985828],[4.826206153540601,44.76353271238497],[4.79275964864708,45.12311274494976],[4.66612084135318,45.11675286151961],[4.631283231596834,45.47618064302269],[4.376447553573165,45.46290390181723],[4.38562458923414,45.37308166074101],[4.258454717100346,45.36622587938043],[4.249071929850779,45.45603517753182],[4.121725285161557,45.44901295778845],[4.1120960393523,45.53880243505529],[3.9845727637196684,45.53161320456112],[3.9448082151549864,45.890651255357064],[3.81648249092323,45.883252313932374],[3.8062239952648316,45.97298150527385],[3.9347601451651717,45.9803946134529],[3.914533868804278,46.15986227601014],[3.656647007958892,46.144823377152555]],[[3.379878227489326,45.22423100232943],[3.506630063133086,45.23214316735968],[3.5171536729138806,45.14240355317036],[3.390604491464816,45.134506187618214],[3.379878227489326,45.22423100232943]],[[3.770347669180366,45.15774134397966],[3.896991268568937,45.16518164750093],[3.936232690476865,44.805983289133344],[3.8103937546071647,44.79859821170082],[3.790455137667695,44.97818380144822],[3.6642460101530387,44.97061937493829],[3.6540121231395655,45.06038751333939],[3.780422634543118,45.067966054855546],[3.770347669180366,45.15774134397966]],[[3.203414669996952,44.5799349512841],[3.32870194361709,44.58804595197726],[3.339313701663606,44.49828504359282],[3.2142228903337244,44.490188941947814],[3.203414669996952,44.5799349512841]],[[4.332104107970512,44.64751039882908],[4.583239802448349,44.66086787480949],[4.600476684155977,44.48107111581777],[4.350132379716408,44.46776276277759],[4.368010590764931,44.28798683314163],[4.243270557809584,44.28113215513881],[4.234154541106246,44.371011126282006],[4.109246344960526,44.36399379068265],[4.099896032586174,44.453852703881516],[4.225000419905137,44.46088292036249],[4.215807971818342,44.55074758648661],[4.341137110969049,44.55764009281593],[4.332104107970512,44.64751039882908]],[[3.3604047913989623,44.31874069355451],[3.4851365072010494,44.32665748362837],[3.4954220881403884,44.236859508588935],[3.370884633844184,44.22895715864058],[3.3604047913989623,44.31874069355451]],[[3.0084774341965783,44.11460728923767],[3.1327266679778436,44.12294259201233],[3.1435045992033923,44.03317316871222],[3.2675936953188245,44.04134457473226],[3.2781355947811717,43.95155251234947],[3.526023782199029,43.96741995203965],[3.5462148056444023,43.787755081349836],[3.2990891504299413,43.77194482563459],[3.288633996884641,43.86175261158266],[3.1649271299979254,43.853610710665116],[3.154238001500266,43.94339589037404],[3.030372148504768,43.93509074736305],[3.0084774341965783,44.11460728923767]],[[2.658970559596124,43.909284813421436],[2.906538589259505,43.92663714492223],[2.917608565697943,43.83688219446944],[2.670420554803532,43.81956113899441],[2.658970559596124,43.909284813421436]]]},"properties":{"name":"Tree cover (2000)","source":"JRC GLC2000 v1.1","threshold":0.4}},{"type":"Feature","geometry":{"type":"Polygon","coordinates":[[[24.934723930992643,42.621199834463766],[24.912322822850506,42.532901201841014],[25.151350027565957,42.497000396832064],[25.128705143097662,42.40874866853153],[25.24795778634317,42.39061817577558],[25.27076830230225,42.47883888849201],[25.390122473369694,42.46053680250478],[25.413189262437882,42.548711307133686],[24.934723930992643,42.621199834463766]]]},"properties":{"name":"Tree cover (2000)","source":"JRC GLC2000 v1.1","threshold":0.4}},{"type":"Feature","geometry":{"type":"Polygon","coordinates":[[[31.971622079165797,41.58564402752777],[31.93972497402463,41.49957214750401],[31.824039080728834,41.52552903474329],[31.792405562234432,41.43939187514713],[31.676778087088685,41.46517308546258],[31.645407166264206,41.37897116790299],[31.529838920851727,41.40457705002308],[31.46773815631083,41.232022325080365],[31.583021415878868,41.20649957154495],[31.614155141140685,41.29274665357931],[31.729497713511133,41.26704922949431],[31.760891973556042,41.35323192991635],[31.87629305936783,41.32735948801166],[31.90794883627034,41.41347729038271],[32.02340762729713,41.38742948442237],[32.0873655700458,41.55951111569699],[31.971622079165797,41.58564402752777]]]},"properties":{"name":"Tree cover (2000)","source":"JRC GLC2000 v1.1","threshold":0.4}},{"type":"Feature","geometry":{"type":"Polygon","coordinates":[[[34.55065300879577,40.49666591540768],[34.48170739770009,40.32636335839677],[34.594414607430316,40.297394081766306],[34.66361757884662,40.467605579841305],[34.55065300879577,40.49666591540768]]]},"properties":{"name":"Tree cover (2000)","source":"JRC GLC2000 v1.1","threshold":0.4}},{"type":"Feature","geometry":{"type":"Polygon","coordinates":[[[-3.6723090874337334,42.52670351898995],[-3.6518445550567664,42.43807003284632],[-3.412379854151187,42.47040701444943],[-3.4325056923534643,42.5590961231627],[-3.6723090874337334,42.52670351898995]]]},"properties":{"name":"Tree cover (2000)","source":"JRC GLC2000 v1.1","threshold":0.4}},{"type":"Feature","geometry":{"type":"Polygon","coordinates":[[[11.359454935117357,43.61991315272587],[11.355254271672331,43.439469906079964],[11.478433481528043,43.43776743780606],[11.476156481759833,43.34753890298983],[11.599139424908719,43.34569175323923],[11.596682975850532,43.255459786246284],[11.719469962063526,43.2534684813431],[11.724771220108554,43.43391855450733],[11.601605983609472,43.43591698278666],[11.604082709787097,43.5261355312568],[11.480719868038662,43.52798930567398],[11.483015695114075,43.61820456301942],[11.359454935117357,43.61991315272587]]]},"properties":{"name":"Tree cover (2000)","source":"JRC GLC2000 v1.1","threshold":0.4}},{"type":"Feature","geometry":{"type":"Polygon","coordinates":[[[18.702027718279062,42.986776536577544],[18.68881061342361,42.89717899341162],[19.053038490614448,42.86529038001708],[19.066795842596544,42.95483194375019],[18.702027718279062,42.986776536577544]]]},"properties":{"name":"Tree cover (2000)","source":"JRC GLC2000 v1.1","threshold":0.4}},{"type":"Feature","geometry":{"type":"Polygon","coordinates":[[[-1.6094191392070905,42.69482022595667],[-1.5745433530019672,42.51663098941244],[-1.4542774317822986,42.53040268017723],[-1.471507000611351,42.61952691336975],[-1.3510185634775016,42.63317944359982],[-1.368142902765533,42.72231591164742],[-1.6094191392070905,42.69482022595667]]]},"properties":{"name":"Tree cover (2000)","source":"JRC GLC2000 v1.1","threshold":0.4}},{"type":"Feature","geometry":{"type":"Polygon","coordinates":[[[-1.4542774317822986,42.53040268017723],[-1.4371166367163326,42.44126695321197],[-1.1967852748140626,42.46833518098824],[-1.2135996581600093,42.55751768435634],[-1.4542774317822986,42.53040268017723]]]},"properties":{"name":"Tree cover (2000)","source":"JRC GLC2000 v1.1","threshold":0.4}},{"type":"Feature","geometry":{"type":"Polygon","coordinates":[[[17.583853302176202,44.79701715478196],[17.5717195800386,44.707389852133446],[17.320732280310253,44.72533117385533],[17.297402546604168,44.5459870577182],[17.422520994139475,44.53712443713091],[17.41073365714777,44.44745697538698],[17.535621452676384,44.438460746879386],[17.523688781672437,44.34880183408963],[17.024707074016906,44.38382316389476],[17.013599560862676,44.294092336462505],[17.138202184363582,44.28557709576631],[17.12694732899427,44.19585399475374],[17.251323033654337,44.187205074309205],[17.22856880879072,44.00776649190107],[17.352526799221064,43.99900032362221],[17.341029440403876,43.909284813421436],[17.712125518249533,43.882144470802096],[17.700107108763603,43.792469665650714],[17.576632527458006,43.80164805463618],[17.553119795058816,43.622240261525455],[18.045301559885154,43.58477478047552],[18.057783355310423,43.67441568992438],[17.93460429967369,43.68402004385994],[17.946949640199538,43.7736695311176],[18.193646397311205,43.75427871583314],[18.180925661104645,43.66466399310613],[18.304030683560516,43.654765024421565],[18.278372788759714,43.475544597204184],[18.401068014610175,43.46553424805113],[18.414056303022488,43.55513102317838],[18.53689904265131,43.544955929947115],[18.510605437588975,43.36578957040772],[18.388132724668267,43.37592848893316],[18.375250134828157,43.28631370411041],[18.986309859872037,43.234249290201745],[18.972566139029993,43.144717424076916],[19.216350164707546,43.122909457829444],[19.2022998877248,43.03340647138677],[19.44555974646603,43.01105649461171],[19.41691105783129,42.832099626390786],[19.295660507237994,42.843307766755665],[19.281601107581565,42.75379489359026],[19.402673261554586,42.74260630941201],[19.37436917306062,42.563589716608526],[19.495046403003656,42.552296273405176],[19.50934673105456,42.64178994100072],[19.750931397151536,42.618732189018104],[19.736278302085243,42.52927851010746],[20.218238436144873,42.48152169115638],[20.28003231229588,42.83894157774536],[20.76410424950236,42.78854539298611],[20.81324269893351,43.05623466147871],[20.691760865510226,43.069116996926184],[20.708094177859962,43.15834784096815],[20.58638622625939,43.17110800831882],[20.554143152295744,42.992590915701946],[20.43274666816993,43.00516191663941],[20.416900664207414,42.915865484609746],[20.295636844540315,42.928270219612976],[20.31130449565048,43.017588399715734],[20.189817123583026,43.02987027834574],[20.174328104124797,42.94053059152899],[20.05297493059519,42.95264651523101],[20.03772655259098,42.86327527912428],[19.79524610306135,42.887031817698904],[19.810137242851948,42.97644468201106],[19.688653711980603,42.98812675937256],[19.718257211228313,43.16696334907875],[19.59637054398829,43.17854131509725],[19.625851780129622,43.35737910810622],[19.50355857857305,43.368852239194375],[19.53291399572718,43.54769172162282],[19.778190656161243,43.5245174039412],[19.793327353513572,43.6138813136458],[19.67052653729935,43.62556245158826],[19.700615639742338,43.8043028792189],[19.577399698117198,43.81587879977263],[19.592350325721306,43.90525540163562],[19.468903489303923,43.91670470586998],[19.498613643735123,44.09547088537561],[19.250835425056515,44.118008098816844],[19.309470720998803,44.475593449041824],[19.184751713007095,44.48672052784455],[19.155696595873778,44.30790546630131],[19.031318516829074,44.31884320738708],[19.017072234953066,44.229402333384556],[19.141259180924322,44.21848447086332],[19.1268814023194,44.129054448504476],[18.878846234234913,44.150702223182954],[18.892843009528306,44.24017157369421],[18.64425991163314,44.2612638662118],[18.671659367256584,44.44025309442416],[18.546921439305272,44.45061373224285],[18.56051308593096,44.540114396500506],[18.310527740114466,44.56042438810037],[18.32378630486508,44.649953908686335],[18.073251201073237,44.66970063878485],[18.060383503898212,44.58013483692296],[17.684879176706048,44.60857505352716],[17.709489781188818,44.78780356237944],[17.583853302176202,44.79701715478196]],[[17.434357647560354,44.626784045882054],[17.559636560558022,44.61775471226045],[17.547603948924998,44.528111691702726],[17.422520994139475,44.53712443713091],[17.434357647560354,44.626784045882054]],[[18.060383503898212,44.58013483692296],[18.185475199887524,44.570354593436626],[18.159511563392346,44.39123419382829],[18.03480860845839,44.40097865532515],[18.060383503898212,44.58013483692296]],[[18.42214291818025,44.46082490432335],[18.546921439305272,44.45061373224285],[18.533386232035138,44.36110453354682],[18.40880093469372,44.37129705752868],[18.42214291818025,44.46082490432335]],[[17.64834660459436,44.339672530775836],[17.89755317177639,44.32096563893697],[17.885090684386892,44.23134943452554],[18.133763009843445,44.21208043857861],[18.12096861626286,44.12249094835024],[18.2450564085877,44.112650949132174],[18.23212424187378,44.02307080565406],[18.35598317648093,44.013100312797555],[18.342914707496703,43.923529582382564],[18.46654549077053,43.91342911321154],[18.453342177852903,43.82386785968046],[18.206419539383496,43.8438847308344],[18.21924538691876,43.933482080142156],[17.97179330288221,43.95294286860866],[17.98429220993456,44.042566804484075],[17.860320207441568,44.05209216565367],[17.872679795048626,44.141724957697576],[17.624243675807598,44.16036383772183],[17.64834660459436,44.339672530775836]],[[17.37566469940835,44.178407030445186],[17.499971766320765,44.16945992921228],[17.48818685310788,44.0797768491299],[17.364071794039226,44.08870771439997],[17.37566469940835,44.178407030445186]],[[17.48818685310788,44.0797768491299],[17.612266977323372,44.07069725726288],[17.600339741498395,43.98102246253774],[17.47645062736533,43.99008562509275],[17.48818685310788,44.0797768491299]],[[18.727325116843307,43.98229975090641],[18.974685272769953,43.96102590270583],[18.960672465266462,43.87154902722337],[19.08410248618687,43.86070983845087],[19.055875206422634,43.68176759497297],[18.93281914119257,43.692567944453664],[18.946717196939833,43.78206305420031],[18.700109490058303,43.803260432800506],[18.727325116843307,43.98229975090641]],[[18.809722367347494,43.7032212154558],[18.93281914119257,43.692567944453664],[18.918977973968595,43.603063658644764],[18.796067320233064,43.613697886406676],[18.809722367347494,43.7032212154558]],[[19.424793895068152,43.64848486538574],[19.54768187837797,43.63709699662249],[19.53291399572718,43.54769172162282],[19.410210827017888,43.55905928401953],[19.424793895068152,43.64848486538574]],[[19.150522794755897,43.49187998881548],[19.273125905334645,43.480825240944405],[19.258845128754807,43.391360642096565],[19.13642590348946,43.40239575327957],[19.150522794755897,43.49187998881548]],[[19.258845128754807,43.391360642096565],[19.50355857857305,43.368852239194375],[19.488970369447436,43.27941795701914],[19.244622463212167,43.301886504370216],[19.258845128754807,43.391360642096565]]]},"properties":{"name":"Tree cover (2000)","source":"JRC GLC2000 v1.1","threshold":0.4}},{"type":"Feature","geometry":{"type":"Polygon","coordinates":[[[19.160488733400886,42.76483919025795],[19.13289456571164,42.58574534059729],[19.253651732585723,42.57473943107476],[19.281601107581565,42.75379489359026],[19.160488733400886,42.76483919025795]]]},"properties":{"name":"Tree cover (2000)","source":"JRC GLC2000 v1.1","threshold":0.4}},{"type":"Feature","geometry":{"type":"Polygon","coordinates":[[[30.770147238073598,41.011446183016616],[30.740443757444776,40.92484496832867],[30.62539027360978,40.94936657798485],[30.595941389487702,40.86270433476856],[30.825685544640233,40.81360731872098],[30.885264640933343,40.9867516830093],[30.770147238073598,41.011446183016616]]]},"properties":{"name":"Tree cover (2000)","source":"JRC GLC2000 v1.1","threshold":0.4}},{"type":"Feature","geometry":{"type":"Polygon","coordinates":[[[27.60533366280764,42.36987129961379],[27.57914628120802,42.28233200314852],[27.10491675829937,42.36502545734388],[27.054123774533963,42.189615741033585],[27.172468300749735,42.169219848344014],[27.121753606581645,41.993811469724484],[27.239710640796915,41.9733460138542],[27.214343665412677,41.88565069616112],[27.449733299183226,41.84437501684403],[27.424151774075067,41.75673153788482],[27.776241688359853,41.69389143729689],[27.750294291191718,41.6063350648286],[27.867362028835263,41.58514944083006],[27.841361176009585,41.497610380155564],[27.958204803258024,41.47632337107559],[27.932151423904244,41.38880154486748],[28.16532171085873,41.34588951000767],[28.139065335826416,41.25842021900406],[28.487835159563065,41.19314070580115],[28.51454321315098,41.2805027200387],[28.63080664726742,41.25843598805473],[28.657767638242913,41.345743002765914],[28.42486781664176,41.38981335122324],[28.451630689253694,41.47717413965421],[28.21813861876602,41.52077316750619],[28.244700200788234,41.60818752382405],[28.127693206502244,41.6298185110937],[28.1542041493007,41.71725047912558],[28.036971312141546,41.738780622893174],[28.089992897600254,41.91366188995032],[27.97237788160255,41.9351266333858],[28.025500701455247,42.11000773635843],[27.789426337601068,42.152667740863],[27.815828245837633,42.24015330424392],[27.697523640862954,42.261311872726125],[27.723870198979544,42.34881557695377],[27.60533366280764,42.36987129961379]]]},"properties":{"name":"Tree cover (2000)","source":"JRC GLC2000 v1.1","threshold":0.4}},{"type":"Feature","geometry":{"type":"Polygon","coordinates":[[[28.890376076897756,41.30113051925911],[28.863115914089786,41.21389661971445],[28.746997657821304,41.236233910021646],[28.719990574295093,41.14894435536391],[28.951856659685255,41.10420790228523],[29.00657019846463,41.278621313647406],[28.890376076897756,41.30113051925911]]]},"properties":{"name":"Tree cover (2000)","source":"JRC GLC2000 v1.1","threshold":0.4}},{"type":"Feature","geometry":{"type":"Polygon","coordinates":[[[29.12269048392417,41.25597697947562],[29.06768038794125,41.081637471333146],[29.414710453106313,41.013118976834676],[29.386922503651256,40.92603140340131],[29.73284796529937,40.856417902845386],[29.761072188678604,40.94339253181603],[29.876376126448342,40.91988258841943],[29.904852844217228,41.00679878555324],[29.789403880144786,41.03034688078563],[29.817843583877174,41.117280935574364],[29.12269048392417,41.25597697947562]]]},"properties":{"name":"Tree cover (2000)","source":"JRC GLC2000 v1.1","threshold":0.4}},{"type":"Feature","geometry":{"type":"Polygon","coordinates":[[[20.218238436144873,42.48152169115638],[20.187711267860127,42.302748060110915],[20.307745722449177,42.29049306788776],[20.33862076135582,42.46922435567808],[20.218238436144873,42.48152169115638]]]},"properties":{"name":"Tree cover (2000)","source":"JRC GLC2000 v1.1","threshold":0.4}},{"type":"Feature","geometry":{"type":"Polygon","coordinates":[[[20.93986255766386,42.40559306949244],[20.90725632305732,42.227080520288816],[21.027022875895717,42.21397108707698],[21.059973680550065,42.392438491751754],[20.93986255766386,42.40559306949244]]]},"properties":{"name":"Tree cover (2000)","source":"JRC GLC2000 v1.1","threshold":0.4}},{"type":"Feature","geometry":{"type":"Polygon","coordinates":[[[10.738138265077472,43.35551923179024],[10.737004053745528,43.26526975125006],[10.614175108500508,43.266081172068034],[10.612296278649016,43.08555911612766],[10.734749534084576,43.084750574805355],[10.733629173340015,42.99448076518371],[10.855892481371828,42.99352692065067],[10.854590770919101,42.903251904398836],[10.732513377383615,42.90420406544692],[10.731402120516542,42.81392041867967],[10.975182844512917,42.81187323897961],[10.978151995739799,42.992426349088284],[11.10040717490501,42.9911790583305],[11.097067052244514,42.81063034131085],[11.218946444248864,42.80924124976764],[11.222657477493696,42.98978505725471],[11.467141288395778,42.98655696487259],[11.469381271011887,43.07681273222843],[11.346955823919988,43.07850311305496],[11.351088031324345,43.259000043622464],[11.228281174880559,43.26054897054246],[11.230171153600462,43.35079002220482],[11.107169877928444,43.35219396808509],[11.105468797299284,43.261950414352555],[10.982651450088538,43.26320436493346],[10.98416360112554,43.35345015754137],[10.738138265077472,43.35551923179024]]]},"properties":{"name":"Tree cover (2000)","source":"JRC GLC2000 v1.1","threshold":0.4}},{"type":"Feature","geometry":{"type":"Polygon","coordinates":[[[11.833816907862145,42.98061478078871],[11.825487191322079,42.709836871793875],[12.06878910553769,42.70516695206275],[12.071922483048505,42.79542513241269],[12.193744128957269,42.79286692866548],[12.190426785659989,42.70261323742622],[12.312054909089802,42.69991370978289],[12.322601536406857,42.970639063838235],[11.833816907862145,42.98061478078871]],[[11.953053128849751,42.88809253955843],[12.075068630602555,42.8856761714746],[12.071922483048505,42.79542513241269],[11.950091752692833,42.79783724937967],[11.953053128849751,42.88809253955843]]]},"properties":{"name":"Tree cover (2000)","source":"JRC GLC2000 v1.1","threshold":0.4}},{"type":"Feature","geometry":{"type":"Polygon","coordinates":[[[25.821289743341172,41.75038271598676],[25.752102692558797,41.485916721868925],[25.86946031583603,41.4670930380958],[25.892590731774284,41.555232690877475],[26.12743089429586,41.51710914869149],[26.174594921442065,41.693213595002554],[25.821289743341172,41.75038271598676]]]},"properties":{"name":"Tree cover (2000)","source":"JRC GLC2000 v1.1","threshold":0.4}},{"type":"Feature","geometry":{"type":"Polygon","coordinates":[[[36.126803827344695,39.79390220261588],[36.0907811085401,39.70937595156606],[35.979569989125,39.7400360764366],[35.943798320674304,39.65543388336685],[35.83261855909991,39.68592102789738],[35.79709720827694,39.6012434135],[35.6859496475204,39.63155785411887],[35.650677877374676,39.546805336403565],[35.76170438235691,39.51653720290158],[35.69130191929027,39.347039200786554],[35.80199998820033,39.31673749378327],[35.83725751576069,39.40145462814742],[35.94798763855582,39.370981133556924],[36.01912609821522,39.54023639638925],[36.1300070645701,39.50954413337581],[36.238045454448795,39.76306882241694],[36.126803827344695,39.79390220261588]]]},"properties":{"name":"Tree cover (2000)","source":"JRC GLC2000 v1.1","threshold":0.4}},{"type":"Feature","geometry":{"type":"Polygon","coordinates":[[[9.267486622616385,42.90420406544692],[9.268597879483458,42.81392041867967],[9.390493326039147,42.81472468627854],[9.39141564275422,42.724432622967456],[9.513129322380253,42.72508951203393],[9.511650566104262,42.905668957142],[9.267486622616385,42.90420406544692]]]},"properties":{"name":"Tree cover (2000)","source":"JRC GLC2000 v1.1","threshold":0.4}},{"type":"Feature","geometry":{"type":"Polygon","coordinates":[[[11.589373714972705,42.98472289653361],[11.586957135157158,42.8944634155697],[11.464910429679541,42.89629424807068],[11.46268864352054,42.80602452524744],[11.584550382536417,42.80419691493667],[11.582153401935711,42.71392333811132],[11.703824016111877,42.71195304417186],[11.711599101541287,42.98274216381012],[11.589373714972705,42.98472289653361]]]},"properties":{"name":"Tree cover (2000)","source":"JRC GLC2000 v1.1","threshold":0.4}},{"type":"Feature","geometry":{"type":"Polygon","coordinates":[[[21.574543353001964,42.51663098941244],[21.539945294526394,42.3383953871617],[21.42002424053206,42.35211970206457],[21.40299987115537,42.26296089610251],[21.283202361305207,42.27651959971182],[21.24969778021512,42.098120859332035],[21.36915373841166,42.08460849609835],[21.386043159293877,42.17379050447179],[21.625152669378654,42.14629410567444],[21.694760015570242,42.50271662991197],[21.574543353001964,42.51663098941244]]]},"properties":{"name":"Tree cover (2000)","source":"JRC GLC2000 v1.1","threshold":0.4}},{"type":"Feature","geometry":{"type":"Polygon","coordinates":[[[22.240215674468804,42.164077221306954],[22.203995209305436,41.986061958159134],[22.44207407075869,41.956635729974465],[22.460484255727504,42.04559942053654],[22.341302497276576,42.06040812648382],[22.359617306854243,42.14938457064794],[22.240215674468804,42.164077221306954]]]},"properties":{"name":"Tree cover (2000)","source":"JRC GLC2000 v1.1","threshold":0.4}},{"type":"Feature","geometry":{"type":"Polygon","coordinates":[[[10.121903476110946,42.81647948804113],[10.121718999391462,42.72618434251183],[10.36515487016784,42.725600430533106],[10.365708286949202,42.815894548620236],[10.121903476110946,42.81647948804113]]]},"properties":{"name":"Tree cover (2000)","source":"JRC GLC2000 v1.1","threshold":0.4}},{"type":"Feature","geometry":{"type":"Polygon","coordinates":[[[18.6364729947018,42.53869380418607],[18.610618574243095,42.35939361838373],[18.730999302518192,42.34901777921377],[18.717974232800174,42.25937102898919],[18.958273745773884,42.23822577676172],[18.97164902903294,42.32783603719768],[18.851342947837725,42.33849856175839],[18.864596239866955,42.42811732708837],[18.74407668906351,42.43865474527481],[18.75720668112717,42.52828196873238],[18.6364729947018,42.53869380418607]]]},"properties":{"name":"Tree cover (2000)","source":"JRC GLC2000 v1.1","threshold":0.4}},{"type":"Feature","geometry":{"type":"Polygon","coordinates":[[[12.312054909089802,42.69991370978289],[12.305094891723003,42.519394052266335],[12.426347470905082,42.51655866866336],[12.433672947245217,42.69706838803389],[12.312054909089802,42.69991370978289]]]},"properties":{"name":"Tree cover (2000)","source":"JRC GLC2000 v1.1","threshold":0.4}},{"type":"Feature","geometry":{"type":"Polygon","coordinates":[[[-2.304889645388832,41.88241799741707],[-2.2867908282450817,41.79340425817976],[-2.049279806185939,41.822449968771124],[-2.0670446794975894,41.91151295164691],[-2.304889645388832,41.88241799741707]]]},"properties":{"name":"Tree cover (2000)","source":"JRC GLC2000 v1.1","threshold":0.4}},{"type":"Feature","geometry":{"type":"Polygon","coordinates":[[[19.091917066293917,42.31703027760857],[19.078367024518997,42.22743861927168],[18.958273745773884,42.23822577676172],[18.94495185112788,42.148605540231486],[19.184752192452745,42.12692558844334],[19.212146581185326,42.30608135596151],[19.091917066293917,42.31703027760857]]]},"properties":{"name":"Tree cover (2000)","source":"JRC GLC2000 v1.1","threshold":0.4}},{"type":"Feature","geometry":{"type":"Polygon","coordinates":[[[25.86946031583603,41.4670930380958],[25.846419570693214,41.37893756335702],[25.72921920372314,41.39773000677049],[25.706424367974076,41.30952758322762],[25.94044936477737,41.27186768485077],[25.96355724286629,41.36000767142668],[26.197643008919957,41.32173601147867],[26.221153283179333,41.409796550342726],[25.86946031583603,41.4670930380958]]]},"properties":{"name":"Tree cover (2000)","source":"JRC GLC2000 v1.1","threshold":0.4}},{"type":"Feature","geometry":{"type":"Polygon","coordinates":[[[19.692669897332873,42.26085553928416],[19.663886839714635,42.08185490076536],[19.90321365824246,42.05846536643033],[19.88856425213012,41.96898928038325],[20.246729755503193,41.932900642743625],[20.29240046712253,42.20111124650115],[19.692669897332873,42.26085553928416]]]},"properties":{"name":"Tree cover (2000)","source":"JRC GLC2000 v1.1","threshold":0.4}},{"type":"Feature","geometry":{"type":"Polygon","coordinates":[[[34.96380771175887,42.083951935535694],[34.89061785024008,41.91443347205556],[34.428577725418435,42.03131567438619],[34.39273727949741,41.9463248537776],[34.04561624486271,42.03245531458077],[34.0103265461628,41.947297170541674],[33.66277439961275,42.032093244986996],[33.62803723616874,41.946770317206806],[33.28006922998401,42.03023087515656],[33.2458862880112,41.94474571242909],[33.129854538998856,41.972253895882126],[33.095942880148904,41.88669882510414],[32.97996194434546,41.914028580368544],[32.94632061148228,41.82840415030222],[32.71437252136535,41.8825740255684],[32.68114274931001,41.79683648378651],[32.56517725429638,41.823676948436116],[32.43408051732988,41.480312566455765],[32.31859506669604,41.50684522909441],[32.22199119208405,41.24894446438327],[32.10684294569754,41.27521560228423],[32.07502484388231,41.189159360621844],[31.95993284342031,41.2152554313453],[31.928375129349163,41.12913382613413],[31.813340182369622,41.15505517168987],[31.844757040866803,41.241218771593346],[31.729497713511133,41.26704922949431],[31.667064794816604,41.09461568167618],[31.321640824916244,41.17105980584066],[31.2910252127024,41.08468549672333],[31.17586294149589,41.109859954966694],[31.145504902644596,41.0234227937937],[31.030404289403567,41.0484236292236],[30.970315024020845,40.875402789059514],[31.08513222890352,40.850482506540295],[31.11526152246961,40.93696363639255],[31.23014042572758,40.91187037943568],[31.169713726018873,40.738966761128886],[30.825685544640233,40.81360731872098],[30.796064400381773,40.72700268760277],[30.681372841490756,40.751578070821466],[30.65200428957323,40.66491242831831],[30.766554780354276,40.64037645147868],[30.73715613049282,40.55372863037109],[30.50825971069107,40.60258972299239],[30.53737666111179,40.689315888391825],[30.42267218387201,40.71358669130891],[30.393696739541596,40.62682161202518],[30.27905764680355,40.65092087722102],[30.30789114906593,40.73772469711973],[30.19303385021273,40.76172976632034],[30.164342724771686,40.674887379895154],[29.934686573432714,40.72242154519246],[29.90638880717331,40.63548200980944],[29.79159139115126,40.65901150233002],[29.819745940133153,40.74598893271522],[29.704730669548393,40.76942300752597],[29.648814717519624,40.59537246983654],[30.1072845652084,40.5011401275231],[30.135759809554727,40.58802416183048],[30.70786790046154,40.46705924373918],[30.678689543624206,40.38036831048322],[30.906720732476526,40.33113556376207],[30.87737434733076,40.24450124355574],[31.331964936924912,40.144616117215655],[31.361860831673024,40.23109214752501],[31.248191778177098,40.256299892091825],[31.308045032849943,40.42926477381443],[31.421988783903874,40.40397693894028],[31.452221946919664,40.4903856543752],[31.56622457923132,40.46492602698686],[31.59670922407155,40.551271669776945],[31.710769988147113,40.52563991083583],[31.68014784609066,40.439335021173996],[31.79399147948738,40.413612781051555],[31.824750667587953,40.49987675300718],[31.938650995705604,40.47398234163392],[31.907755213741535,40.38775945112172],[32.24856439983163,40.30941437320464],[32.27986724048813,40.39551304538716],[32.16620954296748,40.42180034153446],[32.19749371504445,40.50791715252053],[32.31128704475255,40.48158813410487],[32.342824386753826,40.56763960942726],[32.57043591094394,40.51450499532727],[32.53862788766195,40.42853775788128],[32.652174891539715,40.40181669654027],[32.684117560245504,40.487741575481095],[32.79771613090725,40.46084761314907],[32.894667212560144,40.718348928273905],[32.666575796101064,40.772262832384364],[32.69886298899151,40.85813404198464],[32.58455409586895,40.884937142190715],[32.55240360645749,40.799023101584865],[32.43814743782722,40.82565204626411],[32.502294525832916,40.997541693292355],[32.731271453603334,40.94398115974877],[32.76380178954254,41.029804150411735],[33.22127651778651,40.920932165509925],[33.25447610888472,41.00655613058146],[33.71110285434494,40.89541019526252],[33.677364301272256,40.80996362825736],[33.90488319350038,40.753696284115634],[33.93888828002291,40.83905321928315],[34.05264817094345,40.810679283480475],[33.98449964817297,40.64002954388772],[34.09790697868063,40.61161575228905],[34.166319202478384,40.78217526110285],[34.50679684898746,40.695884269421384],[34.54158839607431,40.780987789430135],[34.65503211607437,40.751919051932994],[34.69008381740449,40.836949717216044],[34.80356730724337,40.80770526325549],[34.83887999556581,40.8926625380825],[34.72526589715404,40.92195344278346],[34.7605789888009,41.0069301777416],[34.646741922780244,41.036137822727866],[34.68205483623821,41.121134157802324],[34.909900104337595,41.062495553576944],[34.945608805362504,41.14737118863086],[35.05952359164653,41.117809896270344],[35.0954970876432,41.20261092725317],[35.2094493810728,41.17287235723352],[35.318573303859,41.42696659496674],[35.204225968367496,41.45684850461077],[35.24074059216012,41.54153900143565],[35.35522030827054,41.51160896107551],[35.39200460572285,41.59622337206422],[35.27739215810608,41.62620171987769],[35.31418133893368,41.71083660037025],[35.19933861843253,41.74073254739139],[35.23613211210335,41.82538804327054],[35.12105790110092,41.8552012943938],[35.0478775372107,41.68576603387154],[35.16268306132983,41.656049331243395],[35.126164764251506,41.571338454416875],[35.01149304584749,41.60100714870238],[34.97524478465849,41.51622083782736],[35.08978305503918,41.48659997568093],[35.05353726588747,41.401833952989634],[34.9391320864397,41.431407158406266],[34.867310731695355,41.26169791854962],[34.63875015817368,41.32026359627365],[34.71003814101158,41.490161514729486],[34.59534982894753,41.51934232818931],[34.63106007950724,41.60429807118106],[34.74588306936192,41.575070055262046],[34.81797810789497,41.744806025067],[34.932975810301656,41.71535165573331],[35.0793485833351,42.054304972302496],[34.96380771175887,42.083951935535694]],[[33.67448221027534,41.74805392452334],[34.25072231521937,41.60609729094668],[34.215551952717405,41.52097459398103],[34.3303854359948,41.49223425388326],[34.29521160304667,41.40713173182742],[33.95084140796727,41.492819425165685],[33.91620627734513,41.40755235904185],[33.686441188271544,41.463928131580175],[33.720802451767774,41.54928654885074],[33.60564606285084,41.5773222153294],[33.67448221027534,41.74805392452334]],[[32.61506118845356,41.625289517988904],[32.730654710586535,41.598403701625905],[32.664791454724956,41.42684858576606],[32.54947940371195,41.45364696633393],[32.61506118845356,41.625289517988904]],[[34.45384038691862,41.17925198404893],[34.56799364659035,41.15025825060748],[34.53281307320872,41.0652154231466],[34.418792665417854,41.09416281512904],[34.45384038691862,41.17925198404893]],[[32.81302569482068,41.48566335045744],[33.04349178701102,41.43131601089022],[33.010203923095474,41.34565833738739],[32.89515397908063,41.37285411332325],[32.82923049382027,41.201377606037475],[32.71437076376472,41.22835363600296],[32.81302569482068,41.48566335045744]],[[34.04166774476494,41.09496880358433],[34.1558274386711,41.066458731437415],[34.08691310728672,40.895965166607965],[33.97302031942506,40.92438431427852],[34.04166774476494,41.09496880358433]],[[32.977041393429914,41.25997618561514],[33.091865307091034,41.23269238781088],[33.05868975455707,41.147029759549206],[32.94400357709607,41.17426959499],[32.977041393429914,41.25997618561514]],[[34.34908829674003,40.92390493130877],[34.462844089305456,40.895049713401306],[34.428054410420096,40.80992693061357],[34.31443038262214,40.83873631437608],[34.34908829674003,40.92390493130877]],[[32.599424648506535,41.255197528556415],[32.71437076376472,41.22835363600296],[32.681733185169364,41.142535533205915],[32.56692587225617,41.1693361143006],[32.599424648506535,41.255197528556415]],[[32.323807549734994,40.85214951490754],[32.43814743782722,40.82565204626411],[32.37447984443303,40.653667440795516],[32.26041404368774,40.68008037063877],[32.22889502300873,40.59401050550007],[31.886615642223493,40.67233576835217],[31.94894656408601,40.84470269554419],[32.29205135774999,40.766126717473455],[32.323807549734994,40.85214951490754]],[[32.52037339295396,40.713085162830005],[32.74836140239665,40.65951895618353],[32.716179535536796,40.57364233982166],[32.4884628647123,40.62712335913601],[32.52037339295396,40.713085162830005]],[[31.68885252053388,40.81017252632923],[31.803328274049036,40.784417589235574],[31.772359631893295,40.69818122150123],[31.658022625720967,40.72389494536142],[31.68885252053388,40.81017252632923]],[[31.543604894800154,40.74947679328241],[31.658022625720967,40.72389494536142],[31.627308383868442,40.637594651105836],[31.51302943840996,40.663135606142724],[31.543604894800154,40.74947679328241]],[[31.254049126138636,40.6273771057024],[31.36834852051073,40.602140411571696],[31.338140219494864,40.515713759616524],[31.223979669623365,40.540910199386204],[31.254049126138636,40.6273771057024]],[[30.88102784686537,40.615708098698526],[30.995423204832033,40.59090751123324],[30.96574461367887,40.50433871762573],[30.851489006011324,40.52909970635239],[30.88102784686537,40.615708098698526]]]},"properties":{"name":"Tree cover (2000)","source":"JRC GLC2000 v1.1","threshold":0.4}},{"type":"Feature","geometry":{"type":"Polygon","coordinates":[[[-3.511925882108645,42.36563464312898],[-3.4717359369208105,42.18824560053353],[-3.5909359598214072,42.17208944554239],[-3.550730065682848,41.99470208000201],[-3.431862827372257,42.010803397106685],[-3.392303167960405,41.83330786281564],[-3.155065689420573,41.86498168575187],[-3.135731879120418,41.776160447768774],[-3.0171973757642467,41.791760765402834],[-2.9981041127190893,41.70290006816521],[-3.1164739769859677,41.68732602563216],[-3.0972915793068503,41.59847839566676],[-2.8608274334604067,41.62943451985849],[-2.8986097501891397,41.8072210253947],[-2.779969425057858,41.822541128030906],[-2.761206394035342,41.733628536487345],[-2.642679382097932,41.748782764853324],[-2.661276824844801,41.83772097435726],[-2.423736506059368,41.86765950608659],[-2.4420740707586894,41.956635729974465],[-2.3230600730723334,41.9714192777547],[-2.3413024972765752,42.06040812648382],[-2.2220695637254724,42.07507574129824],[-2.203995209305435,41.986061958159134],[-1.9657146284332958,42.01492433484923],[-1.9834519260283456,42.10398731311233],[-2.1027858933077175,42.08960216867719],[-2.1207629963976578,42.17862845933024],[-2.2402156744688027,42.164077221306954],[-2.258433930205466,42.25306642552794],[-2.1388116100837737,42.26764257533932],[-2.1569321228185125,42.356644544348725],[-2.516154465789097,42.31241555594649],[-2.5348590800672617,42.401329375608945],[-2.894117322358096,42.355747307939794],[-2.9134073740826167,42.44457033766798],[-3.511925882108645,42.36563464312898]]]},"properties":{"name":"Tree cover (2000)","source":"JRC GLC2000 v1.1","threshold":0.4}},{"type":"Feature","geometry":{"type":"Polygon","coordinates":[[[30.336072616642213,40.45322809892022],[30.307422857059663,40.36639969814893],[30.535629937035164,40.31803567742892],[30.5645596373699,40.404786955884106],[30.336072616642213,40.45322809892022]]]},"properties":{"name":"Tree cover (2000)","source":"JRC GLC2000 v1.1","threshold":0.4}},{"type":"Feature","geometry":{"type":"Polygon","coordinates":[[[13.759319586625455,42.47578690807786],[13.748075437980056,42.295389289688536],[13.868807393739447,42.290828170260404],[13.880412081102248,42.471209911063724],[13.759319586625455,42.47578690807786]]]},"properties":{"name":"Tree cover (2000)","source":"JRC GLC2000 v1.1","threshold":0.4}},{"type":"Feature","geometry":{"type":"Polygon","coordinates":[[[25.237633983084947,41.383198117709284],[25.19356274276433,41.2065026834548],[25.427451731220476,41.17006349588207],[25.4497583326313,41.25835850904365],[25.68371772373398,41.22130944074027],[25.706424367974076,41.30952758322762],[25.237633983084947,41.383198117709284]]]},"properties":{"name":"Tree cover (2000)","source":"JRC GLC2000 v1.1","threshold":0.4}},{"type":"Feature","geometry":{"type":"Polygon","coordinates":[[[22.917612747097632,41.896094806399375],[22.860827433460408,41.62943451985849],[22.74251704797611,41.6447030511041],[22.76120639403534,41.733628536487345],[22.642679382097935,41.748782764853324],[22.6612768248448,41.83772097435726],[22.423736506059367,41.86765950608659],[22.387277684330318,41.68966935109742],[22.624155013277953,41.65983176457474],[22.605703329186873,41.57086794736161],[22.8420473206863,41.54052174546966],[22.82334071450262,41.45159592299079],[22.941272136344605,41.43623926393591],[22.960141889454885,41.525139342070425],[23.078184285324216,41.5096175339254],[23.15506568942057,41.86498168575187],[22.917612747097632,41.896094806399375]]]},"properties":{"name":"Tree cover (2000)","source":"JRC GLC2000 v1.1","threshold":0.4}},{"type":"Feature","geometry":{"type":"Polygon","coordinates":[[[-1.794210225268939,41.76180981247503],[-1.7596929671168968,41.58352656525886],[-1.5227917357291754,41.61130544375555],[-1.556642621881683,41.78968263955521],[-1.794210225268939,41.76180981247503]]]},"properties":{"name":"Tree cover (2000)","source":"JRC GLC2000 v1.1","threshold":0.4}},{"type":"Feature","geometry":{"type":"Polygon","coordinates":[[[28.931977012760104,40.64544902018575],[28.878413424114246,40.47083794516359],[28.99314390495117,40.448388401235825],[29.020019235789842,40.535667539632506],[29.249555096920098,40.490296213333565],[29.276820687464706,40.57748286013507],[28.931977012760104,40.64544902018575]]]},"properties":{"name":"Tree cover (2000)","source":"JRC GLC2000 v1.1","threshold":0.4}},{"type":"Feature","geometry":{"type":"Polygon","coordinates":[[[-2.624155013277956,41.65983176457474],[-2.6057033291868734,41.57086794736161],[-2.7239009947613226,41.555764646269175],[-2.7053578451431393,41.4668132961123],[-2.469239426460839,41.49682979929911],[-2.5057417509493214,41.674820563307115],[-2.624155013277956,41.65983176457474]]]},"properties":{"name":"Tree cover (2000)","source":"JRC GLC2000 v1.1","threshold":0.4}},{"type":"Feature","geometry":{"type":"Polygon","coordinates":[[[-6.593208818545332,40.97965476838485],[-6.545776000977859,40.80364197469737],[-6.3137357799128635,40.842687767903385],[-6.3371023275719445,40.93076636471629],[-6.453306298329468,40.911279525922836],[-6.476915751051544,40.99930969414375],[-6.593208818545332,40.97965476838485]]]},"properties":{"name":"Tree cover (2000)","source":"JRC GLC2000 v1.1","threshold":0.4}},{"type":"Feature","geometry":{"type":"Polygon","coordinates":[[[-4.607801813385865,41.29519405183667],[-4.586681762593437,41.2066767950972],[-4.46951320440623,41.22397291668636],[-4.448633014156328,41.13541236284578],[-4.331565736078026,41.1525422343764],[-4.37309012503606,41.32970565176077],[-4.607801813385865,41.29519405183667]]]},"properties":{"name":"Tree cover (2000)","source":"JRC GLC2000 v1.1","threshold":0.4}},{"type":"Feature","geometry":{"type":"Polygon","coordinates":[[[-4.255648554565505,41.346754244540364],[-4.235005261809911,41.258151476583315],[-4.117666658811948,41.27503370257545],[-4.097262529717421,41.18638859905584],[-3.9800273824386454,41.20310488256701],[-4.000272158751452,41.291777752199934],[-3.882822157014274,41.30838352102618],[-3.902985668421134,41.39706991856927],[-4.255648554565505,41.346754244540364]]]},"properties":{"name":"Tree cover (2000)","source":"JRC GLC2000 v1.1","threshold":0.4}},{"type":"Feature","geometry":{"type":"Polygon","coordinates":[[[12.18055511295153,42.43180864127485],[12.177291092704584,42.341525747971055],[12.056381874070127,42.344061693755165],[12.050253045489853,42.16346475478714],[12.29134258258992,42.15826610924056],[12.298190990157737,42.33884500160169],[12.41908105084402,42.33601947305884],[12.422706919969496,42.426292783353524],[12.18055511295153,42.43180864127485]]]},"properties":{"name":"Tree cover (2000)","source":"JRC GLC2000 v1.1","threshold":0.4}},{"type":"Feature","geometry":{"type":"Polygon","coordinates":[[[26.057368003036615,41.25283198277972],[26.034193987725025,41.16470742926634],[25.917430771710755,41.18371173389507],[25.89450100067676,41.09553980895255],[25.777830703804717,41.114376110567086],[25.732544667933663,40.93792251495978],[25.848906089166007,40.919147996834134],[25.87165959197492,41.00735190004667],[26.104505610413035,40.969331729110145],[26.127655340485322,41.05745713541899],[26.24413865281968,41.038210995518604],[26.267531962945164,41.126288499632054],[26.15089450684806,41.14556631216716],[26.174223573791586,41.23365926807348],[26.057368003036615,41.25283198277972]]]},"properties":{"name":"Tree cover (2000)","source":"JRC GLC2000 v1.1","threshold":0.4}},{"type":"Feature","geometry":{"type":"Polygon","coordinates":[[[31.075311697831843,40.10824335715623],[31.016617967954623,39.93502193405752],[31.12981837817737,39.91010309586233],[31.188784344463226,40.08324594346953],[31.075311697831843,40.10824335715623]]]},"properties":{"name":"Tree cover (2000)","source":"JRC GLC2000 v1.1","threshold":0.4}},{"type":"Feature","geometry":{"type":"Polygon","coordinates":[[[29.10780367012019,40.42580563648907],[29.08088638673112,40.33854312306964],[29.30970692640263,40.293051237160746],[29.336909823465877,40.380240965128706],[29.10780367012019,40.42580563648907]]]},"properties":{"name":"Tree cover (2000)","source":"JRC GLC2000 v1.1","threshold":0.4}},{"type":"Feature","geometry":{"type":"Polygon","coordinates":[[[27.124151207735117,43.282279287024636],[27.046047045842286,43.019430681639655],[26.926023846577767,43.03972001142213],[26.95178888536472,43.12738789775476],[26.71119109724732,43.16761313394036],[26.68575973060619,43.07987562725531],[26.80592794009239,43.059868371784525],[26.780431113193575,42.97214929897196],[26.299996988525425,43.051193378098944],[26.324825363549962,43.13904941993792],[26.20437203381119,43.1584909149484],[26.229130847477368,43.24636508106588],[25.987675025418635,43.28488965002584],[25.914706831141494,43.02102014578594],[25.794382316515385,43.039969966736706],[25.77042123922269,42.9519500546229],[25.16863221860104,43.044410118995174],[25.145610634567102,42.95621503999068],[24.78425777380583,43.00989314707236],[24.806768017752766,43.09818156335797],[24.56520291888266,43.13331689905533],[24.5874593690849,43.22165251442582],[24.466408806104713,43.239036472536725],[24.444324994208955,43.150670516682545],[24.32338407541528,43.167881275051464],[24.2798253753538,42.991048134220996],[24.15916680802314,43.00805650783833],[24.137689437770252,42.919589885877826],[24.017141393965144,42.93642632187439],[24.081315036990713,43.20187374137979],[23.960187813666636,43.21865521499796],[23.938884250153546,43.13015687288685],[23.817869722117912,43.146765938606165],[23.79682479763935,43.058225320678936],[23.554962671215907,43.090956462822774],[23.575659989073603,43.179554315829705],[23.454465692848608,43.195733400876705],[23.47507145239761,43.28434668251714],[23.35364277957734,43.300410372900956],[23.333212386237694,43.21176893393136],[23.090530582817777,43.243408900139826],[23.110609163327986,43.33210595569283],[22.989005150808776,43.34773762679525],[23.008987887664905,43.43644977466129],[22.88714889875971,43.4519645554611],[22.907034544829923,43.54069180817761],[22.784959668264886,43.55608923033998],[22.804746964482774,43.64483159868564],[22.437640983635337,43.69023447226148],[22.45696716867769,43.77904564335324],[22.334304241653868,43.79391559486303],[22.277102574427747,43.527367739138064],[22.15492639061405,43.542013485171225],[22.098954044047204,43.275283124208464],[21.855514785477975,43.30398623406066],[21.83736390866391,43.215002392025674],[21.958931898399566,43.20074824562794],[21.940676791248983,43.111777948880416],[22.06201492904986,43.09740469527608],[22.025372572378217,42.919479472218434],[21.904386716084247,42.9338025453212],[21.886350940039996,42.84479738404759],[21.765488802418826,42.858952111974006],[21.783349123133487,42.94798197412652],[21.54112061089559,42.975909508705115],[21.576350016255184,43.15403261771934],[21.69784385805361,43.140092008682075],[21.71574369550481,43.22911208537462],[21.47234852277103,43.256897718685536],[21.454805229852663,43.16782881619456],[21.333209980320863,43.181480507715094],[21.315915540273217,43.092376464540635],[21.194448676562107,43.105859839164985],[21.246005551565023,43.373210176782905],[21.123951410946265,43.38661981122965],[21.10687616141876,43.29749032995762],[20.9849527636998,43.310731261567206],[20.96812629527445,43.22156758989614],[20.846334044637707,43.23464030740143],[20.829754887262865,43.14544284948847],[20.951367865018103,43.13239312431929],[20.934677095223357,43.043207833296485],[21.177401638681648,43.01672106262083],[21.160423255462316,42.927571236457986],[21.281535438284727,42.914134996840836],[21.19678527481406,42.46833518098824],[21.316974975954263,42.45487237776001],[21.3510185634775,42.63317944359982],[21.591946339982872,42.605731388545124],[21.60941913920709,42.69482022595667],[21.7299826915764,42.68085763478931],[21.694760015570242,42.50271662991197],[21.814926960486922,42.48865969551138],[21.832675873619976,42.577711730330044],[21.952965146422283,42.56348778665369],[21.935043730522327,42.47446028088084],[22.055109870230776,42.46011848152083],[22.037088300470568,42.37110374473772],[21.91719370476033,42.38542088569205],[21.89941468122679,42.29636957283294],[22.258433930205467,42.25306642552794],[22.295088445884286,42.43100811473918],[22.414999979977782,42.41623974243042],[22.359617306854243,42.14938457064794],[22.59826567358522,42.11957541987485],[22.579614402628735,42.03064972054882],[22.698692503327013,42.01555912439871],[22.71751153195198,42.104459115968474],[22.836704592700187,42.08920179183297],[22.81771812497759,42.00032773074538],[22.93669083655621,41.984955639024776],[22.975073911492043,42.162638555920495],[22.73640522033559,42.193346418824405],[22.75537397232704,42.2822210578278],[22.635790719876056,42.297389091235836],[22.673615125730542,42.47515262773729],[22.793538297607604,42.45993244239365],[22.812734693754578,42.548769236344334],[22.692640607457616,42.564015657502104],[22.750175132476404,42.83053008446931],[22.870785818318517,42.81520430950163],[22.90987574608637,42.99276516605954],[22.78891741535504,43.0081443881105],[22.827972423594854,43.185709323584916],[22.949281025267165,43.17027621322477],[22.929538749552098,43.081526904721706],[23.050615425483404,43.0659772687318],[23.03077796181946,42.97724265073484],[23.272412217363016,42.9457681675981],[23.25230767093221,42.85707569576362],[23.613809575770254,42.808875744408546],[23.593270074410118,42.72025390249109],[23.833637946395562,42.68746510579501],[23.812839766379078,42.59888662119382],[23.69285518490834,42.615323682767006],[23.67230908743373,42.52670351898995],[23.312518306171874,42.57507970982466],[23.33255395720507,42.663783309963534],[23.212339189057907,42.67965230452892],[23.152981470096876,42.41342078139212],[23.272685609075,42.39763353748419],[23.233168191272572,42.22013526002764],[23.352479871161126,42.20426090710218],[23.33267096030785,42.11551920718285],[23.21352665124712,42.13136652741295],[23.15506568942057,41.86498168575187],[23.27371157254858,41.84921481123603],[23.234790619220654,41.6716122437206],[23.353053622706533,41.65575882301666],[23.333544113721608,41.566964182731105],[23.569581728444355,41.534892683657674],[23.510539030530765,41.26858827759266],[23.74539196606897,41.23612313301228],[23.765317050840736,41.324850905322556],[23.64775723931558,41.341179802060886],[23.707516661012463,41.6073617451137],[23.589417055723544,41.62363347128119],[23.60933028114732,41.712360621409225],[23.845799894677587,41.679623009993186],[23.825560979089758,41.59095078987293],[23.94354960249466,41.57440070980996],[23.96395086249934,41.663045143693566],[24.082045393368876,41.64632804426175],[24.040999112051992,41.469081096052726],[23.92322801119906,41.485742308083154],[23.882822157014274,41.30838352102618],[24.23500526180991,41.258151476583315],[24.21444211140745,41.16953434816707],[24.331565736078026,41.1525422343764],[24.37309012503606,41.32970565176077],[24.490474675254127,41.31251888513887],[24.427833680359004,41.04683720567865],[24.661483082335145,41.01222178950476],[24.70379286091489,41.189242921762585],[24.82084611340262,41.17167140454043],[24.863801882620308,41.348574917627495],[24.98111256082708,41.330807086821586],[24.93784113600045,41.15396235196043],[25.05477754657305,41.136115873219545],[25.14229018022716,41.48962643911923],[25.259798339565645,41.47152297372284],[25.304386784436815,41.64812702851913],[25.186559884885742,41.66629104386976],[25.208824665519106,41.75460072344914],[25.090776048431803,41.77265643277711],[25.11296689904148,41.86098141528573],[24.876363339829705,41.89673619503738],[24.898316731478022,41.98510659150208],[24.186080562389016,42.0891996800744],[24.20713441023225,42.177732026913425],[23.968917854288406,42.21136644626991],[24.052632565108436,42.56558737908105],[24.29218732500028,42.53172205509077],[24.313662201365492,42.620184804202815],[24.433517504851075,42.60301065477298],[24.41187436570912,42.5145773940353],[24.531500611283942,42.497291551996746],[24.553311644051274,42.58569510399398],[24.673044192586904,42.56823826732039],[24.6951101660117,42.656597657697326],[24.814948456337163,42.63896938192844],[24.837270689754394,42.72728416017743],[25.67552416480626,42.5997184501058],[25.69910736900617,42.687799157421935],[25.938350772062066,42.650019466164],[25.962360154909952,42.738019973046015],[26.560107166974646,42.64094614367987],[26.61006949560931,42.816566328141484],[26.729740060051494,42.796662348694234],[26.755035334103155,42.88441395774554],[26.994492345844403,42.844115519672776],[27.02021859089897,42.931781374661185],[27.140003523750995,42.91138641191352],[27.16599713615788,42.99900051858927],[27.285873718296365,42.978429659098],[27.259715388772936,42.890850963184945],[27.618408641664885,42.82840307084706],[27.5918638822975,42.7409146024602],[27.830295902543682,42.698655172170845],[27.965708706855853,43.135559927442905],[27.725643936874096,43.17818428954885],[27.67181390410874,43.0033282244044],[27.192094088986497,43.086597933158025],[27.244600253035813,43.261742670588994],[27.124151207735117,43.282279287024636]],[[22.36111716405392,43.33487215883918],[22.604479219114545,43.3049613720121],[22.585186658927167,43.216143842277305],[22.70660747899007,43.200998568710254],[22.667903429874325,43.02338021108643],[22.546834251891,43.03847253001759],[22.565971812737594,43.12731423616383],[22.444672080286637,43.14228913566019],[22.463710432901966,43.231145038808705],[22.342179272418196,43.246002053677984],[22.36111716405392,43.33487215883918]],[[23.191727340104496,43.138978826294505],[23.31286412854788,43.123114766557045],[23.29259755497197,43.03444785110438],[23.171635180211396,43.05028421481327],[23.191727340104496,43.138978826294505]],[[22.323317750826988,43.15712008903223],[22.444672080286637,43.14228913566019],[22.425710345636514,43.053421240770696],[22.304532177313682,43.068226240053704],[22.323317750826988,43.15712008903223]],[[23.65513584271152,42.98607999491087],[23.775864151254,42.969671489778236],[23.75498732230681,42.881104428457874],[23.634431348283712,42.89748443564593],[23.65513584271152,42.98607999491087]],[[24.597194603208195,42.76245988620484],[24.717264031725705,42.74494282811148],[24.6951101660117,42.656597657697326],[24.575209484363494,42.674084544087805],[24.597194603208195,42.76245988620484]],[[23.974785209612357,42.75939406901686],[24.215137367414478,42.725695701390926],[24.19374616210148,42.637217437581754],[24.07376981768287,42.654108440965935],[24.052632565108436,42.56558737908105],[23.9327657046236,42.58230781631993],[23.974785209612357,42.75939406901686]],[[23.67230908743373,42.52670351898995],[23.792124221856607,42.51029471808543],[23.77149086607797,42.421689378078334],[23.651844555056766,42.43807003284632],[23.67230908743373,42.52670351898995]],[[23.292562333960134,42.48636312604403],[23.412379854151187,42.47040701444943],[23.392333891553104,42.381704789469325],[23.272685609075,42.39763353748419],[23.292562333960134,42.48636312604403]],[[23.77149086607797,42.421689378078334],[23.891079241017366,42.40516742544683],[23.849722234434367,42.227972752988904],[23.73046895023778,42.2444383122537],[23.77149086607797,42.421689378078334]],[[23.412044026048292,41.92206230712712],[23.649392089519832,41.88977409445384],[23.6293218197264,41.801074155433085],[23.392303167960403,41.83330786281564],[23.412044026048292,41.92206230712712]],[[24.607801813385866,41.29519405183667],[24.725071149507045,41.2777312597008],[24.70379286091489,41.189242921762585],[24.58668176259344,41.2066767950972],[24.607801813385866,41.29519405183667]]]},"properties":{"name":"Tree cover (2000)","source":"JRC GLC2000 v1.1","threshold":0.4}},{"type":"Feature","geometry":{"type":"Polygon","coordinates":[[[26.661701212512728,40.783915566435645],[26.637969878241616,40.69591614329693],[26.86932769701913,40.65612163902641],[26.893360084696724,40.74405631620821],[26.661701212512728,40.783915566435645]]]},"properties":{"name":"Tree cover (2000)","source":"JRC GLC2000 v1.1","threshold":0.4}},{"type":"Feature","geometry":{"type":"Polygon","coordinates":[[[30.563064043348877,40.033389469894836],[30.534426980396304,39.94659106775022],[30.761079903632282,39.89774611542509],[30.789990919744074,39.9844675383949],[30.563064043348877,40.033389469894836]]]},"properties":{"name":"Tree cover (2000)","source":"JRC GLC2000 v1.1","threshold":0.4}},{"type":"Feature","geometry":{"type":"Polygon","coordinates":[[[19.754672773162596,41.89122829475807],[19.711753752825867,41.62264391972618],[19.83054464958549,41.610977662905775],[19.81618270040948,41.521447749668575],[19.934765284468952,41.509660396989254],[19.96388315538071,41.6886694785179],[19.844963470863355,41.7004967343182],[19.85943947157112,41.79000500226745],[20.216583541006223,41.75403892887881],[20.23162677257613,41.84347527454504],[19.754672773162596,41.89122829475807]]]},"properties":{"name":"Tree cover (2000)","source":"JRC GLC2000 v1.1","threshold":0.4}},{"type":"Feature","geometry":{"type":"Polygon","coordinates":[[[23.059151697204648,41.420743416190845],[23.021309061693586,41.242955314534555],[22.903753386592026,41.25839955231499],[22.885103614273696,41.169459867971526],[23.11984150827485,41.13848424467754],[23.157858780805967,41.31624715079252],[23.393031991110107,41.28461318141278],[23.412475105710712,41.37342172429425],[23.059151697204648,41.420743416190845]]]},"properties":{"name":"Tree cover (2000)","source":"JRC GLC2000 v1.1","threshold":0.4}},{"type":"Feature","geometry":{"type":"Polygon","coordinates":[[[27.67704449454456,40.512591890565574],[27.65206550583684,40.424871807823365],[27.881955803202196,40.38272118607673],[27.907228022088464,40.4703733769378],[27.67704449454456,40.512591890565574]]]},"properties":{"name":"Tree cover (2000)","source":"JRC GLC2000 v1.1","threshold":0.4}},{"type":"Feature","geometry":{"type":"Polygon","coordinates":[[[28.137143287903143,40.42761887502398],[28.11157938443877,40.34003531480855],[28.45550904296296,40.275005077584666],[28.48150754889098,40.362484319620854],[28.137143287903143,40.42761887502398]]]},"properties":{"name":"Tree cover (2000)","source":"JRC GLC2000 v1.1","threshold":0.4}},{"type":"Feature","geometry":{"type":"Polygon","coordinates":[[[15.892032284570625,41.921099265999295],[15.874685978504978,41.74097747312331],[16.113621704447787,41.72664600248002],[16.131665511592175,41.906718744181205],[15.892032284570625,41.921099265999295]]]},"properties":{"name":"Tree cover (2000)","source":"JRC GLC2000 v1.1","threshold":0.4}},{"type":"Feature","geometry":{"type":"Polygon","coordinates":[[[0.07970768795830692,41.42013943362172],[0.09412376046279977,41.33060747089653],[0.3306592000241832,41.35396269002193],[0.31657727580229483,41.44353392649061],[0.07970768795830692,41.42013943362172]]]},"properties":{"name":"Tree cover (2000)","source":"JRC GLC2000 v1.1","threshold":0.4}},{"type":"Feature","geometry":{"type":"Polygon","coordinates":[[[29.02735557601041,40.16395920933828],[29.000741041577616,40.07663782235946],[29.114760496765996,40.05406635912182],[29.088104698633053,39.96676111724762],[29.429322431657425,39.8983620393594],[29.402346704147025,39.811144968299544],[29.629196788122886,39.764959700560375],[29.656450395569944,39.85210396552564],[29.88329523084923,39.8053201418305],[29.910928092886625,39.89237021494448],[29.797402836839733,39.91586474992221],[29.825000373944725,40.00293121939482],[29.711264426779874,40.026331212342946],[29.68380610694592,39.93922780592616],[29.34258996274445,40.008526800045516],[29.369628199674057,40.09573998155546],[29.02735557601041,40.16395920933828]]]},"properties":{"name":"Tree cover (2000)","source":"JRC GLC2000 v1.1","threshold":0.4}},{"type":"Feature","geometry":{"type":"Polygon","coordinates":[[[12.637238867855825,41.78819783373757],[12.633361935930857,41.6978812633175],[12.872575984621582,41.69129685995898],[12.876804236072143,41.78160217137813],[12.637238867855825,41.78819783373757]]]},"properties":{"name":"Tree cover (2000)","source":"JRC GLC2000 v1.1","threshold":0.4}},{"type":"Feature","geometry":{"type":"Polygon","coordinates":[[[1.3843768501300495,41.54183976382296],[1.421929041307218,41.27259899563265],[1.540248597747716,41.28276496981598],[1.5279487129217584,41.37253922661275],[1.6464706312090425,41.38258143176448],[1.6342911107378513,41.47236244545242],[1.515600194158795,41.46230330269188],[1.5032027790731903,41.55205724150727],[1.3843768501300495,41.54183976382296]]]},"properties":{"name":"Tree cover (2000)","source":"JRC GLC2000 v1.1","threshold":0.4}},{"type":"Feature","geometry":{"type":"Polygon","coordinates":[[[0.3306592000241832,41.35396269002193],[0.3586573549403985,41.17478754094912],[0.47665071929275243,41.18621622677282],[0.44898551993006963,41.365429736401246],[0.3306592000241832,41.35396269002193]]]},"properties":{"name":"Tree cover (2000)","source":"JRC GLC2000 v1.1","threshold":0.4}},{"type":"Feature","geometry":{"type":"Polygon","coordinates":[[[0.9226711079555147,41.40989246380158],[0.9489999107796359,41.230530035286975],[1.185393762164872,41.25184539510079],[1.1725900814687933,41.3415676721492],[1.0542077486540369,41.33096239544489],[1.0411853490037404,41.42065642432069],[0.9226711079555147,41.40989246380158]]]},"properties":{"name":"Tree cover (2000)","source":"JRC GLC2000 v1.1","threshold":0.4}},{"type":"Feature","geometry":{"type":"Polygon","coordinates":[[[1.8717744021617742,41.492057180359105],[1.8836153110410436,41.40224298339637],[1.7650263154364716,41.39248270529352],[1.7769892967102408,41.302674940621465],[2.0138624331043378,41.322021850622725],[2.0022371622895263,41.411862203119846],[2.120891412293299,41.421340302363824],[2.1093899170685457,41.511186757315215],[1.8717744021617742,41.492057180359105]]]},"properties":{"name":"Tree cover (2000)","source":"JRC GLC2000 v1.1","threshold":0.4}},{"type":"Feature","geometry":{"type":"Polygon","coordinates":[[[22.23292022278012,41.52628801047638],[22.179680487196997,41.25905862676047],[21.944147254649796,41.287813013379534],[21.961497775412727,41.37695015942366],[21.843495771089223,41.39114217183188],[21.775150203481154,41.03442442556735],[21.65775308563888,41.04838345670009],[21.640994453712356,40.95914982972424],[21.992562325401273,40.91692663338308],[22.027114780235962,41.0952412657742],[22.1445328803655,41.08084246851591],[22.162072372258237,41.16995689061221],[22.279604233403223,41.155395253607786],[22.22670699422815,40.88808601776708],[22.34370793215617,40.87345843078011],[22.379224982519382,41.05162894049573],[22.496498165100583,41.03681439168219],[22.514521755995993,41.125855673978855],[22.397087498374198,41.140694817424794],[22.433022346156726,41.318787957531505],[22.550780535941982,41.303899328712106],[22.587323943479124,41.481891286799744],[22.23292022278012,41.52628801047638]]]},"properties":{"name":"Tree cover (2000)","source":"JRC GLC2000 v1.1","threshold":0.4}},{"type":"Feature","geometry":{"type":"Polygon","coordinates":[[[9.270806877746551,42.63333205627557],[9.272998023072894,42.45271522217725],[9.15183894464554,42.45177137280862],[9.153109325423616,42.36145377779956],[9.274086963040034,42.36239598570124],[9.275171513975652,42.27206946020253],[9.154374586037513,42.271128886903384],[9.155634754877743,42.18079664307381],[8.91441213479212,42.17848545164255],[8.911165461815813,42.35913455667362],[9.032135318901723,42.36036663229655],[9.030683520007667,42.45068233342007],[8.546108788493274,42.444874441321026],[8.548285968155902,42.35456883884354],[8.669240268526144,42.35623564997545],[8.673207954307449,42.17559658050715],[8.793807483770445,42.17711322148535],[8.795600221863403,42.086779926046766],[8.916025689392896,42.08814978755187],[8.919233414484486,41.907455951198656],[8.799164162408815,41.906090797473055],[8.800935443782203,41.8157348503578],[8.920827656017003,41.81709766484569],[8.922415530449925,41.72673172360206],[9.042135879064565,41.72794902390954],[9.044942049531224,41.54718980512475],[9.164315706576469,41.54826025673968],[9.16309040329598,41.63864557060883],[9.28264249865901,41.63957489067202],[9.281587999842737,41.72995403916405],[9.4013187791881,41.730741740767975],[9.39597153522384,42.27286534082141],[9.51677413440584,42.27351652330835],[9.514596108390132,42.54448186639885],[9.393249075679782,42.54382727435953],[9.39233421899358,42.63413350466777],[9.270806877746551,42.63333205627557]]]},"properties":{"name":"Tree cover (2000)","source":"JRC GLC2000 v1.1","threshold":0.4}},{"type":"Feature","geometry":{"type":"Polygon","coordinates":[[[21.21645833712363,41.91967590303779],[21.183481179435095,41.74118447383326],[20.588900920963855,41.80617491653907],[20.542432636105307,41.53802168486073],[20.66093358434286,41.52537001548746],[20.645399266804272,41.43598423597954],[20.527065039044718,41.448614637751504],[20.51175781517762,41.35919621280085],[20.393547442016718,41.37166534622135],[20.40868831739857,41.461104728852284],[20.29026954040132,41.473454429197695],[20.275295266929966,41.383994313387085],[20.15700172739486,41.39618303552131],[20.14225247264799,41.306691248952546],[20.378465991327804,41.282214634345415],[20.36344364897099,41.19275255656834],[20.599161023409778,41.16775797243398],[20.614513310107885,41.25717825010482],[20.850390966454018,41.23158273202358],[20.83470975422756,41.142205141645064],[21.070086421752844,41.11609470857108],[21.03825536121145,40.93739088166431],[21.155552837598638,40.92417073355173],[21.171599620661166,41.013506684789036],[21.289015406974958,41.00012566364826],[21.305287629863162,41.089427330043534],[21.18770916956169,41.102830595953385],[21.269210138743773,41.549270726765336],[21.505966066988847,41.5220988713636],[21.539683801798358,41.70050002269871],[21.6583244510631,41.686657363513646],[21.67545031993567,41.77581655739112],[21.556642621881682,41.78968263955521],[21.573668555316186,41.87885332546855],[21.21645833712363,41.91967590303779]],[[21.302261729041202,41.72776366607933],[21.420996082413225,41.71420215309354],[21.404270724181576,41.624984468894816],[21.28570335975821,41.63852310028479],[21.302261729041202,41.72776366607933]],[[20.92972750997398,41.67829576324762],[21.048431314993415,41.665178833535506],[21.016175530764315,41.48657261227722],[20.897805468987496,41.49964539658903],[20.92972750997398,41.67829576324762]]]},"properties":{"name":"Tree cover (2000)","source":"JRC GLC2000 v1.1","threshold":0.4}},{"type":"Feature","geometry":{"type":"Polygon","coordinates":[[[12.872575984621582,41.69129685995898],[12.868364573795564,41.60098358582818],[12.987779165585682,41.597482919189126],[12.983410342750458,41.50716757206675],[13.102638550548699,41.503530408629715],[13.107181458891967,41.593839568905096],[13.226570965715442,41.59005355900901],[13.231306708103471,41.680348195888996],[12.872575984621582,41.69129685995898]]]},"properties":{"name":"Tree cover (2000)","source":"JRC GLC2000 v1.1","threshold":0.4}},{"type":"Feature","geometry":{"type":"Polygon","coordinates":[[[28.238488836952232,39.94657030669978],[28.21311803212237,39.85896207289113],[28.4407717883464,39.81555514668761],[28.466426468379346,39.903094612064116],[28.238488836952232,39.94657030669978]]]},"properties":{"name":"Tree cover (2000)","source":"JRC GLC2000 v1.1","threshold":0.4}},{"type":"Feature","geometry":{"type":"Polygon","coordinates":[[[29.488793089739104,39.70091699911757],[29.46188005334807,39.61369569554365],[29.68803812595332,39.56739324317329],[29.715226493343444,39.65454194502031],[29.488793089739104,39.70091699911757]]]},"properties":{"name":"Tree cover (2000)","source":"JRC GLC2000 v1.1","threshold":0.4}},{"type":"Feature","geometry":{"type":"Polygon","coordinates":[[[30.308048822427264,39.62325763832561],[30.224439126657906,39.36236491305662],[30.449340389055752,39.314310444068276],[30.50551531353333,39.48811054200588],[30.392831328548986,39.512277680252694],[30.4209402250465,39.59918316027085],[30.308048822427264,39.62325763832561]]]},"properties":{"name":"Tree cover (2000)","source":"JRC GLC2000 v1.1","threshold":0.4}},{"type":"Feature","geometry":{"type":"Polygon","coordinates":[[[-3.64775723931558,41.341179802060886],[-3.6083045884619747,41.163656153875706],[-3.959861186974946,41.114417854216406],[-3.9397731615620724,41.02571664659275],[-4.056691317925205,41.00905556571067],[-4.036523411388277,40.92036759562006],[-4.153229339312096,40.90359660759609],[-4.132982598275081,40.81492184326498],[-4.24947712371392,40.798041353817325],[-4.229152585287607,40.70937976207063],[-4.345436532741613,40.69239017410099],[-4.32503522461638,40.603741720380725],[-4.441109417104427,40.586643433990574],[-4.4206323576422415,40.49800808237406],[-4.304712291063766,40.5150785492276],[-4.284467328696937,40.42640064056477],[-4.168646725988519,40.44330737552909],[-4.18873778879231,40.53201279341285],[-4.0727092244473715,40.54881071355379],[-4.092722943599034,40.63752891699387],[-3.976485608038605,40.65421762387595],[-3.996420959565651,40.74294864571925],[-3.6469199112214334,40.79227472102571],[-3.6664618768546378,40.88107241720356],[-3.549697970864685,40.89726671019404],[-3.5303134694736444,40.80844241228527],[-3.4136546270868897,40.82447277174918],[-3.432881352521382,40.91332346356757],[-2.965095621933937,40.97617312135306],[-2.983760547640936,41.06511389163119],[-2.749241612776608,41.0957616366478],[-2.7676580569999794,41.18473990989302],[-3.0024982330314787,41.15404128084524],[-3.021309061693587,41.242955314534555],[-3.256265053325215,41.211650949990066],[-3.275471773149333,41.300499505662025],[-3.3930319911101066,41.28461318141278],[-3.4124751057107128,41.37342172429425],[-3.64775723931558,41.341179802060886]]]},"properties":{"name":"Tree cover (2000)","source":"JRC GLC2000 v1.1","threshold":0.4}},{"type":"Feature","geometry":{"type":"Polygon","coordinates":[[[20.23072397315221,41.11554634445719],[20.215983014348794,41.02604102337649],[20.333575035439626,41.013794155787956],[20.31872814311042,40.92429775857716],[20.436116111655984,40.91193215334427],[20.466195176098896,41.09087230979291],[20.23072397315221,41.11554634445719]]]},"properties":{"name":"Tree cover (2000)","source":"JRC GLC2000 v1.1","threshold":0.4}},{"type":"Feature","geometry":{"type":"Polygon","coordinates":[[[-7.414266163918413,40.00670888304233],[-7.3899926864928815,39.91884772556387],[-7.161459704708141,39.959798352015476],[-7.185443540215151,40.04772476038858],[-7.414266163918413,40.00670888304233]]]},"properties":{"name":"Tree cover (2000)","source":"JRC GLC2000 v1.1","threshold":0.4}},{"type":"Feature","geometry":{"type":"Polygon","coordinates":[[[23.666461876854637,40.88107241720356],[23.569502455363786,40.43694318281907],[23.80131185235372,40.40440938574125],[23.840491412797903,40.58199717948758],[23.724302921487592,40.59838552582966],[23.783172680220787,40.8647406837904],[23.666461876854637,40.88107241720356]]]},"properties":{"name":"Tree cover (2000)","source":"JRC GLC2000 v1.1","threshold":0.4}},{"type":"Feature","geometry":{"type":"Polygon","coordinates":[[[28.772494189089027,40.121383478948225],[28.746263112145805,40.033971495061024],[28.632178683265515,40.05611020858526],[28.503196058522185,39.6185861470979],[28.616575573398915,39.59662157530198],[28.69409598262924,39.85908951740158],[28.80782943556577,39.83688875360838],[28.834005044202335,39.924304272953776],[29.061548774278265,39.87943613379621],[29.088104698633053,39.96676111724762],[28.97422642206325,39.989296823403436],[29.000741041577616,40.07663782235946],[28.772494189089027,40.121383478948225]]]},"properties":{"name":"Tree cover (2000)","source":"JRC GLC2000 v1.1","threshold":0.4}},{"type":"Feature","geometry":{"type":"Polygon","coordinates":[[[36.72873220310637,38.01567318434977],[36.588943256984564,37.67742633482406],[36.69681694963022,37.64620178179697],[36.73168956005279,37.7307629182664],[36.839589823301125,37.69937117052798],[36.8746948343558,37.78385669161899],[36.766684992034335,37.81529407518015],[36.83704650828306,37.98426625060927],[36.72873220310637,38.01567318434977]]]},"properties":{"name":"Tree cover (2000)","source":"JRC GLC2000 v1.1","threshold":0.4}},{"type":"Feature","geometry":{"type":"Polygon","coordinates":[[[0.8308571344164976,41.219661865115164],[0.8441104629877219,41.12998296525818],[0.7261705883992458,41.11899294980926],[0.7528522458380508,40.93963957907976],[0.8704615897177678,40.95059303794222],[0.8573118560899353,41.04029337004876],[0.9751224017655145,41.05112528608262],[0.9489999107796359,41.230530035286975],[0.8308571344164976,41.219661865115164]]]},"properties":{"name":"Tree cover (2000)","source":"JRC GLC2000 v1.1","threshold":0.4}},{"type":"Feature","geometry":{"type":"Polygon","coordinates":[[[36.33381089580631,37.9398226116236],[36.264827207587814,37.770368260997635],[36.372948234513856,37.739509718308135],[36.44215432693131,37.90887391820953],[36.33381089580631,37.9398226116236]]]},"properties":{"name":"Tree cover (2000)","source":"JRC GLC2000 v1.1","threshold":0.4}},{"type":"Feature","geometry":{"type":"Polygon","coordinates":[[[6.029321237206774,50.76322851227763],[6.044513570923012,50.5837363315196],[5.621586799355198,50.56840005983455],[5.629930689588494,50.478683353228426],[5.489279802622693,50.4732378108131],[5.506379379297878,50.293818990008745],[5.36628826241422,50.2882256689533],[5.375040554490036,50.19852365062336],[5.095476627340243,50.18684817826111],[5.104710472817433,50.097168122412036],[4.686391731799488,50.0784137275312],[4.6763756209134,50.1680531698861],[4.118069253608168,50.14060329373087],[4.129124855429439,50.05102309723632],[4.407685113981728,50.06505886089516],[4.418172191162224,49.975444522647265],[4.557248844782133,49.982192544172655],[4.577562365803061,49.8029233933947],[4.716159926588751,49.8094732894908],[4.7259903168280815,49.719818948148884],[5.141216012703565,49.73841283495366],[5.150236368978796,49.64871500284477],[5.426700335313777,49.66024079548444],[5.435170495019168,49.570514731944996],[5.7112423153715834,49.58134190184648],[5.695283203559868,49.76083676537063],[5.833871471911551,49.76601951270688],[5.8260932041358755,49.85577290889677],[6.242788344013985,49.870335723594785],[6.228678806892373,50.04989547344557],[5.810427083309002,50.03526979728335],[5.818278489740244,49.94552298681601],[5.679174521666523,49.94031793884824],[5.687247684136567,49.85057903810682],[5.409641253900546,49.8396822199074],[5.401051800944643,49.929397680341076],[5.540098661678256,49.93494281792549],[5.5233182794453155,50.114387458739735],[5.942190830463902,50.13007009825488],[5.9345275790307905,50.21982149886588],[6.074468850121649,50.224717899299584],[6.081869624834701,50.13495589408167],[6.361303683077045,50.14421454624607],[6.368146663183239,50.05442947360691],[6.647152874899396,50.06298534624365],[6.672135533724303,49.70374111750412],[6.533656641169946,49.699584450699305],[6.552854298239454,49.43014499073276],[6.690568969335422,49.434275182688005],[6.684453016437955,49.524100386964825],[6.960451822473096,49.531872460384],[6.971642658609765,49.35218584027975],[6.834139695897832,49.34840023174223],[6.839947904380078,49.25856003494289],[6.977199343496087,49.26233764999735],[6.982730433282352,49.1724861349115],[7.256788093773635,49.17952359343656],[7.251758135505038,49.2693899643875],[7.526385783392609,49.275771490079826],[7.5354216406103625,49.09600860954074],[7.261794921755648,49.08965391466799],[7.281593947850106,48.73014104088072],[7.010007796254216,48.7231768134161],[7.015388799114286,48.633304224752365],[6.879866130376653,48.62958151420236],[6.891038854315271,48.44984054022152],[6.621017831623021,48.44193241496877],[6.627046520548474,48.35207244938935],[6.492305777673253,48.347880388066514],[6.504758277400772,48.16816563437118],[6.2362923880972305,48.15932575254223],[6.242949620190113,48.06948024684999],[6.108985695811339,48.06482486932325],[6.10209220137248,48.1546608676317],[5.967914892294284,48.1498327449906],[5.98214211887838,47.97017607968034],[6.115848269226165,47.97498457227185],[6.1226801185706154,47.885139924414474],[6.256174672867401,47.88977641900036],[6.262742872398836,47.79991799211087],[6.396025806205075,47.80438314261772],[6.4086110487513155,47.624635025791505],[6.541451004768451,47.62892084051658],[6.553464981290577,47.44913765334914],[6.288724503613409,47.4404396411192],[6.295148034834193,47.350558629914225],[5.898879682745423,47.33633507856918],[5.912999969025391,47.15661547924476],[5.518293843594198,47.14101204223341],[5.525980667094033,47.051175786132774],[5.657301241015069,47.05652584883442],[5.664731030801096,46.96667393437747],[5.7958521008251,46.97185455547098],[5.803026849346555,46.88198733736196],[5.672128256618369,46.87681691654012],[5.686825820894896,46.69708736491616],[5.556392600832932,46.69177924971942],[5.5639127773923445,46.60191698178162],[5.4337228440343335,46.59646163043936],[5.441428638939761,46.50660463310385],[5.311481412081118,46.501002654578805],[5.319370983033647,46.41115108386041],[5.449100978281864,46.416742180697604],[5.456740066686346,46.326874222116075],[5.3272263694408375,46.32129395824814],[5.335047779847739,46.23143122688434],[5.205774014314259,46.225705444988655],[5.213775941099823,46.13584809178155],[5.08474152538562,46.129977388612964],[5.101067650195778,45.95026787588349],[5.358310214585202,45.96180888886399],[5.381274208308819,45.69213426281964],[5.50929949366741,45.697640035064445],[5.516679739853684,45.60772618087395],[5.644518812031825,45.61306721321856],[5.658769336748926,45.43320135602764],[5.531345968329904,45.42788051527413],[5.538632325715166,45.33794860053613],[5.4114378652097415,45.332484368189256],[5.426328170050239,45.15262261335504],[5.299566589115476,45.147026071401925],[5.307168173953084,45.057096276359154],[5.18063341402548,45.05135771953969],[5.188405563994944,44.961432255696906],[5.06209708304752,44.95555224674376],[5.085820290451352,44.68576950605783],[4.960138016801848,44.67977088616031],[4.976185327633647,44.499904559318466],[4.850924269968762,44.49377735500709],[4.859094868480969,44.403845236653346],[5.109246505145698,44.41592675258247],[5.132380891787513,44.146022605244845],[5.256904374594022,44.15180589659712],[5.264357602664609,44.061813448927026],[5.140028378229095,44.05604067364274],[5.155228492274176,43.87605567808026],[5.279171589237578,43.88180755619977],[5.2717799482870715,43.9718140193864],[5.395937731340497,43.97742718719223],[5.3741610732256,44.24743532180365],[5.623708064159774,44.258273131893674],[5.630606327949644,44.16825755532629],[5.506017669173267,44.16292341359338],[5.513081958527081,44.07291074265003],[5.886324660556116,44.08843542424987],[5.87984477968032,44.17847640380095],[5.755215557644468,44.17344189845585],[5.741782248988737,44.353485298022406],[5.99184493798134,44.36344078827125],[6.017036993945647,44.003254549135846],[6.14131491694311,44.00797205549962],[6.1473541788510015,43.91790010720646],[6.271456438262708,43.92245992572435],[6.277277836171459,43.83237292680771],[6.153368463747772,43.82782135358994],[6.159357915089673,43.737735741127544],[6.035658316803401,43.733043774604106],[6.02947688348764,43.82312091025295],[5.781749364166992,43.81327355386281],[5.7883144090652285,43.72321417122335],[5.664671223049295,43.7180766069196],[5.67140005706733,43.6280194360822],[5.547967509789838,43.622742914363265],[5.5548586031483955,43.53268808726417],[5.801363505634875,43.543074279942765],[5.807847865198457,43.4529936653266],[5.438688052209917,43.43722078000511],[5.445710987441793,43.34716112230263],[5.691421142438678,43.35780501252994],[5.698040220340596,43.26771905820989],[5.820736967561691,43.27281083282923],[5.8271420110608645,43.182708508672306],[6.072216933585685,43.192433169470085],[6.078223038897503,43.102306270565094],[6.5678324126169345,43.119960061357645],[6.557292410025891,43.30026943610489],[6.680109050432575,43.30433022125408],[6.669860042785549,43.48462580252826],[6.7930695959024305,43.48855318749142],[6.798015251113521,43.398401875474555],[6.921049915441346,43.40217454028808],[6.906722394058586,43.67262815027333],[6.783116997111908,43.66883512930254],[6.7781098187916005,43.758965868339814],[7.768855790523226,43.78519726899469],[7.765371056161824,43.87536872918279],[8.137666418336952,43.882761735073174],[8.128879164675,44.153277840652294],[8.37829056211198,44.157483030169345],[8.375730358110639,44.247650156355526],[8.500644567617817,44.24953100462945],[8.49827122622295,44.33969540631629],[8.62339015705504,44.34142901414584],[8.621205315919882,44.43159050056611],[8.99719462990269,44.43589495570239],[8.998783897687547,44.34572556594773],[9.374220557429993,44.348665492056256],[9.375209828222465,44.258484661172076],[9.500164307553831,44.25916188353075],[9.500952448893841,44.168973726091224],[9.625712276100613,44.16949949737293],[9.626300935966606,44.07930424117986],[10.124567134668176,44.079904032964926],[10.124371724791416,43.98970149319486],[10.248742868313725,43.98947697957066],[10.24835367301904,43.89926860206393],[10.372529065628974,43.89889509329234],[10.371947698937719,43.808681088070834],[10.49592758716581,43.80815912581414],[10.496702725623175,43.898372184921236],[10.869207536066423,43.89590710688196],[10.870569525367396,43.98610937640031],[10.994924977521206,43.98498688416929],[10.993368492299123,43.894786650365226],[11.365821342369749,43.89052910652408],[11.363690418024802,43.800330235481105],[11.487635888390594,43.79861547172688],[11.483015695114075,43.61820456301942],[11.730116270059817,43.61434184231318],[11.727438239777774,43.52413351844965],[11.9741251205298,43.51968483738158],[11.965020209752833,43.249043590951395],[12.087782371077996,43.246610037382666],[12.084584417014732,43.15638700227568],[12.452249395761656,43.14821666062161],[12.45601041118862,43.2384251569467],[12.57873178050356,43.235402189106615],[12.570850764060637,43.0549889320241],[12.693186366686211,43.05182989693547],[12.689083990795783,42.96161829276392],[12.811221745425778,42.95831833910251],[12.802697475950616,42.77788527411348],[12.559149239273092,42.784315981885165],[12.551427177455654,42.60383132294715],[12.67284049728147,42.60069996202076],[12.668820662792251,42.51045212302198],[12.547589568351604,42.51357801869584],[12.539960759543206,42.333049181743604],[12.660829601419413,42.32993414804539],[12.656858194757993,42.23966390066927],[12.7775356905962,42.236409792897994],[12.765181321040128,41.965570142176546],[12.885311631521633,41.962189128882365],[12.876804236072143,41.78160217137813],[12.996569233060896,41.77808953978292],[13.000990669571733,41.86838092443726],[13.120919390605449,41.86471885930738],[13.11632177919542,41.774433738796034],[13.4754997746479,41.76260756766785],[13.47039456253411,41.67233466268396],[13.589917231258285,41.668113647125644],[13.595197581963003,41.758379342013875],[13.834547956891946,41.74949380507434],[13.82330965592472,41.568984521693665],[13.942612222948995,41.564343110940726],[13.919712184331154,41.20325648203436],[14.038309146077319,41.19850485374816],[14.050057078266903,41.37904887985264],[14.406777284248568,41.36389421908107],[14.400376259895289,41.273652003986825],[14.519076238074112,41.268325687543275],[14.525648855614929,41.35855890732886],[14.644502051957677,41.35308177354803],[14.651272936588516,41.443297162909815],[14.413203741545574,41.45412791108284],[14.419655770133707,41.54435313363902],[14.300420857903092,41.54956421335306],[14.306724850810324,41.63978988701017],[14.426133509411025,41.63456994034036],[14.439166682937568,41.81497852026128],[14.319408461692488,41.82021631109378],[14.325788356316629,41.910417168832154],[14.445722401324842,41.90517040038234],[14.45230439869755,41.995354078451676],[14.091918621293013,42.0106906548975],[14.097995024470846,42.10089260536331],[14.218318924834763,42.095915454307665],[14.224597931592061,42.18610082212566],[13.863040033729675,42.20062561391771],[13.85729582441036,42.11041519475436],[13.977653823691766,42.10572586307997],[13.971754977210496,42.015515596772445],[13.851574638195864,42.02019685856544],[13.845876348475327,41.92997055109796],[13.36570682052446,41.94722848886091],[13.37069633063224,42.03748448848904],[13.250440020315374,42.04144689592049],[13.255271459547378,42.13170188512837],[13.375705901710353,42.12773264057902],[13.385785671790545,42.30820562190105],[13.264992818494067,42.31218862649928],[13.274792875300566,42.49264475205958],[13.759319586625455,42.47578690807786],[13.764975815468933,42.56597418948755],[13.643685671259922,42.57041393946143],[13.660243719709399,42.8409537305192],[13.538388715803075,42.84527086001871],[13.543768549175114,42.93544349556849],[13.421713392782227,42.93962192286767],[13.426929824660514,43.02979461481955],[13.30467410643005,43.03383382785261],[13.309725656064051,43.12400643464284],[13.187268970841595,43.127905918727585],[13.197059368175022,43.30824359649196],[13.074213394264373,43.312009533547396],[13.069496093807956,43.221837533661656],[12.946824284268628,43.225449567367974],[12.951353576855864,43.315628005204296],[12.828480465501913,43.319098985302965],[12.837216515690868,43.499447450996584],[12.59067513224895,43.50597012143669],[12.594689108671286,43.596145799955295],[12.471209799278876,43.599190471083084],[12.475048923509874,43.68936490981921],[12.351366799748423,43.69226641983492],[12.358707415072399,43.87260592040235],[12.234628943838176,43.87536872918279],[12.238128152818538,43.96553369964211],[11.989552530621737,43.970620844557125],[11.992676554555285,44.060788639375176],[11.868179564475927,44.063112144268764],[11.871120835325,44.153277840652294],[11.746419252578194,44.15545549093618],[11.749176156907122,44.245618907283074],[11.374434119086478,44.25126143778191],[11.37660984294496,44.34142901414584],[11.25148435734974,44.343011917913906],[11.253470711212728,44.43317631584247],[11.128140740175532,44.43461113790112],[11.126352912042295,44.344444105502994],[10.75092877179647,44.34783626730692],[10.75212083039497,44.438009540177354],[10.626772860018225,44.43884029057639],[10.627770448441202,44.52900911335749],[10.251112407844024,44.53059804945233],[10.251513148788973,44.62076389135521],[9.874243121601648,44.62099130551273],[9.87383983925998,44.80130634189071],[9.369211514285256,44.799480293254284],[9.368196994804592,44.889625778981596],[9.115493148385687,44.887796385807704],[9.116913363488765,44.79765430196838],[8.8646324528021,44.79521973611984],[8.866450567653786,44.70507640349804],[8.614595552210535,44.702038982880644],[8.616808067596361,44.61189542868223],[8.36538182162417,44.60825747383932],[8.362767440427842,44.69839428689257],[8.110971113534987,44.69414242932631],[8.113987155865024,44.60401347899737],[7.988303179759388,44.601664257031786],[7.991506480789752,44.51153365487683],[7.8660320572557065,44.50903758541631],[7.869420958061069,44.41890551562447],[7.618901271819995,44.41346992973704],[7.622672166883143,44.32334169729104],[7.497627059474805,44.320403031222675],[7.493658195538319,44.410525863439794],[7.368427091484296,44.40743097799401],[7.364242862029016,44.49754190773339],[7.489672686147567,44.500642493937505],[7.4816513395120126,44.68085737078041],[7.355821572264682,44.67774530848603],[7.343055997694644,44.948005088592225],[7.469492010901715,44.951134553697145],[7.457177485541603,45.22135890115505],[7.711314879938722,45.22719300333571],[7.707588101435731,45.317267296000395],[7.834880886203722,45.3199593179356],[7.82779543769731,45.50010134950121],[7.955515137532393,45.50264927318913],[7.962184537016978,45.32249762626748],[8.089498417042158,45.32488220050463],[8.080098505389362,45.59511505332855],[8.719929682185079,45.604786066029995],[8.717821987840436,45.69487128987236],[8.974226041164021,45.69766215633622],[8.972532427836935,45.787747477963975],[9.357811261409122,45.7907768496697],[9.358869910960303,45.70068575091567],[9.87177135233151,45.70254650511118],[9.87198219287409,45.61244668171231],[10.256034961068396,45.612214526595196],[10.255615086854988,45.52210991831953],[10.383421008040608,45.52172372949001],[10.384050808671589,45.61182760351809],[10.640075972539742,45.61058946746284],[10.641130089039697,45.70068575091567],[10.769348875267012,45.69983292576899],[10.76808398287872,45.609738264650325],[10.896088075081508,45.608732314208574],[10.894618739776865,45.518634313506816],[11.277971630648091,45.514695552133084],[11.280070317814921,45.604786066029995],[11.408052213488794,45.6031612203373],[11.412698775801118,45.78332022838443],[11.797864514709744,45.777495431157924],[11.80083975564582,45.86755596653713],[11.929422908402708,45.865299561990206],[11.93262409593063,45.95535058117529],[12.44770205724496,45.94474973256867],[12.451772498155705,46.03477521092878],[12.580725535679992,46.03172978757074],[12.589349436879505,46.211753475375296],[12.977414230862621,46.2016424266125],[12.982403015599306,46.29162700424125],[13.11194354759153,46.287936459382415],[13.106738714703205,46.19795901466125],[13.365337954293384,46.190122782379206],[13.359725697698334,46.10015521945791],[13.48878432288432,46.09601046688961],[13.482982400638694,46.006045527233546],[13.611809033809534,46.00175295958647],[13.605819250726844,45.911790815675005],[13.47720544122513,45.91607515598138],[13.471453293646704,45.82609929968147],[13.599855189095543,45.821823150170054],[13.593916693717333,45.73184990980711],[13.722089150124079,45.72742705623869],[13.715966076612446,45.63745659895595],[13.843909587786598,45.632887627170206],[13.831324678109635,45.45294679605467],[14.086318904167586,45.44338174251222],[14.079652578542676,45.35342060272294],[14.206912266955584,45.34841675998106],[14.200068306550644,45.25845903743135],[14.327101074433502,45.25331138851855],[14.334150842088295,45.34325941206188],[14.588562134790257,45.332484368189256],[14.581101180412837,45.24255660096733],[14.708067270008385,45.236949548521736],[14.700433410884523,45.147026071401925],[14.953885992085503,45.135374746546574],[14.914179709548648,44.68576950605783],[15.039861983198152,44.67977088616031],[15.031821512774572,44.589841106248784],[15.157280581265207,44.583702606705536],[15.149075730031237,44.49377735500709],[15.274312140210993,44.4874995244428],[15.291152822259779,44.66732002226147],[15.416760197551652,44.66086787480949],[15.425432995011855,44.75075592764412],[15.551213382670802,44.74414047987841],[15.52470867087621,44.474492178449374],[15.649867620283592,44.46776276277759],[15.676966850563186,44.73737373009408],[15.802692803522444,44.730455730903664],[15.765845458893754,44.371011126282006],[15.890753655039473,44.36399379068265],[15.900103967413825,44.453852703881516],[16.02518020044173,44.44667216712675],[16.034766471278985,44.53651068768489],[16.1600106053964,44.52916640464142],[16.15022769849953,44.43934136500225],[16.525191993321364,44.4164479320701],[16.51486349279895,44.32665748362837],[16.639595208601037,44.31874069355451],[16.629115366155816,44.22895715864058],[16.87809604933259,44.21270420650639],[16.867273332022155,44.12294259201233],[17.115739093247743,44.10612299953761],[17.12694732899427,44.19585399475374],[17.002538146694704,44.204353726792455],[17.013599560862676,44.294092336462505],[16.764295504954234,44.31067419808537],[16.775013921629537,44.40043537295027],[17.024707074016906,44.38382316389476],[17.03586095398815,44.47354625463097],[16.785777109666274,44.490188941947814],[16.796585330003047,44.5799349512841],[16.67129805638291,44.58804595197726],[16.681954300469407,44.677799411283566],[16.430889092303,44.693598914922454],[16.441193292217807,44.78337420756198],[16.81833792181793,44.759404475295725],[16.829282825722427,44.84912808187998],[16.703401290994734,44.85728416811009],[16.714192564817974,44.94701555810845],[16.461932048837213,44.962903151605715],[16.45154085928485,44.873142270807996],[16.325563149770495,44.88084416343873],[16.315415104001975,44.791061831618045],[16.063767309523133,44.805983289133344],[16.073515721642604,44.89579333019391],[15.9474471980408,44.90304048731273],[15.937898890736427,44.81321700637427],[15.686075987702822,44.82723013581274],[15.70440969912406,45.006922367039444],[15.57805426362002,45.013726940371036],[15.596137897423278,45.19341754989372],[15.469349143055586,45.200094916619605],[15.487177370142138,45.379784176468945],[15.359951784523657,45.38633337258989],[15.368716768403166,45.47618064302269],[15.496148470007702,45.46961907509555],[15.5142057818481,45.64926965608845],[15.642024240570484,45.64252899993076],[15.651319470745298,45.732331954604156],[15.77931757187531,45.7254240578615],[15.788861925646438,45.815207508034014],[15.66065457402645,45.822128577986184],[15.679445364862449,46.00170302531057],[15.808073885782596,45.994755433230324],[15.81774199020737,46.08452000456115],[15.431132240834462,46.10493602174377],[15.449313057912741,46.284525479239804],[15.70793668314729,46.271018424805426],[15.6983985630481,46.18125273000333],[16.72993290940567,46.1210983967922],[16.741175054414736,46.210748064911165],[16.09564486533614,46.24958667495115],[16.105867685628205,46.339304848507894],[15.588004189500335,46.367622954256994],[15.606855700099551,46.5471509739006],[15.736800144819771,46.54027945768338],[15.727137219958793,46.450531740523054],[15.856834478157241,46.44351680126011],[15.866713904891391,46.533250867428535],[16.126446664588816,46.51872270746297],[16.13680336887669,46.6084224866367],[16.006735997940847,46.61577935781898],[16.027148392997812,46.795189673381365],[16.157652588338784,46.78780397814415],[16.147205250601864,46.69811622797591],[16.40767574723839,46.682901315789586],[16.41856017795253,46.772559267336966],[16.548962201471493,46.764700384275535],[16.515798789842776,46.49575396298423],[16.645514274233104,46.48778424111168],[16.623214723721354,46.308486103025054],[17.010860577986815,46.28373349935709],[17.022627623229706,46.37333786027628],[16.76380548443433,46.39002776901397],[16.775194364688975,46.479657894821784],[16.904838394325246,46.47137499350318],[16.91649242027357,46.5609825821559],[16.786632756082952,46.56928159617321],[16.798120962496938,46.658898917714204],[16.668008199094093,46.667056963603386],[16.679328799467147,46.756683906643545],[16.809659290361807,46.748509903983006],[16.82124804868511,46.838114599409465],[16.560113393575193,46.854336834214344],[16.571313444949002,46.94396718100718],[16.440472194611303,46.951856978766685],[16.473702565480355,47.220758749882854],[16.210581033133654,47.23615448827029],[16.221307090295817,47.325807266233106],[16.484877187788953,47.31038090945166],[16.507375021035006,47.48960785337964],[16.375156441078087,47.49743196110014],[16.386253166785277,47.587052513072926],[16.518698854697412,47.579212727712886],[16.53007305265386,47.668811930102784],[16.397399263240654,47.67666746497246],[16.408595042405103,47.76627686198401],[16.14267996600424,47.781536048344506],[16.17517957363023,48.05042427839787],[16.308849946449808,48.042829319889904],[16.35380979708059,48.40121163312422],[16.21919850098886,48.40886889417271],[16.208119313884488,48.31926542760646],[16.07370813900376,48.326743767059654],[16.062914800270605,48.23711992220556],[15.794458243216368,48.25155702462479],[15.784184028573202,48.16189866568979],[15.516062562616174,48.1756551699111],[15.555540009662051,48.53437252154207],[15.690567245164804,48.527519696231934],[15.700788915088904,48.617173104439104],[15.430220655330567,48.630742505837524],[15.440006158624096,48.72041936083815],[15.304430900689992,48.72697068789249],[15.294887087261117,48.63728027563223],[15.159521622763318,48.643653339890705],[15.150261916911006,48.55394528637785],[15.015106396342716,48.56014076144093],[15.033184833065354,48.73957815120133],[15.168823524116107,48.733356972083136],[15.196985160403306,49.00244182570077],[15.33332485438392,48.996015506769304],[15.352809124530172,49.17535718401561],[15.48960932576598,49.168737105540885],[15.499667163809765,49.25838768074362],[15.362618625342954,49.26502170551669],[15.372473431829007,49.35468207919413],[15.509771440599483,49.348034041770205],[15.530120541467264,49.52731430983163],[15.392320163357217,49.53399057338867],[15.422437634196939,49.8029233933947],[15.145208442021778,49.81585390216036],[15.126103616891431,49.636514166744576],[15.264224951662268,49.63016076311533],[15.235141692834747,49.361162668180846],[14.960380401463036,49.37362124061256],[14.942212294476224,49.19421664427213],[14.668325895117196,49.20595501364079],[14.659800828841812,49.116222082464006],[14.386295335404725,49.12726895937688],[14.378304333773052,49.03750894178359],[14.65131485436209,49.026485211324044],[14.642867716066958,48.93674435039502],[14.506622646121569,48.94232773552624],[14.490333058897132,48.76281062773514],[14.35454990892691,48.76820540337097],[14.370349921034395,48.947745043662536],[14.234050364677767,48.952996221283406],[14.241758129162148,49.04277112065063],[13.968587985813098,49.05279584421708],[13.975835117028033,49.14258798068884],[13.70207009551094,49.151965870146164],[13.708851586368478,49.24177409741361],[13.571684355097462,49.24622182051161],[13.58483858968621,49.42584658517234],[13.722508832706806,49.4213800097565],[13.729385005692517,49.5111777990111],[13.867284824265122,49.50653325019368],[13.881643007994656,49.68609891500604],[14.020027618333533,49.68126537954568],[14.027513429523582,49.77103285587491],[14.166128528088448,49.76601951270688],[14.127775453020776,49.31720097574081],[14.265095135558793,49.31207305236183],[14.288757684628417,49.58134190184648],[14.426807687825523,49.5760126069445],[14.451569927575116,49.84521545648499],[13.896135577594745,49.86565130316668],[13.903432821605668,49.95542264746754],[14.042590326693208,49.95055790728562],[14.050181885377022,50.04031558475591],[13.910764343622645,50.04519082728153],[13.918130375165298,50.13495589408167],[13.778425787817431,50.13967072674995],[13.757211655986016,49.870335723594785],[13.618263379324409,49.87485022709405],[13.604799999866957,49.695258497905385],[13.466343358830052,49.699584450699305],[13.45991437112853,49.60977454811133],[13.598115249554871,49.60545782178954],[13.591461514742027,49.515653868312974],[13.45351521809362,49.519961412322274],[13.447145701760546,49.43014499073276],[13.309431030664578,49.434275182688005],[13.303343351554219,49.344446681864746],[12.890835322205724,49.355803469099314],[12.896164951649776,49.44565606483852],[12.758371786187343,49.44911299877862],[12.773744021838024,49.71867409083372],[12.912303097388882,49.71519498064504],[12.923187913264623,49.89487240164966],[13.201281339892294,49.88737377323333],[13.20728185330717,49.97719191960711],[12.928668646098519,49.984706716167196],[12.939707625946138,50.1643668211344],[13.219367716103688,50.15681945243226],[13.237711489334293,50.426239646781504],[13.37830389420337,50.42218274601946],[13.38474368310856,50.5119751740628],[13.525580379248684,50.50773674285815],[13.532319007772898,50.59751719928506],[13.6733999828504,50.59309648590149],[13.687513718994989,50.772629967669495],[13.545892892690105,50.77707019409768],[13.539089771933325,50.687294998962436],[13.256317956734796,50.69563578565825],[13.262579425909813,50.785429399689896],[13.120888707105898,50.78934828664242],[13.103002843979462,50.519934062670096],[12.962100583836742,50.52365443364201],[12.97345744470737,50.703282796863476],[12.831996317288034,50.706846030508416],[12.826574457046101,50.61702525572041],[12.40289016145981,50.62665218114339],[12.398301289816539,50.536807840422995],[12.257308630842841,50.53966399401075],[12.248730861040128,50.35995559643665],[12.10825801042361,50.362627088019224],[12.104265144497143,50.272763387448656],[11.964043941554653,50.27525721766592],[11.960334383218825,50.18538559999323],[11.820364701171217,50.187702515407075],[11.816935931242268,50.097823349151966],[11.677217629874296,50.09996409312494],[11.670931429655093,49.92018879512739],[11.531725390252996,49.922149872973286],[11.534600072250978,50.01204305374694],[11.395122952689983,50.013837539174695],[11.392509377089114,49.92394049129286],[11.253284295251087,49.92556063128065],[11.24398400814681,49.56593195274098],[11.105783550017202,49.56736922262757],[11.099683175353144,49.297609211370784],[10.962237886454183,49.298869372218874],[10.960474918146412,49.20894084564105],[10.686070659493687,49.210952914727656],[10.684817074411377,49.12101714125759],[11.232599229646025,49.11633231887117],[11.237121559472497,49.296181067645925],[11.511974165725233,49.29282089109731],[11.514756577102762,49.38273363975417],[11.652421741279294,49.38079754636117],[11.64938666503827,49.29088889228294],[11.786788814016038,49.28878897860845],[11.783516307897031,49.198881716235505],[11.920655897196259,49.19661869132458],[11.913656730714257,49.01680426724303],[11.640365056362418,49.02114448569582],[11.637385422062602,48.9312233505747],[11.773788764446813,48.92914102637854],[11.770575914497147,48.83922097780846],[11.906721583729547,48.836976856639765],[11.910181207251606,48.92689221284146],[12.046561914618879,48.924476932235656],[12.05402575284439,49.104287644212945],[12.190890498469146,49.10169507213243],[12.186901133578516,49.0117967885254],[12.46009153828259,49.00612224887995],[12.45562527431294,48.91623253536087],[12.864552983536054,48.9064908941965],[12.859368561846175,48.81661808349497],[12.995397813713161,48.81304575579265],[12.989992203745782,48.7231768134161],[13.125758474064304,48.71944637012247],[13.114534815260452,48.539712922053944],[12.843956583284816,48.546978090832724],[12.838865844484575,48.457090726769046],[12.973922379490357,48.453547893866116],[12.963330089491356,48.27377633348836],[12.55955045373216,48.28386953133922],[12.55048060499316,48.10404109432143],[12.416332183089864,48.10706524188982],[12.420619339966713,48.196987584344626],[11.882940815324794,48.20747227599986],[11.879604731577675,48.11752851783774],[11.745393347201162,48.11973588470798],[11.742309165744267,48.02978382935003],[11.474330479616302,48.0337002704352],[11.476940647662433,48.12366032448621],[10.939937541319416,48.12954754113996],[10.938276070682514,48.03957548505033],[10.804246812026573,48.04063635843156],[10.801417577810286,47.86067666375887],[10.667855062149313,47.86157069984198],[10.666684074293103,47.77158330776918],[10.80001245040974,47.770691080509046],[10.79861359590003,47.68070159849733],[10.665518314261504,47.681592025284694],[10.664357748923821,47.591596796211704],[10.531490739808506,47.5923238720142],[10.533351862597423,47.772313323172014],[10.400016582225748,47.77288111994936],[10.398620703677405,47.59288938233604],[10.265748397162994,47.593293321987446],[10.266679000222954,47.77328669283671],[10.0,47.773611153403046],[10.0,47.50361318929986],[9.867356524260963,47.503532562830166],[9.867125422998145,47.59353568726124],[9.734251602837006,47.593293321987446],[9.733320999777046,47.77328669283671],[9.866660116259693,47.77353003807341],[9.86642589758506,47.86352137704792],[9.732852567704033,47.86327753842008],[9.73238203081246,47.953264565809384],[9.330968688750263,47.951554257673486],[9.32860027167499,48.13151009526404],[9.462875485901462,48.132246072216596],[9.461921664100242,48.22221997209178],[9.596438468847749,48.222793578624085],[9.595719844270864,48.31276505421883],[9.7304785635175,48.313175618725246],[9.729997297828591,48.403144399079125],[9.460001036803293,48.402157020352185],[9.459034175195399,48.49212028111149],[9.594272793802311,48.49269743909579],[9.593544325450653,48.5826584608169],[9.864513686580135,48.583319443644086],[9.86426974817571,48.67327846534935],[10.0,48.67336126033108],[10.0,48.58340206709948],[10.135486313419865,48.583319443644086],[10.13573025182429,48.67327846534935],[10.407187466933124,48.672616110346645],[10.407922605052942,48.7625704438964],[10.271949783180157,48.762985276417275],[10.272442130030715,48.85293721592993],[10.0,48.85326977699525],[10.0,48.943219212939965],[10.2729367367849,48.94288595598402],[10.273433618303967,49.03283155281111],[9.726566381696033,49.03283155281111],[9.725565734250425,49.21271354170315],[9.451138328026902,49.21170746154236],[9.452141232206097,49.12177010001728],[9.315182925588621,49.12101714125759],[9.317672849709583,48.94113639312142],[9.454133242770249,48.94188619833924],[9.455122409393315,48.85193954586052],[9.318909264036998,48.85119130622925],[9.320140029510716,48.761243002632966],[9.456107056623031,48.76198968406814],[9.45708721391376,48.67203655679371],[9.321365182944389,48.67129142621295],[9.322584760825949,48.581336520846484],[9.187110692596983,48.5804277069803],[9.184177141113109,48.760330406919586],[9.048219218733314,48.75925190588423],[9.04993427235642,48.66930446468525],[8.914227035603838,48.66806265313595],[8.916178063519906,48.57811443561888],[9.051641521622958,48.57935367509436],[9.053341017149421,48.48939948111316],[8.918120231019092,48.488162801640506],[8.92197821357041,48.30824906059709],[8.787245873642195,48.30685328810796],[8.78508081991191,48.39680904880244],[8.65011528635239,48.39524590075461],[8.645271546983736,48.57514038363414],[8.780721133630237,48.576710000587035],[8.771881636279854,48.93647118906623],[8.908320208410428,48.93788736607932],[8.9063331552847,49.02782247688585],[8.632967153576558,49.02481727102342],[8.63545061540257,48.934888450077736],[8.226211235553185,48.92914102637854],[8.22942408550285,48.83922097780846],[8.093278416270453,48.836976856639765],[8.089818792748394,48.92689221284146],[7.817069948739064,48.92189520847614],[7.813098866421483,49.0117967885254],[7.949714738269021,49.01438392357875],[7.9459742471556085,49.104287644212945],[8.082851741183692,49.10671307501686],[8.072280067894493,49.37642057013543],[8.20992351828423,49.37869318268801],[8.206620588197959,49.468594383758656],[8.068723455294498,49.46631694290989],[8.065150300253487,49.556210344761105],[7.650771803857054,49.5483499238146],[7.655108993905945,49.45847322667252],[7.241628213812656,49.44911299877862],[7.236527939769556,49.5389697701386],[7.374592809763422,49.54226529662589],[7.359918692847837,49.81183847560074],[7.221083971447758,49.808521747966466],[7.205421902057343,50.07804735286684],[7.345037315109388,50.081385590682714],[7.340030070470032,50.17122908940899],[7.060292374053861,50.1643668211344],[7.049148870849082,50.34401591761982],[7.1895372833083435,50.34754803820344],[7.1788216462738115,50.52720203453611],[7.037899416163258,50.52365443364201],[7.032234503475083,50.613469857637824],[6.7499137203588875,50.60583965738768],[6.774546551069763,50.2466289448999],[6.634484557568464,50.242589688928845],[6.608785875447671,50.601764938562475],[6.4676809922271,50.59751719928506],[6.454107107309894,50.77707019409768],[6.029321237206774,50.76322851227763]],[[6.354428413017099,50.233996654608944],[6.4944448716635295,50.23837891050838],[6.501057126813364,50.14858730434623],[6.361303683077045,50.14421454624607],[6.354428413017099,50.233996654608944]],[[12.524841133481194,50.26425094108536],[12.805142836428587,50.257717155617954],[12.799848019953817,50.16788361176184],[12.520074273007273,50.174403218464015],[12.524841133481194,50.26425094108536]],[[6.780632283896311,50.15681945243226],[7.060292374053861,50.1643668211344],[7.065824841161302,50.07453817147611],[6.7866894182373745,50.06700712833283],[6.780632283896311,50.15681945243226]],[[12.240233939466712,50.18023729741264],[12.520074273007273,50.174403218464015],[12.51532983146851,50.08455284957775],[12.236015455077755,50.09037429821644],[12.240233939466712,50.18023729741264]],[[11.956642280087296,50.09551145202569],[12.236015455077755,50.09037429821644],[12.231816775220926,50.000508659665876],[11.952967514384145,50.00563471871574],[11.956642280087296,50.09551145202569]],[[11.670931429655093,49.92018879512739],[11.949309969408988,49.915755345007376],[11.945669529524782,49.82587327583583],[11.806745804296106,49.82817026334614],[11.80338079819305,49.738280521634636],[11.664703900958397,49.74040290009712],[11.670931429655093,49.92018879512739]],[[12.645018531002183,49.90169033783388],[12.784112267732635,49.89836647478737],[12.773744021838024,49.71867409083372],[12.635167111345114,49.721983717391495],[12.645018531002183,49.90169033783388]],[[5.418190676414574,49.74996327487069],[5.556722645498892,49.75548466760433],[5.564976639870693,49.665750401152415],[5.426700335313777,49.66024079548444],[5.418190676414574,49.74996327487069]],[[7.0876969026111185,49.71519498064504],[7.226255978161976,49.71867409083372],[7.231403914169985,49.62882344952065],[7.093101326711258,49.62535176693025],[7.0876969026111185,49.71519498064504]],[[11.793379411802041,49.468594383758656],[11.931276544705502,49.46631694290989],[11.927719932105505,49.37642057013543],[11.79007648171577,49.37869318268801],[11.793379411802041,49.468594383758656]],[[12.06916143546367,49.463870919496955],[12.207033212800738,49.461256338514545],[12.202969500362611,49.37137069252184],[12.065351226702179,49.37397973180986],[12.06916143546367,49.463870919496955]],[[12.610936219916544,49.27266459256143],[12.748241864494961,49.2693899643875],[12.743211906226364,49.17952359343656],[12.606157011661544,49.18279132175466],[12.610936219916544,49.27266459256143]],[[14.942212294476224,49.19421664427213],[15.079109775783346,49.188097017085454],[15.069840397472893,49.09840157549146],[14.933190807109511,49.10450835939589],[14.942212294476224,49.19421664427213]],[[7.40804930663725,48.9131516420351],[7.680715217499122,48.919147067119205],[7.684914647397253,48.82924786792391],[8.093278416270453,48.836976856639765],[8.100150377651547,48.65713601809179],[7.828874690581902,48.65217014117945],[7.8327738276778875,48.56225482679569],[7.968162261651227,48.56481515932914],[7.971801551039446,48.47489098899766],[7.7015219342000245,48.46961619249576],[7.705626763191306,48.37969928039538],[7.570748052647386,48.37682079272781],[7.587935708431424,48.017139001093774],[7.721861720749108,48.01999401631929],[7.729870230031039,47.8401180476459],[7.596414186492674,47.83727460586996],[7.600625015915878,47.747336342091565],[7.201042826156383,47.73785144504199],[7.205931414842355,47.64792817794256],[7.07300042203061,47.64444972742382],[7.078098197308004,47.554529189987164],[6.812748605630453,47.54710264289702],[6.807189297431632,47.637008231855035],[6.940086131830341,47.64080973424851],[6.934733721651754,47.730718633250305],[7.067879865394021,47.73436597288685],[7.062736382442519,47.82427798032395],[7.196132346469945,47.82777050660981],[7.191199836139029,47.917685416777786],[7.324846124613968,47.92102247561115],[7.3106237876613935,48.19076330421296],[7.444994701175887,48.19395724914457],[7.40804930663725,48.9131516420351]],[[9.727557869969283,48.85293721592993],[10.0,48.85326977699525],[10.0,48.763317144877334],[9.728050216819843,48.762985276417275],[9.727557869969283,48.85293721592993]],[[9.592077394947056,48.7625704438964],[9.728050216819843,48.762985276417275],[9.728540318496245,48.67303008121269],[9.592812533066876,48.672616110346645],[9.592077394947056,48.7625704438964]],[[13.114534815260452,48.539712922053944],[13.385038251706021,48.5317884610656],[13.378982168376979,48.44193241496877],[13.513962825484327,48.43773171940881],[13.507694222326746,48.347880388066514],[14.31567372038893,48.319284844908736],[14.308003594636642,48.22948807656434],[14.442344265843404,48.2241596429365],[14.450252111309556,48.313945483075436],[14.584804159199837,48.30844241235841],[14.56855002546038,48.12888881187649],[14.702601299776074,48.12324521489511],[14.694293708280702,48.03347318786137],[14.292766662590433,48.04988147547043],[14.285199416924986,47.960071540560016],[13.750423014985625,47.97963048645161],[13.757050379809886,48.06948024684999],[13.623064508277364,48.07397267329903],[13.629485326544525,48.16382735564143],[13.09239081445163,48.18020012165483],[13.09788930697361,48.27008419354583],[13.232430209755503,48.26622824058557],[13.238192706443675,48.356100437950346],[13.103412697056923,48.35996431522223],[13.114534815260452,48.539712922053944]],[[9.19001765684559,48.40051143132794],[9.325007334277213,48.40141649876571],[9.327408035388007,48.221482487334626],[9.192898376439075,48.220581131368725],[9.19001765684559,48.40051143132794]],[[7.7097130375129135,48.289778661508784],[7.844365523922007,48.29248723920124],[7.848194562229266,48.20255731209395],[7.7137808765142095,48.19985428106309],[7.7097130375129135,48.289778661508784]],[[8.517803567624597,48.30356926668903],[8.652520725689984,48.30529335183572],[8.657299095546897,48.12537736029083],[8.523059352337567,48.12366032448621],[8.517803567624597,48.30356926668903]],[[15.11363963821747,48.195067886054545],[15.516062562616174,48.1756551699111],[15.506303926404724,48.08596382855345],[15.104586872729218,48.105336995535176],[15.11363963821747,48.195067886054545]],[[8.388828276022183,48.12177982669828],[8.523059352337567,48.12366032448621],[8.525669520383696,48.0337002704352],[8.659672164972903,48.03541380614106],[8.662034582326472,47.945446472043116],[8.394509912025137,47.94186357057186],[8.388828276022183,48.12177982669828]],[[12.013805091832584,48.11515774695027],[12.147993643207801,48.1126235944474],[12.144198981967536,48.02268603128797],[12.010247177972463,48.02521502070674],[12.013805091832584,48.11515774695027]],[[12.952833092847989,48.09398911357014],[13.086917059912702,48.090312045984355],[13.076043133404418,47.91052366890852],[12.942430173040108,47.914185803657034],[12.952833092847989,48.09398911357014]],[[9.061723929317486,48.03957548505033],[9.195753187973427,48.04063635843156],[9.197170981800253,47.95065840436314],[9.063377940718034,47.9495996884677],[9.061723929317486,48.03957548505033]],[[13.215297881572035,47.99658751254317],[13.349109164592406,47.99259233150768],[13.343214833599413,47.902711972684635],[13.209638276225222,47.90669904669584],[13.215297881572035,47.99658751254317]],[[9.197170981800253,47.95065840436314],[9.330968688750263,47.951554257673486],[9.332144937850687,47.86157069984198],[9.198582422189714,47.86067666375887],[9.197170981800253,47.95065840436314]],[[13.076043133404418,47.91052366890852],[13.209638276225222,47.90669904669584],[13.204003984854715,47.81680638026618],[13.070642649167281,47.82062326023616],[13.076043133404418,47.91052366890852]],[[16.009669257427838,47.788923737673095],[16.14267996600424,47.781536048344506],[16.13194312946006,47.69189596244516],[15.999162252530356,47.699268785716],[16.009669257427838,47.788923737673095]],[[8.66438641555785,47.85547530221368],[8.931472064495646,47.858401004470785],[8.933345370784613,47.76842002500512],[8.66672773202768,47.76550024086031],[8.66438641555785,47.85547530221368]],[[9.465711315464256,47.86230219527204],[9.59928078285498,47.86287114323222],[9.599983417774252,47.77288111994936],[9.466648137402577,47.772313323172014],[9.465711315464256,47.86230219527204]],[[11.068527935504354,47.858401004470785],[11.202074234225623,47.857019402467564],[11.1999668991262,47.76704121781165],[11.066654629215387,47.76842002500512],[11.068527935504354,47.858401004470785]],[[13.996754814784474,47.70065798157486],[14.129739194847309,47.695717038606396],[14.122536689372055,47.605878574041554],[13.989783063483115,47.61080958145291],[13.996754814784474,47.70065798157486]],[[7.338878356310282,47.651245053838565],[7.604817065772833,47.65739396127035],[7.613145301097795,47.47749662958961],[7.480630199717886,47.47451500132784],[7.476245129685434,47.56445979004658],[7.343514144953086,47.56131086126733],[7.338878356310282,47.651245053838565]],[[9.20138640409997,47.68070159849733],[9.467580776809159,47.68232056749296],[9.468509260191494,47.5923238720142],[9.734251602837006,47.593293321987446],[9.734713800220984,47.50329068415732],[9.336797654564835,47.501597564366726],[9.337947928766587,47.41159427355934],[9.073148001828036,47.40966321997325],[9.069920339694075,47.58965797633474],[9.202779025470312,47.590708161600574],[9.20138640409997,47.68070159849733]],[[13.58513828336909,47.53475428027914],[13.717727596786691,47.53031603038332],[13.71127549638659,47.4404396411192],[13.57891534945368,47.44486900631078],[13.58513828336909,47.53475428027914]],[[8.40849320833603,47.49200424065648],[8.541087096479645,47.49385827707891],[8.543616802971831,47.4038704801063],[8.411252653867452,47.4020201545576],[8.40849320833603,47.49200424065648]],[[6.559432062195377,47.35923927315641],[6.691603412171667,47.36333895775881],[6.697316691399303,47.2734278143033],[6.565372760740587,47.26933629773926],[6.559432062195377,47.35923927315641]],[[11.456383197028167,47.4038704801063],[11.588747346132548,47.4020201545576],[11.586000123084158,47.31203186530469],[11.4538646963076,47.31387849697848],[11.456383197028167,47.4038704801063]],[[6.433448012334246,47.26508466162054],[6.565372760740587,47.26933629773926],[6.571287242052862,47.179428673941544],[6.439588784418733,47.1751854851158],[6.433448012334246,47.26508466162054]],[[16.199902153633197,47.14649599719498],[16.331257099022956,47.138892845267264],[16.320402639765977,47.049243611655434],[16.18927015875043,47.05683174689592],[16.199902153633197,47.14649599719498]],[[6.176251926985136,47.166219851486666],[6.439588784418733,47.1751854851158],[6.4457025109943356,47.08528156858936],[6.182815847241693,47.076333696801676],[6.176251926985136,47.166219851486666]],[[6.834740590516684,47.187435605935285],[6.966494028946705,47.19119927747198],[6.971705810850941,47.101263617067104],[6.840178041119934,47.09750740837555],[6.834740590516684,47.187435605935285]],[[7.8891997215260234,47.21306583633538],[8.41673495418432,47.22203931725237],[8.419457961720212,47.13204245474266],[8.287785724297636,47.13004329310138],[8.290722388688147,47.04004602031107],[8.027858243339802,47.035577036600365],[8.024470473232805,47.12556544123596],[7.8928289162857705,47.12308679100829],[7.8891997215260234,47.21306583633538]],[[12.110800278473976,47.21306583633538],[12.769949202770281,47.19824686317355],[12.760449931940766,47.018343001226015],[12.629099056944675,47.02161385248537],[12.633613216067392,47.11157456109603],[12.502022750366411,47.11469221298245],[12.497733692360425,47.02472533433859],[12.366354558662499,47.027677419176044],[12.362308551938744,46.93770013036058],[12.23114066495351,46.940487277771695],[12.227335717154375,46.85049988951127],[12.096378981575056,46.853122726623326],[12.103557868865115,47.03310329439787],[11.840714763066554,47.037891285426056],[11.843877014723885,47.12788428217026],[12.10717108371423,47.12308679100829],[12.110800278473976,47.21306583633538]],[[15.40178484696356,47.0990253236852],[15.533111071690449,47.09239042722805],[15.514203465579467,46.91290453353821],[15.383321877092893,46.919513294193436],[15.40178484696356,47.0990253236852]],[[11.053772690364065,47.13844027254117],[11.185475627578997,47.13708067242844],[11.183441902457169,47.04706945864546],[11.314912445978347,47.04555295688523],[11.31042311494219,46.86552331217758],[11.179401227413802,46.86703383386256],[11.1773941666992,46.7770093108837],[11.04658872872212,46.77835820863985],[11.044812369622553,46.68832649193153],[10.65303071545261,46.6914150790565],[10.656376519270642,46.96151496789322],[10.787643884814033,46.960638650621576],[10.788993958901173,47.050661343799504],[10.920481933319863,47.04962366346409],[10.91890692095591,46.95960302127707],[11.050164906617734,46.95840808902791],[11.053772690364065,47.13844027254117]],[[12.896749659797926,47.1048602332119],[13.028294189149058,47.101263617067104],[13.023105334535494,47.01132330794955],[12.891785597520837,47.014912809574945],[12.896749659797926,47.1048602332119]],[[13.159821958880066,47.09750740837555],[13.4228243301485,47.08951634857316],[13.411124987162983,46.909677380194445],[13.280080802640764,46.913736594811525],[13.285694149853878,47.00366650345019],[13.15440842454558,47.00757452816857],[13.159821958880066,47.09750740837555]],[[6.18935092213857,46.98644266843846],[6.320560027611469,46.99098731280379],[6.32684336949236,46.901082401898925],[6.195857330843456,46.896546713886984],[6.18935092213857,46.98644266843846]],[[6.84559157545442,47.00757452816857],[6.976894665464505,47.01132330794955],[6.982060735414698,46.92137829619318],[7.244268414084673,46.92838413822713],[7.24896607322674,46.838420581417296],[7.379869892793284,46.841678550715216],[7.3843249286867065,46.75170384845777],[6.992325085800521,46.74147394891769],[7.002499979068606,46.56155014326305],[6.742128143671622,46.55396817436035],[6.747620021248038,46.46401360476341],[6.8775787820287055,46.46787590132984],[6.8828289976590025,46.377908736953344],[6.234303637359294,46.357064590986184],[6.2468976245501056,46.17719542020071],[6.117681360415783,46.17257364021568],[6.124151994468802,46.08263988004822],[5.99517039042201,46.07787103296695],[5.98848548732113,46.167795594578074],[5.8593106757186195,46.16286132362653],[5.852381753489775,46.25277086383231],[5.981771617061398,46.257714674488625],[5.97502860235777,46.34762832506772],[6.1046557881270305,46.352424891731566],[6.098100505077539,46.44234248828715],[6.2279655470986635,46.446991207633886],[6.221599834358012,46.53691258218732],[6.351703261417665,46.54141284758133],[6.345528972254714,46.63133782853059],[6.4758713077355345,46.63568903001901],[6.463883095168446,46.81554084888495],[6.594686248558224,46.81975063063413],[6.588875012837016,46.909677380194445],[6.850981342265341,46.91763691160203],[6.84559157545442,47.00757452816857]],[[10.131503231579572,47.053455198008095],[10.263005736519162,47.053215719106326],[10.262555659721297,46.963187976735306],[10.39383168522715,46.96278963659346],[10.393159546383893,46.8727582984154],[10.262107559086008,46.873155853148944],[10.261661422344226,46.78311929200479],[10.0,46.783436712401375],[10.0,46.87347389903748],[9.868945862001596,46.873394387390206],[9.868721809261949,46.96342698223145],[10.131278190738051,46.96342698223145],[10.131503231579572,47.053455198008095]],[[11.577831025078018,47.04204122210455],[11.840714763066554,47.037891285426056],[11.83756641254331,46.94789382541697],[11.706353857546892,46.950044303699855],[11.703442934133346,46.86003808768376],[11.57244468328629,46.862025423693446],[11.577831025078018,47.04204122210455]],[[6.0648920928635,46.89185227937718],[6.195857330843456,46.896546713886984],[6.2023352510077405,46.80664578059691],[6.071591969236697,46.801960571936675],[6.0648920928635,46.89185227937718]],[[8.427555316713708,46.862025423693446],[8.558562161380554,46.86385383722236],[8.573118923333393,46.323674442099],[8.313757579449772,46.319903189507386],[8.30807403781594,46.49996711737361],[8.17796982232686,46.49783763469484],[8.18103655551797,46.407812229849924],[7.92129545373067,46.40308954552142],[7.924784342914425,46.31306845095187],[7.7951476811230425,46.31047618528266],[7.791441166229302,46.40049224189481],[7.5317685639279,46.394825823039405],[7.527608991097386,46.48482592526553],[7.917791357795002,46.49310574692651],[7.914271961299786,46.583117110467406],[8.044575567472917,46.58556664442293],[8.041261334856733,46.6755780232424],[8.302340739339943,46.68001193502755],[8.299455238522276,46.77002731666414],[8.4302307929175,46.772010746511725],[8.427555316713708,46.862025423693446]],[[8.820598772586198,46.86703383386256],[9.08266117699992,46.869577965621716],[9.08422240346653,46.77954844035867],[8.822605833300798,46.7770093108837],[8.820598772586198,46.86703383386256]],[[8.691806800508022,46.77550175890828],[8.822605833300798,46.7770093108837],[8.82460411589108,46.68698023950829],[8.694026963761914,46.68547564380384],[8.691806800508022,46.77550175890828]],[[9.869168932774125,46.78335735712831],[10.0,46.783436712401375],[10.0,46.60334880951991],[10.130387847302439,46.603269764875925],[10.130167686139666,46.51321909012987],[10.260334674341484,46.512982419670216],[10.259459774834221,46.332867950312824],[10.129730231760776,46.33310370143927],[10.129948482919218,46.42316375445145],[10.0,46.423242491262755],[10.0,46.24311730642213],[9.870487073166665,46.243038874681886],[9.870269768239222,46.33310370143927],[9.740540225165779,46.332867950312824],[9.74097483045296,46.24280358012821],[9.61146395594889,46.242411424762196],[9.610812059437068,46.33247503400775],[9.481085959650635,46.33192495588236],[9.480213001074372,46.42198271580997],[9.610157324385185,46.42253386401952],[9.609499733301831,46.5125879711746],[9.739665325658516,46.512982419670216],[9.738782762669203,46.693078236951735],[9.869391027662322,46.69331583508131],[9.869168932774125,46.78335735712831]],[[10.392490353279065,46.782722519117726],[10.523317148017487,46.78216704194522],[10.522428816092383,46.69212785479502],[10.391824087666008,46.692682242371745],[10.392490353279065,46.782722519117726]],[[10.261217237330797,46.693078236951735],[10.391824087666008,46.692682242371745],[10.39116073145231,46.60263741183974],[10.52154436318033,46.60208410893492],[10.520663765363556,46.51203574804866],[10.260334674341484,46.512982419670216],[10.261217237330797,46.693078236951735]],[[11.958738665143265,46.6755780232424],[12.08926283035631,46.67312369142533],[12.082208642204998,46.49310574692651],[11.95212463592492,46.49555050464091],[11.958738665143265,46.6755780232424]],[[12.219775699252345,46.67051113702182],[12.350276568721677,46.66774038276906],[12.346300889708946,46.5777443234483],[12.216020423904434,46.580509662616414],[12.219775699252345,46.67051113702182]],[[8.696237435063216,46.59544491093008],[8.826593674588478,46.59694656371795],[8.82857456316715,46.50690822748221],[8.698438274147732,46.50540950434007],[8.696237435063216,46.59544491093008]],[[8.956956234002266,46.59829018275902],[9.217697506207482,46.60050327435721],[9.21901830927528,46.51045799833793],[9.479336234636444,46.51203574804866],[9.480213001074372,46.42198271580997],[9.090399440178137,46.41938452007506],[9.088865277691278,46.509432485373125],[8.958717129961077,46.5082492250172],[8.956956234002266,46.59829018275902]],[[10.520663765363556,46.51203574804866],[10.911134722308722,46.509432485373125],[10.909600559821861,46.41938452007506],[10.64972854936579,46.421274104799664],[10.648637385685763,46.331217720638065],[10.389187940562932,46.33247503400775],[10.389842675614815,46.42253386401952],[10.519786998925628,46.42198271580997],[10.520663765363556,46.51203574804866]],[[13.642149294240049,46.45148271681923],[13.901899494922459,46.44234248828715],[13.895344211872969,46.352424891731566],[13.63602853017834,46.3615473832473],[13.642149294240049,46.45148271681923]],[[7.272148513675705,46.388530486126456],[7.401951625941732,46.39175675636438],[7.406310531466415,46.301757639353916],[7.276724705403048,46.298537623648514],[7.272148513675705,46.388530486126456]],[[13.37663564078945,46.370042095059475],[13.506341395583481,46.36587323025172],[13.5004636661799,46.275924265037965],[13.370974552264682,46.280085056391215],[13.37663564078945,46.370042095059475]],[[8.054432003375734,46.31550372050739],[8.1840899774042,46.31778197317296],[8.187130169436273,46.227746809087996],[8.057689021289914,46.225472965270036],[8.054432003375734,46.31550372050739]],[[11.8159100225958,46.31778197317296],[11.945567996624266,46.31550372050739],[11.942310978710086,46.225472965270036],[11.812869830563727,46.227746809087996],[11.8159100225958,46.31778197317296]],[[7.669429770016857,46.21771123634651],[7.798838141244012,46.22045515760506],[7.8025126445652235,46.13042910366284],[7.931716872337558,46.13301136102204],[7.9282581183684435,46.223042407898404],[8.057689021289914,46.225472965270036],[8.067375904069369,45.95535058117529],[7.93858968096181,45.95293403434631],[7.942003916291678,45.86288764376984],[6.913857138295675,45.83799648407697],[6.903603635782629,46.01798840779077],[7.0324988078582,46.021657649357536],[7.037423322925753,45.931657341273734],[7.2948325544263515,45.938514878207606],[7.28581777336953,46.118536619185754],[7.414971836019578,46.121744209698996],[7.419274464320008,46.03172978757074],[7.548227501844295,46.03477521092878],[7.54413945155276,46.12479550422631],[7.673319945931661,46.12769047702474],[7.669429770016857,46.21771123634651]],[[10.51804486631477,46.24186241191878],[10.647550952396111,46.241156546266765],[10.645392161616932,46.06101960160505],[10.516317779564252,46.06172274644099],[10.51804486631477,46.24186241191878]],[[12.201161858755988,46.22045515760506],[12.330570229983142,46.21771123634651],[12.326680054068339,46.12769047702474],[12.197487355434776,46.13042910366284],[12.201161858755988,46.22045515760506]],[[6.124151994468802,46.08263988004822],[6.25315385502619,46.08725276035881],[6.259383130142918,45.99730464701431],[6.130594754615761,45.99270062673255],[6.124151994468802,46.08263988004822]],[[11.939068046363198,46.13543722729798],[12.068283127662442,46.13301136102204],[12.0648393037027,46.042975254964176],[11.935839113794893,46.0453964511023],[11.939068046363198,46.13543722729798]],[[5.873079034534751,45.983025618325584],[6.0018265021763915,45.98794093724174],[6.015053047622032,45.80806393357348],[5.886729280684592,45.803167398593125],[5.873079034534751,45.983025618325584]],[[6.785403526719571,45.83418600016153],[6.913857138295675,45.83799648407697],[6.918950907002053,45.74799239318486],[6.790708644590518,45.74418917983083],[6.785403526719571,45.83418600016153]],[[11.155884146761313,45.78642703370272],[11.284294768165989,45.784951279765785],[11.282178012159562,45.69487128987236],[11.153978942552582,45.69634422995773],[11.155884146761313,45.78642703370272]],[[6.9240228640264645,45.65798281075657],[7.052070394813612,45.66162408783131],[7.056911016999707,45.57160204584517],[7.440511866399032,45.58157841199723],[7.44470497190026,45.49153189991038],[7.317033175364305,45.4883669347966],[7.321416564096133,45.39832086427562],[7.193966418849474,45.39500797263629],[7.203090853169049,45.214911373869825],[6.949060026567725,45.2078506283792],[6.954003830226431,45.11780695797284],[6.700444041336243,45.11014760496061],[6.695090040243989,45.20017689110873],[6.568129432739653,45.19611022664144],[6.556940464920331,45.37613586910511],[6.811703343718939,45.38414612110647],[6.801250877231449,45.5641789139537],[6.92907314051706,45.56796768261825],[6.9240228640264645,45.65798281075657]],[[7.436300781636949,45.67161943857728],[7.564404671801995,45.67464163734192],[7.568405733404639,45.58459486884024],[7.440511866399032,45.58157841199723],[7.436300781636949,45.67161943857728]],[[7.568405733404639,45.58459486884024],[7.6963119795346175,45.587456784203575],[7.700086747065286,45.49739913116562],[7.572389710380888,45.49454264020934],[7.568405733404639,45.58459486884024]],[[6.054059531021586,45.26829463909511],[6.18115334693428,45.27298251289909],[6.193525757031593,45.09299435349547],[6.066841751087928,45.088324041077854],[6.054059531021586,45.26829463909511]],[[6.320228610235912,45.0975119014382],[6.5736883743352,45.106088561315104],[6.579223808379223,45.01606092822876],[6.452689091405674,45.01185688759939],[6.475405865857332,44.6517167457591],[6.349695542159514,44.64739242292454],[6.343851730874056,44.73742871568406],[6.217958708486584,44.73294470572643],[6.211889070969781,44.82296641680382],[6.085813347965473,44.81832215969849],[6.079516168174598,44.90832898867949],[6.2057938012572835,44.91298189295886],[6.199672747605012,45.002991187450554],[6.3261718652856835,45.00750029583675],[6.320228610235912,45.0975119014382]],[[15.190446552528343,44.943335957535105],[15.316680492027194,44.93699977347401],[15.308135436935217,44.84711325563259],[15.182102666768174,44.85343766732692],[15.190446552528343,44.943335957535105]],[[6.590224708950234,44.835987543462565],[6.71637071234864,44.840023923985335],[6.721634934961873,44.749970575966806],[6.595690450237485,44.74594168403285],[6.590224708950234,44.835987543462565]],[[16.179699637886415,44.70879478010025],[16.305309601942145,44.70127233216331],[16.295246395001517,44.611475617671815],[16.16983450519548,44.618984193696235],[16.179699637886415,44.70879478010025]],[[5.8403922488930275,44.71858299600454],[5.966228363566139,44.723521809155024],[5.972672850285506,44.633511232577305],[5.847036714225801,44.62858154819656],[5.8403922488930275,44.71858299600454]],[[6.847595360411758,44.75384769738803],[7.0995616016965934,44.76114650867745],[7.104201082076498,44.67106632018861],[6.978411571029847,44.667499446185985],[6.997571496402638,44.30714317579913],[7.122565475484608,44.31068386885503],[7.127108754961523,44.2205725577756],[7.002311594199021,44.21703833936158],[7.007031970227881,44.12692708604762],[6.8824448878296485,44.12324941914282],[6.877528600208426,44.21335395289363],[6.503270470627545,44.20140007046808],[6.49774404820224,44.29147627025125],[6.747626901131988,44.2996104916764],[6.742471966976943,44.389695135148656],[6.867634292977168,44.393543737048844],[6.862656032676964,44.483629096463794],[6.6119504634513975,44.47576679027372],[6.606553193408053,44.56583136142558],[6.732097164801627,44.569845373685034],[6.72687704254307,44.659911077254115],[6.852636689680416,44.66378102223265],[6.847595360411758,44.75384769738803]],[[16.295246395001517,44.611475617671815],[16.420628006253974,44.60381634585155],[16.41040978281073,44.514026453219046],[16.285225236580537,44.521671640651476],[16.295246395001517,44.611475617671815]],[[5.972672850285506,44.633511232577305],[6.098328433550578,44.63828963100773],[6.104546648961918,44.54826382509895],[5.97909033662496,44.5434942388708],[5.972672850285506,44.633511232577305]],[[5.234357596530324,44.42174186527045],[5.359491421973805,44.42740648806388],[5.3741610732256,44.24743532180365],[5.249420084877996,44.241791414114296],[5.234357596530324,44.42174186527045]],[[6.123045817341816,44.2781476029935],[6.24792763910864,44.28274075946379],[6.253846602323606,44.19268051803138],[6.129160882530836,44.188095749982374],[6.123045817341816,44.2781476029935]],[[7.127108754961523,44.2205725577756],[7.376743232120916,44.227190384231626],[7.380875345873759,44.13706060989657],[7.131633128997365,44.130454857724665],[7.127108754961523,44.2205725577756]],[[6.633315278574798,44.115444511885684],[6.757872463554858,44.119421884788835],[6.762963340008778,44.02931781264997],[6.638601065266824,44.02534767315205],[6.633315278574798,44.115444511885684]],[[7.380875345873759,44.13706060989657],[7.505515237777387,44.14013854045386],[7.509434743608833,44.04999677124209],[7.38499028894924,44.046924443667685],[7.380875345873759,44.13706060989657]],[[10.124763359635546,44.17010038453589],[10.249526130513415,44.169875051137495],[10.249133684337762,44.07967911033802],[10.124567134668176,44.079904032964926],[10.124763359635546,44.17010038453589]],[[6.283075192831297,43.742279104304124],[6.406809586544405,43.74667383056004],[6.412391624602846,43.656565221574766],[6.288848646059684,43.652178404440974],[6.283075192831297,43.742279104304124]],[[11.977185153607847,43.60988516310839],[12.224217832540292,43.60483465652437],[12.220776025569895,43.514643392718305],[12.344086587229645,43.5119004294689],[12.336866089129298,43.331507503967536],[12.213934768489572,43.33424067094239],[12.217348364415075,43.424445416135306],[12.094217762378719,43.42703558109627],[12.0974553500991,43.517238201683206],[11.9741251205298,43.51968483738158],[11.977185153607847,43.60988516310839]],[[12.463578862766527,43.418821437004254],[12.709764716903626,43.41260606379679],[12.70559461026608,43.32242244874144],[12.45978687083282,43.32862673052594],[12.463578862766527,43.418821437004254]],[[6.0661862070894035,43.28255279866505],[6.188937610664339,43.287202919697044],[6.194781010507407,43.197075027671126],[6.072216933585685,43.192433169470085],[6.0661862070894035,43.28255279866505]],[[13.172732585755325,42.857345780697926],[13.294632618082236,42.853466913989514],[13.289642448762546,42.76327249747168],[13.167926466651931,42.767144549547375],[13.172732585755325,42.857345780697926]],[[12.79004023336775,42.50718100330034],[12.911247759649207,42.50376468218878],[12.90688139313368,42.413521070146096],[12.785855211773697,42.41693144494775],[12.79004023336775,42.50718100330034]],[[13.96587973427874,41.92529732571414],[14.085866527944377,41.92048066519689],[14.073834738428554,41.74003635235286],[13.95419954208396,41.74483655283828],[13.96587973427874,41.92529732571414]]]},"properties":{"name":"Tree cover (2000)","source":"JRC GLC2000 v1.1","threshold":0.4}},{"type":"Feature","geometry":{"type":"Polygon","coordinates":[[[21.155552837598638,40.92417073355173],[21.139568489923118,40.834822708235315],[21.256660738659495,40.82148590994993],[21.224556896500083,40.64279737045822],[21.457968527215904,40.61579763295644],[21.474309025631076,40.705103591685265],[21.35746535754565,40.71869473349043],[21.39001609546563,40.897314368380314],[21.155552837598638,40.92417073355173]]]},"properties":{"name":"Tree cover (2000)","source":"JRC GLC2000 v1.1","threshold":0.4}},{"type":"Feature","geometry":{"type":"Polygon","coordinates":[[[26.474363641884064,40.0794472867169],[26.42841323186836,39.90316107564132],[26.54279044915603,39.88361636220216],[26.565868287099008,39.97173676533657],[26.680330850805237,39.95202719088692],[26.70364255564541,40.04009905148491],[26.474363641884064,40.0794472867169]]]},"properties":{"name":"Tree cover (2000)","source":"JRC GLC2000 v1.1","threshold":0.4}},{"type":"Feature","geometry":{"type":"Polygon","coordinates":[[[24.032912010224422,40.37133072012565],[24.013127726728932,40.28256888689492],[24.244209718272288,40.249000528919204],[24.264299936993748,40.33770797401829],[24.032912010224422,40.37133072012565]]]},"properties":{"name":"Tree cover (2000)","source":"JRC GLC2000 v1.1","threshold":0.4}},{"type":"Feature","geometry":{"type":"Polygon","coordinates":[[[30.533618677354795,39.20319369961731],[30.50565670340787,39.11627723765231],[30.72959830309988,39.067595226340764],[30.757825133033176,39.1544365971587],[30.533618677354795,39.20319369961731]]]},"properties":{"name":"Tree cover (2000)","source":"JRC GLC2000 v1.1","threshold":0.4}},{"type":"Feature","geometry":{"type":"Polygon","coordinates":[[[21.95827769852589,40.73856127943693],[21.924258104640145,40.56014495798012],[22.040716965004897,40.5458878659018],[22.023647864649533,40.45668380480551],[22.13990295695341,40.44231281590902],[22.174422993628372,40.620660946822404],[22.057852213947783,40.63507903011427],[22.075053957319536,40.724257328256456],[21.95827769852589,40.73856127943693]]]},"properties":{"name":"Tree cover (2000)","source":"JRC GLC2000 v1.1","threshold":0.4}},{"type":"Feature","geometry":{"type":"Polygon","coordinates":[[[36.372948234513856,37.739509718308135],[36.33852766692074,37.65478339901779],[36.44645604454427,37.6238476727267],[36.4120463247777,37.539136744995034],[36.51978303909969,37.5081240652965],[36.588943256984564,37.67742633482406],[36.372948234513856,37.739509718308135]]]},"properties":{"name":"Tree cover (2000)","source":"JRC GLC2000 v1.1","threshold":0.4}},{"type":"Feature","geometry":{"type":"Polygon","coordinates":[[[35.7908516967572,38.09272514054041],[35.68924384300156,37.83783021786813],[35.79766101733399,37.80762878695361],[35.73029455349866,37.63764428766684],[35.83840645982468,37.607408355133856],[35.87214214785541,37.692370864827424],[35.980285214294774,37.661968418142486],[36.0142520024946,37.746857851239646],[35.905997124612014,37.77730461733185],[35.93997192433728,37.86220956942246],[35.83152329111501,37.89257808787383],[35.865505641206546,37.97749869884451],[35.974067084516506,37.94708567719306],[36.008283145899505,38.03193289605127],[35.7908516967572,38.09272514054041]]]},"properties":{"name":"Tree cover (2000)","source":"JRC GLC2000 v1.1","threshold":0.4}},{"type":"Feature","geometry":{"type":"Polygon","coordinates":[[[22.27349564894744,40.51696157715819],[22.238794733556393,40.338634761529924],[22.35480033307183,40.32401348409886],[22.389814679799496,40.502292555768264],[22.27349564894744,40.51696157715819]]]},"properties":{"name":"Tree cover (2000)","source":"JRC GLC2000 v1.1","threshold":0.4}},{"type":"Feature","geometry":{"type":"Polygon","coordinates":[[[-6.657107199736578,39.863938147912634],[-6.63397116135705,39.775831913643586],[-6.748082144979752,39.75605173637873],[-6.724888799409833,39.667959607071865],[-6.49689569669003,39.70732433276668],[-6.542790449156027,39.88361636220216],[-6.657107199736578,39.863938147912634]]]},"properties":{"name":"Tree cover (2000)","source":"JRC GLC2000 v1.1","threshold":0.4}},{"type":"Feature","geometry":{"type":"Polygon","coordinates":[[[29.12212389124302,39.682166166603714],[29.09572565544204,39.594817384555675],[29.208907934948176,39.57216072344231],[29.182469908471283,39.48482751978905],[29.0694257849482,39.507448747795095],[28.965200370028423,39.15777573588364],[29.077696261938616,39.13529491771426],[29.156130206368353,39.39747433299012],[29.268969047103933,39.374757614871335],[29.348696919451093,39.63665040655042],[29.12212389124302,39.682166166603714]]]},"properties":{"name":"Tree cover (2000)","source":"JRC GLC2000 v1.1","threshold":0.4}},{"type":"Feature","geometry":{"type":"Polygon","coordinates":[[[-6.176926051822966,39.853619481582555],[-6.154458574700228,39.765372683139454],[-5.925872702005111,39.803404478361465],[-5.903781742420733,39.71508061736479],[-5.789547848218172,39.733866177885325],[-5.833520281163875,39.91055726989302],[-6.176926051822966,39.853619481582555]]]},"properties":{"name":"Tree cover (2000)","source":"JRC GLC2000 v1.1","threshold":0.4}},{"type":"Feature","geometry":{"type":"Polygon","coordinates":[[[27.04709882672611,39.98007376938056],[27.023350332256772,39.892097470834024],[26.909072202045532,39.91220743000538],[26.885557983120115,39.82418166583429],[26.77136315372532,39.844126544897726],[26.748082144979755,39.75605173637873],[26.63397116135705,39.775831913643586],[26.587960173529588,39.59956783369179],[26.815545109379286,39.55999973965496],[26.838794877233532,39.64807782894731],[27.066424471096244,39.607916001520685],[27.090049161041822,39.69591310972253],[27.317719004363205,39.65515674510884],[27.341719560958207,39.74307166169988],[27.113762965570043,39.78389253300215],[27.13756633049385,39.87185427826158],[27.25171987287503,39.85147796727997],[27.275757765802123,39.93938963200268],[27.04709882672611,39.98007376938056]]]},"properties":{"name":"Tree cover (2000)","source":"JRC GLC2000 v1.1","threshold":0.4}},{"type":"Feature","geometry":{"type":"Polygon","coordinates":[[[28.590928262379816,39.50909361105026],[28.565376574625557,39.42154632453536],[28.452275840363097,39.443442156460826],[28.426958021468447,39.35584137275102],[28.313930931915344,39.377571854888544],[28.28884598825093,39.28991800523452],[28.51455819660726,39.24639378847253],[28.53992004127023,39.33397971680525],[28.65281669692694,39.31198700652777],[28.627316956328645,39.224435298670684],[28.85263833125924,39.18012615243866],[28.904283183793,39.355071944913476],[28.791380539144402,39.37736109787208],[28.817209429349205,39.46483925292575],[28.590928262379816,39.50909361105026]]]},"properties":{"name":"Tree cover (2000)","source":"JRC GLC2000 v1.1","threshold":0.4}},{"type":"Feature","geometry":{"type":"Polygon","coordinates":[[[36.51978303909969,37.5081240652965],[36.485384603355435,37.42342838692591],[36.37775727330594,37.45439629149333],[36.34358835746349,37.36962635790368],[36.66590024162607,37.27649250626937],[36.700395222280456,37.361128218267375],[36.59293063553564,37.39233898191854],[36.62743802536741,37.4769897656432],[36.51978303909969,37.5081240652965]]]},"properties":{"name":"Tree cover (2000)","source":"JRC GLC2000 v1.1","threshold":0.4}},{"type":"Feature","geometry":{"type":"Polygon","coordinates":[[[-7.203915112649737,39.675601246173514],[-7.132878820633398,39.41165259087272],[-7.019440666960386,39.43186870082226],[-7.066424471096246,39.607916001520685],[-6.952640208155426,39.62806325629221],[-6.976121468407033,39.7160922216],[-7.203915112649737,39.675601246173514]]]},"properties":{"name":"Tree cover (2000)","source":"JRC GLC2000 v1.1","threshold":0.4}},{"type":"Feature","geometry":{"type":"Polygon","coordinates":[[[0.16536117681020118,40.88278131613642],[0.17944215040996164,40.793182544485724],[-0.05496122260274253,40.76950400049558],[-0.026315672734887618,40.59035056138865],[-0.14313552717544242,40.57834273488381],[-0.1287353932233993,40.48876847352399],[-0.012076227707541402,40.50075660125606],[0.002108051711810427,40.411151095358115],[0.11864543668057999,40.42298170445467],[0.10462147587927888,40.51260661427629],[0.22135730172817558,40.524318440134394],[0.20743992547826431,40.61395114614205],[0.32437483157608415,40.625543759349334],[0.31056519265109933,40.71518423694795],[0.42769981775142984,40.72665720543733],[0.4002447478234938,40.905942532891714],[0.16536117681020118,40.88278131613642]]]},"properties":{"name":"Tree cover (2000)","source":"JRC GLC2000 v1.1","threshold":0.4}},{"type":"Feature","geometry":{"type":"Polygon","coordinates":[[[-0.6251179195603529,40.61841099082514],[-0.6100189355519647,40.52892959593962],[-0.7266387175900367,40.516231230852206],[-0.7114386880287248,40.426758703170194],[-0.8278579667214966,40.41394345112077],[-0.8125580127821395,40.32447980183746],[-0.23085138023420676,40.38707625454002],[-0.24535560615816449,40.47664230429331],[-0.3619364533127885,40.46437816753692],[-0.39143533034772626,40.643434850233334],[-0.6251179195603529,40.61841099082514]]]},"properties":{"name":"Tree cover (2000)","source":"JRC GLC2000 v1.1","threshold":0.4}},{"type":"Feature","geometry":{"type":"Polygon","coordinates":[[[35.58074576599602,37.86790876801225],[35.51383027795707,37.697748545927894],[35.40547823798203,37.72761659077811],[35.43876352529858,37.81275451618454],[35.33021810552799,37.842543189165305],[35.263992184351174,37.67215230800063],[35.15559468875712,37.701731134606945],[35.12277068271196,37.61645069309839],[35.4473863979566,37.52747529167232],[35.4805496506619,37.61262602774176],[35.58870928491675,37.58267885271362],[35.68924384300156,37.83783021786813],[35.58074576599602,37.86790876801225]]]},"properties":{"name":"Tree cover (2000)","source":"JRC GLC2000 v1.1","threshold":0.4}},{"type":"Feature","geometry":{"type":"Polygon","coordinates":[[[-1.4093251043652306,40.347804975465856],[-1.3772079510482038,40.169080549361546],[-1.2613140144296737,40.18253909261549],[-1.2931169208644766,40.36130736743637],[-1.4093251043652306,40.347804975465856]]]},"properties":{"name":"Tree cover (2000)","source":"JRC GLC2000 v1.1","threshold":0.4}},{"type":"Feature","geometry":{"type":"Polygon","coordinates":[[[14.512529589446427,41.17808385412031],[14.493044063664026,40.90730613616512],[14.61104654286482,40.90187478780184],[14.604434227251659,40.81160700899869],[14.722250378712518,40.80604432567022],[14.715496608174938,40.71577686768589],[15.068329970482889,40.698275994392695],[15.061103111434715,40.60802851131653],[15.178508804720929,40.60192494858501],[15.200775487483178,40.872609581605644],[15.082869022344951,40.878743629273785],[15.09018152005568,40.96896388661184],[14.853971867051579,40.980830339987726],[14.860975080229434,41.07106150154341],[14.624349536386513,41.08238380334748],[14.631040495838583,41.17262514708725],[14.512529589446427,41.17808385412031]]]},"properties":{"name":"Tree cover (2000)","source":"JRC GLC2000 v1.1","threshold":0.4}},{"type":"Feature","geometry":{"type":"Polygon","coordinates":[[[-1.1571590652650408,45.47470825434472],[-1.084877118091026,45.11879143086337],[-1.2106551937373853,45.10536314684044],[-1.156651458942479,44.83839521782102],[-1.2817930558543584,44.824891705021514],[-1.2637492288457695,44.73590691935498],[-1.1387999870065448,44.74938562821886],[-1.121022681550545,44.66036585216462],[-1.2457803281117932,44.64691184163316],[-1.1923188909000237,44.37986457845011],[-1.3164536422020598,44.3663359277945],[-1.2630886404712423,44.099268323496254],[-1.3866086428089759,44.08566572012813],[-1.3333429932054985,43.8185758999014],[-1.4562562495083842,43.80490001557446],[-1.4207416934999886,43.626835006407404],[-1.5432375888009011,43.61306204004094],[-1.5076490766693356,43.43500207965136],[-1.8737393143846315,43.39295863964495],[-1.8555147854779748,43.30398623406066],[-2.2205936509738393,43.260714783114565],[-2.239353701054038,43.34961082068069],[-2.48282582880498,43.31998897446949],[-2.502018696558481,43.408820966625626],[-2.745625060020358,43.378568181446006],[-2.76525251520532,43.467334765234085],[-3.0089878876649045,43.43644977466129],[-2.9890051508087754,43.34773762679525],[-3.110609163327988,43.33210595569283],[-3.1307690085706494,43.42079053208335],[-3.374155763522893,43.3890391028355],[-3.39475179648211,43.477655142798284],[-3.5165331816353205,43.46153478843341],[-3.5373900780934204,43.55010964924123],[-3.6592883348369676,43.53381630284298],[-3.638254457562625,43.44527018428664],[-3.881514822875187,43.41230868419258],[-3.9029015361164685,43.50079661824821],[-4.024615551593348,43.48407051237526],[-4.003052988317027,43.395612019085576],[-4.245942991510647,43.36178744199943],[-4.267856106323709,43.450186360468294],[-4.753574540108609,43.38069363439165],[-4.7762752695317525,43.4689566520888],[-5.019093053391383,43.433287444427904],[-5.042233858931688,43.521473646729646],[-5.285133008396911,43.48516759659308],[-5.308715321906707,43.57327556679995],[-5.673074539279919,43.517644743892426],[-5.697272946705433,43.60564013655602],[-5.81876060070013,43.58677703217365],[-5.843230089983248,43.67472425712692],[-5.964820457363776,43.65568446561191],[-5.940178008816217,43.5677707459449],[-6.182800348976212,43.529329158229444],[-6.207787414794713,43.61717519793702],[-6.813937652459454,43.51840183912377],[-6.839882355603672,43.60605867557453],[-7.203195366323158,43.544978841679985],[-7.229754968610663,43.63251221587632],[-7.350877506050781,43.61183164422995],[-7.377713705017975,43.69931208290899],[-7.498928952163101,43.67845275203861],[-7.5260430606666375,43.76587973672014],[-8.252701455771282,43.63751657549662],[-8.224577411606019,43.55031440257541],[-8.345241221062862,43.528462321453],[-8.288997015459753,43.354080583512925],[-8.769527990977206,43.265569457273465],[-8.798251298698053,43.352615600924345],[-9.038358332057213,43.30744006222567],[-9.009309334113336,43.22047199324309],[-9.248763899633367,43.174814867228065],[-9.21950695929169,43.0879065320954],[-9.338950182251331,43.06490806205763],[-9.280461629615118,42.891112718751074],[-9.161337993030818,42.91403248391232],[-9.103624860901968,42.74008205039788],[-8.984738669837666,42.76278511235939],[-8.956209955086088,42.6757426778093],[-9.074937729446052,42.653078231482404],[-9.046362761242474,42.56605536592617],[-8.809144267597144,42.61116896121555],[-8.780996066650687,42.52405063572411],[-8.899486846824136,42.50160113891462],[-8.871291282316278,42.414502063300425],[-8.75295780476193,42.43691359385352],[-8.725028904669378,42.34975784840006],[-8.843205603812521,42.327384135163165],[-8.815229236142123,42.24024736752641],[-8.697208793206832,42.26258341163176],[-8.669496901268845,42.175390295292765],[-8.9051498791189,42.130655858769906],[-8.821731011650037,41.86918849763097],[-8.938981066616448,41.84672817831546],[-8.828643274233512,41.49798851607132],[-8.712001383032657,41.52030041099608],[-8.684832372119255,41.433031146457026],[-8.801323473648608,41.410755998965726],[-8.746997657821304,41.236233910021646],[-8.514543213150978,41.2805027200387],[-8.487835159563065,41.19314070580115],[-8.603948868774443,41.17111010996548],[-8.550540845967733,40.99640179179357],[-8.66628541306351,40.97430826494259],[-8.639586289150918,40.8869617434263],[-8.755111933357172,40.86476965258785],[-8.675182804237942,40.60272370192686],[-8.790198883879562,40.58050526502333],[-8.737126718184216,40.40578378582599],[-8.851783379311469,40.3835033592322],[-8.8252538258991,40.296149415911756],[-8.939697129169131,40.27377162881559],[-8.860279126168864,40.01170032475116],[-8.97422642206325,39.989296823403436],[-8.947811222426806,39.90193621795619],[-9.061548774278267,39.87943613379621],[-9.008734576979041,39.7047269643688],[-9.122123891243024,39.682166166603714],[-9.0694257849482,39.507448747795095],[-9.182469908471285,39.48482751978905],[-9.156130206368355,39.39747433299012],[-9.26896904710393,39.374757614871335],[-9.242590294962087,39.287419787939434],[-9.129888348597625,39.31010116767383],[-9.103743858332987,39.22270802801016],[-9.216309345522506,39.200061854537175],[-9.190125723623483,39.112683819003735],[-8.965200370028425,39.15777573588364],[-8.991111564264108,39.245223751503524],[-8.878412747950815,39.26760890323275],[-8.85263833125924,39.18012615243866],[-8.740010430942066,39.20234604675683],[-8.791380539144402,39.37736109787208],[-8.67841157214781,39.39951926478726],[-8.704102049323613,39.487032072218575],[-8.477688363643225,39.53102374805226],[-8.426958021468444,39.35584137275102],[-8.539920041270229,39.33397971680525],[-8.514558196607265,39.24639378847253],[-8.401734442898508,39.26822139691877],[-8.37660464372005,39.180582228531506],[-8.263854374836935,39.20224509037476],[-8.288845988250928,39.28991800523452],[-7.836651088468896,39.375392078350814],[-7.812215854781556,39.287585923065635],[-7.699148355461503,39.30859289553259],[-7.650829240534831,39.13285951687548],[-7.085963372665166,39.23559768906051],[-7.109377180038516,39.32363405822617],[-7.2226130312278105,39.30331771020531],[-7.246255973451726,39.391304387168226],[-7.359571812984601,39.37082420236016],[-7.407407669332367,39.546679276623905],[-7.634418659572879,39.50519346750426],[-7.683183146282776,39.680845361726455],[-7.569425213670286,39.70171997275522],[-7.54513934213004,39.61387028968698],[-7.431460519212217,39.63457972121149],[-7.4798383041625245,39.81032645273503],[-7.593802554942683,39.78955148181995],[-7.618271822332012,39.8773648209629],[-7.504164145209685,39.89817274945526],[-7.553092012857095,40.07381122626317],[-7.20951829215009,40.135633509112765],[-7.185443540215151,40.04772476038858],[-7.070937295285747,40.06803252631871],[-7.094866191129331,40.155973747992114],[-6.865372666661483,40.19625273936491],[-6.841736574429943,40.10824713080654],[-6.497469879469974,40.16756498991508],[-6.474363641884063,40.0794472867169],[-6.244841388813957,40.118259568519136],[-6.222117027431943,40.0300629128038],[-5.877827475649835,40.08718285721983],[-5.855631821747109,39.99887824490291],[-5.0512928399451225,40.127244529806774],[-5.030222367773775,40.038718144561535],[-4.5699622931497785,40.10899160057587],[-4.590430661511598,40.19763108878331],[-4.35967067125589,40.232012869127104],[-4.379913386236086,40.32069281990959],[-4.264299936993747,40.33770797401829],[-4.284467328696937,40.42640064056477],[-4.515945815001292,40.39217920809868],[-4.536497616675654,40.48080149488077],[-4.6523076980882925,40.46345888942477],[-4.673092036972759,40.55203799832264],[-5.136383862816814,40.481194590649004],[-5.179420683730357,40.658076564041366],[-5.295406450525754,40.63996743939607],[-5.252064388932052,40.46314424179287],[-5.598758349676101,40.4081801140846],[-5.620842837560261,40.49651033743206],[-5.7364414129599846,40.47788817881896],[-5.758762120673993,40.56617222136456],[-5.874452388414294,40.547384287012314],[-5.897010454096598,40.63562172931878],[-6.590778757568997,40.51986666812991],[-6.614329213984027,40.607899846229536],[-6.729889779003935,40.58810234885991],[-6.753680642556803,40.67608649432314],[-6.52219575090631,40.71561046815175],[-6.545776000977859,40.80364197469737],[-6.661701212512727,40.783915566435645],[-6.685523682227545,40.87189812236129],[-6.917484637106095,40.83197387411514],[-6.845387004430356,40.56816983711748],[-6.960820547142173,40.5481024286652],[-7.0090930502878575,40.723923711850716],[-7.240364318150008,40.68325314301782],[-7.3143718383859175,40.9466565067415],[-6.966012131258904,41.00775765191437],[-6.941701827198004,40.91987431780027],[-6.593208818545332,40.97965476838485],[-6.617062322478642,41.06763606905232],[-6.384105991928256,41.106874109317246],[-6.45529494309301,41.37091221541595],[-6.572268568688754,41.351264404529005],[-6.548292164536909,41.263300608461364],[-6.78173433974879,41.22365979450597],[-6.8060195841491975,41.31155810132017],[-7.039506540748564,41.27130503724265],[-7.014914003281125,41.18347300800381],[-7.247828305652805,41.14274122868873],[-7.22302563938205,41.05495890028352],[-7.455368637467879,41.01375069010712],[-7.430358980718242,40.92601831108481],[-7.546279169220934,40.90524474732114],[-7.622049967515408,41.16828679044709],[-7.505676857637149,41.189162578890944],[-7.530976414197006,41.27684208979958],[-7.414382771325311,41.29761608176002],[-7.4904089595599865,41.56065212375239],[-7.373285618358245,41.58139251190757],[-7.3986693856704795,41.66907070259969],[-7.046419456092082,41.73057177052678],[-7.02150278907363,41.642791300049325],[-7.138832172510229,41.622462227532374],[-7.064194131254937,41.35911997143132],[-6.947329861684713,41.3793481543793],[-6.971958491898816,41.46717949418597],[-6.737719823270021,41.50729184572212],[-6.786640520891808,41.68303724165482],[-6.6691083706810055,41.70295385944816],[-6.693554316520466,41.790834813972275],[-6.575797612377284,41.81064678862285],[-6.503215427922374,41.546855356808386],[-6.033421267098496,41.62433193534645],[-6.080452347119814,41.80046844864512],[-5.962524727840753,41.81955680684163],[-5.986018567514193,41.907633259264074],[-6.104105845923975,41.88851282965014],[-6.175624030045888,42.15255055220565],[-6.057054391190076,42.171767964247685],[-6.1530806484372595,42.52372695920445],[-6.033792133833561,42.54293535796783],[-6.0578716673042114,42.630918648271376],[-5.699107369006169,42.687799157421935],[-5.675524164806261,42.5997184501058],[-5.196909785751473,42.67345968531137],[-5.174084746808242,42.58523739887868],[-4.575209484363498,42.674084544087805],[-4.531500611283942,42.497291551996746],[-4.411874365709124,42.5145773940353],[-4.455246837908023,42.69142992416372],[-4.335222655318362,42.70863368174062],[-4.313662201365491,42.620184804202815],[-4.073769817682873,42.654108440965935],[-4.052632565108435,42.56558737908105],[-3.812839766379077,42.59888662119382],[-3.7921242218566067,42.51029471808543],[-3.6723090874337334,42.52670351898995],[-3.6928551849083386,42.615323682767006],[-3.0920679809194564,42.69537901282213],[-3.1118404413449587,42.78412436909947],[-2.870785818318517,42.81520430950163],[-2.8127346937545776,42.548769236344334],[-2.091369519523972,42.6381120110429],[-2.109608390138546,42.72709085845722],[-1.8683874714117998,42.75578054639351],[-1.8504959137588015,42.66675200451591],[-1.7299826915763996,42.68085763478931],[-1.7654888024188269,42.858952111974006],[-1.6445757129190943,42.872963333056845],[-1.6269621345809837,42.78389753106513],[-1.3853361077525668,42.811441043847175],[-1.368142902765533,42.72231591164742],[-1.2474311525814188,42.73584881863429],[-1.2135996581600093,42.55751768435634],[-1.0931887324867269,42.57086081431114],[-1.0765479948697538,42.48165527217307],[-1.1967852748140626,42.46833518098824],[-1.16335739460545,42.28993614448634],[-1.0434654273722515,42.303210440854116],[-1.027022875895715,42.21397108707698],[-0.42773668396744025,42.27809545824947],[-0.41221875783155865,42.18873491174234],[-0.052634666353479215,42.22543668237591],[-0.03769528392328734,42.136002350873156],[0.3217503421572672,42.17136044459909],[0.35041886930317934,41.99233886936707],[0.46997088501129236,42.00380058016309],[0.4840482364883718,41.91425447986284],[0.603468138509437,41.92555472344854],[0.6173185149717257,41.835978907095466],[0.8559318138131276,41.85811555920993],[0.8424244277962727,41.94772913982396],[0.9619598872581907,41.95860316604632],[0.9752954290541983,41.86897105309489],[1.094696404337831,41.879684563207654],[1.0815329357949144,41.96933497468674],[1.2011431061245756,41.97992449462641],[1.2141342751223283,41.89025601888354],[1.3336085755532432,41.900685350324466],[1.3463763157134407,41.810989050962654],[1.4657145023731282,41.821258666937354],[1.4782602005259653,41.73153488050553],[1.597462037924317,41.74164525306567],[1.6097870760539124,41.65189431246632],[1.7288523369944737,41.66184591266662],[1.7409580922019916,41.572068147178065],[2.3359283722746715,41.619618792551684],[2.3471339741311814,41.52975067978858],[2.585002873850543,41.54774846507162],[2.5741395505038733,41.63764710057743],[2.9316836459934046,41.66362527360703],[2.921293926102976,41.75355861375491],[3.040706663843658,41.761948228708405],[3.030448828074285,41.85188661807403],[3.150063810105939,41.86014796770421],[3.139939169744827,41.95009133303316],[3.020150022554183,41.94181584201153],[2.989005534783593,42.211548996542184],[2.8687194275943515,42.20308718141412],[2.8580777396336923,42.29296559836837],[2.978540588945596,42.30144203355803],[2.968033534033829,42.39132614204376],[3.0887038500891038,42.399673223952945],[3.1093212999261164,42.219867263995994],[3.229666232408103,42.22804192753083],[3.1992111391373332,42.49778019125727],[3.0783327813307793,42.48956294826513],[3.067919842440261,42.579443898588565],[2.704928507193598,42.5538819727838],[2.6718136986415835,42.82333830451374],[2.793320308089265,42.832048956566446],[2.782373931821941,42.92186542615051],[2.90409373294745,42.93044592321465],[2.8824328132466372,43.11008321114464],[2.5162733790508143,43.08381301789562],[2.5048255566357653,43.17357238829438],[2.382654669584327,43.16450790604875],[2.3942857733361724,43.07476453528216],[2.272331798923484,43.06557028268053],[2.284098051694961,42.975834324208506],[2.162360355572595,42.966510799021705],[2.150411971011377,43.05623032501876],[1.9066768090815773,43.03711355907446],[1.8943147187352956,43.126790423930196],[1.7723182122918029,43.116996499196176],[1.7848624990058115,43.027336885485965],[1.6630843832790536,43.01741477621889],[1.6503581265031952,43.10705688980887],[1.4065492623590232,43.08674089884753],[1.3934064990456942,43.17633796541215],[1.1493857013951336,43.155403201050675],[1.135824203215728,43.244953962625544],[0.891596041661207,43.22339887342206],[0.9193910039389132,43.044363854146354],[0.7977001122751993,43.03340647138677],[0.7836498352924564,43.122909457829444],[0.4182805051790614,43.089107637944224],[0.4036294560117116,43.17854131509725],[0.038098945425021034,43.14337169337275],[-0.007849703238614097,43.41142652533709],[-0.13014975280604635,43.399349140351035],[-0.09909184733989618,43.22069865937537],[-0.2209838387299128,43.20851867478954],[-0.23666223813422,43.297827454330985],[-0.7244937656123044,43.24756804932517],[-0.7409599992986066,43.336777654600255],[-0.8629805451880057,43.32382706729144],[-0.846334044637709,43.23464030740143],[-1.089870026975757,43.208349988741716],[-1.0729326234279133,43.11919875679985],[-1.3159155402732168,43.092376464540635],[-1.385515525418396,43.44872623278439],[-1.0188113404200279,43.4890263482729],[-1.0018476509026961,43.39988417065702],[-0.8796947659199128,43.413003161020875],[-0.8964770867428405,43.50216862023885],[-0.7740939008805833,43.51516518527703],[-0.7907623242018499,43.604343174840565],[-1.0358442187446233,43.57815782530338],[-1.052946675353095,43.66727863241662],[-0.9302475629800397,43.68046776066199],[-0.9472364929770423,43.76960150408576],[-0.20891175366982578,43.84579906412506],[-0.22485858096678477,43.935059105386664],[0.14550204188757992,43.971239620243395],[0.1300516576554201,44.06055504220932],[0.25378482610649183,44.0723415458014],[0.20761767294467573,44.34029470329906],[0.08331615098394851,44.32844390101235],[0.06760830214544766,44.41772116770808],[-0.18123528828783728,44.39353001120174],[-0.19739099201515586,44.482753629287494],[-0.3219318331586929,44.470412586046095],[-0.3548291695556292,44.648785771868845],[-0.4797044403165137,44.63625015894265],[-0.4964488417107929,44.72539924001272],[-0.7464333250874119,44.699833617134644],[-0.7809062050186282,44.878008375295394],[-0.6555527976321153,44.890913296103356],[-0.6727029898692805,44.98000975487317],[-0.7982508699144056,44.96708097046532],[-0.8683608987090068,45.32327347947888],[-0.9946406763890339,45.3100970846754],[-1.0305374609148286,45.48808561294965],[-1.1571590652650408,45.47470825434472]],[[-7.538868068130715,43.39517884665048],[-7.418235382114894,43.41607052629074],[-7.391551824229318,43.32857605183035],[-7.271010593098304,43.349289984572536],[-7.2446002530358165,43.261742670588994],[-7.60549669062498,43.19928539058576],[-7.632406765736835,43.28672411535307],[-7.512017349116616,43.30772071487696],[-7.538868068130715,43.39517884665048]],[[-8.951554853448709,43.0464793576018],[-8.832028409138275,43.069020310170984],[-8.803482677605873,42.981957101941184],[-8.922848152491442,42.95945482473765],[-8.951554853448709,43.0464793576018]],[[-6.520797527441808,43.38283753462725],[-6.399907990789861,43.402523255897655],[-6.374780322260747,43.314714357601204],[-6.495500300782426,43.29506297035227],[-6.520797527441808,43.38283753462725]],[[-5.64897328783443,43.429634459986055],[-5.527761573778289,43.448288543191794],[-5.503928881819825,43.36023070985501],[-5.624968660470349,43.34160927985741],[-5.64897328783443,43.429634459986055]],[[-4.973089800540122,43.25687229425184],[-4.852059945497867,43.27471593041401],[-4.82936857651323,43.1864558207597],[-4.950226337796906,43.16864332733928],[-4.973089800540122,43.25687229425184]],[[-4.82936857651323,43.1864558207597],[-4.70844610679466,43.20412559027371],[-4.686017406845669,43.115820541308416],[-4.806768017752764,43.09818156335797],[-4.82936857651323,43.1864558207597]],[[-4.619267475073476,42.850821143926765],[-4.498965961751451,42.86822654686212],[-4.477062833005265,42.779835216782025],[-4.597194603208197,42.76245988620484],[-4.619267475073476,42.850821143926765]],[[-3.6551358427115193,42.98607999491087],[-3.534348339822907,43.002345630971156],[-3.513816540444345,42.91372180155671],[-3.6344313482837127,42.89748443564593],[-3.6551358427115193,42.98607999491087]],[[-3.513816540444345,42.91372180155671],[-3.393143346781815,42.92981641550263],[-3.3728660378857436,42.84115164240084],[-3.4933668220279013,42.825084955552896],[-3.513816540444345,42.91372180155671]],[[-3.3728660378857436,42.84115164240084],[-3.2523076709322147,42.85707569576362],[-3.2322834742184097,42.76837041502935],[-3.3526697217828043,42.75247394730554],[-3.3728660378857436,42.84115164240084]],[[-2.7695073980149894,42.91934341877793],[-2.6486679018982597,42.93455269514206],[-2.629509469921737,42.84571292306429],[-2.7501751324764054,42.83053008446931],[-2.7695073980149894,42.91934341877793]],[[-0.4646315236479434,43.18372326200519],[-0.34283056293362013,43.19619351340024],[-0.32703561706846246,43.10689615279499],[-0.4486568354003177,43.09444783109044],[-0.4646315236479434,43.18372326200519]],[[-2.508789287739933,42.86075272165025],[-2.388015044965148,42.87564937741777],[-2.369280644234213,42.786745359115685],[-2.4898810431698,42.771874570766926],[-2.508789287739933,42.86075272165025]],[[-0.7967971083691519,42.967015711088074],[-0.6754934608562355,42.97987548439008],[-0.6592915989894174,42.89062327034595],[-0.7804177471123047,42.87778596582385],[-0.7967971083691519,42.967015711088074]],[[1.1628922033549263,43.06584302416994],[1.284701503275201,43.07636466055615],[1.2979722817209367,42.986776536577544],[1.1763440160239138,42.97627339158298],[1.1628922033549263,43.06584302416994]],[[-0.28003231229588055,42.83894157774536],[-0.03772655259098006,42.86327527912428],[-0.022539566867199733,42.77389372261287],[0.09850127237904216,42.78582333035715],[0.0834920797428276,42.87522573526339],[0.2047538969386536,42.887031817698904],[0.23435648925956395,42.708175608346664],[0.11345010009744153,42.696410655197184],[0.1283388957520916,42.60698767302583],[0.007651581143962362,42.595099503799844],[-0.007413634429347443,42.684501809597904],[-0.24901121197246898,42.660252768798614],[-0.28003231229588055,42.83894157774536]],[[-0.5062640574708595,42.72473562389242],[-0.38539972867593275,42.73724093066818],[-0.3697440951201508,42.64791273969865],[-0.49043240392577064,42.6354291503412],[-0.5062640574708595,42.72473562389242]],[[-8.568267998626826,41.455170571638014],[-8.45163068925369,41.47717413965421],[-8.42486781664176,41.38981335122324],[-8.541353983327888,41.367846010965096],[-8.568267998626826,41.455170571638014]],[[-0.8522251331233087,42.59711787768313],[-0.7316733964101536,42.61003163276298],[-0.7155553233596791,42.52075837895455],[-0.8359325533481416,42.50786695975508],[-0.8522251331233087,42.59711787768313]],[[0.3553050492122955,42.71979658822781],[0.5973267384454152,42.74260630941201],[0.6115072613763777,42.65310301907929],[0.3698402214234562,42.63033297147798],[0.3553050492122955,42.71979658822781]],[[0.6115072613763777,42.65310301907929],[0.8533361373754136,42.67529719138672],[0.8671054342883603,42.58574534059729],[0.6256308269393795,42.563589716608526],[0.6115072613763777,42.65310301907929]],[[1.3374637670996712,42.71795548486498],[1.4585906976214964,42.72825920081108],[1.4714701197219073,42.638615210238136],[1.3505216328701715,42.62832943680131],[1.3374637670996712,42.71795548486498]],[[-8.3982076884771,41.302433972733866],[-8.165321710858729,41.34588951000767],[-8.139065335826412,41.25842021900406],[-8.371649778136389,41.21503601043038],[-8.3982076884771,41.302433972733866]],[[0.8671054342883603,42.58574534059729],[0.987901841983574,42.59660736987263],[1.0014390618435636,42.507026793107734],[0.8808194636846622,42.49618359805515],[0.8671054342883603,42.58574534059729]],[[1.6051050525727468,42.5590856144104],[1.7259484328170684,42.56906544954086],[1.7383697746127138,42.479367533854784],[1.617703893067414,42.46940500898472],[1.6051050525727468,42.5590856144104]],[[0.05248625279176329,42.32682986422487],[0.1726483811499367,42.33865651423352],[0.18730032695338378,42.24919193293677],[0.06731191448610231,42.2373856209248],[0.05248625279176329,42.32682986422487]],[[2.112417424832247,42.41863383715985],[2.2330441502882445,42.428004111314934],[2.244659498220431,42.33822099343785],[2.124209733578238,42.3288669214016],[2.112417424832247,42.41863383715985]],[[0.6815617515473422,42.20543560404673],[1.0417262542261165,42.23822577676172],[1.0683169463214583,42.058975286593075],[0.9485711584370651,42.04822510415772],[0.935128952081245,42.13783690831895],[0.695405186725036,42.11587165352151],[0.6815617515473422,42.20543560404673]],[[-6.874012118279975,41.11575235212797],[-6.757542607804078,41.135744648136324],[-6.733443906170477,41.04781265747885],[-6.849760627011879,41.0278531448692],[-6.874012118279975,41.11575235212797]],[[-8.648741558388698,40.51533685292509],[-8.533800800362098,40.53738595918833],[-8.507604635801355,40.44994461468817],[-8.622400365988662,40.427930913568275],[-8.648741558388698,40.51533685292509]],[[1.7166984740087616,41.751613766493335],[1.8359690433659335,41.761440355333235],[1.8479515234592025,41.67165582194487],[1.7288523369944737,41.66184591266662],[1.7166984740087616,41.751613766493335]],[[-8.79882426198196,40.20877612078035],[-8.455509042962959,40.275005077584666],[-8.429608624752465,40.18750689172254],[-8.772494189089029,40.121383478948225],[-8.79882426198196,40.20877612078035]],[[-7.076190066029405,40.52790024173952],[-6.960820547142173,40.5481024286652],[-6.936822132836903,40.46016590527691],[-7.052043072362147,40.439996317358855],[-7.076190066029405,40.52790024173952]],[[-6.936822132836903,40.46016590527691],[-6.706189634998777,40.50010119790169],[-6.682579749506216,40.412083034582025],[-6.912914988738248,40.372212120003105],[-6.936822132836903,40.46016590527691]],[[-7.372823384501934,40.29085844272077],[-7.2579423816651305,40.311398048561124],[-7.233684418807047,40.223524603524346],[-7.3484189523140975,40.20301790783143],[-7.372823384501934,40.29085844272077]],[[-6.520664061987801,40.25566577084102],[-6.405637652774839,40.275201533198114],[-6.382591488054369,40.18706940636732],[-6.497469879469974,40.16756498991508],[-6.520664061987801,40.25566577084102]],[[-6.267652246207297,40.20643953233324],[-6.152652494467144,40.22567525535382],[-6.129989853605468,40.137464446360056],[-6.244841388813957,40.118259568519136],[-6.267652246207297,40.20643953233324]],[[-4.957160825282193,40.23358328937646],[-4.84182185700256,40.25127602221705],[-4.8209723442142,40.162708035984664],[-4.936160419314435,40.145043787985934],[-4.957160825282193,40.23358328937646]],[[-8.225878346548468,39.48683965658979],[-7.999221480080686,39.52971080946621],[-7.9744622177403715,39.441975070842076],[-8.20083906894352,39.399171044216565],[-8.225878346548468,39.48683965658979]]]},"properties":{"name":"Tree cover (2000)","source":"JRC GLC2000 v1.1","threshold":0.4}},{"type":"Feature","geometry":{"type":"Polygon","coordinates":[[[22.122742681956577,40.35311923439669],[22.088619900688165,40.17469288538635],[22.320054690278297,40.14568145658275],[22.302781768271853,40.0564955091646],[22.418275458101856,40.0418090458484],[22.400914777556892,39.952633425211786],[22.631455589522883,39.92290047712963],[22.649123254421852,40.01202817252869],[22.53372274693858,40.02698657117926],[22.551304315641374,40.116124814070304],[22.435702840659776,40.130971243513784],[22.453197269352007,40.220120048211704],[22.221544359429405,40.2494516515018],[22.238794733556393,40.338634761529924],[22.122742681956577,40.35311923439669]]]},"properties":{"name":"Tree cover (2000)","source":"JRC GLC2000 v1.1","threshold":0.4}},{"type":"Feature","geometry":{"type":"Polygon","coordinates":[[[-2.3792249825193834,41.05162894049573],[-2.32605267173228,40.7843537404356],[-2.5595913954723573,40.754733275034575],[-2.541687323409401,40.66566421108693],[-2.774715422088161,40.63554251985931],[-2.7565656395606046,40.54650950556088],[-2.4074234910977683,40.59141230751463],[-2.3898146797994952,40.502292555768264],[-2.273495648947437,40.51696157715819],[-2.25611171463672,40.42780472665234],[-2.139902956953411,40.44231281590902],[-2.1227426819565802,40.35311923439669],[-2.006644569531999,40.36746681578905],[-1.98970673877265,40.278236867594686],[-2.1056484435752014,40.26391260122199],[-2.071656714618791,40.08546005566915],[-1.956026119031444,40.09973796754242],[-1.9392826604483848,40.01046895207421],[-1.7081974674730962,40.03857016880584],[-1.7411272989059385,40.217186247658816],[-1.6252072120071575,40.23107735503382],[-1.6580778026292151,40.40968735262166],[-1.5417993897240163,40.42348651317798],[-1.574608238558669,40.602090988447905],[-1.6912033404660318,40.58824660473401],[-1.707862547749358,40.67750728281641],[-1.8245715893567156,40.663502284852655],[-1.7910002575038508,40.485014135267285],[-1.9073468326756235,40.47091760660087],[-2.0098048980449223,41.00609027454088],[-2.2442707920685017,40.97720192766478],[-2.261903084638668,41.0663049965547],[-2.3792249825193834,41.05162894049573]],[[-2.3084657749128397,40.69523605433415],[-2.1917834499642117,40.70981555709787],[-2.174422993628373,40.620660946822404],[-2.290946885270122,40.606105343108375],[-2.3084657749128397,40.69523605433415]]]},"properties":{"name":"Tree cover (2000)","source":"JRC GLC2000 v1.1","threshold":0.4}},{"type":"Feature","geometry":{"type":"Polygon","coordinates":[[[29.665897601605668,39.10817511211975],[29.63917366906485,39.02093905573087],[29.52701272291526,39.044070057020825],[29.447831378725176,38.78213170976566],[29.671284604465345,38.735953417017285],[29.69784714737295,38.823215822563505],[29.809605957654835,38.79989735997054],[29.836399437356242,38.88710320874109],[29.948223177614796,38.863619679774736],[29.975248516488136,38.9507685355566],[29.751266797461582,38.99767838586604],[29.7781248537435,39.0848785310329],[29.665897601605668,39.10817511211975]]]},"properties":{"name":"Tree cover (2000)","source":"JRC GLC2000 v1.1","threshold":0.4}},{"type":"Feature","geometry":{"type":"Polygon","coordinates":[[[-9.388427407159112,38.97974352447281],[-9.362167822412347,38.8923954256777],[-9.474127809506655,38.869464977458975],[-9.44783137872518,38.78213170976566],[-9.112154118965588,38.850429136192545],[-9.138048577629391,38.93786745662497],[-9.025889872018345,38.96040879783042],[-9.051745088943868,39.047861840049436],[-9.388427407159112,38.97974352447281]]]},"properties":{"name":"Tree cover (2000)","source":"JRC GLC2000 v1.1","threshold":0.4}},{"type":"Feature","geometry":{"type":"Polygon","coordinates":[[[14.480181021362458,40.72674360591444],[14.47378728549334,40.63644896393772],[14.708769284868117,40.625500399759694],[14.715496608174938,40.71577686768589],[14.480181021362458,40.72674360591444]]]},"properties":{"name":"Tree cover (2000)","source":"JRC GLC2000 v1.1","threshold":0.4}},{"type":"Feature","geometry":{"type":"Polygon","coordinates":[[[-1.1453775618216162,40.19586078894157],[-1.129724326272658,40.10643629811152],[-1.0139025134311461,40.11959969280084],[-0.9984656044398432,40.03014143795268],[-0.8827587448966232,40.04314695660512],[-0.9133786956546942,40.222093322868545],[-1.1453775618216162,40.19586078894157]]]},"properties":{"name":"Tree cover (2000)","source":"JRC GLC2000 v1.1","threshold":0.4}},{"type":"Feature","geometry":{"type":"Polygon","coordinates":[[[26.972808047348515,39.25575056804763],[26.949622349243743,39.167664918338225],[27.17559161977996,39.127290476885605],[27.199058391488606,39.21531307598832],[26.972808047348515,39.25575056804763]]]},"properties":{"name":"Tree cover (2000)","source":"JRC GLC2000 v1.1","threshold":0.4}},{"type":"Feature","geometry":{"type":"Polygon","coordinates":[[[-1.7081974674730962,40.03857016880584],[-1.6755196240078554,39.85990245985632],[-1.4448782060282794,39.887369686315445],[-1.4608768145912385,39.97675429175602],[-1.57637360355104,39.96306663249582],[-1.592588935973887,40.05241634797928],[-1.7081974674730962,40.03857016880584]]]},"properties":{"name":"Tree cover (2000)","source":"JRC GLC2000 v1.1","threshold":0.4}},{"type":"Feature","geometry":{"type":"Polygon","coordinates":[[[-0.6661898135881509,40.15826879591729],[-0.6363135480587648,39.979214884972514],[-0.5206419419708879,39.99178981832898],[-0.5502044875600666,40.17088454660536],[-0.6661898135881509,40.15826879591729]]]},"properties":{"name":"Tree cover (2000)","source":"JRC GLC2000 v1.1","threshold":0.4}},{"type":"Feature","geometry":{"type":"Polygon","coordinates":[[[34.841121436271216,37.50433840096773],[34.77673296756674,37.33341417717812],[34.88471944988094,37.30429437548666],[34.94933451668372,37.4751339394496],[34.841121436271216,37.50433840096773]]]},"properties":{"name":"Tree cover (2000)","source":"JRC GLC2000 v1.1","threshold":0.4}},{"type":"Feature","geometry":{"type":"Polygon","coordinates":[[[-4.2201146330404535,39.61083464266623],[-4.180918723819461,39.4332199592392],[-4.066806291645387,39.449964934291415],[-4.086219392359523,39.53880636417058],[-3.9719081829700302,39.555443841459514],[-3.9912464485212102,39.64429675022979],[-4.2201146330404535,39.61083464266623]]]},"properties":{"name":"Tree cover (2000)","source":"JRC GLC2000 v1.1","threshold":0.4}},{"type":"Feature","geometry":{"type":"Polygon","coordinates":[[[-5.697054384401637,39.84090157770708],[-5.63190740405637,39.575702398614574],[-5.51785154003366,39.59416200647302],[-5.49644501268273,39.50570049842617],[-5.724209552122675,39.46870647381824],[-5.681059449672435,39.29185112172065],[-5.226466800671662,39.36507502267565],[-5.247422457560547,39.45362630979049],[-5.019506636706063,39.489496841157724],[-4.957746622574328,39.2236258171911],[-4.730488943465455,39.258795765682045],[-4.750707530123527,39.34749064710071],[-4.864508210453922,39.3299445737583],[-4.88494913976916,39.418596130394015],[-4.771002538251436,39.43616990242192],[-4.791374351793707,39.52483355202419],[-4.6772278894089006,39.54230147462283],[-4.636854033145644,39.364903446650715],[-4.522948060547421,39.382182874577985],[-4.503021218284996,39.29343337833433],[-4.161431752594673,39.344389973666665],[-4.180918723819461,39.4332199592392],[-4.408989954993649,39.399328833645264],[-4.428845365891739,39.48809004068075],[-4.314688333981728,39.50512936807167],[-4.334471362373727,39.59390232464219],[-4.448776047633424,39.57683595905169],[-4.468782380203309,39.665566610428684],[-4.811823357380837,39.61348161598881],[-4.83234994435185,39.702114114097874],[-4.946737362324181,39.68445660198915],[-4.926063325533772,39.59585212511433],[-5.1543806549312166,39.56019200469235],[-5.175348644915227,39.64873986472294],[-5.28957182176003,39.630680843011625],[-5.310766327845562,39.719184124030406],[-5.539339091990144,39.68260730693522],[-5.5609080763983725,39.77103641568036],[-5.446502876012404,39.789420881140565],[-5.468006330117307,39.87786312416507],[-5.697054384401637,39.84090157770708]]]},"properties":{"name":"Tree cover (2000)","source":"JRC GLC2000 v1.1","threshold":0.4}},{"type":"Feature","geometry":{"type":"Polygon","coordinates":[[[26.248042239787733,39.19733728702291],[26.203790205590487,39.020711134994535],[26.542446095799903,38.96259785887556],[26.564953618120995,39.05082891174762],[26.45198497424035,39.07036196121982],[26.47443563001286,39.15860609096652],[26.248042239787733,39.19733728702291]]]},"properties":{"name":"Tree cover (2000)","source":"JRC GLC2000 v1.1","threshold":0.4}},{"type":"Feature","geometry":{"type":"Polygon","coordinates":[[[36.3829096030565,37.16916373099996],[36.348989616515766,37.08434978851849],[36.241797144583174,37.11514012313341],[36.17452739060052,36.94533603959549],[36.281504036799554,36.91463358023069],[36.18115393718702,36.65983909291528],[36.39423099767849,36.59833438823503],[36.59727096072534,37.107131443982695],[36.3829096030565,37.16916373099996]]]},"properties":{"name":"Tree cover (2000)","source":"JRC GLC2000 v1.1","threshold":0.4}},{"type":"Feature","geometry":{"type":"Polygon","coordinates":[[[-1.3453372302683793,39.99030568167809],[-1.3294934890615948,39.90089924605753],[-1.2140666157580233,39.91429266376701],[-1.1984380857298769,39.82485197630597],[-1.3137104089088827,39.81148009622175],[-1.2979876788135152,39.722048197152894],[-1.1828693414210572,39.73539862432193],[-1.1673600767202272,39.645932572165556],[-1.0523541281289075,39.659126028872635],[-1.0677097262317414,39.74861324405672],[-0.837268205865367,39.77463475297808],[-0.8523735363350242,39.8641512235722],[-1.0831242405718942,39.83808784258525],[-1.1141312338737503,40.01699933381488],[-1.3453372302683793,39.99030568167809]]]},"properties":{"name":"Tree cover (2000)","source":"JRC GLC2000 v1.1","threshold":0.4}},{"type":"Feature","geometry":{"type":"Polygon","coordinates":[[[-7.667501202274699,38.76035896319601],[-7.6436941224092845,38.67242274926417],[-7.4194334498182615,38.71385309340453],[-7.4429665520616055,38.80185316192895],[-7.667501202274699,38.76035896319601]]]},"properties":{"name":"Tree cover (2000)","source":"JRC GLC2000 v1.1","threshold":0.4}},{"type":"Feature","geometry":{"type":"Polygon","coordinates":[[[-1.9059877897771704,39.831891629605664],[-1.8894357223396703,39.742583257702655],[-1.7743767762017386,39.756634016635516],[-1.741766669287418,39.57793282075616],[-1.6269697042273303,39.591803505129015],[-1.6109096207227036,39.502411080542586],[-1.4962222303307238,39.5161245805353],[-1.544128945455138,39.78432860900567],[-1.6592743903148335,39.770549160800115],[-1.6755196240078554,39.85990245985632],[-1.9059877897771704,39.831891629605664]]]},"properties":{"name":"Tree cover (2000)","source":"JRC GLC2000 v1.1","threshold":0.4}},{"type":"Feature","geometry":{"type":"Polygon","coordinates":[[[22.82606712975551,39.71442556034996],[22.79059686948566,39.536170565427334],[22.905097610839732,39.52092732867399],[22.887313614081027,39.431803120018955],[23.00161792370645,39.41644970938086],[22.983752297912247,39.32733572836009],[23.21192242394045,39.29627533719481],[23.23008524062289,39.385340131523606],[23.115875252328788,39.40096201718338],[23.13395805088654,39.490037242048125],[23.019551458893854,39.50554952488303],[23.037553247917415,39.59463520338431],[22.922949326763824,39.61003749553103],[22.94086910630827,39.69913364935005],[22.82606712975551,39.71442556034996]]]},"properties":{"name":"Tree cover (2000)","source":"JRC GLC2000 v1.1","threshold":0.4}},{"type":"Feature","geometry":{"type":"Polygon","coordinates":[[[-0.5206419419708879,39.99178981832898],[-0.4913060229070339,39.81264655253697],[-0.6066662177991249,39.80011211445502],[-0.5919276680211538,39.710542312744494],[-0.4767223198668989,39.72305662291762],[-0.46219440348839685,39.6334544443856],[-0.3471048456402997,39.645812861680476],[-0.36147825630870556,39.735434881220904],[-0.24619586850087014,39.74767701512237],[-0.2891809013781609,40.01652957288282],[-0.5206419419708879,39.99178981832898]]]},"properties":{"name":"Tree cover (2000)","source":"JRC GLC2000 v1.1","threshold":0.4}},{"type":"Feature","geometry":{"type":"Polygon","coordinates":[[[-4.596783836360126,39.18744333722315],[-4.576861664136542,39.0986899487855],[-4.349871587107367,39.13295325955742],[-4.369503439009343,39.221760465467014],[-4.596783836360126,39.18744333722315]]]},"properties":{"name":"Tree cover (2000)","source":"JRC GLC2000 v1.1","threshold":0.4}},{"type":"Feature","geometry":{"type":"Polygon","coordinates":[[[19.66922284345616,39.80684333025559],[19.642390909227743,39.62735821199606],[19.87266903061609,39.60417545435433],[19.900122689906436,39.783585955850526],[19.66922284345616,39.80684333025559]]]},"properties":{"name":"Tree cover (2000)","source":"JRC GLC2000 v1.1","threshold":0.4}},{"type":"Feature","geometry":{"type":"Polygon","coordinates":[[[-8.389153221957205,38.80817432911323],[-8.36434990339824,38.720472466026735],[-8.476290561820893,38.69871662430544],[-8.451443938992137,38.61102876745698],[-8.786483828746903,38.545084283518726],[-8.736263869682933,38.36985110314314],[-8.847551515894045,38.34767863843919],[-8.822447492427111,38.260065928300826],[-8.600073925319931,38.3042148732258],[-8.624913347737287,38.391894675452065],[-8.290487276158586,38.45725089578293],[-8.266047381950298,38.36947170146779],[-8.154581986216883,38.39096576840583],[-8.178888008969228,38.478777758493834],[-7.9555052939371045,38.521442991162395],[-8.052547557304417,38.872761626298384],[-8.389153221957205,38.80817432911323]]]},"properties":{"name":"Tree cover (2000)","source":"JRC GLC2000 v1.1","threshold":0.4}},{"type":"Feature","geometry":{"type":"Polygon","coordinates":[[[4.050868489425439,40.01412686040644],[4.059192052750739,39.923898923077154],[4.291443961359841,39.937761324876305],[4.283442468140916,40.02801182432193],[4.050868489425439,40.01412686040644]]]},"properties":{"name":"Tree cover (2000)","source":"JRC GLC2000 v1.1","threshold":0.4}},{"type":"Feature","geometry":{"type":"Polygon","coordinates":[[[27.28390430179459,38.64632272647541],[27.260681578833935,38.55825449306065],[27.48451554301278,38.51721115764385],[27.508011126768906,38.605216359792884],[27.28390430179459,38.64632272647541]]]},"properties":{"name":"Tree cover (2000)","source":"JRC GLC2000 v1.1","threshold":0.4}},{"type":"Feature","geometry":{"type":"Polygon","coordinates":[[[20.390391011049086,39.91464244782327],[20.361478256308704,39.735434881220904],[20.24619586850087,39.74767701512237],[20.231977189244212,39.65803536265307],[20.462194403488397,39.6334544443856],[20.44772198810054,39.54383997840232],[20.677478058791248,39.51875582986657],[20.662754791419367,39.429169026027516],[20.892049585991032,39.403583719349676],[20.90707800661977,39.49312971408461],[20.792297739729722,39.506010481096645],[20.807230602400786,39.59556441895011],[20.692257668941448,39.60833014987482],[20.707093910885227,39.697892023946245],[20.591927668021153,39.710542312744494],[20.621461413624463,39.889669625938396],[20.390391011049086,39.91464244782327]]]},"properties":{"name":"Tree cover (2000)","source":"JRC GLC2000 v1.1","threshold":0.4}},{"type":"Feature","geometry":{"type":"Polygon","coordinates":[[[23.21192242394045,39.29627533719481],[23.175802310683395,39.11810256597469],[23.289521628520514,39.102420948690614],[23.32593653319309,39.28054423399177],[23.21192242394045,39.29627533719481]]]},"properties":{"name":"Tree cover (2000)","source":"JRC GLC2000 v1.1","threshold":0.4}},{"type":"Feature","geometry":{"type":"Polygon","coordinates":[[[-8.488793628705839,38.32609614119949],[-8.464177655529918,38.238363454333445],[-8.24169725515871,38.28167316540174],[-8.266047381950298,38.36947170146779],[-8.488793628705839,38.32609614119949]]]},"properties":{"name":"Tree cover (2000)","source":"JRC GLC2000 v1.1","threshold":0.4}},{"type":"Feature","geometry":{"type":"Polygon","coordinates":[[[9.06660944403713,40.09995175074432],[9.067919042239287,40.009427552310186],[9.300926892845556,40.01136994216739],[9.299944619322106,40.10189731713802],[9.06660944403713,40.09995175074432]]]},"properties":{"name":"Tree cover (2000)","source":"JRC GLC2000 v1.1","threshold":0.4}},{"type":"Feature","geometry":{"type":"Polygon","coordinates":[[[27.572799173723457,38.40850245932219],[27.525970228764567,38.232462484161374],[27.637334387925307,38.21171111160323],[27.66083996968344,38.29970882602971],[27.88365854137004,38.257754826876365],[27.907519273558172,38.34566986312799],[27.572799173723457,38.40850245932219]]]},"properties":{"name":"Tree cover (2000)","source":"JRC GLC2000 v1.1","threshold":0.4}},{"type":"Feature","geometry":{"type":"Polygon","coordinates":[[[36.11483345558489,36.48982979534314],[36.08184558375687,36.40478137354056],[35.9755100306526,36.43522378791919],[35.94274233001676,36.35010341050104],[35.83643692029663,36.38038290388165],[35.77145334831875,36.20997036587794],[35.98356549813602,36.14946147382996],[36.0162120968771,36.23459717543449],[36.12226054585707,36.204120417825216],[36.22119846988582,36.45922421139288],[36.11483345558489,36.48982979534314]]]},"properties":{"name":"Tree cover (2000)","source":"JRC GLC2000 v1.1","threshold":0.4}},{"type":"Feature","geometry":{"type":"Polygon","coordinates":[[[23.271417030481395,39.01333751517103],[23.25338054536325,38.92423951708734],[23.1399539406245,38.93987202985335],[23.12213081189174,38.850735028487655],[23.348646446286796,38.81938596929428],[23.384942782952496,38.99754725882357],[23.271417030481395,39.01333751517103]]]},"properties":{"name":"Tree cover (2000)","source":"JRC GLC2000 v1.1","threshold":0.4}},{"type":"Feature","geometry":{"type":"Polygon","coordinates":[[[-1.350161407307528,39.35079203399634],[-1.3345848737692743,39.26131709469816],[-1.220268548657795,39.274696224078205],[-1.204901510977166,39.185187083375226],[-0.9764494117006599,39.211499427133035],[-0.9464895581406993,39.03235918607902],[-0.7184812113437256,39.05805157885511],[-0.7331324341515945,39.14766871412189],[-0.8473061827290232,39.13486949453948],[-0.8770783349063179,39.31402504282867],[-1.105911767811085,39.28794064216105],[-1.1211861317973086,39.377457855307824],[-1.350161407307528,39.35079203399634]]]},"properties":{"name":"Tree cover (2000)","source":"JRC GLC2000 v1.1","threshold":0.4}},{"type":"Feature","geometry":{"type":"Polygon","coordinates":[[[-6.90176360693728,38.53066355698752],[-6.879121178756124,38.44246624493996],[-6.990969524074255,38.422461908500246],[-6.945663145101911,38.246074470492786],[-6.834086828066007,38.26601780320333],[-6.81169409981096,38.177766649450504],[-6.588643460245783,38.21720368170184],[-6.610764547673311,38.3055149774052],[-6.722453863881585,38.285831340113035],[-6.744793311822062,38.374094805697204],[-6.521085441912526,38.413392096841555],[-6.5432335785535285,38.50169797504984],[-6.655252907152141,38.482084383015405],[-6.677620977886603,38.57034251916004],[-6.90176360693728,38.53066355698752]]]},"properties":{"name":"Tree cover (2000)","source":"JRC GLC2000 v1.1","threshold":0.4}},{"type":"Feature","geometry":{"type":"Polygon","coordinates":[[[26.990969524074252,38.422461908500246],[26.900689883880396,38.06961473896602],[27.12313285450042,38.02946123050427],[27.145846877910053,38.11763918982474],[27.034519431543778,38.137811126115686],[27.10276028010125,38.40232753435199],[26.990969524074252,38.422461908500246]]]},"properties":{"name":"Tree cover (2000)","source":"JRC GLC2000 v1.1","threshold":0.4}},{"type":"Feature","geometry":{"type":"Polygon","coordinates":[[[23.348646446286796,38.81938596929428],[23.33060036845164,38.73028326457172],[23.443643695272332,38.714434238202536],[23.425521201514748,38.625341392602756],[23.538373948104297,38.60938466879112],[23.574975070688694,38.787505839772166],[23.348646446286796,38.81938596929428]]]},"properties":{"name":"Tree cover (2000)","source":"JRC GLC2000 v1.1","threshold":0.4}},{"type":"Feature","geometry":{"type":"Polygon","coordinates":[[[-7.8126003998606866,37.99389575024952],[-7.789087649302685,37.905904711253605],[-7.567334002570489,37.947605374949745],[-7.590581816297025,38.035659394611955],[-7.8126003998606866,37.99389575024952]]]},"properties":{"name":"Tree cover (2000)","source":"JRC GLC2000 v1.1","threshold":0.4}},{"type":"Feature","geometry":{"type":"Polygon","coordinates":[[[27.812600399860685,37.99389575024952],[27.789087649302687,37.905904711253605],[28.01060703535403,37.863690024812136],[28.03438340315534,37.9516174159037],[27.812600399860685,37.99389575024952]]]},"properties":{"name":"Tree cover (2000)","source":"JRC GLC2000 v1.1","threshold":0.4}},{"type":"Feature","geometry":{"type":"Polygon","coordinates":[[[28.919115857024217,37.77737458315471],[28.894298418267457,37.689708354982926],[29.11461407407951,37.64493659278332],[29.13968838238191,37.73253591293331],[28.919115857024217,37.77737458315471]]]},"properties":{"name":"Tree cover (2000)","source":"JRC GLC2000 v1.1","threshold":0.4}},{"type":"Feature","geometry":{"type":"Polygon","coordinates":[[[-1.0604353933960706,39.01931156781785],[-1.0304038346934727,38.84016061905388],[-0.8030695382023716,38.86604011719154],[-0.8177592532843165,38.95566276764202],[-0.9315946225232312,38.942769716330204],[-0.9464895581406993,39.03235918607902],[-1.0604353933960706,39.01931156781785]]]},"properties":{"name":"Tree cover (2000)","source":"JRC GLC2000 v1.1","threshold":0.4}},{"type":"Feature","geometry":{"type":"Polygon","coordinates":[[[-4.458886204856885,38.56584155616057],[-4.420145669841667,38.38809990116123],[-4.195442242587794,38.421940023353216],[-4.176461385321659,38.33299355952197],[-3.9518460625823404,38.36625644497125],[-3.9705444019205633,38.455254165827476],[-4.083017460782517,38.4386628870648],[-4.101927619071515,38.527619599674836],[-4.327011519859169,38.49399055348179],[-4.346276369953682,38.58287979737196],[-4.458886204856885,38.56584155616057]]]},"properties":{"name":"Tree cover (2000)","source":"JRC GLC2000 v1.1","threshold":0.4}},{"type":"Feature","geometry":{"type":"Polygon","coordinates":[[[1.3638056480095924,39.085099109374625],[1.3755804160861338,38.995118963846764],[1.6040645080638516,39.015314680540286],[1.592594819421096,39.10532680279998],[1.3638056480095924,39.085099109374625]]]},"properties":{"name":"Tree cover (2000)","source":"JRC GLC2000 v1.1","threshold":0.4}},{"type":"Feature","geometry":{"type":"Polygon","coordinates":[[[30.757710392768,37.66566012013972],[30.649794655814613,37.31733983193694],[30.5405547948051,37.34155966119519],[30.5139407725929,37.254388426854725],[31.058874797703503,37.132213987999734],[31.031746847990412,37.045199370332604],[31.35755905167064,36.97050319558022],[31.33016769914143,36.88357444597144],[31.54680768103716,36.833227603450275],[31.602165874888932,37.006915477048814],[31.710624510007882,36.98148218993181],[31.766618257448556,37.155002276466085],[31.875248198951244,37.129370243925116],[31.903515102491433,37.2160575193312],[31.68594770754384,37.26727180136828],[31.714075349447167,37.35401039932835],[31.60506888553695,37.37946769364495],[31.549155300887197,37.20589261381125],[31.65792055304487,37.18050977347267],[31.629993427384345,37.09372432805937],[31.521348251750513,37.11907014098685],[31.493640424194094,37.03222439484089],[31.385048373192145,37.05740882383566],[31.41263611167336,37.14429132095141],[31.30385722505485,37.16938774811827],[31.359087785208157,37.3431569148316],[31.249999666425325,37.36820178501208],[31.222456436442737,37.281291988137575],[31.113423180838378,37.30617499670319],[31.086100092750183,37.21920586630333],[30.97712229181149,37.24392731924778],[31.004323480275634,37.33093274764516],[30.895157560714193,37.35556512174362],[30.949608407434713,37.52958078441776],[30.840130145700275,37.55416005704313],[30.867379240452408,37.64117051799565],[30.757710392768,37.66566012013972]]]},"properties":{"name":"Tree cover (2000)","source":"JRC GLC2000 v1.1","threshold":0.4}},{"type":"Feature","geometry":{"type":"Polygon","coordinates":[[[35.91861015254503,35.979103047529705],[35.822014537214066,35.7233483776608],[36.032785952991475,35.66278332102933],[36.13000413898078,35.9182851982777],[35.91861015254503,35.979103047529705]]]},"properties":{"name":"Tree cover (2000)","source":"JRC GLC2000 v1.1","threshold":0.4}},{"type":"Feature","geometry":{"type":"Polygon","coordinates":[[[-3.858023394142721,38.471713770334155],[-3.839466726614711,38.38269069891765],[-3.727040044283578,38.39899337588613],[-3.7086939245889257,38.309929931786534],[-3.37155906470243,38.35797353919233],[-3.3894792196577845,38.44711107154807],[-3.614566344925272,38.41516438824976],[-3.6328388517251944,38.50423760222544],[-3.858023394142721,38.471713770334155]]]},"properties":{"name":"Tree cover (2000)","source":"JRC GLC2000 v1.1","threshold":0.4}},{"type":"Feature","geometry":{"type":"Polygon","coordinates":[[[28.20793895828992,37.733079601525944],[28.160298247379,37.557255949287885],[28.270460930898228,37.53579634956899],[28.318360845669783,37.71155579373765],[28.20793895828992,37.733079601525944]]]},"properties":{"name":"Tree cover (2000)","source":"JRC GLC2000 v1.1","threshold":0.4}},{"type":"Feature","geometry":{"type":"Polygon","coordinates":[[[-7.521093280144517,37.77144096776603],[-7.49809956389327,37.68333056093108],[-7.276907436311322,37.72433080899866],[-7.299637494961655,37.81250283277863],[-7.521093280144517,37.77144096776603]]]},"properties":{"name":"Tree cover (2000)","source":"JRC GLC2000 v1.1","threshold":0.4}},{"type":"Feature","geometry":{"type":"Polygon","coordinates":[[[-2.277881848033084,38.6882738124492],[-2.261336442497417,38.598915600447235],[-2.374348142371352,38.58433118444178],[-2.357719954187099,38.494981564530995],[-2.0189925635973536,38.538269225039386],[-2.0351855683640028,38.62768610346126],[-2.1482821349196373,38.61336726652992],[-2.1646819613063335,38.70274798489326],[-2.277881848033084,38.6882738124492]]]},"properties":{"name":"Tree cover (2000)","source":"JRC GLC2000 v1.1","threshold":0.4}},{"type":"Feature","geometry":{"type":"Polygon","coordinates":[[[20.84321724927143,40.50339498741879],[20.812558012782137,40.32447980183746],[20.69629739749062,40.337274145950715],[20.66618981358815,40.15826879591729],[20.550204487560066,40.17088454660536],[20.520641941970887,39.99178981832898],[20.636313548058766,39.979214884972514],[20.651222915777428,40.06874792915797],[20.767011049981107,40.056015812518275],[20.751945348895944,39.96650334681441],[20.86753694928689,39.953655279196575],[20.852373536335023,39.8641512235722],[20.736937456618197,39.87697858496719],[20.721987075714964,39.78744148979755],[20.952509218762664,39.761691979120634],[20.90707800661977,39.49312971408461],[21.021818477724672,39.48011360326981],[20.976449411700656,39.211499427133035],[21.090695385260748,39.19841054774854],[21.06043539339607,39.01931156781785],[21.17434184441978,39.006129766120075],[21.159148630095913,38.91658151627996],[21.27286653615969,38.903286514358975],[21.25758242461373,38.813745982356046],[21.371112421635722,38.80033817068188],[21.3557384243136,38.71080535514896],[21.808867059814016,38.655924976080925],[21.792965391678006,38.566464224788035],[21.905999636253206,38.55243312085008],[21.890012355155122,38.46298041250683],[22.11566672414946,38.43456399616094],[22.148282134919636,38.61336726652992],[22.035185568364003,38.62768610346126],[22.051439569807833,38.71708913458671],[22.391038879372392,38.67366669696568],[22.42460924989963,38.852295530201914],[21.97055353106058,38.910106333429084],[21.9868447155713,38.9994904027396],[22.100570614353316,38.98521548261118],[22.133635275536196,39.16389776161563],[21.90554667613856,39.19240347039341],[21.921874398305725,39.28176920395751],[21.807616165637313,39.295842974393075],[21.823855701126007,39.38521759854333],[21.594910626570996,39.4130055458033],[21.64309118928164,39.681182853852356],[21.413064354237267,39.70856204048393],[21.444878206028278,39.887369686315445],[21.329493489061594,39.90089924605753],[21.345337230268377,39.99030568167809],[20.882758744896623,40.04314695660512],[20.898039225508562,40.132626292367576],[21.129724326272658,40.10643629811152],[21.17686571378288,40.374672491284095],[21.06057188397946,40.38790026634682],[21.07624892792532,40.47730917909503],[20.84321724927143,40.50339498741879]],[[20.928777462073874,40.31154808430636],[21.044955342557692,40.29847907133267],[21.029398989630106,40.20904555867403],[20.913378695654693,40.222093322868545],[20.928777462073874,40.31154808430636]],[[21.067709726231744,39.74861324405672],[21.182869341421057,39.73539862432193],[21.167360076720225,39.645932572165556],[21.282324989998923,39.63260351363785],[21.251178512092142,39.45367565144667],[21.594910626570996,39.4130055458033],[21.57897241178882,39.32358686642015],[21.69331538043312,39.30978222168019],[21.661320122464712,39.13094888821039],[21.433192733702185,39.1583367007671],[21.448860370768344,39.24780333026689],[21.334584873769273,39.26131709469816],[21.350161407307528,39.35079203399634],[21.12118613179731,39.377457855307824],[21.15190998769988,39.55645378399636],[21.037057144998812,39.56962616076279],[21.067709726231744,39.74861324405672]],[[21.31906741723367,39.17182910912157],[21.433192733702185,39.1583367007671],[21.417584418017473,39.06885690586477],[21.5315193766301,39.05525161250386],[21.515821223101497,38.965780005651276],[21.288208543677637,38.99281385517866],[21.31906741723367,39.17182910912157]],[[21.61377949621292,38.86259879577102],[21.727335691144976,38.84876890433035],[21.71146089274922,38.75931365949025],[21.598052014803223,38.773121933676435],[21.61377949621292,38.86259879577102]]]},"properties":{"name":"Tree cover (2000)","source":"JRC GLC2000 v1.1","threshold":0.4}},{"type":"Feature","geometry":{"type":"Polygon","coordinates":[[[-2.938755414304747,38.50942067188154],[-2.904123171481234,38.33093870686534],[-2.791616305043423,38.346138618833194],[-2.808756983120985,38.43541037052861],[-2.69606298774829,38.45050160459893],[-2.713124128499211,38.539782238474345],[-2.938755414304747,38.50942067188154]]]},"properties":{"name":"Tree cover (2000)","source":"JRC GLC2000 v1.1","threshold":0.4}},{"type":"Feature","geometry":{"type":"Polygon","coordinates":[[[29.174548493242536,37.447166857085854],[29.12477950496378,37.271891488025325],[29.2342764782409,37.24932186239273],[29.284297839893842,37.42453038956994],[29.174548493242536,37.447166857085854]]]},"properties":{"name":"Tree cover (2000)","source":"JRC GLC2000 v1.1","threshold":0.4}},{"type":"Feature","geometry":{"type":"Polygon","coordinates":[[[26.722943559227343,37.82458218488168],[26.700959056246113,37.73624103926656],[26.92244586432885,37.696586294432656],[26.944696312024618,37.78486773271362],[26.722943559227343,37.82458218488168]]]},"properties":{"name":"Tree cover (2000)","source":"JRC GLC2000 v1.1","threshold":0.4}},{"type":"Feature","geometry":{"type":"Polygon","coordinates":[[[15.178508804720929,40.60192494858501],[15.171144557046858,40.51167836400258],[15.288364533209485,40.505445371518285],[15.280864149017969,40.41519977812438],[15.163809043383846,40.42142250483799],[15.15650211186763,40.33115731831321],[15.039591396111396,40.337230764961646],[15.032476616504859,40.246946240476376],[15.265950881717307,40.234680432291604],[15.258537691650112,40.144406574537214],[15.375081947528285,40.13807582911231],[15.367535291762836,40.047802769105374],[15.483896967867441,40.04134404170122],[15.491605726386275,40.131606553998154],[15.72459011790333,40.11825257296093],[15.716557531859085,40.02801182432193],[15.832855559085376,40.02113841500917],[15.816561916710919,39.840649909525375],[15.93251654451816,39.83366109261936],[15.924257134961191,39.743413317446134],[15.808462250267691,39.75039083366387],[15.800393802474886,39.660121806540204],[15.916029552378907,39.65315554589124],[15.899669209378947,39.47260980657495],[16.014966790131616,39.4655291322757],[15.990191075889854,39.19466813161685],[16.10499710622134,39.18748522991074],[16.08832745180447,39.00688233985983],[16.43168266165647,38.984588332071056],[16.42293387710356,38.89430640418462],[16.537186397202273,38.88661615766982],[16.54608877884128,38.97688591673214],[16.77483019887198,38.961074729974904],[16.830830295678258,39.50231868588567],[16.600223764707007,39.51828177060485],[16.609368034889766,39.608477768702365],[16.37834865352209,39.62391868343264],[16.360725133960376,39.4434667866065],[16.245495164204645,39.45095757956628],[16.23689087469588,39.36070416655963],[16.121794891082377,39.36804652798952],[16.147234717052484,39.638811393282126],[16.031643329827627,39.64605206077583],[16.04002991567664,39.73629835843842],[16.155780172183245,39.72904599899393],[16.164358668099506,39.81927051550829],[16.28024531921708,39.81186884133775],[16.30666246064011,40.082446206021956],[16.190294130930635,40.08988404118254],[16.199006526729004,40.18006871180778],[15.849276048718858,40.20158773730984],[15.85753427881042,40.291797833901015],[15.740749223757707,40.298705025398895],[15.748876074243114,40.388916832797705],[15.865824724250494,40.381998289502214],[15.882502944191026,40.56237048341551],[15.647925025985979,40.57611371928456],[15.623942128621986,40.305473360453014],[15.507113431082812,40.31210279754689],[15.522742447022203,40.49256101473298],[15.405563978244459,40.499072908585305],[15.413259121669398,40.589298650471406],[15.178508804720929,40.60192494858501]]]},"properties":{"name":"Tree cover (2000)","source":"JRC GLC2000 v1.1","threshold":0.4}},{"type":"Feature","geometry":{"type":"Polygon","coordinates":[[[-4.40088340687804,38.299205431982855],[-4.381692677671125,38.21029516939054],[-4.493690593084917,38.193230537801945],[-4.474431729053091,38.10433053084603],[-4.362573133272734,38.12136908882444],[-4.343524427116171,38.03242716545567],[-4.11994082180862,38.06606049080675],[-4.138711018593686,38.155053818902665],[-4.250666123547368,38.13827688130641],[-4.288696720683678,38.316165106131955],[-4.40088340687804,38.299205431982855]]]},"properties":{"name":"Tree cover (2000)","source":"JRC GLC2000 v1.1","threshold":0.4}},{"type":"Feature","geometry":{"type":"Polygon","coordinates":[[[21.679890180619143,38.580362459976286],[21.664193673398643,38.49086643465624],[21.438213474726986,38.5182214538308],[21.422866478220854,38.42866938753283],[21.761340726094943,38.38750154993545],[21.792965391678006,38.566464224788035],[21.679890180619143,38.580362459976286]]]},"properties":{"name":"Tree cover (2000)","source":"JRC GLC2000 v1.1","threshold":0.4}},{"type":"Feature","geometry":{"type":"Polygon","coordinates":[[[-5.966211247594113,38.04804347282095],[-5.924045477520177,37.87097127705179],[-5.812844592267345,37.88970140603194],[-5.792013043522245,37.801111113376486],[-5.680895143897101,37.819683577756805],[-5.660275085500592,37.73104808849647],[-5.549240604600663,37.74946324650382],[-5.569725416271193,37.838126566177905],[-5.4585041598841935,37.85643998343354],[-5.438154886185277,37.767749008214665],[-5.215830935346717,37.803931966705065],[-5.235908265390842,37.89267772617468],[-5.01310988466711,37.928396054585996],[-4.993305645064518,37.83959621701158],[-4.77058145127867,37.87474102046111],[-4.790111466014381,37.96359422559828],[-4.901635526129246,37.94606020588053],[-4.921375649650913,38.03487045097515],[-5.144548947649807,37.999358182370955],[-5.164637806781285,38.088097954125914],[-5.276286034929431,38.07011925343674],[-5.256059845306559,37.981406814683695],[-5.478928603750853,37.94511408104038],[-5.499428581373335,38.033771321245354],[-5.83375304647106,37.97827452550731],[-5.854738777730516,38.0668304901967],[-5.966211247594113,38.04804347282095]]]},"properties":{"name":"Tree cover (2000)","source":"JRC GLC2000 v1.1","threshold":0.4}},{"type":"Feature","geometry":{"type":"Polygon","coordinates":[[[-8.797435356373164,38.172433259258625],[-8.772514670484975,38.084780629807774],[-8.883345104677637,38.06258039328905],[-8.858384910511765,37.974941221850514],[-8.747685000396512,37.99710803802743],[-8.72294591460056,37.90941548158349],[-8.83351571353958,37.887281962592],[-8.710519730949686,37.448684258505175],[-8.820385142724358,37.42658835365061],[-8.79592566323125,37.338841236773874],[-8.905603846076907,37.3166512848069],[-8.856697011758529,37.141161768513314],[-8.308980275278465,37.250518771867135],[-8.33275518591637,37.3384353652074],[-8.442543500768664,37.316785300231224],[-8.46653275298076,37.40465000025654],[-8.576389860262148,37.382840702888316],[-8.624886883028086,37.55844554817843],[-8.294367268809681,37.62368588376745],[-8.342442074662431,37.79940608549719],[-8.452934260042086,37.77772203040657],[-8.501622368617683,37.95329852991357],[-8.390869155465325,37.97504783650398],[-8.439651871726044,38.15061117708999],[-8.550667784632909,38.1287961343836],[-8.575325549044278,38.21651536042297],[-8.797435356373164,38.172433259258625]]]},"properties":{"name":"Tree cover (2000)","source":"JRC GLC2000 v1.1","threshold":0.4}},{"type":"Feature","geometry":{"type":"Polygon","coordinates":[[[8.734328599029167,39.19041009340274],[8.73778629501182,39.009183606088655],[8.967254843555313,39.01190958409841],[8.964425521981067,39.19314477097127],[8.734328599029167,39.19041009340274]]]},"properties":{"name":"Tree cover (2000)","source":"JRC GLC2000 v1.1","threshold":0.4}},{"type":"Feature","geometry":{"type":"Polygon","coordinates":[[[-2.212071196699356,38.33075671104013],[-2.1957720871771267,38.24134221843213],[-1.9707765117146152,38.269935163448366],[-1.9867883349368711,38.35939378949213],[-2.212071196699356,38.33075671104013]]]},"properties":{"name":"Tree cover (2000)","source":"JRC GLC2000 v1.1","threshold":0.4}},{"type":"Feature","geometry":{"type":"Polygon","coordinates":[[[-6.47703438529981,38.23672750596311],[-6.455130675586009,38.14836876529467],[-6.678021713697748,38.10925085813982],[-6.655928219966032,38.0209338152174],[-6.878327172723963,37.98135773287736],[-6.856046546708269,37.89308261640438],[-6.967028499651803,37.87313092232385],[-6.989442818837324,37.96137587613537],[-7.211505012552391,37.92102504629418],[-7.166226505960983,37.74463834650903],[-7.276907436311322,37.72433080899866],[-7.25426041737551,37.63614019791506],[-7.143711362855805,37.65641729166374],[-7.121278435921701,37.568177750753435],[-7.01080525072207,37.58829632004144],[-6.988585479487226,37.50000822879932],[-6.657231100100977,37.559504613994235],[-6.635486883292673,37.4711093048004],[-6.525058879101211,37.49065544131038],[-6.546670972296379,37.579080019986804],[-6.4360569823297915,37.59852689930892],[-6.414577315026757,37.510073220345994],[-6.304042475134035,37.529362543912654],[-6.346814755579719,37.70631001951936],[-6.4576154891828565,37.6869627267942],[-6.479253212746963,37.775380718766556],[-6.700959056246111,37.73624103926656],[-6.722943559227346,37.82458218488168],[-6.056372927347334,37.940627853987834],[-6.077630396891582,38.029126648518634],[-6.1889959265790875,38.01008011573163],[-6.210467827791586,38.09853260283297],[-6.098966429654115,38.11760809095026],[-6.1203814059398445,38.2060721980184],[-6.343602316862005,38.167733134393806],[-6.365369869021202,38.256121399187926],[-6.47703438529981,38.23672750596311]],[[-6.655928219966032,38.0209338152174],[-6.43330765619834,38.05999237524623],[-6.411564938872766,37.971598320979375],[-6.633915923901833,37.93259888607943],[-6.655928219966032,38.0209338152174]],[[-7.055489370664322,37.76481735531147],[-6.944696312024621,37.78486773271362],[-6.900276767543321,37.60828659426457],[-7.01080525072207,37.58829632004144],[-7.055489370664322,37.76481735531147]],[[-6.811729982447387,37.71647799973069],[-6.700959056246111,37.73624103926656],[-6.679055030902864,37.64788185383792],[-6.7896932669014305,37.62814847238686],[-6.811729982447387,37.71647799973069]]]},"properties":{"name":"Tree cover (2000)","source":"JRC GLC2000 v1.1","threshold":0.4}},{"type":"Feature","geometry":{"type":"Polygon","coordinates":[[[27.89301916188745,37.42376408694869],[27.846580296825785,37.247658701545156],[28.066050583030545,37.205374430691066],[28.0894842902284,37.293374106145144],[27.97964962876336,37.31461117809849],[28.00304005718423,37.40262284904947],[27.89301916188745,37.42376408694869]]]},"properties":{"name":"Tree cover (2000)","source":"JRC GLC2000 v1.1","threshold":0.4}},{"type":"Feature","geometry":{"type":"Polygon","coordinates":[[[32.99758513180586,36.29422395433785],[32.93978539207591,36.12139127910457],[33.15336425022206,36.067408047255164],[33.182437550652395,36.15376051585369],[33.28923691606835,36.12654796872377],[33.3185242151034,36.21283642374048],[32.99758513180586,36.29422395433785]]]},"properties":{"name":"Tree cover (2000)","source":"JRC GLC2000 v1.1","threshold":0.4}},{"type":"Feature","geometry":{"type":"Polygon","coordinates":[[[-8.18407519045149,37.645177528298106],[-8.136607720079422,37.469314857543885],[-8.24664142146307,37.44788718473754],[-8.199261259564933,37.27200993563623],[-7.9796496287633625,37.31461117809849],[-7.933122758467579,37.1385295670024],[-7.384381520289474,37.24249607543189],[-7.49809956389327,37.68333056093108],[-7.608610206066496,37.66263805805458],[-7.539739348445502,37.398286389296075],[-7.6498021309567585,37.37755875602314],[-7.672805186145867,37.4656640467062],[-7.782940782336141,37.44477785437561],[-7.8061576453734345,37.53283292124573],[-7.916365565639035,37.51178783167997],[-7.9397971502106035,37.599792289604125],[-8.050076898216085,37.57858796487105],[-8.07372411780779,37.666541425866434],[-8.18407519045149,37.645177528298106]],[[-8.136607720079422,37.469314857543885],[-8.026515679614581,37.49061510855694],[-8.003040057184231,37.40262284904947],[-8.113003202244167,37.381354245733455],[-8.136607720079422,37.469314857543885]],[[-7.893019161887454,37.42376408694869],[-7.782940782336141,37.44477785437561],[-7.759808283568199,37.35670360727045],[-7.869757538293647,37.33572104662284],[-7.893019161887454,37.42376408694869]]]},"properties":{"name":"Tree cover (2000)","source":"JRC GLC2000 v1.1","threshold":0.4}},{"type":"Feature","geometry":{"type":"Polygon","coordinates":[[[31.710624510007882,36.98148218993181],[31.627378784338614,36.72102564096088],[31.735415481246115,36.69557885644556],[31.707746134509,36.60874966147943],[31.81559942010978,36.58321596777514],[31.8433860240657,36.670008366777125],[31.951290205277097,36.64431429032927],[31.92338670278897,36.55755882736541],[32.246350492107766,36.479847907373944],[32.21819815813694,36.39317981726131],[32.325604270102126,36.367067430452934],[32.2974363973321,36.28041231012222],[32.40466141952546,36.2542145679149],[32.376478577324704,36.16757230349038],[32.69741375447546,36.08835727113496],[32.668990705175574,36.00180261934878],[32.77572358002356,35.97519113763238],[32.89046886587843,36.32110902550905],[32.78328462539264,36.347871842463015],[32.75456026949291,36.26139189769024],[32.540216348043224,36.31447462330179],[32.56871297980626,36.40103023218833],[32.35387173059427,36.453698163032755],[32.41070720147445,36.626886410400836],[32.19513470145997,36.67921287524031],[32.22347101081353,36.76584573493642],[32.00739510237387,36.81775354510048],[32.03559739593499,36.90443731193161],[31.710624510007882,36.98148218993181]]]},"properties":{"name":"Tree cover (2000)","source":"JRC GLC2000 v1.1","threshold":0.4}},{"type":"Feature","geometry":{"type":"Polygon","coordinates":[[[-2.6002423307577924,38.55476442268002],[-2.566471443160769,38.37614246579481],[-2.6790656161509623,38.36120656558096],[-2.6621316992381505,38.271897089663916],[-2.886903902272461,38.24167581585673],[-2.8697487781451354,38.15239827779778],[-2.98192739071259,38.137113542347734],[-2.930421331720189,37.869262650152294],[-2.8186651414864383,37.88447746699151],[-2.835629709070865,37.97379913502225],[-2.7236900493291407,37.988906034596965],[-2.740576769489305,38.07823608079473],[-2.628452982442409,38.09323469900074],[-2.645260924714907,38.18257314486988],[-2.4206011297593566,38.212221336930746],[-2.453834125771754,38.39094623876264],[-2.3411540050162016,38.40561780437717],[-2.357719954187099,38.494981564530995],[-2.470544131086758,38.48028728249751],[-2.4873168871444684,38.5696140983634],[-2.6002423307577924,38.55476442268002]]]},"properties":{"name":"Tree cover (2000)","source":"JRC GLC2000 v1.1","threshold":0.4}},{"type":"Feature","geometry":{"type":"Polygon","coordinates":[[[27.823487042062144,37.159577042190975],[27.80047738117105,37.07147605867045],[28.019437192177147,37.029316437966294],[28.042701682272043,37.11735521090931],[27.823487042062144,37.159577042190975]]]},"properties":{"name":"Tree cover (2000)","source":"JRC GLC2000 v1.1","threshold":0.4}},{"type":"Feature","geometry":{"type":"Polygon","coordinates":[[[27.581292706472926,37.11312838774732],[27.55862151257207,37.024946729779906],[27.77755092389091,36.98335574073091],[27.80047738117105,37.07147605867045],[27.581292706472926,37.11312838774732]]]},"properties":{"name":"Tree cover (2000)","source":"JRC GLC2000 v1.1","threshold":0.4}},{"type":"Feature","geometry":{"type":"Polygon","coordinates":[[[30.487422265729705,37.16719509844913],[30.382294646343702,36.81820094155196],[30.49080221852919,36.794192640511255],[30.438559043313308,36.619632611418304],[30.221964080023483,36.66738570449579],[30.170572457660704,36.492599198246],[30.062423040945603,36.51622045503631],[30.011636221472624,36.341278262566256],[30.119546029749447,36.31772492980463],[30.14501380159634,36.40517303390526],[30.36088968753731,36.35762613777046],[30.33518366703777,36.27024627444888],[30.44291105276147,36.246321170494255],[30.625629453103624,36.85727128207087],[30.517064159450026,36.88143935982635],[30.596416556475713,37.143046287909534],[30.487422265729705,37.16719509844913]]]},"properties":{"name":"Tree cover (2000)","source":"JRC GLC2000 v1.1","threshold":0.4}},{"type":"Feature","geometry":{"type":"Polygon","coordinates":[[[28.404600086525626,37.602066600039784],[28.380564683639708,37.51420927285622],[28.270460930898228,37.53579634956899],[28.199261259564935,37.27200993563623],[28.308980275278465,37.250518771867135],[28.33275518591637,37.3384353652074],[28.442543500768664,37.316785300231224],[28.371095099142185,37.05307189594761],[28.261688110896706,37.07462627109073],[28.214736826953548,36.89865463367153],[27.9962567195531,36.941258102659106],[27.950146266742756,36.76508270630751],[28.27702743092804,36.70117538043564],[28.30041730077316,36.78917938735263],[28.409389703103084,36.767593665854335],[28.432989198776017,36.855546158507444],[28.65101181312266,36.81193350842018],[28.627162890634743,36.72404466510461],[28.735963179008337,36.70208159406672],[28.783995896685404,36.8777747836758],[28.8929865369508,36.855621595161175],[28.84470560188585,36.679992948715956],[28.953389914834855,36.65777883413381],[28.9776105793624,36.745571039384714],[29.19505012213212,36.70070163040055],[29.170583241216345,36.61297461951343],[29.06201587502198,36.63543935578491],[29.037759101534082,36.54765893220543],[29.254590193202688,36.50266957090861],[29.328359104580418,36.76575212901718],[29.219604948464944,36.788407788241706],[29.24424812577926,36.87609309678236],[29.135310771547797,36.89865621073768],[29.184615232081605,37.0740304760153],[29.075369062314298,37.096533745857556],[29.10002967390378,37.184222914933066],[28.771554629479215,37.25107388859187],[28.84493348285836,37.514315243276414],[28.734940337537516,37.536443997687314],[28.686187582765015,37.36090441233195],[28.57638986026215,37.382840702888316],[28.600594344613377,37.470653119131065],[28.490609242140607,37.492494826715145],[28.514773378926616,37.580319785305974],[28.404600086525626,37.602066600039784]]]},"properties":{"name":"Tree cover (2000)","source":"JRC GLC2000 v1.1","threshold":0.4}},{"type":"Feature","geometry":{"type":"Polygon","coordinates":[[[22.099244169091527,37.70455681811867],[22.067543721303892,37.52551382556299],[22.290118225452623,37.49674598318872],[22.32237636360987,37.675701724451415],[22.099244169091527,37.70455681811867]]]},"properties":{"name":"Tree cover (2000)","source":"JRC GLC2000 v1.1","threshold":0.4}},{"type":"Feature","geometry":{"type":"Polygon","coordinates":[[[29.362917735905445,36.47998749661172],[29.338382133339504,36.39228409645146],[29.44652947373375,36.36951012532635],[29.42196052082759,36.28181839515434],[29.74568765860926,36.212848931838465],[29.795635746049967,36.388012394180926],[29.362917735905445,36.47998749661172]]]},"properties":{"name":"Tree cover (2000)","source":"JRC GLC2000 v1.1","threshold":0.4}},{"type":"Feature","geometry":{"type":"Polygon","coordinates":[[[27.49109838728772,36.76028698715024],[27.4687528985976,36.67202877552351],[27.686669414504056,36.6306809071548],[27.709266909239776,36.71887867247582],[27.49109838728772,36.76028698715024]]]},"properties":{"name":"Tree cover (2000)","source":"JRC GLC2000 v1.1","threshold":0.4}},{"type":"Feature","geometry":{"type":"Polygon","coordinates":[[[16.308658417651078,38.90186135003233],[16.2830688032901,38.630915612992894],[16.169228945192273,38.638300248236334],[16.152633085849647,38.457592759478835],[16.03907430295152,38.464819967907076],[16.02290429423984,38.28404655342585],[15.683005972240391,38.30485671501462],[15.66785420990161,38.12397513002262],[15.780874828292703,38.117193535093335],[15.773193040209364,38.02674690357688],[15.886045208810664,38.019842354443625],[15.893875574131762,38.110278299841],[16.00685606902298,38.10322946213128],[16.01486503508915,38.19364349365619],[16.127973793493215,38.18644995605997],[16.136162501000445,38.27684183617314],[16.24939945447458,38.2695031862397],[16.257769048679737,38.35987267453944],[16.371134123051217,38.35238849868619],[16.379685753759333,38.44273535188997],[16.49317886906079,38.43510523541145],[16.528317868758414,38.79633565827462],[16.414218369919062,38.804013783899684],[16.42293387710356,38.89430640418462],[16.308658417651078,38.90186135003233]]]},"properties":{"name":"Tree cover (2000)","source":"JRC GLC2000 v1.1","threshold":0.4}},{"type":"Feature","geometry":{"type":"Polygon","coordinates":[[[21.764245052780115,37.746857854132585],[21.74878617035794,37.65727938776099],[21.860351742937894,37.64333122541403],[21.82932609682833,37.46417396041087],[21.94057333351689,37.45013751581579],[21.987617576495737,37.718788118636866],[21.764245052780115,37.746857854132585]]]},"properties":{"name":"Tree cover (2000)","source":"JRC GLC2000 v1.1","threshold":0.4}},{"type":"Feature","geometry":{"type":"Polygon","coordinates":[[[-2.9568615505840663,37.40731682799386],[-2.939995261442219,37.31795159921215],[-2.829112516230774,37.33315872379419],[-2.812444965814362,37.243755563940084],[-2.7016573714573906,37.258810308604865],[-2.7347797113752286,37.43764687415097],[-2.9568615505840663,37.40731682799386]]]},"properties":{"name":"Tree cover (2000)","source":"JRC GLC2000 v1.1","threshold":0.4}},{"type":"Feature","geometry":{"type":"Polygon","coordinates":[[[21.71803997676098,37.478079958427685],[21.687520698545757,37.2988236210554],[21.79852933076114,37.28495946737456],[21.82932609682833,37.46417396041087],[21.71803997676098,37.478079958427685]]]},"properties":{"name":"Tree cover (2000)","source":"JRC GLC2000 v1.1","threshold":0.4}},{"type":"Feature","geometry":{"type":"Polygon","coordinates":[[[-2.7016573714573906,37.258810308604865],[-2.685187550055392,37.16936953697343],[-2.1313232926261225,37.242586826720775],[-2.1471073721493337,37.33213749564056],[-2.7016573714573906,37.258810308604865]]]},"properties":{"name":"Tree cover (2000)","source":"JRC GLC2000 v1.1","threshold":0.4}},{"type":"Feature","geometry":{"type":"Polygon","coordinates":[[[-4.560430453618819,36.89627539466067],[-4.523122491318975,36.718158228167894],[-4.413432578794573,36.73520109455462],[-4.431920958226493,36.82429313061446],[-4.322053860306349,36.84123312481588],[-4.340477517276507,36.93033374366581],[-4.560430453618819,36.89627539466067]]]},"properties":{"name":"Tree cover (2000)","source":"JRC GLC2000 v1.1","threshold":0.4}},{"type":"Feature","geometry":{"type":"Polygon","coordinates":[[[15.456307835670838,38.31805978270527],[15.449017603901547,38.22760389949684],[15.335790058370408,38.23399426253658],[15.32867691284146,38.14351770485447],[15.21558060074101,38.14976437403081],[15.208643394560736,38.05926737006824],[14.98269582170816,38.07134050009534],[14.989334444762488,38.161856221818425],[14.76301946278647,38.173412528499824],[14.750364069757776,37.99233463670276],[14.411665966503802,38.008613893622936],[14.399995642207548,37.82744305133765],[14.625216592049439,37.81675679602306],[14.631336972695527,37.90733108044037],[15.0821789630678,37.8843254951728],[15.062119339747477,37.61267594896631],[15.174346481071689,37.6066193162736],[15.194847193882525,37.87824091830299],[15.30749776626145,37.87202313410531],[15.321590571488395,38.05303036688822],[15.434519502888175,38.04665978348827],[15.44175487221405,38.13713725099417],[15.554814097990134,38.130623047471836],[15.569666573640381,38.311525311036156],[15.456307835670838,38.31805978270527]]]},"properties":{"name":"Tree cover (2000)","source":"JRC GLC2000 v1.1","threshold":0.4}},{"type":"Feature","geometry":{"type":"Polygon","coordinates":[[[27.967434129049508,36.39144316831411],[27.94470723340433,36.303278050698495],[27.836313405550662,36.32430115975468],[27.74670674773688,35.97132230327598],[27.854609493050493,35.950419863189026],[27.8770131914182,36.03866409217899],[27.984984494291595,36.01760685702819],[28.053046537050633,36.28212968565479],[28.16133106948199,36.260856163841346],[28.18430455514836,36.34895993029754],[27.967434129049508,36.39144316831411]]]},"properties":{"name":"Tree cover (2000)","source":"JRC GLC2000 v1.1","threshold":0.4}},{"type":"Feature","geometry":{"type":"Polygon","coordinates":[[[32.523346667395536,35.1954143847284],[32.46832986439187,35.02185653912391],[32.57378464707379,34.99553019309016],[32.546310928331756,34.9087501745457],[33.072101220767664,34.77550100739866],[33.156423095450315,35.03521511102721],[32.94565360251055,35.08909555736638],[32.917663809563955,35.00247573900716],[32.81229069802536,35.029199016382265],[32.84017260054078,35.115855691863814],[32.523346667395536,35.1954143847284]]]},"properties":{"name":"Tree cover (2000)","source":"JRC GLC2000 v1.1","threshold":0.4}},{"type":"Feature","geometry":{"type":"Polygon","coordinates":[[[-3.3831021836203323,37.25582694621615],[-3.3657535884932086,37.166539526779474],[-3.2551768166053874,37.182241448872006],[-3.238027108433038,37.09291508612916],[-3.127543048651637,37.10846448963909],[-3.1105912332725922,37.01909950596171],[-2.889767494594725,37.04976492749843],[-2.873147619895052,36.96033893212866],[-3.0937015138991377,36.929719109015195],[-3.0601071820675916,36.750911945044436],[-2.95011917775004,36.76624078812338],[-2.9667517137147335,36.85567482597579],[-2.746384602602065,36.88599169924492],[-2.730020517557147,36.7965127585584],[-2.5097603568851827,36.8262699400579],[-2.525855071803589,36.9157930734091],[-2.4155301706573438,36.930500261251694],[-2.431548566919367,37.020030249187926],[-2.321048266815107,37.034630070767754],[-2.3369894556538924,37.12416693371782],[-2.558222317467565,37.09479420442616],[-2.542008964070377,37.00530114994408],[-2.7628088011506007,36.975455416274116],[-2.795838691992104,37.15433731498266],[-3.01701675272784,37.12388471417043],[-3.0338952220804445,37.21325737820012],[-3.144557257820218,37.19781409233773],[-3.161634160588655,37.28714834612483],[-3.3831021836203323,37.25582694621615]]]},"properties":{"name":"Tree cover (2000)","source":"JRC GLC2000 v1.1","threshold":0.4}},{"type":"Feature","geometry":{"type":"Polygon","coordinates":[[[22.16294985260059,37.421673578147335],[22.147107372149332,37.33213749564056],[22.03607719709611,37.34641310014523],[22.004842340259188,37.167254355085795],[22.115597332769934,37.15302153563993],[22.0999292132354,37.06344158645115],[22.210508377334744,37.04910054092321],[22.17907268576965,36.869939186059725],[22.399570481436726,36.840955298991666],[22.3678261066577,36.66182030983471],[22.477747333544485,36.647178362822245],[22.525855071803587,36.9157930734091],[22.30516559293277,36.94507835092135],[22.352989441054728,37.21368897512708],[22.463762609470063,37.19904544253147],[22.447625951967854,37.1095452979622],[22.889767494594725,37.04976492749843],[22.906448530235085,37.13917568175809],[22.68518755005539,37.16936953697343],[22.70165737145739,37.258810308604865],[22.590828552469294,37.27373538524662],[22.60722201137336,37.363183580070235],[22.496214886209895,37.37800115785296],[22.47995882503114,37.28853071764693],[22.369048506548623,37.30319623014795],[22.385166937607725,37.39268873372862],[22.16294985260059,37.421673578147335]]]},"properties":{"name":"Tree cover (2000)","source":"JRC GLC2000 v1.1","threshold":0.4}},{"type":"Feature","geometry":{"type":"Polygon","coordinates":[[[-5.478058894952412,36.932556471683874],[-5.45817999852449,36.84374899441941],[-5.56783795212062,36.825478897777266],[-5.547901174060316,36.73668098152144],[-5.6573803270401495,36.71831043150553],[-5.637386465513338,36.62952202162371],[-5.746687517297287,36.61105134213772],[-5.706659683565758,36.43347573983579],[-5.8156553518853045,36.414932330549966],[-5.735954935942772,36.05967578930298],[-5.627466983543706,36.078111879236836],[-5.6078466551091175,35.989226477479356],[-5.499437467243797,36.00751014533944],[-5.538496217926392,36.18531609145901],[-5.321030543079186,36.22161047000153],[-5.340411068080752,36.31053965725632],[-5.231480062545258,36.32852337814062],[-5.250802586490781,36.41746132725768],[-5.032543186496415,36.45310060191375],[-5.051677760981414,36.542073348330526],[-4.832973141471442,36.577256038478396],[-4.851917315531462,36.66626332121099],[-5.289658268559596,36.595285239157164],[-5.368221439960782,36.95072578879243],[-5.478058894952412,36.932556471683874]],[[-5.488523258433051,36.470182503594124],[-5.3793830500574655,36.488345681401086],[-5.359861794453073,36.399451386342896],[-5.468873638952932,36.381314691756394],[-5.488523258433051,36.470182503594124]]]},"properties":{"name":"Tree cover (2000)","source":"JRC GLC2000 v1.1","threshold":0.4}},{"type":"Feature","geometry":{"type":"Polygon","coordinates":[[[9.440586303202666,37.29193157118887],[9.441313618511048,37.20110377131832],[8.994395450080278,37.197403889678206],[8.99699879982863,37.015727635639855],[9.219874365278596,37.01783544773094],[9.218863761729066,37.10868209534751],[9.553628379282328,37.11085912356783],[9.553048684814083,37.201698412105166],[9.664785224414477,37.20216091374072],[9.664348818014703,37.292990319139975],[9.440586303202666,37.29193157118887]]]},"properties":{"name":"Tree cover (2000)","source":"JRC GLC2000 v1.1","threshold":0.4}},{"type":"Feature","geometry":{"type":"Polygon","coordinates":[[[10.891564873339368,37.01684740351485],[10.890414238265341,36.92599152689537],[11.11299608416416,36.923623843130464],[11.114434251534885,37.014476149943306],[10.891564873339368,37.01684740351485]]]},"properties":{"name":"Tree cover (2000)","source":"JRC GLC2000 v1.1","threshold":0.4}},{"type":"Feature","geometry":{"type":"Polygon","coordinates":[[[1.0159803108047194,36.49987399497125],[1.0274061884655425,36.40964189977694],[1.2474651647494934,36.43054348585459],[1.2363128322106667,36.520806500437736],[1.0159803108047194,36.49987399497125]]]},"properties":{"name":"Tree cover (2000)","source":"JRC GLC2000 v1.1","threshold":0.4}},{"type":"Feature","geometry":{"type":"Polygon","coordinates":[[[35.436035203735635,33.378596415600335],[35.40638540088243,33.29270067514004],[35.611249039457164,33.23337294319344],[35.64108948090408,33.31919113692841],[35.436035203735635,33.378596415600335]]]},"properties":{"name":"Tree cover (2000)","source":"JRC GLC2000 v1.1","threshold":0.4}},{"type":"Feature","geometry":{"type":"Polygon","coordinates":[[[1.3465207862583368,36.531078588206626],[1.357536108442148,36.44080039124839],[1.5777592745466924,36.460926171185996],[1.5884606754399306,36.370605186418956],[1.8085159177523913,36.390184303564915],[1.8189049465973646,36.2998214462105],[2.3688023882683225,36.34643610595118],[2.3493592487117656,36.52728689957945],[2.239055336460089,36.518195703045095],[2.22914156298053,36.608588663297034],[1.3465207862583368,36.531078588206626]]]},"properties":{"name":"Tree cover (2000)","source":"JRC GLC2000 v1.1","threshold":0.4}},{"type":"Feature","geometry":{"type":"Polygon","coordinates":[[[10.667820812756958,36.927833109687846],[10.666960985528299,36.83696368552217],[10.555804119976864,36.837686089924325],[10.555090238592692,36.746804753266794],[10.444074337611681,36.7473949307403],[10.443505338143249,36.65650182671846],[10.55437900475371,36.655912531593536],[10.553670405592698,36.565009365577545],[10.66440059645042,36.56429019636133],[10.666104350748098,36.746083431426634],[10.7771163164351,36.74523096892928],[10.778115692132593,36.836109943687156],[10.889267880135286,36.835124868829666],[10.890414238265341,36.92599152689537],[10.667820812756958,36.927833109687846]]]},"properties":{"name":"Tree cover (2000)","source":"JRC GLC2000 v1.1","threshold":0.4}},{"type":"Feature","geometry":{"type":"Polygon","coordinates":[[[36.601016080128645,32.84437109354088],[36.53997916584253,32.67337168386447],[36.6413914831085,32.642505404589684],[36.70261023161733,32.813425536775505],[36.601016080128645,32.84437109354088]]]},"properties":{"name":"Tree cover (2000)","source":"JRC GLC2000 v1.1","threshold":0.4}},{"type":"Feature","geometry":{"type":"Polygon","coordinates":[[[3.9834976232012154,36.91978304600228],[3.99123929512168,36.82922039140997],[3.8803263796105316,36.82205867827163],[3.8881801592368186,36.73149491241347],[3.445290949867672,36.70158598282917],[3.4536755249991513,36.61105485691529],[3.1221462500198283,36.587289526254324],[3.130916989524767,36.496781545570805],[2.4692888642180075,36.44581600189547],[2.478855049017338,36.35537106246276],[2.699030903163921,36.37285264038193],[2.708287572523689,36.28236927436589],[3.1483617657236915,36.31572858194044],[3.1396554431274915,36.406261248213724],[3.3600987906277258,36.422187610208205],[3.3516372635877505,36.51273152289904],[3.462029179016682,36.52051160173816],[3.470352060760675,36.42995616448559],[3.6909201108367258,36.445103824823164],[3.6828748741782307,36.53568174380638],[3.903800791100072,36.55033161111637],[3.9115679227891316,36.45973196845969],[4.021920892992097,36.466851129213595],[4.029520706532595,36.376228883653546],[4.4705624987918755,36.40336504150574],[4.46351860405228,36.4940275367445],[4.6844241811794465,36.506835122138135],[4.67763381545601,36.597504802687915],[4.788252030094888,36.603722567357345],[4.781576958086171,36.69438978130676],[4.892352352616239,36.700486217330734],[4.905397253735833,36.51912194706657],[4.794902452191298,36.51304364542453],[4.801528343292272,36.42235296026938],[5.022254986108117,36.43436147195278],[5.015908241853324,36.525069996337166],[5.236977399499678,36.53657521806793],[5.243044632963232,36.44584961941966],[5.463894538171607,36.4568171711299],[5.458107163722559,36.547559077665916],[5.568693908317759,36.552855426692076],[5.574341227605689,36.462105654027184],[5.795276356139425,36.472291900439686],[5.7899093885894795,36.56305682891851],[6.5645679323494015,36.59465051555226],[6.560168253632539,36.68545112418466],[6.781885931258756,36.6933142285418],[6.777753608227574,36.784115371888994],[6.88877006324437,36.78785622334913],[6.880744682391676,36.96943641300075],[6.546870812948161,36.957785745362266],[6.542405263499107,37.04854174233368],[6.208202651063827,37.03568898492916],[6.213098015813319,36.944952332626514],[6.101864549258358,36.940411798028556],[6.106884338452704,36.849670819800764],[5.884740732307116,36.84021001340719],[5.890025837948785,36.74947197403832],[5.77911565739482,36.744552309512535],[5.773688699638366,36.835282974881885],[5.6626503195025935,36.83022487973696],[5.668219050643369,36.73950178299084],[5.44646796470361,36.72900824809907],[5.452298340620486,36.63828941791625],[5.2308876875705455,36.627289187697706],[5.224775388075328,36.71799158421492],[5.113951916270448,36.71228714891215],[5.10767556992083,36.80296948886385],[4.996726516531993,36.79712562373192],[4.990285061185234,36.88778770263409],[4.435081120684527,36.85655934951001],[4.427905636006253,36.94716303357313],[3.9834976232012154,36.91978304600228]],[[4.109743733642328,36.745666378536164],[4.331382936357501,36.75931545647168],[4.338646073718546,36.6686983022816],[4.117287898251586,36.655069582173496],[4.109743733642328,36.745666378536164]]]},"properties":{"name":"Tree cover (2000)","source":"JRC GLC2000 v1.1","threshold":0.4}},{"type":"Feature","geometry":{"type":"Polygon","coordinates":[[[35.27440272744051,33.236228196808234],[35.24504702313369,33.150236764446475],[35.14264658378014,33.17953478853337],[35.11348483122921,33.093476723688575],[35.21578985664664,33.064216820413336],[35.18663082951733,32.97816838278258],[35.288778024314176,32.94883112843902],[35.376835183805134,33.20677625685433],[35.27440272744051,33.236228196808234]]]},"properties":{"name":"Tree cover (2000)","source":"JRC GLC2000 v1.1","threshold":0.4}},{"type":"Feature","geometry":{"type":"Polygon","coordinates":[[[7.211105716208008,37.07069315211524],[7.2183007405718635,36.8891034929497],[6.995933852036795,36.8822670336299],[7.003644934349717,36.70065385380193],[6.892760443738176,36.697049485702145],[6.896736047290883,36.60623157574167],[7.007479061766574,36.6098305655473],[7.011299005656371,36.51899606775298],[6.79010474888599,36.51167830255941],[6.794191391282405,36.42084340429084],[7.125575918828536,36.43160827153181],[7.121910579677943,36.52245918086732],[7.45379888508156,36.53206523333987],[7.450543289585039,36.62291922204897],[7.561330627499434,36.625864477038945],[7.558204672395592,36.71671173569072],[7.336354737271219,36.71068144249628],[7.332932685552783,36.80150860389783],[7.666146319696155,36.81037083029047],[7.663139890075016,36.90120027129029],[7.774369536281615,36.90389601103781],[7.771495307801902,36.9947185870758],[7.548756824984973,36.98918739168646],[7.545584024450417,37.07999076488165],[7.211105716208008,37.07069315211524]]]},"properties":{"name":"Tree cover (2000)","source":"JRC GLC2000 v1.1","threshold":0.4}},{"type":"Feature","geometry":{"type":"Polygon","coordinates":[[[4.477580455103765,36.3126906200053],[4.484572597474774,36.222004217384054],[4.704645504148815,36.234755068335645],[4.697929905422263,36.32546031013972],[4.477580455103765,36.3126906200053]]]},"properties":{"name":"Tree cover (2000)","source":"JRC GLC2000 v1.1","threshold":0.4}},{"type":"Feature","geometry":{"type":"Polygon","coordinates":[[[23.837585119853312,35.53551216776689],[23.82045001108887,35.446098846945695],[23.712516575487285,35.462273487262514],[23.695568541676497,35.372820403926504],[23.911143538038708,35.340391823901236],[23.945603496011966,35.51918864311354],[23.837585119853312,35.53551216776689]]]},"properties":{"name":"Tree cover (2000)","source":"JRC GLC2000 v1.1","threshold":0.4}},{"type":"Feature","geometry":{"type":"Polygon","coordinates":[[[8.774136336150061,37.01309295294852],[8.775718239115584,36.92224272831363],[7.996850142847518,36.90889324464499],[7.999427816404801,36.81805225879692],[7.888327039776234,36.81562300551662],[7.8910375774532255,36.724774717387334],[7.669141595676622,36.71953040512713],[7.672125772261845,36.6286789373116],[7.561330627499434,36.625864477038945],[7.567547885739399,36.444136549076525],[7.788581566953824,36.449618308984505],[7.7913925099921695,36.35872939387353],[8.34339156662042,36.37013403358433],[8.345492875617461,36.27921697910247],[8.566051673420906,36.28286141532702],[8.564230295077364,36.37378387274517],[8.453808485908045,36.37202410740359],[8.451839863042494,36.46293277353147],[8.341282474528326,36.46103989111973],[8.339165561597547,36.55193461080653],[8.449863939808294,36.55383031263803],[8.447880680723916,36.644716783825054],[8.780428786667532,36.649626998464136],[8.778864435788842,36.740509810145205],[8.88986424067501,36.741886784698295],[8.888436737878429,36.832760741078935],[9.110732119864712,36.835124868829666],[9.109585761734657,36.92599152689537],[8.998293210534076,36.92487344481888],[8.99699879982863,37.015727635639855],[8.774136336150061,37.01309295294852]],[[7.999427816404801,36.81805225879692],[8.110535060195645,36.820350272261095],[8.112960701891069,36.7294949055787],[8.001995924768796,36.72720033330081],[7.999427816404801,36.81805225879692]],[[8.007103631746906,36.54546342846996],[8.117785055274307,36.54775115807868],[8.120183853975847,36.45686265955571],[8.009643322468161,36.45457833156167],[8.007103631746906,36.54546342846996]]]},"properties":{"name":"Tree cover (2000)","source":"JRC GLC2000 v1.1","threshold":0.4}},{"type":"Feature","geometry":{"type":"Polygon","coordinates":[[[2.6170099139337806,36.092726844046126],[2.62630095866995,36.002218144353144],[2.845430353971686,36.01933971596039],[2.8364110092891686,36.10987352543275],[2.6170099139337806,36.092726844046126]]]},"properties":{"name":"Tree cover (2000)","source":"JRC GLC2000 v1.1","threshold":0.4}},{"type":"Feature","geometry":{"type":"Polygon","coordinates":[[[-6.116725305788849,35.25530375869598],[-6.09692797660441,35.16643235825963],[-6.204021974229299,35.14748645701167],[-6.184174282482859,35.05862312444256],[-6.291101007675528,35.03958006648472],[-6.251376819950549,34.86185058047595],[-6.358017524907418,34.842737435113655],[-6.338141813102877,34.753871098420866],[-6.125052391982215,34.79192076327214],[-6.1446898064169835,34.88084030107884],[-6.03795672706586,34.89970651290417],[-6.05754400288786,34.98863375901859],[-5.950644932234867,35.007402691441285],[-6.0094633758022145,35.27415220524946],[-6.116725305788849,35.25530375869598]]]},"properties":{"name":"Tree cover (2000)","source":"JRC GLC2000 v1.1","threshold":0.4}},{"type":"Feature","geometry":{"type":"Polygon","coordinates":[[[35.288778024314176,32.94883112843902],[35.23056384510151,32.77672466582984],[35.026585360331325,32.83513239606723],[34.9405563292893,32.576533211457736],[35.04229399734447,32.54749938740207],[35.070968225076015,32.63369003981648],[35.376094320833865,32.5457873836039],[35.34714014036785,32.459709468691734],[35.4486328281452,32.43021703241854],[35.50682368988403,32.60226837338846],[35.405145400683736,32.63183651319545],[35.463539813850474,32.80384834811867],[35.36161226948174,32.8333777800079],[35.3908624325155,32.919378637356],[35.288778024314176,32.94883112843902]]]},"properties":{"name":"Tree cover (2000)","source":"JRC GLC2000 v1.1","threshold":0.4}},{"type":"Feature","geometry":{"type":"Polygon","coordinates":[[[9.559864749655668,36.11091136241711],[9.560971625720498,35.92895812573362],[9.67072753037421,35.929411073245326],[9.66989735956817,36.11136564350172],[9.559864749655668,36.11091136241711]]]},"properties":{"name":"Tree cover (2000)","source":"JRC GLC2000 v1.1","threshold":0.4}},{"type":"Feature","geometry":{"type":"Polygon","coordinates":[[[-5.480013354807419,35.9185805975127],[-5.460658986831511,35.829633300801795],[-5.784993331341235,35.77456349625779],[-5.765334443827691,35.68567730431674],[-5.657394159296444,35.70413291041221],[-5.618534619813679,35.5262536252394],[-5.726227348607418,35.50785063627138],[-5.745745889915521,35.5967730256064],[-5.85351558949145,35.57821875193308],[-5.814301969360069,35.40040858089715],[-5.706778500991881,35.41891011217734],[-5.687399030227345,35.329951428912494],[-5.794799985994677,35.31147612487628],[-5.775367464667753,35.2225253896071],[-5.882600472300449,35.203951909006875],[-5.863115637206769,35.11500906322658],[-5.756004091119887,35.13355635055786],[-5.717483540462906,34.95556326161436],[-5.610568650419161,34.97393460627661],[-5.591531382641276,34.88488475136843],[-5.484692433805899,34.90310657407544],[-5.447060519192493,34.724900983253704],[-5.127002664361221,34.77867214168462],[-5.1454237957709195,34.86785937108769],[-5.0385303517819064,34.88556043540398],[-5.056895770578994,34.97475457584066],[-4.949837647776928,34.992356353898046],[-4.8592639687164185,34.54608382420017],[-4.752767902956848,34.56343940692202],[-4.8065568781307375,34.831329316753646],[-4.699656584430873,34.84863379138935],[-4.663975717457751,34.67000992279865],[-4.450534730591404,34.704150724958154],[-4.433030807875391,34.61476460830692],[-4.326369650602873,34.63162557509144],[-4.361197176514536,34.810427536324745],[-4.2542522344149205,34.82721160277952],[-4.271637053572885,34.916610049397335],[-4.4857299765802665,34.8828704013389],[-4.503421865411367,34.972204023063746],[-4.610528213257243,34.9551237962127],[-4.6643531935531195,35.22294762196118],[-4.771785584943277,35.20567005331242],[-4.7899793801641435,35.29488523371986],[-4.897492016149749,35.277458264002426],[-4.915874708732989,35.36663117966439],[-5.023467255171387,35.34905447760519],[-5.042039720952235,35.438184814673924],[-5.149711838049943,35.420458048865164],[-5.187305415229268,35.59861524528081],[-5.295180939206114,35.58071255775676],[-5.371683306043352,35.936712179021306],[-5.480013354807419,35.9185805975127]],[[-5.5300669377573834,35.63350641531997],[-5.4221582044908665,35.65168536195796],[-5.40301115545863,35.562684669757566],[-5.510795802425127,35.544531664399535],[-5.5300669377573834,35.63350641531997]]]},"properties":{"name":"Tree cover (2000)","source":"JRC GLC2000 v1.1","threshold":0.4}},{"type":"Feature","geometry":{"type":"Polygon","coordinates":[[[-1.7837846522821974,35.178810903526305],[-1.7549113254711033,34.99897153910461],[-1.6473133053763294,35.01271527367806],[-1.6759334441467681,35.19259374338254],[-1.7837846522821974,35.178810903526305]]]},"properties":{"name":"Tree cover (2000)","source":"JRC GLC2000 v1.1","threshold":0.4}},{"type":"Feature","geometry":{"type":"Polygon","coordinates":[[[-6.239810535436738,34.30925432763752],[-6.220351574069982,34.22027378854522],[-6.008675903024522,34.25800824550382],[-6.027901134271579,34.347040847408785],[-6.239810535436738,34.30925432763752]]]},"properties":{"name":"Tree cover (2000)","source":"JRC GLC2000 v1.1","threshold":0.4}},{"type":"Feature","geometry":{"type":"Polygon","coordinates":[[[-6.66308697448364,34.23221272365287],[-6.643163514527366,34.14333809707135],[-6.748752778483851,34.123799073634395],[-6.728784056801212,34.03493170090153],[-6.623309926361744,34.05444397259662],[-6.603525903588456,33.96553032684585],[-6.498121319286646,33.984894277823756],[-6.517790327285405,34.073834433384384],[-6.412225487069531,34.093103001113995],[-6.431848062215126,34.18205018793936],[-6.5375285329055455,34.162755162713346],[-6.55733624123059,34.25165648961076],[-6.66308697448364,34.23221272365287]]]},"properties":{"name":"Tree cover (2000)","source":"JRC GLC2000 v1.1","threshold":0.4}},{"type":"Feature","geometry":{"type":"Polygon","coordinates":[[[6.624490317571674,35.32222954403666],[6.628653987939761,35.23125340761422],[6.520010218728912,35.22722131647007],[6.52429194685633,35.13623880360793],[6.632802514499404,35.140265103834686],[6.636935968177787,35.0492645741571],[6.745323770805467,35.053157659313236],[6.733277898841532,35.32613945399301],[6.624490317571674,35.32222954403666]]]},"properties":{"name":"Tree cover (2000)","source":"JRC GLC2000 v1.1","threshold":0.4}},{"type":"Feature","geometry":{"type":"Polygon","coordinates":[[[-4.240375635713188,34.18431429617507],[-4.223358895672809,34.09479925974937],[-4.329301546494383,34.07807801975538],[-4.295211623170244,33.89904080663144],[-4.1895053251912495,33.91571614257036],[-4.206402214210385,34.00526655300155],[-4.100538836205242,34.02184204833303],[-4.117376930038005,34.11139759439601],[-4.011355897407956,34.127872952100695],[-4.028134460082024,34.21743367786379],[-4.240375635713188,34.18431429617507]]]},"properties":{"name":"Tree cover (2000)","source":"JRC GLC2000 v1.1","threshold":0.4}},{"type":"Feature","geometry":{"type":"Polygon","coordinates":[[[-5.244778581728279,33.743457784760366],[-5.226775103670539,33.65412474273026],[-5.121545239933991,33.67187601357919],[-5.1037200804986,33.58250025353878],[-5.208834703210736,33.56477308430122],[-5.173142035181113,33.38601379675125],[-5.068256774298866,33.40369302134897],[-5.0859573493806804,33.49310593310771],[-4.980917219307553,33.51068759220798],[-4.998564861576197,33.6001057793956],[-4.89336927974814,33.61758958827239],[-4.9286192465087515,33.796418262178086],[-5.244778581728279,33.743457784760366]]]},"properties":{"name":"Tree cover (2000)","source":"JRC GLC2000 v1.1","threshold":0.4}},{"type":"Feature","geometry":{"type":"Polygon","coordinates":[[[-5.277986911995088,33.36821329851802],[-5.260120195466092,33.27882959898947],[-5.469460740975692,33.24291349789008],[-5.433462015406343,33.064185919698254],[-5.224573557001796,33.10000569465563],[-5.242315833751485,33.18942707467586],[-5.1376983952351205,33.20717967665537],[-5.173142035181113,33.38601379675125],[-5.277986911995088,33.36821329851802]]]},"properties":{"name":"Tree cover (2000)","source":"JRC GLC2000 v1.1","threshold":0.4}},{"type":"Feature","geometry":{"type":"Polygon","coordinates":[[[-5.537845755392189,33.04609507240389],[-5.483980722358261,32.77793294466283],[-5.171716563539062,32.831628107468255],[-5.206893097071944,33.01056542776206],[-5.415556604633543,32.97479355868429],[-5.433462015406343,33.064185919698254],[-5.537845755392189,33.04609507240389]]]},"properties":{"name":"Tree cover (2000)","source":"JRC GLC2000 v1.1","threshold":0.4}},{"type":"Feature","geometry":{"type":"Polygon","coordinates":[[[-5.89977242548735,32.70465818135914],[-5.881499875508857,32.6153294512276],[-6.088931883980804,32.57802225006911],[-6.070503556480499,32.488723121459245],[-5.8632905741549965,32.52598111033387],[-5.845144252712474,32.43661312885647],[-5.741586565043764,32.4550385451478],[-5.777722851443144,32.63380357197027],[-5.6739054321501206,32.65215794178969],[-5.6919573722655326,32.74153549423302],[-5.89977242548735,32.70465818135914]]]},"properties":{"name":"Tree cover (2000)","source":"JRC GLC2000 v1.1","threshold":0.4}},{"type":"Feature","geometry":{"type":"Polygon","coordinates":[[[-6.36232593531496,32.342696554470756],[-6.343699886701805,32.253432107517725],[-6.137165718063405,32.29130664510659],[-6.1555754507164835,32.38062079024974],[-6.36232593531496,32.342696554470756]]]},"properties":{"name":"Tree cover (2000)","source":"JRC GLC2000 v1.1","threshold":0.4}},{"type":"Feature","geometry":{"type":"Polygon","coordinates":[[[-6.550070092805884,32.21508200185962],[-6.531293464549948,32.12584749265538],[-6.325138005790093,32.16414752570264],[-6.343699886701805,32.253432107517725],[-6.550070092805884,32.21508200185962]]]},"properties":{"name":"Tree cover (2000)","source":"JRC GLC2000 v1.1","threshold":0.4}},{"type":"Feature","geometry":{"type":"Polygon","coordinates":[[[21.974706219239653,32.94806447925707],[21.9608451610615,32.85786014999839],[22.06546821473569,32.84381611942571],[22.0515402839945,32.75361369636541],[22.156016487693645,32.73946715633273],[22.170059688017314,32.82965063140472],[22.274619338303467,32.815363743942044],[22.288827364977976,32.90551102395774],[21.974706219239653,32.94806447925707]]]},"properties":{"name":"Tree cover (2000)","source":"JRC GLC2000 v1.1","threshold":0.4}},{"type":"Feature","geometry":{"type":"Polygon","coordinates":[[[21.66030148730458,32.98952292347004],[21.646788956443935,32.8992629233547],[21.542042024163816,32.91282055260794],[21.515390813809436,32.73221414216456],[21.410845717273524,32.745614037078354],[21.397705622773124,32.655267887823285],[21.7109045713017,32.614758113302955],[21.724390697632618,32.705050106481075],[21.828844997297615,32.69128607657079],[21.84249389791523,32.781542803759024],[21.94703267334035,32.76763893125713],[21.9608451610615,32.85786014999839],[21.751505287196508,32.885583608901726],[21.765134164893865,32.975825205772196],[21.66030148730458,32.98952292347004]]]},"properties":{"name":"Tree cover (2000)","source":"JRC GLC2000 v1.1","threshold":0.4}},{"type":"Feature","geometry":{"type":"Polygon","coordinates":[[[-7.276415361625236,31.611583033451026],[-7.257122121259069,31.522448690246797],[-7.052680897813529,31.56238438626286],[-7.071766265188099,31.651570061513272],[-7.276415361625236,31.611583033451026]]]},"properties":{"name":"Tree cover (2000)","source":"JRC GLC2000 v1.1","threshold":0.4}},{"type":"Feature","geometry":{"type":"Polygon","coordinates":[[[-7.951399878546628,31.290008932450288],[-7.931522054870076,31.201014685110838],[-7.62629213063315,31.263044865871066],[-7.645864439985387,31.352118099683214],[-7.951399878546628,31.290008932450288]]]},"properties":{"name":"Tree cover (2000)","source":"JRC GLC2000 v1.1","threshold":0.4}}]}