{"type": "FeatureCollection", "features": [{"type": "Feature", "properties": {"SCALERANK": 10, "NATSCALE": 1, "LABELRANK": 7, "FEATURECLA": "Admin-1 capital", "NAME": "Delémont", "NAMEPAR": null, "NAMEALT": null, "NAMEASCII": "Delemont", "ADM0CAP": 0, "CAPIN": null, "WORLDCITY": 0, "MEGACITY": 0, "SOV0NAME": "Switzerland", "SOV_A3": "CHE", "ADM0NAME": "Switzerland", "ADM0_A3": "CHE", "ADM1NAME": "Jura", "ISO_A2": "CH", "NOTE": null, "LATITUDE": 47.369997, "LONGITUDE": 7.345, "POP_MAX": 11315, "POP_MIN": 11315, "POP_OTHER": 0, "RANK_MAX": 6, "RANK_MIN": 6, "MEGANAME": null, "LS_NAME": null, "MAX_POP10": 0, "MAX_POP20": 0, "MAX_POP50": 0, "MAX_POP300": 0, "MAX_POP310": 0, "MAX_NATSCA": 0, "MIN_AREAKM": 0, "MAX_AREAKM": 0, "MIN_AREAMI": 0, "MAX_AREAMI": 0, "MIN_PERKM": 0, "MAX_PERKM": 0, "MIN_PERMI": 0, "MAX_PERMI": 0, "MIN_BBXMIN": 0, "MAX_BBXMIN": 0, "MIN_BBXMAX": 0, "MAX_BBXMAX": 0, "MIN_BBYMIN": 0, "MAX_BBYMIN": 0, "MIN_BBYMAX": 0, "MAX_BBYMAX": 0, "MEAN_BBXC": 0, "MEAN_BBYC": 0, "TIMEZONE": "Europe/Zurich", "UN_FID": 0, "POP1950": 0, "POP1955": 0, "POP1960": 0, "POP1965": 0, "POP1970": 0, "POP1975": 0, "POP1980": 0, "POP1985": 0, "POP1990": 0, "POP1995": 0, "POP2000": 0, "POP2005": 0, "POP2010": 0, "POP2015": 0, "POP2020": 0, "POP2025": 0, "POP2050": 0, "MIN_ZOOM": 8, "WIKIDATAID": "Q63896", "WOF_ID": 101854235, "CAPALT": 0, "NAME_EN": "Delémont", "NAME_DE": "Delsberg", "NAME_ES": "Delémont", "NAME_FR": "Delémont", "NAME_PT": "Delémont", "NAME_RU": "Делемон", "NAME_ZH": "德莱蒙", "LABEL": null, "NAME_AR": "دوليمو", "NAME_BN": "দেলেমঁ", "NAME_EL": "Ντελεμόντ", "NAME_HI": "डेलेमोंटे", "NAME_HU": "Delémont", "NAME_ID": "Delémont", "NAME_IT": "Delémont", "NAME_JA": "ドレモン", "NAME_KO": "들레몽", "NAME_NL": "Delémont", "NAME_PL": "Delémont", "NAME_SV": "Delémont", "NAME_TR": "Delémont", "NAME_VI": "Delémont", "NE_ID": 1159114441, "NAME_FA": "دلمون", "NAME_HE": "דלמונט", "NAME_UK": "Делемон", "NAME_UR": "دیلیمون", "NAME_ZHT": "德莱蒙", "GEONAMESID": 2661035, "FCLASS_ISO": null, "FCLASS_US": null, "FCLASS_FR": null, "FCLASS_RU": null, "FCLASS_ES": null, "FCLASS_CN": null, "FCLASS_TW": null, "FCLASS_IN": null, "FCLASS_NP": null, "FCLASS_PK": null, "FCLASS_DE": null, "FCLASS_GB": null, "FCLASS_BR": null, "FCLASS_IL": null, "FCLASS_PS": null, "FCLASS_SA": null, "FCLASS_EG": null, "FCLASS_MA": null, "FCLASS_PT": null, "FCLASS_AR": null, "FCLASS_JP": null, "FCLASS_KO": null, "FCLASS_VN": null, "FCLASS_TR": null, "FCLASS_ID": null, "FCLASS_PL": null, "FCLASS_GR": null, "FCLASS_IT": null, "FCLASS_NL": null, "FCLASS_SE": null, "FCLASS_BD": null, "FCLASS_UA": null, "FCLASS_TLC": null}, "bbox": [7.345, 47.369997, 7.345, 47.369997], "geometry": {"type": "Point", "coordinates": [7.345, 47.369997]}}, {"type": "Feature", "properties": {"SCALERANK": 10, "NATSCALE": 1, "LABELRANK": 7, "FEATURECLA": "Admin-1 capital", "NAME": "Neuchâtel", "NAMEPAR": null, "NAMEALT": null, "NAMEASCII": "Neuchatel", "ADM0CAP": 0, "CAPIN": null, "WORLDCITY": 0, "MEGACITY": 0, "SOV0NAME": "Switzerland", "SOV_A3": "CHE", "ADM0NAME": "Switzerland", "ADM0_A3": "CHE", "ADM1NAME": "Neuchâtel", "ISO_A2": "CH", "NOTE": null, "LATITUDE": 46.998999, "LONGITUDE": 6.922999, "POP_MAX": 31270, "POP_MIN": 31270, "POP_OTHER": 0, "RANK_MAX": 7, "RANK_MIN": 7, "MEGANAME": null, "LS_NAME": null, "MAX_POP10": 0, "MAX_POP20": 0, "MAX_POP50": 0, "MAX_POP300": 0, "MAX_POP310": 0, "MAX_NATSCA": 0, "MIN_AREAKM": 0, "MAX_AREAKM": 0, "MIN_AREAMI": 0, "MAX_AREAMI": 0, "MIN_PERKM": 0, "MAX_PERKM": 0, "MIN_PERMI": 0, "MAX_PERMI": 0, "MIN_BBXMIN": 0, "MAX_BBXMIN": 0, "MIN_BBXMAX": 0, "MAX_BBXMAX": 0, "MIN_BBYMIN": 0, "MAX_BBYMIN": 0, "MIN_BBYMAX": 0, "MAX_BBYMAX": 0, "MEAN_BBXC": 0, "MEAN_BBYC": 0, "TIMEZONE": "Europe/Zurich", "UN_FID": 0, "POP1950": 0, "POP1955": 0, "POP1960": 0, "POP1965": 0, "POP1970": 0, "POP1975": 0, "POP1980": 0, "POP1985": 0, "POP1990": 0, "POP1995": 0, "POP2000": 0, "POP2005": 0, "POP2010": 0, "POP2015": 0, "POP2020": 0, "POP2025": 0, "POP2050": 0, "MIN_ZOOM": 9, "WIKIDATAID": "Q69345", "WOF_ID": 101853995, "CAPALT": 0, "NAME_EN": "Neuchâtel", "NAME_DE": "Neuenburg", "NAME_ES": "Neuchâtel", "NAME_FR": "Neuchâtel", "NAME_PT": "Neuchâtel", "NAME_RU": "Невшатель", "NAME_ZH": "纳沙泰尔", "LABEL": null, "NAME_AR": "نوشاتيل", "NAME_BN": "নিউক্যাটেল", "NAME_EL": "Νοσατέλ", "NAME_HI": "न्युकेटेल", "NAME_HU": "Neuchâtel", "NAME_ID": "Neuchâtel", "NAME_IT": "Neuchâtel", "NAME_JA": "ヌーシャテル", "NAME_KO": "뇌샤텔", "NAME_NL": "Neuchâtel", "NAME_PL": "Neuchâtel", "NAME_SV": "Neuchâtel", "NAME_TR": "Neuchâtel", "NAME_VI": "Neuchâtel", "NE_ID": 1159114457, "NAME_FA": "نوشاتل", "NAME_HE": "נשאטל", "NAME_UK": "Невшатель", "NAME_UR": "نوشاتل", "NAME_ZHT": "納沙泰爾", "GEONAMESID": 2659496, "FCLASS_ISO": null, "FCLASS_US": null, "FCLASS_FR": null, "FCLASS_RU": null, "FCLASS_ES": null, "FCLASS_CN": null, "FCLASS_TW": null, "FCLASS_IN": null, "FCLASS_NP": null, "FCLASS_PK": null, "FCLASS_DE": null, "FCLASS_GB": null, "FCLASS_BR": null, "FCLASS_IL": null, "FCLASS_PS": null, "FCLASS_SA": null, "FCLASS_EG": null, "FCLASS_MA": null, "FCLASS_PT": null, "FCLASS_AR": null, "FCLASS_JP": null, "FCLASS_KO": null, "FCLASS_VN": null, "FCLASS_TR": null, "FCLASS_ID": null, "FCLASS_PL": null, "FCLASS_GR": null, "FCLASS_IT": null, "FCLASS_NL": null, "FCLASS_SE": null, "FCLASS_BD": null, "FCLASS_UA": null, "FCLASS_TLC": null}, "bbox": [6.922999, 46.998999, 6.922999, 46.998999], "geometry": {"type": "Point", "coordinates": [6.922999, 46.998999]}}, {"type": "Feature", "properties": {"SCALERANK": 10, "NATSCALE": 1, "LABELRANK": 7, "FEATURECLA": "Admin-1 capital", "NAME": "Aarau", "NAMEPAR": null, "NAMEALT": null, "NAMEASCII": "Aarau", "ADM0CAP": 0, "CAPIN": null, "WORLDCITY": 0, "MEGACITY": 0, "SOV0NAME": "Switzerland", "SOV_A3": "CHE", "ADM0NAME": "Switzerland", "ADM0_A3": "CHE", "ADM1NAME": "Aargau", "ISO_A2": "CH", "NOTE": null, "LATITUDE": 47.390004, "LONGITUDE": 8.034004, "POP_MAX": 15501, "POP_MIN": 15501, "POP_OTHER": 0, "RANK_MAX": 6, "RANK_MIN": 6, "MEGANAME": null, "LS_NAME": null, "MAX_POP10": 0, "MAX_POP20": 0, "MAX_POP50": 0, "MAX_POP300": 0, "MAX_POP310": 0, "MAX_NATSCA": 0, "MIN_AREAKM": 0, "MAX_AREAKM": 0, "MIN_AREAMI": 0, "MAX_AREAMI": 0, "MIN_PERKM": 0, "MAX_PERKM": 0, "MIN_PERMI": 0, "MAX_PERMI": 0, "MIN_BBXMIN": 0, "MAX_BBXMIN": 0, "MIN_BBXMAX": 0, "MAX_BBXMAX": 0, "MIN_BBYMIN": 0, "MAX_BBYMIN": 0, "MIN_BBYMAX": 0, "MAX_BBYMAX": 0, "MEAN_BBXC": 0, "MEAN_BBYC": 0, "TIMEZONE": "Europe/Zurich", "UN_FID": 0, "POP1950": 0, "POP1955": 0, "POP1960": 0, "POP1965": 0, "POP1970": 0, "POP1975": 0, "POP1980": 0, "POP1985": 0, "POP1990": 0, "POP1995": 0, "POP2000": 0, "POP2005": 0, "POP2010": 0, "POP2015": 0, "POP2020": 0, "POP2025": 0, "POP2050": 0, "MIN_ZOOM": 8, "WIKIDATAID": "Q14274", "WOF_ID": 101854331, "CAPALT": 0, "NAME_EN": "Aarau", "NAME_DE": "Aarau", "NAME_ES": "Aarau", "NAME_FR": "Aarau", "NAME_PT": "Aarau", "NAME_RU": "Арау", "NAME_ZH": "阿劳", "LABEL": null, "NAME_AR": "أراو", "NAME_BN": "আরাউ", "NAME_EL": "Άαραου", "NAME_HI": "आरू", "NAME_HU": "Aarau", "NAME_ID": "Aarau", "NAME_IT": "Aarau", "NAME_JA": "アーラウ", "NAME_KO": "아라우", "NAME_NL": "Aarau", "NAME_PL": "Aarau", "NAME_SV": "Aarau", "NAME_TR": "Aarau", "NAME_VI": "Aarau", "NE_ID": 1159114477, "NAME_FA": "ارو", "NAME_HE": "אראו", "NAME_UK": "Аарау", "NAME_UR": "آراو", "NAME_ZHT": "阿勞", "GEONAMESID": 2661881, "FCLASS_ISO": null, "FCLASS_US": null, "FCLASS_FR": null, "FCLASS_RU": null, "FCLASS_ES": null, "FCLASS_CN": null, "FCLASS_TW": null, "FCLASS_IN": null, "FCLASS_NP": null, "FCLASS_PK": null, "FCLASS_DE": null, "FCLASS_GB": null, "FCLASS_BR": null, "FCLASS_IL": null, "FCLASS_PS": null, "FCLASS_SA": null, "FCLASS_EG": null, "FCLASS_MA": null, "FCLASS_PT": null, "FCLASS_AR": null, "FCLASS_JP": null, "FCLASS_KO": null, "FCLASS_VN": null, "FCLASS_TR": null, "FCLASS_ID": null, "FCLASS_PL": null, "FCLASS_GR": null, "FCLASS_IT": null, "FCLASS_NL": null, "FCLASS_SE": null, "FCLASS_BD": null, "FCLASS_UA": null, "FCLASS_TLC": null}, "bbox": [8.034004, 47.390004, 8.034004, 47.390004], "geometry": {"type": "Point", "coordinates": [8.034004, 47.390004]}}, {"type": "Feature", "properties": {"SCALERANK": 10, "NATSCALE": 1, "LABELRANK": 7, "FEATURECLA": "Admin-1 capital", "NAME": "Stans", "NAMEPAR": null, "NAMEALT": null, "NAMEASCII": "Stans", "ADM0CAP": 0, "CAPIN": null, "WORLDCITY": 0, "MEGACITY": 0, "SOV0NAME": "Switzerland", "SOV_A3": "CHE", "ADM0NAME": "Switzerland", "ADM0_A3": "CHE", "ADM1NAME": "Nidwalden", "ISO_A2": "CH", "NOTE": null, "LATITUDE": 46.950003, "LONGITUDE": 8.383303, "POP_MAX": 7475, "POP_MIN": 7475, "POP_OTHER": 0, "RANK_MAX": 5, "RANK_MIN": 5, "MEGANAME": null, "LS_NAME": null, "MAX_POP10": 0, "MAX_POP20": 0, "MAX_POP50": 0, "MAX_POP300": 0, "MAX_POP310": 0, "MAX_NATSCA": 0, "MIN_AREAKM": 0, "MAX_AREAKM": 0, "MIN_AREAMI": 0, "MAX_AREAMI": 0, "MIN_PERKM": 0, "MAX_PERKM": 0, "MIN_PERMI": 0, "MAX_PERMI": 0, "MIN_BBXMIN": 0, "MAX_BBXMIN": 0, "MIN_BBXMAX": 0, "MAX_BBXMAX": 0, "MIN_BBYMIN": 0, "MAX_BBYMIN": 0, "MIN_BBYMAX": 0, "MAX_BBYMAX": 0, "MEAN_BBXC": 0, "MEAN_BBYC": 0, "TIMEZONE": "Europe/Zurich", "UN_FID": 0, "POP1950": 0, "POP1955": 0, "POP1960": 0, "POP1965": 0, "POP1970": 0, "POP1975": 0, "POP1980": 0, "POP1985": 0, "POP1990": 0, "POP1995": 0, "POP2000": 0, "POP2005": 0, "POP2010": 0, "POP2015": 0, "POP2020": 0, "POP2025": 0, "POP2050": 0, "MIN_ZOOM": 9, "WIKIDATAID": "Q63931", "WOF_ID": 101853915, "CAPALT": 0, "NAME_EN": "Stans", "NAME_DE": "Stans", "NAME_ES": "Stans", "NAME_FR": "Stans", "NAME_PT": "Stans", "NAME_RU": "Штанс", "NAME_ZH": "施坦斯", "LABEL": null, "NAME_AR": "ستانس", "NAME_BN": "স্", "NAME_EL": "Στανς", "NAME_HI": "स्टेंस", "NAME_HU": "Stans", "NAME_ID": "Stans", "NAME_IT": "Stans", "NAME_JA": "シュタンス", "NAME_KO": "슈탄스", "NAME_NL": "Stans", "NAME_PL": "Stans", "NAME_SV": "Stans", "NAME_TR": "Stans", "NAME_VI": "Stans", "NE_ID": 1159114501, "NAME_FA": "ستان", "NAME_HE": "סטנס", "NAME_UK": "Штанс", "NAME_UR": "شتانس", "NAME_ZHT": "施坦斯", "GEONAMESID": 2658504, "FCLASS_ISO": null, "FCLASS_US": null, "FCLASS_FR": null, "FCLASS_RU": null, "FCLASS_ES": null, "FCLASS_CN": null, "FCLASS_TW": null, "FCLASS_IN": null, "FCLASS_NP": null, "FCLASS_PK": null, "FCLASS_DE": null, "FCLASS_GB": null, "FCLASS_BR": null, "FCLASS_IL": null, "FCLASS_PS": null, "FCLASS_SA": null, "FCLASS_EG": null, "FCLASS_MA": null, "FCLASS_PT": null, "FCLASS_AR": null, "FCLASS_JP": null, "FCLASS_KO": null, "FCLASS_VN": null, "FCLASS_TR": null, "FCLASS_ID": null, "FCLASS_PL": null, "FCLASS_GR": null, "FCLASS_IT": null, "FCLASS_NL": null, "FCLASS_SE": null, "FCLASS_BD": null, "FCLASS_UA": null, "FCLASS_TLC": null}, "bbox": [8.383302, 46.950003, 8.383302, 46.950003], "geometry": {"type": "Point", "coordinates": [8.383302, 46.950003]}}, {"type": "Feature", "properties": {"SCALERANK": 10, "NATSCALE": 1, "LABELRANK": 7, "FEATURECLA": "Admin-1 capital", "NAME": "Sion", "NAMEPAR": null, "NAMEALT": null, "NAMEASCII": "Sion", "ADM0CAP": 0, "CAPIN": null, "WORLDCITY": 0, "MEGACITY": 0, "SOV0NAME": "Switzerland", "SOV_A3": "CHE", "ADM0NAME": "Switzerland", "ADM0_A3": "CHE", "ADM1NAME": "Valais", "ISO_A2": "CH", "NOTE": null, "LATITUDE": 46.239003, "LONGITUDE": 7.354, "POP_MAX": 28045, "POP_MIN": 28045, "POP_OTHER": 0, "RANK_MAX": 7, "RANK_MIN": 7, "MEGANAME": null, "LS_NAME": null, "MAX_POP10": 0, "MAX_POP20": 0, "MAX_POP50": 0, "MAX_POP300": 0, "MAX_POP310": 0, "MAX_NATSCA": 0, "MIN_AREAKM": 0, "MAX_AREAKM": 0, "MIN_AREAMI": 0, "MAX_AREAMI": 0, "MIN_PERKM": 0, "MAX_PERKM": 0, "MIN_PERMI": 0, "MAX_PERMI": 0, "MIN_BBXMIN": 0, "MAX_BBXMIN": 0, "MIN_BBXMAX": 0, "MAX_BBXMAX": 0, "MIN_BBYMIN": 0, "MAX_BBYMIN": 0, "MIN_BBYMAX": 0, "MAX_BBYMAX": 0, "MEAN_BBXC": 0, "MEAN_BBYC": 0, "TIMEZONE": "Europe/Zurich", "UN_FID": 0, "POP1950": 0, "POP1955": 0, "POP1960": 0, "POP1965": 0, "POP1970": 0, "POP1975": 0, "POP1980": 0, "POP1985": 0, "POP1990": 0, "POP1995": 0, "POP2000": 0, "POP2005": 0, "POP2010": 0, "POP2015": 0, "POP2020": 0, "POP2025": 0, "POP2050": 0, "MIN_ZOOM": 8, "WIKIDATAID": "Q68136", "WOF_ID": 101853219, "CAPALT": 0, "NAME_EN": "Sion", "NAME_DE": "Sitten", "NAME_ES": "Sion", "NAME_FR": "Sion", "NAME_PT": "Sion", "NAME_RU": "Сьон", "NAME_ZH": "锡永", "LABEL": null, "NAME_AR": "سيون", "NAME_BN": "সাইয়ন", "NAME_EL": "Σιόν", "NAME_HI": "सीऑन", "NAME_HU": "Sion", "NAME_ID": "Sion", "NAME_IT": "Sion", "NAME_JA": "シオン", "NAME_KO": "시옹", "NAME_NL": "Sion", "NAME_PL": "Sion", "NAME_SV": "Sion", "NAME_TR": "Sion", "NAME_VI": "Sion", "NE_ID": 1159114521, "NAME_FA": "سیون", "NAME_HE": "סיון", "NAME_UK": "Сьйон", "NAME_UR": "سیون", "NAME_ZHT": "錫永", "GEONAMESID": 2658576, "FCLASS_ISO": null, "FCLASS_US": null, "FCLASS_FR": null, "FCLASS_RU": null, "FCLASS_ES": null, "FCLASS_CN": null, "FCLASS_TW": null, "FCLASS_IN": null, "FCLASS_NP": null, "FCLASS_PK": null, "FCLASS_DE": null, "FCLASS_GB": null, "FCLASS_BR": null, "FCLASS_IL": null, "FCLASS_PS": null, "FCLASS_SA": null, "FCLASS_EG": null, "FCLASS_MA": null, "FCLASS_PT": null, "FCLASS_AR": null, "FCLASS_JP": null, "FCLASS_KO": null, "FCLASS_VN": null, "FCLASS_TR": null, "FCLASS_ID": null, "FCLASS_PL": null, "FCLASS_GR": null, "FCLASS_IT": null, "FCLASS_NL": null, "FCLASS_SE": null, "FCLASS_BD": null, "FCLASS_UA": null, "FCLASS_TLC": null}, "bbox": [7.353999, 46.239003, 7.353999, 46.239003], "geometry": {"type": "Point", "coordinates": [7.353999, 46.239003]}}, {"type": "Feature", "properties": {"SCALERANK": 10, "NATSCALE": 1, "LABELRANK": 7, "FEATURECLA": "Admin-1 capital", "NAME": "Herisau", "NAMEPAR": null, "NAMEALT": null, "NAMEASCII": "Herisau", "ADM0CAP": 0, "CAPIN": null, "WORLDCITY": 0, "MEGACITY": 0, "SOV0NAME": "Switzerland", "SOV_A3": "CHE", "ADM0NAME": "Switzerland", "ADM0_A3": "CHE", "ADM1NAME": "Appenzell Ausserrhoden", "ISO_A2": "CH", "NOTE": null, "LATITUDE": 47.383299, "LONGITUDE": 9.283303, "POP_MAX": 15438, "POP_MIN": 15438, "POP_OTHER": 0, "RANK_MAX": 6, "RANK_MIN": 6, "MEGANAME": null, "LS_NAME": null, "MAX_POP10": 0, "MAX_POP20": 0, "MAX_POP50": 0, "MAX_POP300": 0, "MAX_POP310": 0, "MAX_NATSCA": 0, "MIN_AREAKM": 0, "MAX_AREAKM": 0, "MIN_AREAMI": 0, "MAX_AREAMI": 0, "MIN_PERKM": 0, "MAX_PERKM": 0, "MIN_PERMI": 0, "MAX_PERMI": 0, "MIN_BBXMIN": 0, "MAX_BBXMIN": 0, "MIN_BBXMAX": 0, "MAX_BBXMAX": 0, "MIN_BBYMIN": 0, "MAX_BBYMIN": 0, "MIN_BBYMAX": 0, "MAX_BBYMAX": 0, "MEAN_BBXC": 0, "MEAN_BBYC": 0, "TIMEZONE": "Europe/Zurich", "UN_FID": 0, "POP1950": 0, "POP1955": 0, "POP1960": 0, "POP1965": 0, "POP1970": 0, "POP1975": 0, "POP1980": 0, "POP1985": 0, "POP1990": 0, "POP1995": 0, "POP2000": 0, "POP2005": 0, "POP2010": 0, "POP2015": 0, "POP2020": 0, "POP2025": 0, "POP2050": 0, "MIN_ZOOM": 9, "WIKIDATAID": "Q63970", "WOF_ID": 101876001, "CAPALT": 0, "NAME_EN": "Herisau", "NAME_DE": "Herisau", "NAME_ES": "Herisau", "NAME_FR": "Herisau", "NAME_PT": "Herisau", "NAME_RU": "Херизау", "NAME_ZH": "黑里绍", "LABEL": null, "NAME_AR": "هيراسايو", "NAME_BN": "হেরিসাউ", "NAME_EL": "Χερισάου", "NAME_HI": "हेरिसॉ", "NAME_HU": "Herisau", "NAME_ID": "Herisau", "NAME_IT": "Herisau", "NAME_JA": "ヘリザウ", "NAME_KO": "헤리자우", "NAME_NL": "Herisau", "NAME_PL": "Herisau", "NAME_SV": "Herisau", "NAME_TR": "Herisau", "NAME_VI": "Herisau", "NE_ID": 1159114539, "NAME_FA": "اریزو", "NAME_HE": "הריזאו", "NAME_UK": "Герізау", "NAME_UR": "ہیریساو", "NAME_ZHT": "黑里紹", "GEONAMESID": 2660365, "FCLASS_ISO": null, "FCLASS_US": null, "FCLASS_FR": null, "FCLASS_RU": null, "FCLASS_ES": null, "FCLASS_CN": null, "FCLASS_TW": null, "FCLASS_IN": null, "FCLASS_NP": null, "FCLASS_PK": null, "FCLASS_DE": null, "FCLASS_GB": null, "FCLASS_BR": null, "FCLASS_IL": null, "FCLASS_PS": null, "FCLASS_SA": null, "FCLASS_EG": null, "FCLASS_MA": null, "FCLASS_PT": null, "FCLASS_AR": null, "FCLASS_JP": null, "FCLASS_KO": null, "FCLASS_VN": null, "FCLASS_TR": null, "FCLASS_ID": null, "FCLASS_PL": null, "FCLASS_GR": null, "FCLASS_IT": null, "FCLASS_NL": null, "FCLASS_SE": null, "FCLASS_BD": null, "FCLASS_UA": null, "FCLASS_TLC": null}, "bbox": [9.283302, 47.383299, 9.283302, 47.383299], "geometry": {"type": "Point", "coordinates": [9.283302, 47.383299]}}, {"type": "Feature", "properties": {"SCALERANK": 10, "NATSCALE": 1, "LABELRANK": 7, "FEATURECLA": "Admin-1 capital", "NAME": "Saint Gallen", "NAMEPAR": null, "NAMEALT": null, "NAMEASCII": "Saint Gallen", "ADM0CAP": 0, "CAPIN": null, "WORLDCITY": 0, "MEGACITY": 0, "SOV0NAME": "Switzerland", "SOV_A3": "CHE", "ADM0NAME": "Switzerland", "ADM0_A3": "CHE", "ADM1NAME": "Sankt Gallen", "ISO_A2": "CH", "NOTE": null, "LATITUDE": 47.422998, "LONGITUDE": 9.361999, "POP_MAX": 70572, "POP_MIN": 70572, "POP_OTHER": 0, "RANK_MAX": 8, "RANK_MIN": 8, "MEGANAME": null, "LS_NAME": null, "MAX_POP10": 0, "MAX_POP20": 0, "MAX_POP50": 0, "MAX_POP300": 0, "MAX_POP310": 0, "MAX_NATSCA": 0, "MIN_AREAKM": 0, "MAX_AREAKM": 0, "MIN_AREAMI": 0, "MAX_AREAMI": 0, "MIN_PERKM": 0, "MAX_PERKM": 0, "MIN_PERMI": 0, "MAX_PERMI": 0, "MIN_BBXMIN": 0, "MAX_BBXMIN": 0, "MIN_BBXMAX": 0, "MAX_BBXMAX": 0, "MIN_BBYMIN": 0, "MAX_BBYMIN": 0, "MIN_BBYMAX": 0, "MAX_BBYMAX": 0, "MEAN_BBXC": 0, "MEAN_BBYC": 0, "TIMEZONE": "Europe/Zurich", "UN_FID": 0, "POP1950": 0, "POP1955": 0, "POP1960": 0, "POP1965": 0, "POP1970": 0, "POP1975": 0, "POP1980": 0, "POP1985": 0, "POP1990": 0, "POP1995": 0, "POP2000": 0, "POP2005": 0, "POP2010": 0, "POP2015": 0, "POP2020": 0, "POP2025": 0, "POP2050": 0, "MIN_ZOOM": 9, "WIKIDATAID": "Q25607", "WOF_ID": 101748457, "CAPALT": 0, "NAME_EN": "St. Gallen", "NAME_DE": "St. Gallen", "NAME_ES": "San Galo", "NAME_FR": "Saint-Gall", "NAME_PT": "São Galo", "NAME_RU": "Санкт-Галлен", "NAME_ZH": "圣加仑", "LABEL": null, "NAME_AR": "سانت غالن", "NAME_BN": "সেন্ট গ্যালেন", "NAME_EL": "Σανκτ Γκάλεν", "NAME_HI": "सेंट गैलेन", "NAME_HU": "St. Gallen", "NAME_ID": "St. Gallen", "NAME_IT": "San Gallo", "NAME_JA": "ザンクト・ガレン", "NAME_KO": "장크트갈렌", "NAME_NL": "Sankt Gallen", "NAME_PL": "St. Gallen", "NAME_SV": "Sankt Gallen", "NAME_TR": "St. Gallen", "NAME_VI": "St. Gallen", "NE_ID": 1159114557, "NAME_FA": "سنگلان", "NAME_HE": "סנט גאלן", "NAME_UK": "Санкт-Галлен", "NAME_UR": "سانکت گالن", "NAME_ZHT": "聖加倫", "GEONAMESID": 2658822, "FCLASS_ISO": null, "FCLASS_US": null, "FCLASS_FR": null, "FCLASS_RU": null, "FCLASS_ES": null, "FCLASS_CN": null, "FCLASS_TW": null, "FCLASS_IN": null, "FCLASS_NP": null, "FCLASS_PK": null, "FCLASS_DE": null, "FCLASS_GB": null, "FCLASS_BR": null, "FCLASS_IL": null, "FCLASS_PS": null, "FCLASS_SA": null, "FCLASS_EG": null, "FCLASS_MA": null, "FCLASS_PT": null, "FCLASS_AR": null, "FCLASS_JP": null, "FCLASS_KO": null, "FCLASS_VN": null, "FCLASS_TR": null, "FCLASS_ID": null, "FCLASS_PL": null, "FCLASS_GR": null, "FCLASS_IT": null, "FCLASS_NL": null, "FCLASS_SE": null, "FCLASS_BD": null, "FCLASS_UA": null, "FCLASS_TLC": null}, "bbox": [9.361999, 47.422998, 9.361999, 47.422998], "geometry": {"type": "Point", "coordinates": [9.361999, 47.422998]}}, {"type": "Feature", "properties": {"SCALERANK": 10, "NATSCALE": 1, "LABELRANK": 7, "FEATURECLA": "Admin-1 capital", "NAME": "Bellinzona", "NAMEPAR": null, "NAMEALT": null, "NAMEASCII": "Bellinzona", "ADM0CAP": 0, "CAPIN": null, "WORLDCITY": 0, "MEGACITY": 0, "SOV0NAME": "Switzerland", "SOV_A3": "CHE", "ADM0NAME": "Switzerland", "ADM0_A3": "CHE", "ADM1NAME": "Ticino", "ISO_A2": "CH", "NOTE": null, "LATITUDE": 46.197, "LONGITUDE": 9.019999, "POP_MAX": 16572, "POP_MIN": 16572, "POP_OTHER": 0, "RANK_MAX": 6, "RANK_MIN": 6, "MEGANAME": null, "LS_NAME": null, "MAX_POP10": 0, "MAX_POP20": 0, "MAX_POP50": 0, "MAX_POP300": 0, "MAX_POP310": 0, "MAX_NATSCA": 0, "MIN_AREAKM": 0, "MAX_AREAKM": 0, "MIN_AREAMI": 0, "MAX_AREAMI": 0, "MIN_PERKM": 0, "MAX_PERKM": 0, "MIN_PERMI": 0, "MAX_PERMI": 0, "MIN_BBXMIN": 0, "MAX_BBXMIN": 0, "MIN_BBXMAX": 0, "MAX_BBXMAX": 0, "MIN_BBYMIN": 0, "MAX_BBYMIN": 0, "MIN_BBYMAX": 0, "MAX_BBYMAX": 0, "MEAN_BBXC": 0, "MEAN_BBYC": 0, "TIMEZONE": "Europe/Zurich", "UN_FID": 0, "POP1950": 0, "POP1955": 0, "POP1960": 0, "POP1965": 0, "POP1970": 0, "POP1975": 0, "POP1980": 0, "POP1985": 0, "POP1990": 0, "POP1995": 0, "POP2000": 0, "POP2005": 0, "POP2010": 0, "POP2015": 0, "POP2020": 0, "POP2025": 0, "POP2050": 0, "MIN_ZOOM": 8, "WIKIDATAID": "Q64044", "WOF_ID": 101853199, "CAPALT": 0, "NAME_EN": "Bellinzona", "NAME_DE": "Bellinzona", "NAME_ES": "Bellinzona", "NAME_FR": "Bellinzone", "NAME_PT": "Bellinzona", "NAME_RU": "Беллинцона", "NAME_ZH": "贝林佐纳", "LABEL": null, "NAME_AR": "بيلينزونا", "NAME_BN": "বেলিনজোনা", "NAME_EL": "Μπελλιντσόνα", "NAME_HI": "बेलिंज़ोआ", "NAME_HU": "Bellinzona", "NAME_ID": "Bellinzona", "NAME_IT": "Bellinzona", "NAME_JA": "ベッリンツォーナ", "NAME_KO": "벨린초나", "NAME_NL": "Bellinzona", "NAME_PL": "Bellinzona", "NAME_SV": "Bellinzona", "NAME_TR": "Bellinzona", "NAME_VI": "Bellinzona", "NE_ID": 1159114577, "NAME_FA": "بلانزونا", "NAME_HE": "בלינצונה", "NAME_UK": "Беллінцона", "NAME_UR": "بیلنزونا", "NAME_ZHT": "貝林佐納", "GEONAMESID": 2661567, "FCLASS_ISO": null, "FCLASS_US": null, "FCLASS_FR": null, "FCLASS_RU": null, "FCLASS_ES": null, "FCLASS_CN": null, "FCLASS_TW": null, "FCLASS_IN": null, "FCLASS_NP": null, "FCLASS_PK": null, "FCLASS_DE": null, "FCLASS_GB": null, "FCLASS_BR": null, "FCLASS_IL": null, "FCLASS_PS": null, "FCLASS_SA": null, "FCLASS_EG": null, "FCLASS_MA": null, "FCLASS_PT": null, "FCLASS_AR": null, "FCLASS_JP": null, "FCLASS_KO": null, "FCLASS_VN": null, "FCLASS_TR": null, "FCLASS_ID": null, "FCLASS_PL": null, "FCLASS_GR": null, "FCLASS_IT": null, "FCLASS_NL": null, "FCLASS_SE": null, "FCLASS_BD": null, "FCLASS_UA": null, "FCLASS_TLC": null}, "bbox": [9.019999, 46.197, 9.019999, 46.197], "geometry": {"type": "Point", "coordinates": [9.019999, 46.197]}}, {"type": "Feature", "properties": {"SCALERANK": 10, "NATSCALE": 1, "LABELRANK": 7, "FEATURECLA": "Admin-1 capital", "NAME": "Glarus", "NAMEPAR": null, "NAMEALT": null, "NAMEASCII": "Glarus", "ADM0CAP": 0, "CAPIN": null, "WORLDCITY": 0, "MEGACITY": 0, "SOV0NAME": "Switzerland", "SOV_A3": "CHE", "ADM0NAME": "Switzerland", "ADM0_A3": "CHE", "ADM1NAME": "Glarus", "ISO_A2": "CH", "NOTE": null, "LATITUDE": 47.050002, "LONGITUDE": 9.0667, "POP_MAX": 5681, "POP_MIN": 5681, "POP_OTHER": 0, "RANK_MAX": 5, "RANK_MIN": 5, "MEGANAME": null, "LS_NAME": null, "MAX_POP10": 0, "MAX_POP20": 0, "MAX_POP50": 0, "MAX_POP300": 0, "MAX_POP310": 0, "MAX_NATSCA": 0, "MIN_AREAKM": 0, "MAX_AREAKM": 0, "MIN_AREAMI": 0, "MAX_AREAMI": 0, "MIN_PERKM": 0, "MAX_PERKM": 0, "MIN_PERMI": 0, "MAX_PERMI": 0, "MIN_BBXMIN": 0, "MAX_BBXMIN": 0, "MIN_BBXMAX": 0, "MAX_BBXMAX": 0, "MIN_BBYMIN": 0, "MAX_BBYMIN": 0, "MIN_BBYMAX": 0, "MAX_BBYMAX": 0, "MEAN_BBXC": 0, "MEAN_BBYC": 0, "TIMEZONE": "Europe/Zurich", "UN_FID": 0, "POP1950": 0, "POP1955": 0, "POP1960": 0, "POP1965": 0, "POP1970": 0, "POP1975": 0, "POP1980": 0, "POP1985": 0, "POP1990": 0, "POP1995": 0, "POP2000": 0, "POP2005": 0, "POP2010": 0, "POP2015": 0, "POP2020": 0, "POP2025": 0, "POP2050": 0, "MIN_ZOOM": 9, "WIKIDATAID": "Q63912", "WOF_ID": 101875969, "CAPALT": 0, "NAME_EN": "Glarus", "NAME_DE": "Glarus", "NAME_ES": "Glaris", "NAME_FR": "Glaris Centre", "NAME_PT": "Glarona", "NAME_RU": "Гларус", "NAME_ZH": "格拉魯斯", "LABEL": null, "NAME_AR": "غلروس", "NAME_BN": "গ্লারুস", "NAME_EL": "Γκλάρους", "NAME_HI": "ग्लेरुस", "NAME_HU": "Glarus", "NAME_ID": "Glarus", "NAME_IT": "Glarona", "NAME_JA": "グラールス", "NAME_KO": "글라루스", "NAME_NL": "Glarus", "NAME_PL": "Glarus", "NAME_SV": "Glarus", "NAME_TR": "Glarus", "NAME_VI": "Glarus", "NE_ID": 1159114593, "NAME_FA": "گلرو", "NAME_HE": "גלרוס", "NAME_UK": "Гларус", "NAME_UR": "گلاروس", "NAME_ZHT": "格拉魯斯", "GEONAMESID": 2660594, "FCLASS_ISO": null, "FCLASS_US": null, "FCLASS_FR": null, "FCLASS_RU": null, "FCLASS_ES": null, "FCLASS_CN": null, "FCLASS_TW": null, "FCLASS_IN": null, "FCLASS_NP": null, "FCLASS_PK": null, "FCLASS_DE": null, "FCLASS_GB": null, "FCLASS_BR": null, "FCLASS_IL": null, "FCLASS_PS": null, "FCLASS_SA": null, "FCLASS_EG": null, "FCLASS_MA": null, "FCLASS_PT": null, "FCLASS_AR": null, "FCLASS_JP": null, "FCLASS_KO": null, "FCLASS_VN": null, "FCLASS_TR": null, "FCLASS_ID": null, "FCLASS_PL": null, "FCLASS_GR": null, "FCLASS_IT": null, "FCLASS_NL": null, "FCLASS_SE": null, "FCLASS_BD": null, "FCLASS_UA": null, "FCLASS_TLC": null}, "bbox": [9.0667, 47.050002, 9.0667, 47.050002], "geometry": {"type": "Point", "coordinates": [9.0667, 47.050002]}}, {"type": "Feature", "properties": {"SCALERANK": 10, "NATSCALE": 1, "LABELRANK": 7, "FEATURECLA": "Admin-1 capital", "NAME": "Schaffhausen", "NAMEPAR": null, "NAMEALT": null, "NAMEASCII": "Schaffhausen", "ADM0CAP": 0, "CAPIN": null, "WORLDCITY": 0, "MEGACITY": 0, "SOV0NAME": "Switzerland", "SOV_A3": "CHE", "ADM0NAME": "Switzerland", "ADM0_A3": "CHE", "ADM1NAME": "Schaffhausen", "ISO_A2": "CH", "NOTE": null, "LATITUDE": 47.706003, "LONGITUDE": 8.632999, "POP_MAX": 33863, "POP_MIN": 33863, "POP_OTHER": 0, "RANK_MAX": 7, "RANK_MIN": 7, "MEGANAME": null, "LS_NAME": null, "MAX_POP10": 0, "MAX_POP20": 0, "MAX_POP50": 0, "MAX_POP300": 0, "MAX_POP310": 0, "MAX_NATSCA": 0, "MIN_AREAKM": 0, "MAX_AREAKM": 0, "MIN_AREAMI": 0, "MAX_AREAMI": 0, "MIN_PERKM": 0, "MAX_PERKM": 0, "MIN_PERMI": 0, "MAX_PERMI": 0, "MIN_BBXMIN": 0, "MAX_BBXMIN": 0, "MIN_BBXMAX": 0, "MAX_BBXMAX": 0, "MIN_BBYMIN": 0, "MAX_BBYMIN": 0, "MIN_BBYMAX": 0, "MAX_BBYMAX": 0, "MEAN_BBXC": 0, "MEAN_BBYC": 0, "TIMEZONE": "Europe/Zurich", "UN_FID": 0, "POP1950": 0, "POP1955": 0, "POP1960": 0, "POP1965": 0, "POP1970": 0, "POP1975": 0, "POP1980": 0, "POP1985": 0, "POP1990": 0, "POP1995": 0, "POP2000": 0, "POP2005": 0, "POP2010": 0, "POP2015": 0, "POP2020": 0, "POP2025": 0, "POP2050": 0, "MIN_ZOOM": 7, "WIKIDATAID": "Q9009", "WOF_ID": 101876061, "CAPALT": 0, "NAME_EN": "Schaffhausen", "NAME_DE": "Schaffhausen", "NAME_ES": "Schaffhausen", "NAME_FR": "Schaffhouse", "NAME_PT": "Schaffhausen", "NAME_RU": "Шаффхаузен", "NAME_ZH": "沙夫豪森", "LABEL": null, "NAME_AR": "شافهاوزن", "NAME_BN": "শ্যফাউসেন", "NAME_EL": "Σαφχάουζεν", "NAME_HI": "शैफ़हॉज़ेन", "NAME_HU": "Schaffhausen", "NAME_ID": "Schaffhausen", "NAME_IT": "Sciaffusa", "NAME_JA": "シャフハウゼン", "NAME_KO": "샤프하우젠", "NAME_NL": "Schaffhausen", "NAME_PL": "Szafuza", "NAME_SV": "Schaffhausen", "NAME_TR": "Schaffhausen", "NAME_VI": "Schaffhausen", "NE_ID": 1159114605, "NAME_FA": "شفوزان", "NAME_HE": "שפהאוזן", "NAME_UK": "Шаффгаузен", "NAME_UR": "شافہاوزن", "NAME_ZHT": "沙夫豪森", "GEONAMESID": 2658761, "FCLASS_ISO": null, "FCLASS_US": null, "FCLASS_FR": null, "FCLASS_RU": null, "FCLASS_ES": null, "FCLASS_CN": null, "FCLASS_TW": null, "FCLASS_IN": null, "FCLASS_NP": null, "FCLASS_PK": null, "FCLASS_DE": null, "FCLASS_GB": null, "FCLASS_BR": null, "FCLASS_IL": null, "FCLASS_PS": null, "FCLASS_SA": null, "FCLASS_EG": null, "FCLASS_MA": null, "FCLASS_PT": null, "FCLASS_AR": null, "FCLASS_JP": null, "FCLASS_KO": null, "FCLASS_VN": null, "FCLASS_TR": null, "FCLASS_ID": null, "FCLASS_PL": null, "FCLASS_GR": null, "FCLASS_IT": null, "FCLASS_NL": null, "FCLASS_SE": null, "FCLASS_BD": null, "FCLASS_UA": null, "FCLASS_TLC": null}, "bbox": [8.632998, 47.706003, 8.632998, 47.706003], "geometry": {"type": "Point", "coordinates": [8.632998, 47.706003]}}, {"type": "Feature", "properties": {"SCALERANK": 10, "NATSCALE": 1, "LABELRANK": 7, "FEATURECLA": "Admin-1 capital", "NAME": "Schwyz", "NAMEPAR": null, "NAMEALT": null, "NAMEASCII": "Schwyz", "ADM0CAP": 0, "CAPIN": null, "WORLDCITY": 0, "MEGACITY": 0, "SOV0NAME": "Switzerland", "SOV_A3": "CHE", "ADM0NAME": "Switzerland", "ADM0_A3": "CHE", "ADM1NAME": "Schwyz", "ISO_A2": "CH", "NOTE": null, "LATITUDE": 47.019996, "LONGITUDE": 8.648002, "POP_MAX": 14177, "POP_MIN": 14177, "POP_OTHER": 0, "RANK_MAX": 6, "RANK_MIN": 6, "MEGANAME": null, "LS_NAME": null, "MAX_POP10": 0, "MAX_POP20": 0, "MAX_POP50": 0, "MAX_POP300": 0, "MAX_POP310": 0, "MAX_NATSCA": 0, "MIN_AREAKM": 0, "MAX_AREAKM": 0, "MIN_AREAMI": 0, "MAX_AREAMI": 0, "MIN_PERKM": 0, "MAX_PERKM": 0, "MIN_PERMI": 0, "MAX_PERMI": 0, "MIN_BBXMIN": 0, "MAX_BBXMIN": 0, "MIN_BBXMAX": 0, "MAX_BBXMAX": 0, "MIN_BBYMIN": 0, "MAX_BBYMIN": 0, "MIN_BBYMAX": 0, "MAX_BBYMAX": 0, "MEAN_BBXC": 0, "MEAN_BBYC": 0, "TIMEZONE": "Europe/Zurich", "UN_FID": 0, "POP1950": 0, "POP1955": 0, "POP1960": 0, "POP1965": 0, "POP1970": 0, "POP1975": 0, "POP1980": 0, "POP1985": 0, "POP1990": 0, "POP1995": 0, "POP2000": 0, "POP2005": 0, "POP2010": 0, "POP2015": 0, "POP2020": 0, "POP2025": 0, "POP2050": 0, "MIN_ZOOM": 9, "WIKIDATAID": "Q68155", "WOF_ID": 101854013, "CAPALT": 0, "NAME_EN": "Schwyz", "NAME_DE": "Schwyz", "NAME_ES": "Schwyz", "NAME_FR": "Schwytz", "NAME_PT": "Schwyz", "NAME_RU": "Швиц", "NAME_ZH": "施维茨", "LABEL": null, "NAME_AR": "شويز", "NAME_BN": "শ্যয়েজ", "NAME_EL": "Σβυτς", "NAME_HI": "श्वेज़", "NAME_HU": "Schwyz", "NAME_ID": "Schwyz", "NAME_IT": "Svitto", "NAME_JA": "シュヴィーツ", "NAME_KO": "슈비츠", "NAME_NL": "Schwyz", "NAME_PL": "Schwyz", "NAME_SV": "Schwyz", "NAME_TR": "Schwyz", "NAME_VI": "Schwyz", "NE_ID": 1159114627, "NAME_FA": "شوئیز", "NAME_HE": "שווייז", "NAME_UK": "Швіц", "NAME_UR": "شویتس", "NAME_ZHT": "施維芝", "GEONAMESID": 2658665, "FCLASS_ISO": null, "FCLASS_US": null, "FCLASS_FR": null, "FCLASS_RU": null, "FCLASS_ES": null, "FCLASS_CN": null, "FCLASS_TW": null, "FCLASS_IN": null, "FCLASS_NP": null, "FCLASS_PK": null, "FCLASS_DE": null, "FCLASS_GB": null, "FCLASS_BR": null, "FCLASS_IL": null, "FCLASS_PS": null, "FCLASS_SA": null, "FCLASS_EG": null, "FCLASS_MA": null, "FCLASS_PT": null, "FCLASS_AR": null, "FCLASS_JP": null, "FCLASS_KO": null, "FCLASS_VN": null, "FCLASS_TR": null, "FCLASS_ID": null, "FCLASS_PL": null, "FCLASS_GR": null, "FCLASS_IT": null, "FCLASS_NL": null, "FCLASS_SE": null, "FCLASS_BD": null, "FCLASS_UA": null, "FCLASS_TLC": null}, "bbox": [8.648002, 47.019996, 8.648002, 47.019996], "geometry": {"type": "Point", "coordinates": [8.648002, 47.019996]}}, {"type": "Feature", "properties": {"SCALERANK": 10, "NATSCALE": 1, "LABELRANK": 7, "FEATURECLA": "Admin-1 capital", "NAME": "Frauenfeld", "NAMEPAR": null, "NAMEALT": null, "NAMEASCII": "Frauenfeld", "ADM0CAP": 0, "CAPIN": null, "WORLDCITY": 0, "MEGACITY": 0, "SOV0NAME": "Switzerland", "SOV_A3": "CHE", "ADM0NAME": "Switzerland", "ADM0_A3": "CHE", "ADM1NAME": "Thurgau", "ISO_A2": "CH", "NOTE": null, "LATITUDE": 47.567997, "LONGITUDE": 9.108001, "POP_MAX": 21979, "POP_MIN": 21979, "POP_OTHER": 0, "RANK_MAX": 7, "RANK_MIN": 7, "MEGANAME": null, "LS_NAME": null, "MAX_POP10": 0, "MAX_POP20": 0, "MAX_POP50": 0, "MAX_POP300": 0, "MAX_POP310": 0, "MAX_NATSCA": 0, "MIN_AREAKM": 0, "MAX_AREAKM": 0, "MIN_AREAMI": 0, "MAX_AREAMI": 0, "MIN_PERKM": 0, "MAX_PERKM": 0, "MIN_PERMI": 0, "MAX_PERMI": 0, "MIN_BBXMIN": 0, "MAX_BBXMIN": 0, "MIN_BBXMAX": 0, "MAX_BBXMAX": 0, "MIN_BBYMIN": 0, "MAX_BBYMIN": 0, "MIN_BBYMAX": 0, "MAX_BBYMAX": 0, "MEAN_BBXC": 0, "MEAN_BBYC": 0, "TIMEZONE": "Europe/Zurich", "UN_FID": 0, "POP1950": 0, "POP1955": 0, "POP1960": 0, "POP1965": 0, "POP1970": 0, "POP1975": 0, "POP1980": 0, "POP1985": 0, "POP1990": 0, "POP1995": 0, "POP2000": 0, "POP2005": 0, "POP2010": 0, "POP2015": 0, "POP2020": 0, "POP2025": 0, "POP2050": 0, "MIN_ZOOM": 9, "WIKIDATAID": "Q68120", "WOF_ID": 101854447, "CAPALT": 0, "NAME_EN": "Frauenfeld", "NAME_DE": "Frauenfeld", "NAME_ES": "Frauenfeld", "NAME_FR": "Frauenfeld", "NAME_PT": "Frauenfeld", "NAME_RU": "Фрауэнфельд", "NAME_ZH": "弗劳恩费尔德", "LABEL": null, "NAME_AR": "فراونفيلد", "NAME_BN": "ফ্রউএনফেল্ড", "NAME_EL": "Φράουενφελντ", "NAME_HI": "फ़्रौएनफ़ेल्ड", "NAME_HU": "Frauenfeld", "NAME_ID": "Frauenfeld", "NAME_IT": "Frauenfeld", "NAME_JA": "フラウエンフェルト", "NAME_KO": "프라우엔펠트", "NAME_NL": "Frauenfeld", "NAME_PL": "Frauenfeld", "NAME_SV": "Frauenfeld", "NAME_TR": "Frauenfeld", "NAME_VI": "Frauenfeld", "NE_ID": 1159114649, "NAME_FA": "فروآنفلد", "NAME_HE": "פרוינפלד", "NAME_UK": "Фрауенфельд", "NAME_UR": "فراونفیلد", "NAME_ZHT": "弗勞恩費爾德", "GEONAMESID": 2660727, "FCLASS_ISO": null, "FCLASS_US": null, "FCLASS_FR": null, "FCLASS_RU": null, "FCLASS_ES": null, "FCLASS_CN": null, "FCLASS_TW": null, "FCLASS_IN": null, "FCLASS_NP": null, "FCLASS_PK": null, "FCLASS_DE": null, "FCLASS_GB": null, "FCLASS_BR": null, "FCLASS_IL": null, "FCLASS_PS": null, "FCLASS_SA": null, "FCLASS_EG": null, "FCLASS_MA": null, "FCLASS_PT": null, "FCLASS_AR": null, "FCLASS_JP": null, "FCLASS_KO": null, "FCLASS_VN": null, "FCLASS_TR": null, "FCLASS_ID": null, "FCLASS_PL": null, "FCLASS_GR": null, "FCLASS_IT": null, "FCLASS_NL": null, "FCLASS_SE": null, "FCLASS_BD": null, "FCLASS_UA": null, "FCLASS_TLC": null}, "bbox": [8.904888, 47.552619, 8.904888, 47.552619], "geometry": {"type": "Point", "coordinates": [8.904888, 47.552619]}}, {"type": "Feature", "properties": {"SCALERANK": 10, "NATSCALE": 1, "LABELRANK": 7, "FEATURECLA": "Admin-1 capital", "NAME": "Altdorf", "NAMEPAR": null, "NAMEALT": null, "NAMEASCII": "Altdorf", "ADM0CAP": 0, "CAPIN": null, "WORLDCITY": 0, "MEGACITY": 0, "SOV0NAME": "Switzerland", "SOV_A3": "CHE", "ADM0NAME": "Switzerland", "ADM0_A3": "CHE", "ADM1NAME": "Uri", "ISO_A2": "CH", "NOTE": null, "LATITUDE": 46.879002, "LONGITUDE": 8.638003, "POP_MAX": 8678, "POP_MIN": 8678, "POP_OTHER": 0, "RANK_MAX": 5, "RANK_MIN": 5, "MEGANAME": null, "LS_NAME": null, "MAX_POP10": 0, "MAX_POP20": 0, "MAX_POP50": 0, "MAX_POP300": 0, "MAX_POP310": 0, "MAX_NATSCA": 0, "MIN_AREAKM": 0, "MAX_AREAKM": 0, "MIN_AREAMI": 0, "MAX_AREAMI": 0, "MIN_PERKM": 0, "MAX_PERKM": 0, "MIN_PERMI": 0, "MAX_PERMI": 0, "MIN_BBXMIN": 0, "MAX_BBXMIN": 0, "MIN_BBXMAX": 0, "MAX_BBXMAX": 0, "MIN_BBYMIN": 0, "MAX_BBYMIN": 0, "MIN_BBYMAX": 0, "MAX_BBYMAX": 0, "MEAN_BBXC": 0, "MEAN_BBYC": 0, "TIMEZONE": "Europe/Zurich", "UN_FID": 0, "POP1950": 0, "POP1955": 0, "POP1960": 0, "POP1965": 0, "POP1970": 0, "POP1975": 0, "POP1980": 0, "POP1985": 0, "POP1990": 0, "POP1995": 0, "POP2000": 0, "POP2005": 0, "POP2010": 0, "POP2015": 0, "POP2020": 0, "POP2025": 0, "POP2050": 0, "MIN_ZOOM": 9, "WIKIDATAID": "Q68150", "WOF_ID": 101853911, "CAPALT": 0, "NAME_EN": "Altdorf", "NAME_DE": "Altdorf", "NAME_ES": "Altdorf", "NAME_FR": "Altdorf", "NAME_PT": "Altdorf", "NAME_RU": "Альтдорф", "NAME_ZH": "阿尔特多夫", "LABEL": null, "NAME_AR": "ألتدورف", "NAME_BN": "আলডর্ফ", "NAME_EL": "Άλτντορφ", "NAME_HI": "आल्टडॉर्फ़", "NAME_HU": "Altdorf", "NAME_ID": "Altdorf", "NAME_IT": "Altdorf", "NAME_JA": "アルトドルフ", "NAME_KO": "알트도르프", "NAME_NL": "Altdorf", "NAME_PL": "Altdorf", "NAME_SV": "Altdorf", "NAME_TR": "Altdorf", "NAME_VI": "Altdorf", "NE_ID": 1159114659, "NAME_FA": "الدورف", "NAME_HE": "אלטדורף", "NAME_UK": "Альтдорф", "NAME_UR": "الدورف", "NAME_ZHT": "阿爾特多夫", "GEONAMESID": 2661780, "FCLASS_ISO": null, "FCLASS_US": null, "FCLASS_FR": null, "FCLASS_RU": null, "FCLASS_ES": null, "FCLASS_CN": null, "FCLASS_TW": null, "FCLASS_IN": null, "FCLASS_NP": null, "FCLASS_PK": null, "FCLASS_DE": null, "FCLASS_GB": null, "FCLASS_BR": null, "FCLASS_IL": null, "FCLASS_PS": null, "FCLASS_SA": null, "FCLASS_EG": null, "FCLASS_MA": null, "FCLASS_PT": null, "FCLASS_AR": null, "FCLASS_JP": null, "FCLASS_KO": null, "FCLASS_VN": null, "FCLASS_TR": null, "FCLASS_ID": null, "FCLASS_PL": null, "FCLASS_GR": null, "FCLASS_IT": null, "FCLASS_NL": null, "FCLASS_SE": null, "FCLASS_BD": null, "FCLASS_UA": null, "FCLASS_TLC": null}, "bbox": [8.638003, 46.879002, 8.638003, 46.879002], "geometry": {"type": "Point", "coordinates": [8.638003, 46.879002]}}, {"type": "Feature", "properties": {"SCALERANK": 10, "NATSCALE": 1, "LABELRANK": 7, "FEATURECLA": "Admin-1 capital", "NAME": "Zug", "NAMEPAR": null, "NAMEALT": null, "NAMEASCII": "Zug", "ADM0CAP": 0, "CAPIN": null, "WORLDCITY": 0, "MEGACITY": 0, "SOV0NAME": "Switzerland", "SOV_A3": "CHE", "ADM0NAME": "Switzerland", "ADM0_A3": "CHE", "ADM1NAME": "Zug", "ISO_A2": "CH", "NOTE": null, "LATITUDE": 47.178999, "LONGITUDE": 8.487001, "POP_MAX": 23435, "POP_MIN": 23435, "POP_OTHER": 0, "RANK_MAX": 7, "RANK_MIN": 7, "MEGANAME": null, "LS_NAME": null, "MAX_POP10": 0, "MAX_POP20": 0, "MAX_POP50": 0, "MAX_POP300": 0, "MAX_POP310": 0, "MAX_NATSCA": 0, "MIN_AREAKM": 0, "MAX_AREAKM": 0, "MIN_AREAMI": 0, "MAX_AREAMI": 0, "MIN_PERKM": 0, "MAX_PERKM": 0, "MIN_PERMI": 0, "MAX_PERMI": 0, "MIN_BBXMIN": 0, "MAX_BBXMIN": 0, "MIN_BBXMAX": 0, "MAX_BBXMAX": 0, "MIN_BBYMIN": 0, "MAX_BBYMIN": 0, "MIN_BBYMAX": 0, "MAX_BBYMAX": 0, "MEAN_BBXC": 0, "MEAN_BBYC": 0, "TIMEZONE": "Europe/Zurich", "UN_FID": 0, "POP1950": 0, "POP1955": 0, "POP1960": 0, "POP1965": 0, "POP1970": 0, "POP1975": 0, "POP1980": 0, "POP1985": 0, "POP1990": 0, "POP1995": 0, "POP2000": 0, "POP2005": 0, "POP2010": 0, "POP2015": 0, "POP2020": 0, "POP2025": 0, "POP2050": 0, "MIN_ZOOM": 8, "WIKIDATAID": "Q68144", "WOF_ID": 101875979, "CAPALT": 0, "NAME_EN": "Zug", "NAME_DE": "Zug", "NAME_ES": "Zug", "NAME_FR": "Zoug", "NAME_PT": "Zug", "NAME_RU": "Цуг", "NAME_ZH": "楚格", "LABEL": null, "NAME_AR": "زوغ", "NAME_BN": "জুগ", "NAME_EL": "Τσουγκ", "NAME_HI": "ज़ग", "NAME_HU": "Zug", "NAME_ID": "Zug", "NAME_IT": "Zugo", "NAME_JA": "ツーク", "NAME_KO": "추크", "NAME_NL": "Zug", "NAME_PL": "Zug", "NAME_SV": "Zug", "NAME_TR": "Zug", "NAME_VI": "Zug", "NE_ID": 1159114687, "NAME_FA": "زوگ", "NAME_HE": "צוג", "NAME_UK": "Цуґ", "NAME_UR": "تسوگ", "NAME_ZHT": "楚格", "GEONAMESID": 2657908, "FCLASS_ISO": null, "FCLASS_US": null, "FCLASS_FR": null, "FCLASS_RU": null, "FCLASS_ES": null, "FCLASS_CN": null, "FCLASS_TW": null, "FCLASS_IN": null, "FCLASS_NP": null, "FCLASS_PK": null, "FCLASS_DE": null, "FCLASS_GB": null, "FCLASS_BR": null, "FCLASS_IL": null, "FCLASS_PS": null, "FCLASS_SA": null, "FCLASS_EG": null, "FCLASS_MA": null, "FCLASS_PT": null, "FCLASS_AR": null, "FCLASS_JP": null, "FCLASS_KO": null, "FCLASS_VN": null, "FCLASS_TR": null, "FCLASS_ID": null, "FCLASS_PL": null, "FCLASS_GR": null, "FCLASS_IT": null, "FCLASS_NL": null, "FCLASS_SE": null, "FCLASS_BD": null, "FCLASS_UA": null, "FCLASS_TLC": null}, "bbox": [8.487001, 47.178999, 8.487001, 47.178999], "geometry": {"type": "Point", "coordinates": [8.487001, 47.178999]}}, {"type": "Feature", "properties": {"SCALERANK": 10, "NATSCALE": 1, "LABELRANK": 7, "FEATURECLA": "Admin-1 capital", "NAME": "Karlskrona", "NAMEPAR": null, "NAMEALT": null, "NAMEASCII": "Karlskrona", "ADM0CAP": 0, "CAPIN": null, "WORLDCITY": 0, "MEGACITY": 0, "SOV0NAME": "Sweden", "SOV_A3": "SWE", "ADM0NAME": "Sweden", "ADM0_A3": "SWE", "ADM1NAME": "Blekinge", "ISO_A2": "SE", "NOTE": null, "LATITUDE": 56.203002, "LONGITUDE": 15.296005, "POP_MAX": 35212, "POP_MIN": 35212, "POP_OTHER": 0, "RANK_MAX": 7, "RANK_MIN": 7, "MEGANAME": null, "LS_NAME": null, "MAX_POP10": 0, "MAX_POP20": 0, "MAX_POP50": 0, "MAX_POP300": 0, "MAX_POP310": 0, "MAX_NATSCA": 0, "MIN_AREAKM": 0, "MAX_AREAKM": 0, "MIN_AREAMI": 0, "MAX_AREAMI": 0, "MIN_PERKM": 0, "MAX_PERKM": 0, "MIN_PERMI": 0, "MAX_PERMI": 0, "MIN_BBXMIN": 0, "MAX_BBXMIN": 0, "MIN_BBXMAX": 0, "MAX_BBXMAX": 0, "MIN_BBYMIN": 0, "MAX_BBYMIN": 0, "MIN_BBYMAX": 0, "MAX_BBYMAX": 0, "MEAN_BBXC": 0, "MEAN_BBYC": 0, "TIMEZONE": null, "UN_FID": 0, "POP1950": 0, "POP1955": 0, "POP1960": 0, "POP1965": 0, "POP1970": 0, "POP1975": 0, "POP1980": 0, "POP1985": 0, "POP1990": 0, "POP1995": 0, "POP2000": 0, "POP2005": 0, "POP2010": 0, "POP2015": 0, "POP2020": 0, "POP2025": 0, "POP2050": 0, "MIN_ZOOM": 6.7, "WIKIDATAID": "Q25789", "WOF_ID": 1141906037, "CAPALT": 0, "NAME_EN": "Karlskrona", "NAME_DE": "Karlskrona", "NAME_ES": "Karlskrona", "NAME_FR": "Karlskrona", "NAME_PT": "Karlskrona", "NAME_RU": "Карлскруна", "NAME_ZH": "卡尔斯克鲁纳", "LABEL": null, "NAME_AR": "كارلسكرونا", "NAME_BN": "কার্লসকোনা", "NAME_EL": "Κάρλσκρουνα", "NAME_HI": "कार्ल्सक्रोना", "NAME_HU": "Karlskrona", "NAME_ID": "Karlskrona", "NAME_IT": "Karlskrona", "NAME_JA": "カールスクルーナ", "NAME_KO": "칼스크로나", "NAME_NL": "Karlskrona", "NAME_PL": "Karlskrona", "NAME_SV": "Karlskrona", "NAME_TR": "Karlskrona", "NAME_VI": "Karlskrona", "NE_ID": 1159114749, "NAME_FA": "کلسکرونا", "NAME_HE": "קרלסקרונה", "NAME_UK": "Карлскруна", "NAME_UR": "کارلسکرونا", "NAME_ZHT": "卡爾斯克魯納市", "GEONAMESID": 2701713, "FCLASS_ISO": null, "FCLASS_US": null, "FCLASS_FR": null, "FCLASS_RU": null, "FCLASS_ES": null, "FCLASS_CN": null, "FCLASS_TW": null, "FCLASS_IN": null, "FCLASS_NP": null, "FCLASS_PK": null, "FCLASS_DE": null, "FCLASS_GB": null, "FCLASS_BR": null, "FCLASS_IL": null, "FCLASS_PS": null, "FCLASS_SA": null, "FCLASS_EG": null, "FCLASS_MA": null, "FCLASS_PT": null, "FCLASS_AR": null, "FCLASS_JP": null, "FCLASS_KO": null, "FCLASS_VN": null, "FCLASS_TR": null, "FCLASS_ID": null, "FCLASS_PL": null, "FCLASS_GR": null, "FCLASS_IT": null, "FCLASS_NL": null, "FCLASS_SE": null, "FCLASS_BD": null, "FCLASS_UA": null, "FCLASS_TLC": null}, "bbox": [15.590754, 56.162781, 15.590754, 56.162781], "geometry": {"type": "Point", "coordinates": [15.590754, 56.162781]}}, {"type": "Feature", "properties": {"SCALERANK": 10, "NATSCALE": 1, "LABELRANK": 8, "FEATURECLA": "Admin-1 capital", "NAME": "Assen", "NAMEPAR": null, "NAMEALT": null, "NAMEASCII": "Assen", "ADM0CAP": 0, "CAPIN": null, "WORLDCITY": 0, "MEGACITY": 0, "SOV0NAME": "Kingdom of the Netherlands", "SOV_A3": "NLD", "ADM0NAME": "Netherlands", "ADM0_A3": "NLD", "ADM1NAME": "Drenthe", "ISO_A2": "NL", "NOTE": null, "LATITUDE": 53.000001, "LONGITUDE": 6.550003, "POP_MAX": 62237, "POP_MIN": 62237, "POP_OTHER": 0, "RANK_MAX": 8, "RANK_MIN": 8, "MEGANAME": null, "LS_NAME": null, "MAX_POP10": 0, "MAX_POP20": 0, "MAX_POP50": 0, "MAX_POP300": 0, "MAX_POP310": 0, "MAX_NATSCA": 0, "MIN_AREAKM": 0, "MAX_AREAKM": 0, "MIN_AREAMI": 0, "MAX_AREAMI": 0, "MIN_PERKM": 0, "MAX_PERKM": 0, "MIN_PERMI": 0, "MAX_PERMI": 0, "MIN_BBXMIN": 0, "MAX_BBXMIN": 0, "MIN_BBXMAX": 0, "MAX_BBXMAX": 0, "MIN_BBYMIN": 0, "MAX_BBYMIN": 0, "MIN_BBYMAX": 0, "MAX_BBYMAX": 0, "MEAN_BBXC": 0, "MEAN_BBYC": 0, "TIMEZONE": "Europe/Amsterdam", "UN_FID": 0, "POP1950": 0, "POP1955": 0, "POP1960": 0, "POP1965": 0, "POP1970": 0, "POP1975": 0, "POP1980": 0, "POP1985": 0, "POP1990": 0, "POP1995": 0, "POP2000": 0, "POP2005": 0, "POP2010": 0, "POP2015": 0, "POP2020": 0, "POP2025": 0, "POP2050": 0, "MIN_ZOOM": 8, "WIKIDATAID": "Q798", "WOF_ID": 101751879, "CAPALT": 0, "NAME_EN": "Assen", "NAME_DE": "Assen", "NAME_ES": "Assen", "NAME_FR": "Assen", "NAME_PT": "Assen", "NAME_RU": "Ассен", "NAME_ZH": "阿森", "LABEL": null, "NAME_AR": "أسن", "NAME_BN": "আস্সেন", "NAME_EL": "Άσσεν", "NAME_HI": "एस्सेन", "NAME_HU": "Assen", "NAME_ID": "Assen", "NAME_IT": "Assen", "NAME_JA": "アッセン", "NAME_KO": "아선", "NAME_NL": "Assen", "NAME_PL": "Assen", "NAME_SV": "Assen", "NAME_TR": "Assen", "NAME_VI": "Assen", "NE_ID": 1159115923, "NAME_FA": "آسن", "NAME_HE": "אסן", "NAME_UK": "Ассен", "NAME_UR": "آسن", "NAME_ZHT": "阿森", "GEONAMESID": 2759633, "FCLASS_ISO": null, "FCLASS_US": null, "FCLASS_FR": null, "FCLASS_RU": null, "FCLASS_ES": null, "FCLASS_CN": null, "FCLASS_TW": null, "FCLASS_IN": null, "FCLASS_NP": null, "FCLASS_PK": null, "FCLASS_DE": null, "FCLASS_GB": null, "FCLASS_BR": null, "FCLASS_IL": null, "FCLASS_PS": null, "FCLASS_SA": null, "FCLASS_EG": null, "FCLASS_MA": null, "FCLASS_PT": null, "FCLASS_AR": null, "FCLASS_JP": null, "FCLASS_KO": null, "FCLASS_VN": null, "FCLASS_TR": null, "FCLASS_ID": null, "FCLASS_PL": null, "FCLASS_GR": null, "FCLASS_IT": null, "FCLASS_NL": null, "FCLASS_SE": null, "FCLASS_BD": null, "FCLASS_UA": null, "FCLASS_TLC": null}, "bbox": [6.550003, 53.000001, 6.550003, 53.000001], "geometry": {"type": "Point", "coordinates": [6.550003, 53.000001]}}, {"type": "Feature", "properties": {"SCALERANK": 10, "NATSCALE": 1, "LABELRANK": 8, "FEATURECLA": "Admin-1 capital", "NAME": "Arnhem", "NAMEPAR": null, "NAMEALT": null, "NAMEASCII": "Arnhem", "ADM0CAP": 0, "CAPIN": null, "WORLDCITY": 0, "MEGACITY": 0, "SOV0NAME": "Kingdom of the Netherlands", "SOV_A3": "NLD", "ADM0NAME": "Netherlands", "ADM0_A3": "NLD", "ADM1NAME": "Gelderland", "ISO_A2": "NL", "NOTE": null, "LATITUDE": 51.987996, "LONGITUDE": 5.923, "POP_MAX": 141674, "POP_MIN": 141674, "POP_OTHER": 0, "RANK_MAX": 9, "RANK_MIN": 9, "MEGANAME": null, "LS_NAME": null, "MAX_POP10": 0, "MAX_POP20": 0, "MAX_POP50": 0, "MAX_POP300": 0, "MAX_POP310": 0, "MAX_NATSCA": 0, "MIN_AREAKM": 0, "MAX_AREAKM": 0, "MIN_AREAMI": 0, "MAX_AREAMI": 0, "MIN_PERKM": 0, "MAX_PERKM": 0, "MIN_PERMI": 0, "MAX_PERMI": 0, "MIN_BBXMIN": 0, "MAX_BBXMIN": 0, "MIN_BBXMAX": 0, "MAX_BBXMAX": 0, "MIN_BBYMIN": 0, "MAX_BBYMIN": 0, "MIN_BBYMAX": 0, "MAX_BBYMAX": 0, "MEAN_BBXC": 0, "MEAN_BBYC": 0, "TIMEZONE": "Europe/Amsterdam", "UN_FID": 0, "POP1950": 0, "POP1955": 0, "POP1960": 0, "POP1965": 0, "POP1970": 0, "POP1975": 0, "POP1980": 0, "POP1985": 0, "POP1990": 0, "POP1995": 0, "POP2000": 0, "POP2005": 0, "POP2010": 0, "POP2015": 0, "POP2020": 0, "POP2025": 0, "POP2050": 0, "MIN_ZOOM": 7, "WIKIDATAID": "Q1310", "WOF_ID": 101751857, "CAPALT": 0, "NAME_EN": "Arnhem", "NAME_DE": "Arnheim", "NAME_ES": "Arnhem", "NAME_FR": "Arnhem", "NAME_PT": "Arnhem", "NAME_RU": "Арнем", "NAME_ZH": "阿纳姆", "LABEL": null, "NAME_AR": "آرنم", "NAME_BN": "আন্যাম", "NAME_EL": "Άρνεμ", "NAME_HI": "अर्न्हेम", "NAME_HU": "Arnhem", "NAME_ID": "Arnhem", "NAME_IT": "Arnhem", "NAME_JA": "アーネム", "NAME_KO": "아른험", "NAME_NL": "Arnhem", "NAME_PL": "Arnhem", "NAME_SV": "Arnhem", "NAME_TR": "Arnhem", "NAME_VI": "Arnhem", "NE_ID": 1159115945, "NAME_FA": "آرنهم", "NAME_HE": "ארנהם", "NAME_UK": "Арнем", "NAME_UR": "ارنہم", "NAME_ZHT": "阿納姆", "GEONAMESID": 2759661, "FCLASS_ISO": null, "FCLASS_US": null, "FCLASS_FR": null, "FCLASS_RU": null, "FCLASS_ES": null, "FCLASS_CN": null, "FCLASS_TW": null, "FCLASS_IN": null, "FCLASS_NP": null, "FCLASS_PK": null, "FCLASS_DE": null, "FCLASS_GB": null, "FCLASS_BR": null, "FCLASS_IL": null, "FCLASS_PS": null, "FCLASS_SA": null, "FCLASS_EG": null, "FCLASS_MA": null, "FCLASS_PT": null, "FCLASS_AR": null, "FCLASS_JP": null, "FCLASS_KO": null, "FCLASS_VN": null, "FCLASS_TR": null, "FCLASS_ID": null, "FCLASS_PL": null, "FCLASS_GR": null, "FCLASS_IT": null, "FCLASS_NL": null, "FCLASS_SE": null, "FCLASS_BD": null, "FCLASS_UA": null, "FCLASS_TLC": null}, "bbox": [5.923, 51.987996, 5.923, 51.987996], "geometry": {"type": "Point", "coordinates": [5.923, 51.987996]}}, {"type": "Feature", "properties": {"SCALERANK": 10, "NATSCALE": 1, "LABELRANK": 8, "FEATURECLA": "Admin-1 capital", "NAME": "Maastricht", "NAMEPAR": null, "NAMEALT": null, "NAMEASCII": "Maastricht", "ADM0CAP": 0, "CAPIN": null, "WORLDCITY": 0, "MEGACITY": 0, "SOV0NAME": "Kingdom of the Netherlands", "SOV_A3": "NLD", "ADM0NAME": "Netherlands", "ADM0_A3": "NLD", "ADM1NAME": "Limburg", "ISO_A2": "NL", "NOTE": null, "LATITUDE": 50.852997, "LONGITUDE": 5.677003, "POP_MAX": 122378, "POP_MIN": 122378, "POP_OTHER": 0, "RANK_MAX": 9, "RANK_MIN": 9, "MEGANAME": null, "LS_NAME": null, "MAX_POP10": 0, "MAX_POP20": 0, "MAX_POP50": 0, "MAX_POP300": 0, "MAX_POP310": 0, "MAX_NATSCA": 0, "MIN_AREAKM": 0, "MAX_AREAKM": 0, "MIN_AREAMI": 0, "MAX_AREAMI": 0, "MIN_PERKM": 0, "MAX_PERKM": 0, "MIN_PERMI": 0, "MAX_PERMI": 0, "MIN_BBXMIN": 0, "MAX_BBXMIN": 0, "MIN_BBXMAX": 0, "MAX_BBXMAX": 0, "MIN_BBYMIN": 0, "MAX_BBYMIN": 0, "MIN_BBYMAX": 0, "MAX_BBYMAX": 0, "MEAN_BBXC": 0, "MEAN_BBYC": 0, "TIMEZONE": "Europe/Amsterdam", "UN_FID": 0, "POP1950": 0, "POP1955": 0, "POP1960": 0, "POP1965": 0, "POP1970": 0, "POP1975": 0, "POP1980": 0, "POP1985": 0, "POP1990": 0, "POP1995": 0, "POP2000": 0, "POP2005": 0, "POP2010": 0, "POP2015": 0, "POP2020": 0, "POP2025": 0, "POP2050": 0, "MIN_ZOOM": 9, "WIKIDATAID": "Q1309", "WOF_ID": 101751803, "CAPALT": 0, "NAME_EN": "Maastricht", "NAME_DE": "Maastricht", "NAME_ES": "Maastricht", "NAME_FR": "Maastricht", "NAME_PT": "Maastricht", "NAME_RU": "Маастрихт", "NAME_ZH": "马斯特里赫特", "LABEL": null, "NAME_AR": "ماستريخت", "NAME_BN": "মাস্ট্রিট", "NAME_EL": "Μάαστριχτ", "NAME_HI": "मास्ट्रिच", "NAME_HU": "Maastricht", "NAME_ID": "Maastricht", "NAME_IT": "Maastricht", "NAME_JA": "マーストリヒト", "NAME_KO": "마스트리흐트", "NAME_NL": "Maastricht", "NAME_PL": "Maastricht", "NAME_SV": "Maastricht", "NAME_TR": "Maastricht", "NAME_VI": "Maastricht", "NE_ID": 1159115953, "NAME_FA": "ماستریخت", "NAME_HE": "מאסטריכט", "NAME_UK": "Маастрихт", "NAME_UR": "ماستریخت", "NAME_ZHT": "马斯特里赫特", "GEONAMESID": 2751283, "FCLASS_ISO": null, "FCLASS_US": null, "FCLASS_FR": null, "FCLASS_RU": null, "FCLASS_ES": null, "FCLASS_CN": null, "FCLASS_TW": null, "FCLASS_IN": null, "FCLASS_NP": null, "FCLASS_PK": null, "FCLASS_DE": null, "FCLASS_GB": null, "FCLASS_BR": null, "FCLASS_IL": null, "FCLASS_PS": null, "FCLASS_SA": null, "FCLASS_EG": null, "FCLASS_MA": null, "FCLASS_PT": null, "FCLASS_AR": null, "FCLASS_JP": null, "FCLASS_KO": null, "FCLASS_VN": null, "FCLASS_TR": null, "FCLASS_ID": null, "FCLASS_PL": null, "FCLASS_GR": null, "FCLASS_IT": null, "FCLASS_NL": null, "FCLASS_SE": null, "FCLASS_BD": null, "FCLASS_UA": null, "FCLASS_TLC": null}, "bbox": [5.677003, 50.852997, 5.677003, 50.852997], "geometry": {"type": "Point", "coordinates": [5.677003, 50.852997]}}, {"type": "Feature", "properties": {"SCALERANK": 10, "NATSCALE": 1, "LABELRANK": 8, "FEATURECLA": "Admin-1 capital", "NAME": "Zwolle", "NAMEPAR": null, "NAMEALT": null, "NAMEASCII": "Zwolle", "ADM0CAP": 0, "CAPIN": null, "WORLDCITY": 0, "MEGACITY": 0, "SOV0NAME": "Kingdom of the Netherlands", "SOV_A3": "NLD", "ADM0NAME": "Netherlands", "ADM0_A3": "NLD", "ADM1NAME": "Overijssel", "ISO_A2": "NL", "NOTE": null, "LATITUDE": 52.524, "LONGITUDE": 6.096997, "POP_MAX": 111805, "POP_MIN": 111805, "POP_OTHER": 0, "RANK_MAX": 9, "RANK_MIN": 9, "MEGANAME": null, "LS_NAME": null, "MAX_POP10": 0, "MAX_POP20": 0, "MAX_POP50": 0, "MAX_POP300": 0, "MAX_POP310": 0, "MAX_NATSCA": 0, "MIN_AREAKM": 0, "MAX_AREAKM": 0, "MIN_AREAMI": 0, "MAX_AREAMI": 0, "MIN_PERKM": 0, "MAX_PERKM": 0, "MIN_PERMI": 0, "MAX_PERMI": 0, "MIN_BBXMIN": 0, "MAX_BBXMIN": 0, "MIN_BBXMAX": 0, "MAX_BBXMAX": 0, "MIN_BBYMIN": 0, "MAX_BBYMIN": 0, "MIN_BBYMAX": 0, "MAX_BBYMAX": 0, "MEAN_BBXC": 0, "MEAN_BBYC": 0, "TIMEZONE": "Europe/Amsterdam", "UN_FID": 0, "POP1950": 0, "POP1955": 0, "POP1960": 0, "POP1965": 0, "POP1970": 0, "POP1975": 0, "POP1980": 0, "POP1985": 0, "POP1990": 0, "POP1995": 0, "POP2000": 0, "POP2005": 0, "POP2010": 0, "POP2015": 0, "POP2020": 0, "POP2025": 0, "POP2050": 0, "MIN_ZOOM": 7, "WIKIDATAID": "Q793", "WOF_ID": 101751861, "CAPALT": 0, "NAME_EN": "Zwolle", "NAME_DE": "Zwolle", "NAME_ES": "Zwolle", "NAME_FR": "Zwolle", "NAME_PT": "Zwolle", "NAME_RU": "Зволле", "NAME_ZH": "兹沃勒", "LABEL": null, "NAME_AR": "زفوله", "NAME_BN": "জোলে", "NAME_EL": "Ζβόλε", "NAME_HI": "जोवलळे", "NAME_HU": "Zwolle", "NAME_ID": "Zwolle", "NAME_IT": "Zwolle", "NAME_JA": "ズヴォレ", "NAME_KO": "즈볼러", "NAME_NL": "Zwolle", "NAME_PL": "Zwolle", "NAME_SV": "Zwolle", "NAME_TR": "Zwolle", "NAME_VI": "Zwolle", "NE_ID": 1159115983, "NAME_FA": "زووله", "NAME_HE": "זוולה", "NAME_UK": "Зволле", "NAME_UR": "زوولے", "NAME_ZHT": "兹沃勒", "GEONAMESID": 2743477, "FCLASS_ISO": null, "FCLASS_US": null, "FCLASS_FR": null, "FCLASS_RU": null, "FCLASS_ES": null, "FCLASS_CN": null, "FCLASS_TW": null, "FCLASS_IN": null, "FCLASS_NP": null, "FCLASS_PK": null, "FCLASS_DE": null, "FCLASS_GB": null, "FCLASS_BR": null, "FCLASS_IL": null, "FCLASS_PS": null, "FCLASS_SA": null, "FCLASS_EG": null, "FCLASS_MA": null, "FCLASS_PT": null, "FCLASS_AR": null, "FCLASS_JP": null, "FCLASS_KO": null, "FCLASS_VN": null, "FCLASS_TR": null, "FCLASS_ID": null, "FCLASS_PL": null, "FCLASS_GR": null, "FCLASS_IT": null, "FCLASS_NL": null, "FCLASS_SE": null, "FCLASS_BD": null, "FCLASS_UA": null, "FCLASS_TLC": null}, "bbox": [6.096997, 52.524, 6.096997, 52.524], "geometry": {"type": "Point", "coordinates": [6.096997, 52.524]}}, {"type": "Feature", "properties": {"SCALERANK": 10, "NATSCALE": 1, "LABELRANK": 8, "FEATURECLA": "Admin-1 capital", "NAME": "Middelburg", "NAMEPAR": null, "NAMEALT": null, "NAMEASCII": "Middelburg", "ADM0CAP": 0, "CAPIN": null, "WORLDCITY": 0, "MEGACITY": 0, "SOV0NAME": "Kingdom of the Netherlands", "SOV_A3": "NLD", "ADM0NAME": "Netherlands", "ADM0_A3": "NLD", "ADM1NAME": "Zeeland", "ISO_A2": "NL", "NOTE": null, "LATITUDE": 51.501996, "LONGITUDE": 3.61, "POP_MAX": 46485, "POP_MIN": 46485, "POP_OTHER": 0, "RANK_MAX": 7, "RANK_MIN": 7, "MEGANAME": null, "LS_NAME": null, "MAX_POP10": 0, "MAX_POP20": 0, "MAX_POP50": 0, "MAX_POP300": 0, "MAX_POP310": 0, "MAX_NATSCA": 0, "MIN_AREAKM": 0, "MAX_AREAKM": 0, "MIN_AREAMI": 0, "MAX_AREAMI": 0, "MIN_PERKM": 0, "MAX_PERKM": 0, "MIN_PERMI": 0, "MAX_PERMI": 0, "MIN_BBXMIN": 0, "MAX_BBXMIN": 0, "MIN_BBXMAX": 0, "MAX_BBXMAX": 0, "MIN_BBYMIN": 0, "MAX_BBYMIN": 0, "MIN_BBYMAX": 0, "MAX_BBYMAX": 0, "MEAN_BBXC": 0, "MEAN_BBYC": 0, "TIMEZONE": "Europe/Amsterdam", "UN_FID": 0, "POP1950": 0, "POP1955": 0, "POP1960": 0, "POP1965": 0, "POP1970": 0, "POP1975": 0, "POP1980": 0, "POP1985": 0, "POP1990": 0, "POP1995": 0, "POP2000": 0, "POP2005": 0, "POP2010": 0, "POP2015": 0, "POP2020": 0, "POP2025": 0, "POP2050": 0, "MIN_ZOOM": 7, "WIKIDATAID": "Q52101", "WOF_ID": 101839435, "CAPALT": 0, "NAME_EN": "Middelburg", "NAME_DE": "Middelburg", "NAME_ES": "Middelburg", "NAME_FR": "Middelbourg", "NAME_PT": "Midelburgo", "NAME_RU": "Мидделбург", "NAME_ZH": "米德尔堡", "LABEL": null, "NAME_AR": "ميديلبورخ", "NAME_BN": "মিডলবার্গ", "NAME_EL": "Μίντελμπουρχ", "NAME_HI": "मिडलबर्ग", "NAME_HU": "Middelburg", "NAME_ID": "Middelburg", "NAME_IT": "Middelburg", "NAME_JA": "ミデルブルフ", "NAME_KO": "미델뷔르흐", "NAME_NL": "Middelburg", "NAME_PL": "Middelburg", "NAME_SV": "Middelburg", "NAME_TR": "Middelburg", "NAME_VI": "Middelburg", "NE_ID": 1159116007, "NAME_FA": "میدلبورخ", "NAME_HE": "מידלבורך", "NAME_UK": "Мідделбург", "NAME_UR": "مڈلبرخ", "NAME_ZHT": "米德爾堡", "GEONAMESID": 2750896, "FCLASS_ISO": null, "FCLASS_US": null, "FCLASS_FR": null, "FCLASS_RU": null, "FCLASS_ES": null, "FCLASS_CN": null, "FCLASS_TW": null, "FCLASS_IN": null, "FCLASS_NP": null, "FCLASS_PK": null, "FCLASS_DE": null, "FCLASS_GB": null, "FCLASS_BR": null, "FCLASS_IL": null, "FCLASS_PS": null, "FCLASS_SA": null, "FCLASS_EG": null, "FCLASS_MA": null, "FCLASS_PT": null, "FCLASS_AR": null, "FCLASS_JP": null, "FCLASS_KO": null, "FCLASS_VN": null, "FCLASS_TR": null, "FCLASS_ID": null, "FCLASS_PL": null, "FCLASS_GR": null, "FCLASS_IT": null, "FCLASS_NL": null, "FCLASS_SE": null, "FCLASS_BD": null, "FCLASS_UA": null, "FCLASS_TLC": null}, "bbox": [3.609999, 51.501996, 3.609999, 51.501996], "geometry": {"type": "Point", "coordinates": [3.609999, 51.501996]}}, {"type": "Feature", "properties": {"SCALERANK": 10, "NATSCALE": 1, "LABELRANK": 8, "FEATURECLA": "Admin-1 capital", "NAME": "'s-Hertogenbosch", "NAMEPAR": null, "NAMEALT": null, "NAMEASCII": "'s-Hertogenbosch", "ADM0CAP": 0, "CAPIN": null, "WORLDCITY": 0, "MEGACITY": 0, "SOV0NAME": "Kingdom of the Netherlands", "SOV_A3": "NLD", "ADM0NAME": "Netherlands", "ADM0_A3": "NLD", "ADM1NAME": "Noord-Brabant", "ISO_A2": "NL", "NOTE": null, "LATITUDE": 51.683337, "LONGITUDE": 5.316661, "POP_MAX": 134520, "POP_MIN": 134520, "POP_OTHER": 0, "RANK_MAX": 9, "RANK_MIN": 9, "MEGANAME": null, "LS_NAME": null, "MAX_POP10": 0, "MAX_POP20": 0, "MAX_POP50": 0, "MAX_POP300": 0, "MAX_POP310": 0, "MAX_NATSCA": 0, "MIN_AREAKM": 0, "MAX_AREAKM": 0, "MIN_AREAMI": 0, "MAX_AREAMI": 0, "MIN_PERKM": 0, "MAX_PERKM": 0, "MIN_PERMI": 0, "MAX_PERMI": 0, "MIN_BBXMIN": 0, "MAX_BBXMIN": 0, "MIN_BBXMAX": 0, "MAX_BBXMAX": 0, "MIN_BBYMIN": 0, "MAX_BBYMIN": 0, "MIN_BBYMAX": 0, "MAX_BBYMAX": 0, "MEAN_BBXC": 0, "MEAN_BBYC": 0, "TIMEZONE": "Europe/Amsterdam", "UN_FID": 0, "POP1950": 0, "POP1955": 0, "POP1960": 0, "POP1965": 0, "POP1970": 0, "POP1975": 0, "POP1980": 0, "POP1985": 0, "POP1990": 0, "POP1995": 0, "POP2000": 0, "POP2005": 0, "POP2010": 0, "POP2015": 0, "POP2020": 0, "POP2025": 0, "POP2050": 0, "MIN_ZOOM": 9, "WIKIDATAID": "Q2766547", "WOF_ID": 101751809, "CAPALT": 0, "NAME_EN": "'s-Hertogenbosch", "NAME_DE": "'s-Hertogenbosch", "NAME_ES": "Bolduque", "NAME_FR": "Bois-le-Duc", "NAME_PT": "'s-Hertogenbosch", "NAME_RU": "Хертогенбос", "NAME_ZH": "斯海尔托亨博斯", "LABEL": null, "NAME_AR": "سيرتوخيمبوس", "NAME_BN": "এস- হারটজেনবস্ক", "NAME_EL": "Ντεν Μπος", "NAME_HI": "इस-हेर्टजनबोस्च", "NAME_HU": "’s-Hertogenbosch", "NAME_ID": "Den Bosch", "NAME_IT": "'s-Hertogenbosch", "NAME_JA": "スヘルトーヘンボス", "NAME_KO": "스헤르토헨보스", "NAME_NL": "'s-Hertogenbosch", "NAME_PL": "’s-Hertogenbosch", "NAME_SV": "'s-Hertogenbosch", "NAME_TR": "'s-Hertogenbosch", "NAME_VI": "'s-Hertogenbosch", "NE_ID": 1159116023, "NAME_FA": "سرتوخنبوس", "NAME_HE": "דן בוס", "NAME_UK": "Гертогенбос", "NAME_UR": "سیرتوخنبوس", "NAME_ZHT": "斯海托亨博斯", "GEONAMESID": 2747351, "FCLASS_ISO": null, "FCLASS_US": null, "FCLASS_FR": null, "FCLASS_RU": null, "FCLASS_ES": null, "FCLASS_CN": null, "FCLASS_TW": null, "FCLASS_IN": null, "FCLASS_NP": null, "FCLASS_PK": null, "FCLASS_DE": null, "FCLASS_GB": null, "FCLASS_BR": null, "FCLASS_IL": null, "FCLASS_PS": null, "FCLASS_SA": null, "FCLASS_EG": null, "FCLASS_MA": null, "FCLASS_PT": null, "FCLASS_AR": null, "FCLASS_JP": null, "FCLASS_KO": null, "FCLASS_VN": null, "FCLASS_TR": null, "FCLASS_ID": null, "FCLASS_PL": null, "FCLASS_GR": null, "FCLASS_IT": null, "FCLASS_NL": null, "FCLASS_SE": null, "FCLASS_BD": null, "FCLASS_UA": null, "FCLASS_TLC": null}, "bbox": [5.316661, 51.683337, 5.316661, 51.683337], "geometry": {"type": "Point", "coordinates": [5.316661, 51.683337]}}, {"type": "Feature", "properties": {"SCALERANK": 10, "NATSCALE": 1, "LABELRANK": 7, "FEATURECLA": "Admin-1 capital", "NAME": "Fribourg", "NAMEPAR": null, "NAMEALT": null, "NAMEASCII": "Fribourg", "ADM0CAP": 0, "CAPIN": null, "WORLDCITY": 0, "MEGACITY": 0, "SOV0NAME": "Switzerland", "SOV_A3": "CHE", "ADM0NAME": "Switzerland", "ADM0_A3": "CHE", "ADM1NAME": "Fribourg", "ISO_A2": "CH", "NOTE": null, "LATITUDE": 46.8, "LONGITUDE": 7.149997, "POP_MAX": 32827, "POP_MIN": 32827, "POP_OTHER": 0, "RANK_MAX": 7, "RANK_MIN": 7, "MEGANAME": null, "LS_NAME": null, "MAX_POP10": 0, "MAX_POP20": 0, "MAX_POP50": 0, "MAX_POP300": 0, "MAX_POP310": 0, "MAX_NATSCA": 0, "MIN_AREAKM": 0, "MAX_AREAKM": 0, "MIN_AREAMI": 0, "MAX_AREAMI": 0, "MIN_PERKM": 0, "MAX_PERKM": 0, "MIN_PERMI": 0, "MAX_PERMI": 0, "MIN_BBXMIN": 0, "MAX_BBXMIN": 0, "MIN_BBXMAX": 0, "MAX_BBXMAX": 0, "MIN_BBYMIN": 0, "MAX_BBYMIN": 0, "MIN_BBYMAX": 0, "MAX_BBYMAX": 0, "MEAN_BBXC": 0, "MEAN_BBYC": 0, "TIMEZONE": "Europe/Zurich", "UN_FID": 0, "POP1950": 0, "POP1955": 0, "POP1960": 0, "POP1965": 0, "POP1970": 0, "POP1975": 0, "POP1980": 0, "POP1985": 0, "POP1990": 0, "POP1995": 0, "POP2000": 0, "POP2005": 0, "POP2010": 0, "POP2015": 0, "POP2020": 0, "POP2025": 0, "POP2050": 0, "MIN_ZOOM": 9, "WIKIDATAID": "Q36378", "WOF_ID": 101853947, "CAPALT": 0, "NAME_EN": "Fribourg", "NAME_DE": "Freiburg im Üechtland", "NAME_ES": "Friburgo", "NAME_FR": "Fribourg", "NAME_PT": "Friburgo", "NAME_RU": "Фрибур", "NAME_ZH": "弗里堡", "LABEL": null, "NAME_AR": "فريبورغ", "NAME_BN": "ফ্রিবুর্গ", "NAME_EL": "Φριμπούρ", "NAME_HI": "फ़्राइबोर्ग", "NAME_HU": "Fribourg", "NAME_ID": "Fribourg", "NAME_IT": "Friburgo", "NAME_JA": "フリブール", "NAME_KO": "프리부르", "NAME_NL": "Fribourg", "NAME_PL": "Fryburg", "NAME_SV": "Fribourg", "NAME_TR": "Fribourg", "NAME_VI": "Fribourg", "NE_ID": 1159116915, "NAME_FA": "فریبورگ", "NAME_HE": "פריבור", "NAME_UK": "Фрібур", "NAME_UR": "فریبورگ", "NAME_ZHT": "佛立堡", "GEONAMESID": 2660718, "FCLASS_ISO": null, "FCLASS_US": null, "FCLASS_FR": null, "FCLASS_RU": null, "FCLASS_ES": null, "FCLASS_CN": null, "FCLASS_TW": null, "FCLASS_IN": null, "FCLASS_NP": null, "FCLASS_PK": null, "FCLASS_DE": null, "FCLASS_GB": null, "FCLASS_BR": null, "FCLASS_IL": null, "FCLASS_PS": null, "FCLASS_SA": null, "FCLASS_EG": null, "FCLASS_MA": null, "FCLASS_PT": null, "FCLASS_AR": null, "FCLASS_JP": null, "FCLASS_KO": null, "FCLASS_VN": null, "FCLASS_TR": null, "FCLASS_ID": null, "FCLASS_PL": null, "FCLASS_GR": null, "FCLASS_IT": null, "FCLASS_NL": null, "FCLASS_SE": null, "FCLASS_BD": null, "FCLASS_UA": null, "FCLASS_TLC": null}, "bbox": [7.149997, 46.8, 7.149997, 46.8], "geometry": {"type": "Point", "coordinates": [7.149997, 46.8]}}, {"type": "Feature", "properties": {"SCALERANK": 10, "NATSCALE": 1, "LABELRANK": 7, "FEATURECLA": "Admin-1 capital", "NAME": "Liestal", "NAMEPAR": null, "NAMEALT": null, "NAMEASCII": "Liestal", "ADM0CAP": 0, "CAPIN": null, "WORLDCITY": 0, "MEGACITY": 0, "SOV0NAME": "Switzerland", "SOV_A3": "CHE", "ADM0NAME": "Switzerland", "ADM0_A3": "CHE", "ADM1NAME": "Basel-Landschaft", "ISO_A2": "CH", "NOTE": null, "LATITUDE": 47.483001, "LONGITUDE": 7.737004, "POP_MAX": 12832, "POP_MIN": 12832, "POP_OTHER": 0, "RANK_MAX": 6, "RANK_MIN": 6, "MEGANAME": null, "LS_NAME": null, "MAX_POP10": 0, "MAX_POP20": 0, "MAX_POP50": 0, "MAX_POP300": 0, "MAX_POP310": 0, "MAX_NATSCA": 0, "MIN_AREAKM": 0, "MAX_AREAKM": 0, "MIN_AREAMI": 0, "MAX_AREAMI": 0, "MIN_PERKM": 0, "MAX_PERKM": 0, "MIN_PERMI": 0, "MAX_PERMI": 0, "MIN_BBXMIN": 0, "MAX_BBXMIN": 0, "MIN_BBXMAX": 0, "MAX_BBXMAX": 0, "MIN_BBYMIN": 0, "MAX_BBYMIN": 0, "MIN_BBYMAX": 0, "MAX_BBYMAX": 0, "MEAN_BBXC": 0, "MEAN_BBYC": 0, "TIMEZONE": "Europe/Zurich", "UN_FID": 0, "POP1950": 0, "POP1955": 0, "POP1960": 0, "POP1965": 0, "POP1970": 0, "POP1975": 0, "POP1980": 0, "POP1985": 0, "POP1990": 0, "POP1995": 0, "POP2000": 0, "POP2005": 0, "POP2010": 0, "POP2015": 0, "POP2020": 0, "POP2025": 0, "POP2050": 0, "MIN_ZOOM": 9, "WIKIDATAID": "Q68972", "WOF_ID": 101876021, "CAPALT": 0, "NAME_EN": "Liestal", "NAME_DE": "Liestal", "NAME_ES": "Liestal", "NAME_FR": "Liestal", "NAME_PT": "Liestal", "NAME_RU": "Листаль", "NAME_ZH": "利斯塔尔", "LABEL": null, "NAME_AR": "ليستل", "NAME_BN": "লিয়েস্টাল", "NAME_EL": "Λίσταλ", "NAME_HI": "लीअस्टल", "NAME_HU": "Liestal", "NAME_ID": "Liestal", "NAME_IT": "Liestal", "NAME_JA": "リースタル", "NAME_KO": "리스탈", "NAME_NL": "Liestal", "NAME_PL": "Liestal", "NAME_SV": "Liestal", "NAME_TR": "Liestal", "NAME_VI": "Liestal", "NE_ID": 1159116933, "NAME_FA": "لستل", "NAME_HE": "ליאשטל", "NAME_UK": "Лісталь", "NAME_UR": "لیستال", "NAME_ZHT": "利斯塔爾", "GEONAMESID": 2659891, "FCLASS_ISO": null, "FCLASS_US": null, "FCLASS_FR": null, "FCLASS_RU": null, "FCLASS_ES": null, "FCLASS_CN": null, "FCLASS_TW": null, "FCLASS_IN": null, "FCLASS_NP": null, "FCLASS_PK": null, "FCLASS_DE": null, "FCLASS_GB": null, "FCLASS_BR": null, "FCLASS_IL": null, "FCLASS_PS": null, "FCLASS_SA": null, "FCLASS_EG": null, "FCLASS_MA": null, "FCLASS_PT": null, "FCLASS_AR": null, "FCLASS_JP": null, "FCLASS_KO": null, "FCLASS_VN": null, "FCLASS_TR": null, "FCLASS_ID": null, "FCLASS_PL": null, "FCLASS_GR": null, "FCLASS_IT": null, "FCLASS_NL": null, "FCLASS_SE": null, "FCLASS_BD": null, "FCLASS_UA": null, "FCLASS_TLC": null}, "bbox": [7.737004, 47.483001, 7.737004, 47.483001], "geometry": {"type": "Point", "coordinates": [7.737004, 47.483001]}}, {"type": "Feature", "properties": {"SCALERANK": 10, "NATSCALE": 1, "LABELRANK": 7, "FEATURECLA": "Admin-1 capital", "NAME": "Solothurn", "NAMEPAR": null, "NAMEALT": null, "NAMEASCII": "Solothurn", "ADM0CAP": 0, "CAPIN": null, "WORLDCITY": 0, "MEGACITY": 0, "SOV0NAME": "Switzerland", "SOV_A3": "CHE", "ADM0NAME": "Switzerland", "ADM0_A3": "CHE", "ADM1NAME": "Solothurn", "ISO_A2": "CH", "NOTE": null, "LATITUDE": 47.212002, "LONGITUDE": 7.536997, "POP_MAX": 14853, "POP_MIN": 14853, "POP_OTHER": 0, "RANK_MAX": 6, "RANK_MIN": 6, "MEGANAME": null, "LS_NAME": null, "MAX_POP10": 0, "MAX_POP20": 0, "MAX_POP50": 0, "MAX_POP300": 0, "MAX_POP310": 0, "MAX_NATSCA": 0, "MIN_AREAKM": 0, "MAX_AREAKM": 0, "MIN_AREAMI": 0, "MAX_AREAMI": 0, "MIN_PERKM": 0, "MAX_PERKM": 0, "MIN_PERMI": 0, "MAX_PERMI": 0, "MIN_BBXMIN": 0, "MAX_BBXMIN": 0, "MIN_BBXMAX": 0, "MAX_BBXMAX": 0, "MIN_BBYMIN": 0, "MAX_BBYMIN": 0, "MIN_BBYMAX": 0, "MAX_BBYMAX": 0, "MEAN_BBXC": 0, "MEAN_BBYC": 0, "TIMEZONE": "Europe/Zurich", "UN_FID": 0, "POP1950": 0, "POP1955": 0, "POP1960": 0, "POP1965": 0, "POP1970": 0, "POP1975": 0, "POP1980": 0, "POP1985": 0, "POP1990": 0, "POP1995": 0, "POP2000": 0, "POP2005": 0, "POP2010": 0, "POP2015": 0, "POP2020": 0, "POP2025": 0, "POP2050": 0, "MIN_ZOOM": 8, "WIKIDATAID": "Q68965", "WOF_ID": 101854209, "CAPALT": 0, "NAME_EN": "Solothurn", "NAME_DE": "Solothurn", "NAME_ES": "Soleura", "NAME_FR": "Soleure", "NAME_PT": "Soleura", "NAME_RU": "Золотурн", "NAME_ZH": "索洛图恩", "LABEL": null, "NAME_AR": "سولوتورن", "NAME_BN": "সোলোথুর্ন", "NAME_EL": "Σόλοτουρν", "NAME_HI": "सोलोथर्न", "NAME_HU": "Solothurn", "NAME_ID": "Solothurn", "NAME_IT": "Soletta", "NAME_JA": "ゾロトゥルン", "NAME_KO": "졸로투른", "NAME_NL": "Solothurn", "NAME_PL": "Solura", "NAME_SV": "Solothurn", "NAME_TR": "Solothurn", "NAME_VI": "Solothurn", "NE_ID": 1159116949, "NAME_FA": "سولوتورن", "NAME_HE": "זולותורן", "NAME_UK": "Золотурн", "NAME_UR": "زولوتورن", "NAME_ZHT": "索洛圖恩", "GEONAMESID": 2658564, "FCLASS_ISO": null, "FCLASS_US": null, "FCLASS_FR": null, "FCLASS_RU": null, "FCLASS_ES": null, "FCLASS_CN": null, "FCLASS_TW": null, "FCLASS_IN": null, "FCLASS_NP": null, "FCLASS_PK": null, "FCLASS_DE": null, "FCLASS_GB": null, "FCLASS_BR": null, "FCLASS_IL": null, "FCLASS_PS": null, "FCLASS_SA": null, "FCLASS_EG": null, "FCLASS_MA": null, "FCLASS_PT": null, "FCLASS_AR": null, "FCLASS_JP": null, "FCLASS_KO": null, "FCLASS_VN": null, "FCLASS_TR": null, "FCLASS_ID": null, "FCLASS_PL": null, "FCLASS_GR": null, "FCLASS_IT": null, "FCLASS_NL": null, "FCLASS_SE": null, "FCLASS_BD": null, "FCLASS_UA": null, "FCLASS_TLC": null}, "bbox": [7.536997, 47.212002, 7.536997, 47.212002], "geometry": {"type": "Point", "coordinates": [7.536997, 47.212002]}}, {"type": "Feature", "properties": {"SCALERANK": 10, "NATSCALE": 1, "LABELRANK": 7, "FEATURECLA": "Admin-1 capital", "NAME": "Sarnen", "NAMEPAR": null, "NAMEALT": null, "NAMEASCII": "Sarnen", "ADM0CAP": 0, "CAPIN": null, "WORLDCITY": 0, "MEGACITY": 0, "SOV0NAME": "Switzerland", "SOV_A3": "CHE", "ADM0NAME": "Switzerland", "ADM0_A3": "CHE", "ADM1NAME": "Obwalden", "ISO_A2": "CH", "NOTE": null, "LATITUDE": 46.899, "LONGITUDE": 8.243002, "POP_MAX": 9410, "POP_MIN": 9410, "POP_OTHER": 0, "RANK_MAX": 5, "RANK_MIN": 5, "MEGANAME": null, "LS_NAME": null, "MAX_POP10": 0, "MAX_POP20": 0, "MAX_POP50": 0, "MAX_POP300": 0, "MAX_POP310": 0, "MAX_NATSCA": 0, "MIN_AREAKM": 0, "MAX_AREAKM": 0, "MIN_AREAMI": 0, "MAX_AREAMI": 0, "MIN_PERKM": 0, "MAX_PERKM": 0, "MIN_PERMI": 0, "MAX_PERMI": 0, "MIN_BBXMIN": 0, "MAX_BBXMIN": 0, "MIN_BBXMAX": 0, "MAX_BBXMAX": 0, "MIN_BBYMIN": 0, "MAX_BBYMIN": 0, "MIN_BBYMAX": 0, "MAX_BBYMAX": 0, "MEAN_BBXC": 0, "MEAN_BBYC": 0, "TIMEZONE": "Europe/Zurich", "UN_FID": 0, "POP1950": 0, "POP1955": 0, "POP1960": 0, "POP1965": 0, "POP1970": 0, "POP1975": 0, "POP1980": 0, "POP1985": 0, "POP1990": 0, "POP1995": 0, "POP2000": 0, "POP2005": 0, "POP2010": 0, "POP2015": 0, "POP2020": 0, "POP2025": 0, "POP2050": 0, "MIN_ZOOM": 9, "WIKIDATAID": "Q63964", "WOF_ID": 101853897, "CAPALT": 0, "NAME_EN": "Sarnen", "NAME_DE": "Sarnen", "NAME_ES": "Sarnen", "NAME_FR": "Sarnen", "NAME_PT": "Sarnen", "NAME_RU": "Зарнен", "NAME_ZH": "萨尔嫩", "LABEL": null, "NAME_AR": "سارنين", "NAME_BN": "সারনেন", "NAME_EL": "Σάρνεν", "NAME_HI": "सारनेन", "NAME_HU": "Sarnen", "NAME_ID": "Sarnen", "NAME_IT": "Sarnen", "NAME_JA": "ザルネン", "NAME_KO": "자르넨", "NAME_NL": "Sarnen", "NAME_PL": "Sarnen", "NAME_SV": "Sarnen", "NAME_TR": "Sarnen", "NAME_VI": "Sarnen", "NE_ID": 1159116963, "NAME_FA": "سرنان", "NAME_HE": "סרנן", "NAME_UK": "Зарнен", "NAME_UR": "زارنن", "NAME_ZHT": "薩爾嫩", "GEONAMESID": 2658786, "FCLASS_ISO": null, "FCLASS_US": null, "FCLASS_FR": null, "FCLASS_RU": null, "FCLASS_ES": null, "FCLASS_CN": null, "FCLASS_TW": null, "FCLASS_IN": null, "FCLASS_NP": null, "FCLASS_PK": null, "FCLASS_DE": null, "FCLASS_GB": null, "FCLASS_BR": null, "FCLASS_IL": null, "FCLASS_PS": null, "FCLASS_SA": null, "FCLASS_EG": null, "FCLASS_MA": null, "FCLASS_PT": null, "FCLASS_AR": null, "FCLASS_JP": null, "FCLASS_KO": null, "FCLASS_VN": null, "FCLASS_TR": null, "FCLASS_ID": null, "FCLASS_PL": null, "FCLASS_GR": null, "FCLASS_IT": null, "FCLASS_NL": null, "FCLASS_SE": null, "FCLASS_BD": null, "FCLASS_UA": null, "FCLASS_TLC": null}, "bbox": [8.243002, 46.899, 8.243002, 46.899], "geometry": {"type": "Point", "coordinates": [8.243002, 46.899]}}, {"type": "Feature", "properties": {"SCALERANK": 10, "NATSCALE": 1, "LABELRANK": 7, "FEATURECLA": "Admin-1 capital", "NAME": "Appenzell", "NAMEPAR": null, "NAMEALT": null, "NAMEASCII": "Appenzell", "ADM0CAP": 0, "CAPIN": null, "WORLDCITY": 0, "MEGACITY": 0, "SOV0NAME": "Switzerland", "SOV_A3": "CHE", "ADM0NAME": "Switzerland", "ADM0_A3": "CHE", "ADM1NAME": "Appenzell Innerrhoden", "ISO_A2": "CH", "NOTE": null, "LATITUDE": 47.333304, "LONGITUDE": 9.416701, "POP_MAX": 5649, "POP_MIN": 5649, "POP_OTHER": 0, "RANK_MAX": 5, "RANK_MIN": 5, "MEGANAME": null, "LS_NAME": null, "MAX_POP10": 0, "MAX_POP20": 0, "MAX_POP50": 0, "MAX_POP300": 0, "MAX_POP310": 0, "MAX_NATSCA": 0, "MIN_AREAKM": 0, "MAX_AREAKM": 0, "MIN_AREAMI": 0, "MAX_AREAMI": 0, "MIN_PERKM": 0, "MAX_PERKM": 0, "MIN_PERMI": 0, "MAX_PERMI": 0, "MIN_BBXMIN": 0, "MAX_BBXMIN": 0, "MIN_BBXMAX": 0, "MAX_BBXMAX": 0, "MIN_BBYMIN": 0, "MAX_BBYMIN": 0, "MIN_BBYMAX": 0, "MAX_BBYMAX": 0, "MEAN_BBXC": 0, "MEAN_BBYC": 0, "TIMEZONE": "Europe/Zurich", "UN_FID": 0, "POP1950": 0, "POP1955": 0, "POP1960": 0, "POP1965": 0, "POP1970": 0, "POP1975": 0, "POP1980": 0, "POP1985": 0, "POP1990": 0, "POP1995": 0, "POP2000": 0, "POP2005": 0, "POP2010": 0, "POP2015": 0, "POP2020": 0, "POP2025": 0, "POP2050": 0, "MIN_ZOOM": 8, "WIKIDATAID": "Q209270", "WOF_ID": 101854187, "CAPALT": 0, "NAME_EN": "Appenzell", "NAME_DE": "Appenzell", "NAME_ES": "Appenzell", "NAME_FR": "Appenzell", "NAME_PT": "Appenzell", "NAME_RU": "Аппенцелль", "NAME_ZH": "阿彭策尔", "LABEL": null, "NAME_AR": "أبنزل", "NAME_BN": "অ্যাপেঞ্জেল", "NAME_EL": "Άπεντσελ", "NAME_HI": "ऐपंज़ेल", "NAME_HU": "Appenzell", "NAME_ID": "Appenzell", "NAME_IT": "Appenzell", "NAME_JA": "アッペンツェル", "NAME_KO": "아펜첼", "NAME_NL": "Appenzell", "NAME_PL": "Appenzell", "NAME_SV": "Appenzell", "NAME_TR": "Appenzell", "NAME_VI": "Appenzell", "NE_ID": 1159117027, "NAME_FA": "اپانزل", "NAME_HE": "אפנצל", "NAME_UK": "Аппенцелль", "NAME_UR": "اپینسیل", "NAME_ZHT": "亞本塞", "GEONAMESID": 2661740, "FCLASS_ISO": null, "FCLASS_US": null, "FCLASS_FR": null, "FCLASS_RU": null, "FCLASS_ES": null, "FCLASS_CN": null, "FCLASS_TW": null, "FCLASS_IN": null, "FCLASS_NP": null, "FCLASS_PK": null, "FCLASS_DE": null, "FCLASS_GB": null, "FCLASS_BR": null, "FCLASS_IL": null, "FCLASS_PS": null, "FCLASS_SA": null, "FCLASS_EG": null, "FCLASS_MA": null, "FCLASS_PT": null, "FCLASS_AR": null, "FCLASS_JP": null, "FCLASS_KO": null, "FCLASS_VN": null, "FCLASS_TR": null, "FCLASS_ID": null, "FCLASS_PL": null, "FCLASS_GR": null, "FCLASS_IT": null, "FCLASS_NL": null, "FCLASS_SE": null, "FCLASS_BD": null, "FCLASS_UA": null, "FCLASS_TLC": null}, "bbox": [9.4167, 47.333304, 9.4167, 47.333304], "geometry": {"type": "Point", "coordinates": [9.4167, 47.333304]}}, {"type": "Feature", "properties": {"SCALERANK": 10, "NATSCALE": 1, "LABELRANK": 3, "FEATURECLA": "Admin-1 region capital", "NAME": "Aosta", "NAMEPAR": null, "NAMEALT": null, "NAMEASCII": "Aosta", "ADM0CAP": 0, "CAPIN": null, "WORLDCITY": 0, "MEGACITY": 0, "SOV0NAME": "Italy", "SOV_A3": "ITA", "ADM0NAME": "Italy", "ADM0_A3": "ITA", "ADM1NAME": "Valle d'Aosta", "ISO_A2": "IT", "NOTE": null, "LATITUDE": 45.737001, "LONGITUDE": 7.315003, "POP_MAX": 34062, "POP_MIN": 34062, "POP_OTHER": 0, "RANK_MAX": 7, "RANK_MIN": 7, "MEGANAME": null, "LS_NAME": null, "MAX_POP10": 0, "MAX_POP20": 0, "MAX_POP50": 0, "MAX_POP300": 0, "MAX_POP310": 0, "MAX_NATSCA": 0, "MIN_AREAKM": 0, "MAX_AREAKM": 0, "MIN_AREAMI": 0, "MAX_AREAMI": 0, "MIN_PERKM": 0, "MAX_PERKM": 0, "MIN_PERMI": 0, "MAX_PERMI": 0, "MIN_BBXMIN": 0, "MAX_BBXMIN": 0, "MIN_BBXMAX": 0, "MAX_BBXMAX": 0, "MIN_BBYMIN": 0, "MAX_BBYMIN": 0, "MIN_BBYMAX": 0, "MAX_BBYMAX": 0, "MEAN_BBXC": 0, "MEAN_BBYC": 0, "TIMEZONE": "Europe/Rome", "UN_FID": 0, "POP1950": 0, "POP1955": 0, "POP1960": 0, "POP1965": 0, "POP1970": 0, "POP1975": 0, "POP1980": 0, "POP1985": 0, "POP1990": 0, "POP1995": 0, "POP2000": 0, "POP2005": 0, "POP2010": 0, "POP2015": 0, "POP2020": 0, "POP2025": 0, "POP2050": 0, "MIN_ZOOM": 7, "WIKIDATAID": "Q3367", "WOF_ID": 101830039, "CAPALT": 0, "NAME_EN": "Aosta", "NAME_DE": "Aosta", "NAME_ES": "Aosta", "NAME_FR": "Aoste", "NAME_PT": "Aosta", "NAME_RU": "Аоста", "NAME_ZH": "奥斯塔", "LABEL": null, "NAME_AR": "أوستا", "NAME_BN": "আওস্তা", "NAME_EL": "Αόστα", "NAME_HI": "आओसता", "NAME_HU": "Aosta", "NAME_ID": "Aosta", "NAME_IT": "Aosta", "NAME_JA": "アオスタ", "NAME_KO": "아오스타", "NAME_NL": "Aosta", "NAME_PL": "Aosta", "NAME_SV": "Aosta", "NAME_TR": "Aosta", "NAME_VI": "Aosta", "NE_ID": 1159117361, "NAME_FA": "ائوستا", "NAME_HE": "אאוסטה", "NAME_UK": "Аоста", "NAME_UR": "آئوستا", "NAME_ZHT": "奧斯塔", "GEONAMESID": 3182997, "FCLASS_ISO": null, "FCLASS_US": null, "FCLASS_FR": null, "FCLASS_RU": null, "FCLASS_ES": null, "FCLASS_CN": null, "FCLASS_TW": null, "FCLASS_IN": null, "FCLASS_NP": null, "FCLASS_PK": null, "FCLASS_DE": null, "FCLASS_GB": null, "FCLASS_BR": null, "FCLASS_IL": null, "FCLASS_PS": null, "FCLASS_SA": null, "FCLASS_EG": null, "FCLASS_MA": null, "FCLASS_PT": null, "FCLASS_AR": null, "FCLASS_JP": null, "FCLASS_KO": null, "FCLASS_VN": null, "FCLASS_TR": null, "FCLASS_ID": null, "FCLASS_PL": null, "FCLASS_GR": null, "FCLASS_IT": null, "FCLASS_NL": null, "FCLASS_SE": null, "FCLASS_BD": null, "FCLASS_UA": null, "FCLASS_TLC": null}, "bbox": [7.315003, 45.737001, 7.315003, 45.737001], "geometry": {"type": "Point", "coordinates": [7.315003, 45.737001]}}, {"type": "Feature", "properties": {"SCALERANK": 10, "NATSCALE": 1, "LABELRANK": 8, "FEATURECLA": "Admin-1 capital", "NAME": "Diekirch", "NAMEPAR": null, "NAMEALT": null, "NAMEASCII": "Diekirch", "ADM0CAP": 0, "CAPIN": null, "WORLDCITY": 0, "MEGACITY": 0, "SOV0NAME": "Luxembourg", "SOV_A3": "LUX", "ADM0NAME": "Luxembourg", "ADM0_A3": "LUX", "ADM1NAME": "Diekirch", "ISO_A2": "LU", "NOTE": null, "LATITUDE": 49.883301, "LONGITUDE": 6.166702, "POP_MAX": 6242, "POP_MIN": 6242, "POP_OTHER": 0, "RANK_MAX": 5, "RANK_MIN": 5, "MEGANAME": null, "LS_NAME": null, "MAX_POP10": 0, "MAX_POP20": 0, "MAX_POP50": 0, "MAX_POP300": 0, "MAX_POP310": 0, "MAX_NATSCA": 0, "MIN_AREAKM": 0, "MAX_AREAKM": 0, "MIN_AREAMI": 0, "MAX_AREAMI": 0, "MIN_PERKM": 0, "MAX_PERKM": 0, "MIN_PERMI": 0, "MAX_PERMI": 0, "MIN_BBXMIN": 0, "MAX_BBXMIN": 0, "MIN_BBXMAX": 0, "MAX_BBXMAX": 0, "MIN_BBYMIN": 0, "MAX_BBYMIN": 0, "MIN_BBYMAX": 0, "MAX_BBYMAX": 0, "MEAN_BBXC": 0, "MEAN_BBYC": 0, "TIMEZONE": "Europe/Luxembourg", "UN_FID": 0, "POP1950": 0, "POP1955": 0, "POP1960": 0, "POP1965": 0, "POP1970": 0, "POP1975": 0, "POP1980": 0, "POP1985": 0, "POP1990": 0, "POP1995": 0, "POP2000": 0, "POP2005": 0, "POP2010": 0, "POP2015": 0, "POP2020": 0, "POP2025": 0, "POP2050": 0, "MIN_ZOOM": 7, "WIKIDATAID": "Q16050", "WOF_ID": 101812859, "CAPALT": 0, "NAME_EN": "Diekirch", "NAME_DE": "Diekirch", "NAME_ES": "Diekirch", "NAME_FR": "Diekirch", "NAME_PT": "Diekirch", "NAME_RU": "Дикирх", "NAME_ZH": "迪基希", "LABEL": null, "NAME_AR": "ديكيرش", "NAME_BN": "ডিয়েক্রিক", "NAME_EL": "Ντικιρχ", "NAME_HI": "डीकर्च", "NAME_HU": "Diekirch", "NAME_ID": "Diekirch", "NAME_IT": "Diekirch", "NAME_JA": "ディーキルヒ", "NAME_KO": "디키르히", "NAME_NL": "Diekirch", "NAME_PL": "Diekirch", "NAME_SV": "Diekirch", "NAME_TR": "Diekirch", "NAME_VI": "Diekirch", "NE_ID": 1159117375, "NAME_FA": "دیکیرش", "NAME_HE": "דיקירך", "NAME_UK": "Дікірх", "NAME_UR": "ڈیکرک", "NAME_ZHT": "迪基希", "GEONAMESID": 2960657, "FCLASS_ISO": null, "FCLASS_US": null, "FCLASS_FR": null, "FCLASS_RU": null, "FCLASS_ES": null, "FCLASS_CN": null, "FCLASS_TW": null, "FCLASS_IN": null, "FCLASS_NP": null, "FCLASS_PK": null, "FCLASS_DE": null, "FCLASS_GB": null, "FCLASS_BR": null, "FCLASS_IL": null, "FCLASS_PS": null, "FCLASS_SA": null, "FCLASS_EG": null, "FCLASS_MA": null, "FCLASS_PT": null, "FCLASS_AR": null, "FCLASS_JP": null, "FCLASS_KO": null, "FCLASS_VN": null, "FCLASS_TR": null, "FCLASS_ID": null, "FCLASS_PL": null, "FCLASS_GR": null, "FCLASS_IT": null, "FCLASS_NL": null, "FCLASS_SE": null, "FCLASS_BD": null, "FCLASS_UA": null, "FCLASS_TLC": null}, "bbox": [6.166702, 49.883301, 6.166702, 49.883301], "geometry": {"type": "Point", "coordinates": [6.166702, 49.883301]}}, {"type": "Feature", "properties": {"SCALERANK": 10, "NATSCALE": 1, "LABELRANK": 8, "FEATURECLA": "Admin-1 capital", "NAME": "Grevenmacher", "NAMEPAR": null, "NAMEALT": null, "NAMEASCII": "Grevenmacher", "ADM0CAP": 0, "CAPIN": null, "WORLDCITY": 0, "MEGACITY": 0, "SOV0NAME": "Luxembourg", "SOV_A3": "LUX", "ADM0NAME": "Luxembourg", "ADM0_A3": "LUX", "ADM1NAME": "Grevenmacher", "ISO_A2": "LU", "NOTE": null, "LATITUDE": 49.699998, "LONGITUDE": 6.333301, "POP_MAX": 3958, "POP_MIN": 3958, "POP_OTHER": 0, "RANK_MAX": 4, "RANK_MIN": 4, "MEGANAME": null, "LS_NAME": null, "MAX_POP10": 0, "MAX_POP20": 0, "MAX_POP50": 0, "MAX_POP300": 0, "MAX_POP310": 0, "MAX_NATSCA": 0, "MIN_AREAKM": 0, "MAX_AREAKM": 0, "MIN_AREAMI": 0, "MAX_AREAMI": 0, "MIN_PERKM": 0, "MAX_PERKM": 0, "MIN_PERMI": 0, "MAX_PERMI": 0, "MIN_BBXMIN": 0, "MAX_BBXMIN": 0, "MIN_BBXMAX": 0, "MAX_BBXMAX": 0, "MIN_BBYMIN": 0, "MAX_BBYMIN": 0, "MIN_BBYMAX": 0, "MAX_BBYMAX": 0, "MEAN_BBXC": 0, "MEAN_BBYC": 0, "TIMEZONE": "Europe/Luxembourg", "UN_FID": 0, "POP1950": 0, "POP1955": 0, "POP1960": 0, "POP1965": 0, "POP1970": 0, "POP1975": 0, "POP1980": 0, "POP1985": 0, "POP1990": 0, "POP1995": 0, "POP2000": 0, "POP2005": 0, "POP2010": 0, "POP2015": 0, "POP2020": 0, "POP2025": 0, "POP2050": 0, "MIN_ZOOM": 7, "WIKIDATAID": "Q215826", "WOF_ID": 101839801, "CAPALT": 0, "NAME_EN": "Grevenmacher", "NAME_DE": "Grevenmacher", "NAME_ES": "Grevenmacher", "NAME_FR": "Grevenmacher", "NAME_PT": "Grevenmacher", "NAME_RU": "Гревенмахер", "NAME_ZH": "格雷文马赫", "LABEL": null, "NAME_AR": "بلدية غريفينماتشير", "NAME_BN": "গ্রেভেনম্যাখের", "NAME_EL": "Γκρέβενμαχερ", "NAME_HI": "ग्रैवेनमाकर", "NAME_HU": "Grevenmacher", "NAME_ID": "Grevenmacher", "NAME_IT": "Grevenmacher", "NAME_JA": "グレーヴェンマハ", "NAME_KO": "그레벤마허", "NAME_NL": "Grevenmacher", "NAME_PL": "Grevenmacher", "NAME_SV": "Grevenmacher", "NAME_TR": "Grevenmacher", "NAME_VI": "Grevenmacher", "NE_ID": 1159117399, "NAME_FA": "گرونماخر", "NAME_HE": "גרבנמכר", "NAME_UK": "Гревенмахер", "NAME_UR": "گریونمیچر", "NAME_ZHT": "格雷文馬赫", "GEONAMESID": 2960515, "FCLASS_ISO": null, "FCLASS_US": null, "FCLASS_FR": null, "FCLASS_RU": null, "FCLASS_ES": null, "FCLASS_CN": null, "FCLASS_TW": null, "FCLASS_IN": null, "FCLASS_NP": null, "FCLASS_PK": null, "FCLASS_DE": null, "FCLASS_GB": null, "FCLASS_BR": null, "FCLASS_IL": null, "FCLASS_PS": null, "FCLASS_SA": null, "FCLASS_EG": null, "FCLASS_MA": null, "FCLASS_PT": null, "FCLASS_AR": null, "FCLASS_JP": null, "FCLASS_KO": null, "FCLASS_VN": null, "FCLASS_TR": null, "FCLASS_ID": null, "FCLASS_PL": null, "FCLASS_GR": null, "FCLASS_IT": null, "FCLASS_NL": null, "FCLASS_SE": null, "FCLASS_BD": null, "FCLASS_UA": null, "FCLASS_TLC": null}, "bbox": [6.425599, 49.679753, 6.425599, 49.679753], "geometry": {"type": "Point", "coordinates": [6.425599, 49.679753]}}, {"type": "Feature", "properties": {"SCALERANK": 10, "NATSCALE": 1, "LABELRANK": 8, "FEATURECLA": "Admin-1 capital", "NAME": "Šibenik", "NAMEPAR": null, "NAMEALT": null, "NAMEASCII": "Sibenik", "ADM0CAP": 0, "CAPIN": null, "WORLDCITY": 0, "MEGACITY": 0, "SOV0NAME": "Croatia", "SOV_A3": "HRV", "ADM0NAME": "Croatia", "ADM0_A3": "HRV", "ADM1NAME": "Šibensko-Kninska", "ISO_A2": "HR", "NOTE": null, "LATITUDE": 43.727222, "LONGITUDE": 15.905833, "POP_MAX": 37112, "POP_MIN": 37112, "POP_OTHER": 0, "RANK_MAX": 7, "RANK_MIN": 7, "MEGANAME": null, "LS_NAME": null, "MAX_POP10": 0, "MAX_POP20": 0, "MAX_POP50": 0, "MAX_POP300": 0, "MAX_POP310": 0, "MAX_NATSCA": 0, "MIN_AREAKM": 0, "MAX_AREAKM": 0, "MIN_AREAMI": 0, "MAX_AREAMI": 0, "MIN_PERKM": 0, "MAX_PERKM": 0, "MIN_PERMI": 0, "MAX_PERMI": 0, "MIN_BBXMIN": 0, "MAX_BBXMIN": 0, "MIN_BBXMAX": 0, "MAX_BBXMAX": 0, "MIN_BBYMIN": 0, "MAX_BBYMIN": 0, "MIN_BBYMAX": 0, "MAX_BBYMAX": 0, "MEAN_BBXC": 0, "MEAN_BBYC": 0, "TIMEZONE": "Europe/Zagreb", "UN_FID": 0, "POP1950": 0, "POP1955": 0, "POP1960": 0, "POP1965": 0, "POP1970": 0, "POP1975": 0, "POP1980": 0, "POP1985": 0, "POP1990": 0, "POP1995": 0, "POP2000": 0, "POP2005": 0, "POP2010": 0, "POP2015": 0, "POP2020": 0, "POP2025": 0, "POP2050": 0, "MIN_ZOOM": 7, "WIKIDATAID": "Q3549", "WOF_ID": 101836427, "CAPALT": 0, "NAME_EN": "Šibenik", "NAME_DE": "Šibenik", "NAME_ES": "Šibenik", "NAME_FR": "Šibenik", "NAME_PT": "Šibenik", "NAME_RU": "Шибеник", "NAME_ZH": "希贝尼克", "LABEL": null, "NAME_AR": "شيبينيك", "NAME_BN": "সিবেনিক", "NAME_EL": "Σίμπενικ", "NAME_HI": "साईबेनिक", "NAME_HU": "Šibenik", "NAME_ID": "Šibenik", "NAME_IT": "Sebenico", "NAME_JA": "シベニク", "NAME_KO": "시베니크", "NAME_NL": "Šibenik", "NAME_PL": "Szybenik", "NAME_SV": "Šibenik", "NAME_TR": "Şibenik", "NAME_VI": "Šibenik", "NE_ID": 1159118027, "NAME_FA": "سیبنیک", "NAME_HE": "שיבניק", "NAME_UK": "Шибеник", "NAME_UR": "شیبینک", "NAME_ZHT": "史賓尼克", "GEONAMESID": 3190941, "FCLASS_ISO": null, "FCLASS_US": null, "FCLASS_FR": null, "FCLASS_RU": null, "FCLASS_ES": null, "FCLASS_CN": null, "FCLASS_TW": null, "FCLASS_IN": null, "FCLASS_NP": null, "FCLASS_PK": null, "FCLASS_DE": null, "FCLASS_GB": null, "FCLASS_BR": null, "FCLASS_IL": null, "FCLASS_PS": null, "FCLASS_SA": null, "FCLASS_EG": null, "FCLASS_MA": null, "FCLASS_PT": null, "FCLASS_AR": null, "FCLASS_JP": null, "FCLASS_KO": null, "FCLASS_VN": null, "FCLASS_TR": null, "FCLASS_ID": null, "FCLASS_PL": null, "FCLASS_GR": null, "FCLASS_IT": null, "FCLASS_NL": null, "FCLASS_SE": null, "FCLASS_BD": null, "FCLASS_UA": null, "FCLASS_TLC": null}, "bbox": [15.905833, 43.727222, 15.905833, 43.727222], "geometry": {"type": "Point", "coordinates": [15.905833, 43.727222]}}, {"type": "Feature", "properties": {"SCALERANK": 10, "NATSCALE": 1, "LABELRANK": 8, "FEATURECLA": "Admin-1 capital", "NAME": "Vejle", "NAMEPAR": null, "NAMEALT": null, "NAMEASCII": "Vejle", "ADM0CAP": 0, "CAPIN": null, "WORLDCITY": 0, "MEGACITY": 0, "SOV0NAME": "Denmark", "SOV_A3": "DNK", "ADM0NAME": "Denmark", "ADM0_A3": "DNK", "ADM1NAME": "Syddanmark", "ISO_A2": "DK", "NOTE": null, "LATITUDE": 55.709001, "LONGITUDE": 9.534997, "POP_MAX": 51177, "POP_MIN": 51177, "POP_OTHER": 0, "RANK_MAX": 8, "RANK_MIN": 8, "MEGANAME": null, "LS_NAME": null, "MAX_POP10": 0, "MAX_POP20": 0, "MAX_POP50": 0, "MAX_POP300": 0, "MAX_POP310": 0, "MAX_NATSCA": 0, "MIN_AREAKM": 0, "MAX_AREAKM": 0, "MIN_AREAMI": 0, "MAX_AREAMI": 0, "MIN_PERKM": 0, "MAX_PERKM": 0, "MIN_PERMI": 0, "MAX_PERMI": 0, "MIN_BBXMIN": 0, "MAX_BBXMIN": 0, "MIN_BBXMAX": 0, "MAX_BBXMAX": 0, "MIN_BBYMIN": 0, "MAX_BBYMIN": 0, "MIN_BBYMAX": 0, "MAX_BBYMAX": 0, "MEAN_BBXC": 0, "MEAN_BBYC": 0, "TIMEZONE": "Europe/Copenhagen", "UN_FID": 0, "POP1950": 0, "POP1955": 0, "POP1960": 0, "POP1965": 0, "POP1970": 0, "POP1975": 0, "POP1980": 0, "POP1985": 0, "POP1990": 0, "POP1995": 0, "POP2000": 0, "POP2005": 0, "POP2010": 0, "POP2015": 0, "POP2020": 0, "POP2025": 0, "POP2050": 0, "MIN_ZOOM": 6.7, "WIKIDATAID": "Q27116", "WOF_ID": 101749153, "CAPALT": 0, "NAME_EN": "Vejle", "NAME_DE": "Vejle", "NAME_ES": "Vejle", "NAME_FR": "Vejle", "NAME_PT": "Vejle", "NAME_RU": "Вайле", "NAME_ZH": "瓦埃勒", "LABEL": null, "NAME_AR": "فايله", "NAME_BN": "ভাইলে", "NAME_EL": "Βέιλε", "NAME_HI": "वाइला", "NAME_HU": "Vejle", "NAME_ID": "Vejle", "NAME_IT": "Vejle", "NAME_JA": "ヴァイレ", "NAME_KO": "바일레", "NAME_NL": "Vejle", "NAME_PL": "Vejle", "NAME_SV": "Vejle", "NAME_TR": "Vejle", "NAME_VI": "Vejle", "NE_ID": 1159119483, "NAME_FA": "وایله", "NAME_HE": "ויילה", "NAME_UK": "Вайле", "NAME_UR": "وایلے", "NAME_ZHT": "范捷", "GEONAMESID": 2610613, "FCLASS_ISO": null, "FCLASS_US": null, "FCLASS_FR": null, "FCLASS_RU": null, "FCLASS_ES": null, "FCLASS_CN": null, "FCLASS_TW": null, "FCLASS_IN": null, "FCLASS_NP": null, "FCLASS_PK": null, "FCLASS_DE": null, "FCLASS_GB": null, "FCLASS_BR": null, "FCLASS_IL": null, "FCLASS_PS": null, "FCLASS_SA": null, "FCLASS_EG": null, "FCLASS_MA": null, "FCLASS_PT": null, "FCLASS_AR": null, "FCLASS_JP": null, "FCLASS_KO": null, "FCLASS_VN": null, "FCLASS_TR": null, "FCLASS_ID": null, "FCLASS_PL": null, "FCLASS_GR": null, "FCLASS_IT": null, "FCLASS_NL": null, "FCLASS_SE": null, "FCLASS_BD": null, "FCLASS_UA": null, "FCLASS_TLC": null}, "bbox": [9.534997, 55.709001, 9.534997, 55.709001], "geometry": {"type": "Point", "coordinates": [9.534997, 55.709001]}}, {"type": "Feature", "properties": {"SCALERANK": 10, "NATSCALE": 1, "LABELRANK": 8, "FEATURECLA": "Admin-1 capital", "NAME": "Hillerød", "NAMEPAR": null, "NAMEALT": null, "NAMEASCII": "Hillerod", "ADM0CAP": 0, "CAPIN": null, "WORLDCITY": 0, "MEGACITY": 0, "SOV0NAME": "Denmark", "SOV_A3": "DNK", "ADM0NAME": "Denmark", "ADM0_A3": "DNK", "ADM1NAME": "Hovedstaden", "ISO_A2": "DK", "NOTE": null, "LATITUDE": 55.933299, "LONGITUDE": 12.316699, "POP_MAX": 28313, "POP_MIN": 28313, "POP_OTHER": 0, "RANK_MAX": 7, "RANK_MIN": 7, "MEGANAME": null, "LS_NAME": null, "MAX_POP10": 0, "MAX_POP20": 0, "MAX_POP50": 0, "MAX_POP300": 0, "MAX_POP310": 0, "MAX_NATSCA": 0, "MIN_AREAKM": 0, "MAX_AREAKM": 0, "MIN_AREAMI": 0, "MAX_AREAMI": 0, "MIN_PERKM": 0, "MAX_PERKM": 0, "MIN_PERMI": 0, "MAX_PERMI": 0, "MIN_BBXMIN": 0, "MAX_BBXMIN": 0, "MIN_BBXMAX": 0, "MAX_BBXMAX": 0, "MIN_BBYMIN": 0, "MAX_BBYMIN": 0, "MIN_BBYMAX": 0, "MAX_BBYMAX": 0, "MEAN_BBXC": 0, "MEAN_BBYC": 0, "TIMEZONE": "Europe/Copenhagen", "UN_FID": 0, "POP1950": 0, "POP1955": 0, "POP1960": 0, "POP1965": 0, "POP1970": 0, "POP1975": 0, "POP1980": 0, "POP1985": 0, "POP1990": 0, "POP1995": 0, "POP2000": 0, "POP2005": 0, "POP2010": 0, "POP2015": 0, "POP2020": 0, "POP2025": 0, "POP2050": 0, "MIN_ZOOM": 7, "WIKIDATAID": "Q27425", "WOF_ID": 101840813, "CAPALT": 0, "NAME_EN": "Hillerød", "NAME_DE": "Hillerød", "NAME_ES": "Hillerød", "NAME_FR": "Hillerød", "NAME_PT": "Hillerød", "NAME_RU": "Хиллерёд", "NAME_ZH": "希勒勒", "LABEL": null, "NAME_AR": "هيليرود", "NAME_BN": "হিলেরড", "NAME_EL": "Χίλλεροτ", "NAME_HI": "हिलेरॉड", "NAME_HU": "Hillerød", "NAME_ID": "Munisipalitas Hillerød", "NAME_IT": "Hillerød", "NAME_JA": "ヒレレズ", "NAME_KO": "힐레뢰드", "NAME_NL": "Hillerød", "NAME_PL": "Hillerød", "NAME_SV": "Hillerød", "NAME_TR": "Hillerød", "NAME_VI": "Hillerød", "NE_ID": 1159119497, "NAME_FA": "هیلرود", "NAME_HE": "הילרוד", "NAME_UK": "Гіллеред", "NAME_UR": "ہیلیرؤد", "NAME_ZHT": "希勒勒", "GEONAMESID": 2620320, "FCLASS_ISO": null, "FCLASS_US": null, "FCLASS_FR": null, "FCLASS_RU": null, "FCLASS_ES": null, "FCLASS_CN": null, "FCLASS_TW": null, "FCLASS_IN": null, "FCLASS_NP": null, "FCLASS_PK": null, "FCLASS_DE": null, "FCLASS_GB": null, "FCLASS_BR": null, "FCLASS_IL": null, "FCLASS_PS": null, "FCLASS_SA": null, "FCLASS_EG": null, "FCLASS_MA": null, "FCLASS_PT": null, "FCLASS_AR": null, "FCLASS_JP": null, "FCLASS_KO": null, "FCLASS_VN": null, "FCLASS_TR": null, "FCLASS_ID": null, "FCLASS_PL": null, "FCLASS_GR": null, "FCLASS_IT": null, "FCLASS_NL": null, "FCLASS_SE": null, "FCLASS_BD": null, "FCLASS_UA": null, "FCLASS_TLC": null}, "bbox": [12.316698, 55.933299, 12.316698, 55.933299], "geometry": {"type": "Point", "coordinates": [12.316698, 55.933299]}}, {"type": "Feature", "properties": {"SCALERANK": 10, "NATSCALE": 1, "LABELRANK": 8, "FEATURECLA": "Admin-1 capital", "NAME": "Sorø", "NAMEPAR": null, "NAMEALT": null, "NAMEASCII": "Soro", "ADM0CAP": 0, "CAPIN": null, "WORLDCITY": 0, "MEGACITY": 0, "SOV0NAME": "Denmark", "SOV_A3": "DNK", "ADM0NAME": "Denmark", "ADM0_A3": "DNK", "ADM1NAME": "Sjaælland", "ISO_A2": "DK", "NOTE": null, "LATITUDE": 55.432998, "LONGITUDE": 11.566702, "POP_MAX": 7167, "POP_MIN": 7167, "POP_OTHER": 0, "RANK_MAX": 5, "RANK_MIN": 5, "MEGANAME": null, "LS_NAME": null, "MAX_POP10": 0, "MAX_POP20": 0, "MAX_POP50": 0, "MAX_POP300": 0, "MAX_POP310": 0, "MAX_NATSCA": 0, "MIN_AREAKM": 0, "MAX_AREAKM": 0, "MIN_AREAMI": 0, "MAX_AREAMI": 0, "MIN_PERKM": 0, "MAX_PERKM": 0, "MIN_PERMI": 0, "MAX_PERMI": 0, "MIN_BBXMIN": 0, "MAX_BBXMIN": 0, "MIN_BBXMAX": 0, "MAX_BBXMAX": 0, "MIN_BBYMIN": 0, "MAX_BBYMIN": 0, "MIN_BBYMAX": 0, "MAX_BBYMAX": 0, "MEAN_BBXC": 0, "MEAN_BBYC": 0, "TIMEZONE": "Europe/Copenhagen", "UN_FID": 0, "POP1950": 0, "POP1955": 0, "POP1960": 0, "POP1965": 0, "POP1970": 0, "POP1975": 0, "POP1980": 0, "POP1985": 0, "POP1990": 0, "POP1995": 0, "POP2000": 0, "POP2005": 0, "POP2010": 0, "POP2015": 0, "POP2020": 0, "POP2025": 0, "POP2050": 0, "MIN_ZOOM": 7, "WIKIDATAID": "Q27858", "WOF_ID": 101818281, "CAPALT": 0, "NAME_EN": "Sorø", "NAME_DE": "Sorø", "NAME_ES": "Sorø", "NAME_FR": "Sorø", "NAME_PT": "Sorø", "NAME_RU": "Сорё", "NAME_ZH": "索勒", "LABEL": null, "NAME_AR": "سوغو", "NAME_BN": "সোরো", "NAME_EL": "Σόρε", "NAME_HI": "सोरोयो", "NAME_HU": "Sorø", "NAME_ID": "Soro", "NAME_IT": "Sorø", "NAME_JA": "ソレ", "NAME_KO": "소뢰", "NAME_NL": "Sorø", "NAME_PL": "Sorø", "NAME_SV": "Sorø", "NAME_TR": "Sorø", "NAME_VI": "Sorø", "NE_ID": 1159119505, "NAME_FA": "سورئو", "NAME_HE": "סורו", "NAME_UK": "Соро", "NAME_UR": "سورو", "NAME_ZHT": "索勒", "GEONAMESID": 2612862, "FCLASS_ISO": null, "FCLASS_US": null, "FCLASS_FR": null, "FCLASS_RU": null, "FCLASS_ES": null, "FCLASS_CN": null, "FCLASS_TW": null, "FCLASS_IN": null, "FCLASS_NP": null, "FCLASS_PK": null, "FCLASS_DE": null, "FCLASS_GB": null, "FCLASS_BR": null, "FCLASS_IL": null, "FCLASS_PS": null, "FCLASS_SA": null, "FCLASS_EG": null, "FCLASS_MA": null, "FCLASS_PT": null, "FCLASS_AR": null, "FCLASS_JP": null, "FCLASS_KO": null, "FCLASS_VN": null, "FCLASS_TR": null, "FCLASS_ID": null, "FCLASS_PL": null, "FCLASS_GR": null, "FCLASS_IT": null, "FCLASS_NL": null, "FCLASS_SE": null, "FCLASS_BD": null, "FCLASS_UA": null, "FCLASS_TLC": null}, "bbox": [11.566702, 55.432998, 11.566702, 55.432998], "geometry": {"type": "Point", "coordinates": [11.566702, 55.432998]}}, {"type": "Feature", "properties": {"SCALERANK": 10, "NATSCALE": 1, "LABELRANK": 8, "FEATURECLA": "Admin-1 capital", "NAME": "Mons", "NAMEPAR": null, "NAMEALT": null, "NAMEASCII": "Mons", "ADM0CAP": 0, "CAPIN": null, "WORLDCITY": 0, "MEGACITY": 0, "SOV0NAME": "Belgium", "SOV_A3": "BEL", "ADM0NAME": "Belgium", "ADM0_A3": "BEL", "ADM1NAME": "Hainaut", "ISO_A2": "BE", "NOTE": null, "LATITUDE": 50.445999, "LONGITUDE": 3.939004, "POP_MAX": 91277, "POP_MIN": 91277, "POP_OTHER": 0, "RANK_MAX": 8, "RANK_MIN": 8, "MEGANAME": null, "LS_NAME": null, "MAX_POP10": 0, "MAX_POP20": 0, "MAX_POP50": 0, "MAX_POP300": 0, "MAX_POP310": 0, "MAX_NATSCA": 0, "MIN_AREAKM": 0, "MAX_AREAKM": 0, "MIN_AREAMI": 0, "MAX_AREAMI": 0, "MIN_PERKM": 0, "MAX_PERKM": 0, "MIN_PERMI": 0, "MAX_PERMI": 0, "MIN_BBXMIN": 0, "MAX_BBXMIN": 0, "MIN_BBXMAX": 0, "MAX_BBXMAX": 0, "MIN_BBYMIN": 0, "MAX_BBYMIN": 0, "MIN_BBYMAX": 0, "MAX_BBYMAX": 0, "MEAN_BBXC": 0, "MEAN_BBYC": 0, "TIMEZONE": "Europe/Brussels", "UN_FID": 0, "POP1950": 0, "POP1955": 0, "POP1960": 0, "POP1965": 0, "POP1970": 0, "POP1975": 0, "POP1980": 0, "POP1985": 0, "POP1990": 0, "POP1995": 0, "POP2000": 0, "POP2005": 0, "POP2010": 0, "POP2015": 0, "POP2020": 0, "POP2025": 0, "POP2050": 0, "MIN_ZOOM": 8, "WIKIDATAID": "Q83407", "WOF_ID": 101748079, "CAPALT": 0, "NAME_EN": "Mons", "NAME_DE": "Mons", "NAME_ES": "Mons", "NAME_FR": "Mons", "NAME_PT": "Mons", "NAME_RU": "Монс", "NAME_ZH": "蒙斯", "LABEL": null, "NAME_AR": "مونس", "NAME_BN": "মন্স", "NAME_EL": "Μονς", "NAME_HI": "मॉन्स", "NAME_HU": "Mons", "NAME_ID": "Mons", "NAME_IT": "Mons", "NAME_JA": "モンス", "NAME_KO": "몽스", "NAME_NL": "Bergen", "NAME_PL": "Mons", "NAME_SV": "Mons", "NAME_TR": "Mons", "NAME_VI": "Mons", "NE_ID": 1159120321, "NAME_FA": "من", "NAME_HE": "מונס", "NAME_UK": "Монс", "NAME_UR": "مونس", "NAME_ZHT": "芒斯", "GEONAMESID": 2790869, "FCLASS_ISO": null, "FCLASS_US": null, "FCLASS_FR": null, "FCLASS_RU": null, "FCLASS_ES": null, "FCLASS_CN": null, "FCLASS_TW": null, "FCLASS_IN": null, "FCLASS_NP": null, "FCLASS_PK": null, "FCLASS_DE": null, "FCLASS_GB": null, "FCLASS_BR": null, "FCLASS_IL": null, "FCLASS_PS": null, "FCLASS_SA": null, "FCLASS_EG": null, "FCLASS_MA": null, "FCLASS_PT": null, "FCLASS_AR": null, "FCLASS_JP": null, "FCLASS_KO": null, "FCLASS_VN": null, "FCLASS_TR": null, "FCLASS_ID": null, "FCLASS_PL": null, "FCLASS_GR": null, "FCLASS_IT": null, "FCLASS_NL": null, "FCLASS_SE": null, "FCLASS_BD": null, "FCLASS_UA": null, "FCLASS_TLC": null}, "bbox": [3.939004, 50.445999, 3.939004, 50.445999], "geometry": {"type": "Point", "coordinates": [3.939004, 50.445999]}}, {"type": "Feature", "properties": {"SCALERANK": 10, "NATSCALE": 1, "LABELRANK": 8, "FEATURECLA": "Admin-1 capital", "NAME": "Hasselt", "NAMEPAR": null, "NAMEALT": null, "NAMEASCII": "Hasselt", "ADM0CAP": 0, "CAPIN": null, "WORLDCITY": 0, "MEGACITY": 0, "SOV0NAME": "Belgium", "SOV_A3": "BEL", "ADM0NAME": "Belgium", "ADM0_A3": "BEL", "ADM1NAME": "Limburg", "ISO_A2": "BE", "NOTE": null, "LATITUDE": 50.964003, "LONGITUDE": 5.483998, "POP_MAX": 69222, "POP_MIN": 69222, "POP_OTHER": 0, "RANK_MAX": 8, "RANK_MIN": 8, "MEGANAME": null, "LS_NAME": null, "MAX_POP10": 0, "MAX_POP20": 0, "MAX_POP50": 0, "MAX_POP300": 0, "MAX_POP310": 0, "MAX_NATSCA": 0, "MIN_AREAKM": 0, "MAX_AREAKM": 0, "MIN_AREAMI": 0, "MAX_AREAMI": 0, "MIN_PERKM": 0, "MAX_PERKM": 0, "MIN_PERMI": 0, "MAX_PERMI": 0, "MIN_BBXMIN": 0, "MAX_BBXMIN": 0, "MIN_BBXMAX": 0, "MAX_BBXMAX": 0, "MIN_BBYMIN": 0, "MAX_BBYMIN": 0, "MIN_BBYMAX": 0, "MAX_BBYMAX": 0, "MEAN_BBXC": 0, "MEAN_BBYC": 0, "TIMEZONE": "Europe/Brussels", "UN_FID": 0, "POP1950": 0, "POP1955": 0, "POP1960": 0, "POP1965": 0, "POP1970": 0, "POP1975": 0, "POP1980": 0, "POP1985": 0, "POP1990": 0, "POP1995": 0, "POP2000": 0, "POP2005": 0, "POP2010": 0, "POP2015": 0, "POP2020": 0, "POP2025": 0, "POP2050": 0, "MIN_ZOOM": 7, "WIKIDATAID": "Q58780", "WOF_ID": 101837535, "CAPALT": 0, "NAME_EN": "Hasselt", "NAME_DE": "Hasselt", "NAME_ES": "Hasselt", "NAME_FR": "Hasselt", "NAME_PT": "Hasselt", "NAME_RU": "Хасселт", "NAME_ZH": "哈瑟尔特", "LABEL": null, "NAME_AR": "هاسلت", "NAME_BN": "হ্যাসেল্ট", "NAME_EL": "Άσσελτ", "NAME_HI": "हासेल्ट", "NAME_HU": "Hasselt", "NAME_ID": "Hasselt", "NAME_IT": "Hasselt", "NAME_JA": "ハッセルト", "NAME_KO": "하셀트", "NAME_NL": "Hasselt", "NAME_PL": "Hasselt", "NAME_SV": "Hasselt", "NAME_TR": "Hasselt", "NAME_VI": "Hasselt", "NE_ID": 1159120339, "NAME_FA": "اسلت", "NAME_HE": "האסלט", "NAME_UK": "Гасселт", "NAME_UR": "ہاسیلت", "NAME_ZHT": "哈瑟爾特", "GEONAMESID": 2796491, "FCLASS_ISO": null, "FCLASS_US": null, "FCLASS_FR": null, "FCLASS_RU": null, "FCLASS_ES": null, "FCLASS_CN": null, "FCLASS_TW": null, "FCLASS_IN": null, "FCLASS_NP": null, "FCLASS_PK": null, "FCLASS_DE": null, "FCLASS_GB": null, "FCLASS_BR": null, "FCLASS_IL": null, "FCLASS_PS": null, "FCLASS_SA": null, "FCLASS_EG": null, "FCLASS_MA": null, "FCLASS_PT": null, "FCLASS_AR": null, "FCLASS_JP": null, "FCLASS_KO": null, "FCLASS_VN": null, "FCLASS_TR": null, "FCLASS_ID": null, "FCLASS_PL": null, "FCLASS_GR": null, "FCLASS_IT": null, "FCLASS_NL": null, "FCLASS_SE": null, "FCLASS_BD": null, "FCLASS_UA": null, "FCLASS_TLC": null}, "bbox": [5.338536, 50.928838, 5.338536, 50.928838], "geometry": {"type": "Point", "coordinates": [5.338536, 50.928838]}}, {"type": "Feature", "properties": {"SCALERANK": 10, "NATSCALE": 1, "LABELRANK": 8, "FEATURECLA": "Admin-1 capital", "NAME": "Arlon", "NAMEPAR": null, "NAMEALT": null, "NAMEASCII": "Arlon", "ADM0CAP": 0, "CAPIN": null, "WORLDCITY": 0, "MEGACITY": 0, "SOV0NAME": "Belgium", "SOV_A3": "BEL", "ADM0NAME": "Belgium", "ADM0_A3": "BEL", "ADM1NAME": "Arlon", "ISO_A2": "BE", "NOTE": null, "LATITUDE": 49.683303, "LONGITUDE": 5.816701, "POP_MAX": 26179, "POP_MIN": 26179, "POP_OTHER": 0, "RANK_MAX": 7, "RANK_MIN": 7, "MEGANAME": null, "LS_NAME": null, "MAX_POP10": 0, "MAX_POP20": 0, "MAX_POP50": 0, "MAX_POP300": 0, "MAX_POP310": 0, "MAX_NATSCA": 0, "MIN_AREAKM": 0, "MAX_AREAKM": 0, "MIN_AREAMI": 0, "MAX_AREAMI": 0, "MIN_PERKM": 0, "MAX_PERKM": 0, "MIN_PERMI": 0, "MAX_PERMI": 0, "MIN_BBXMIN": 0, "MAX_BBXMIN": 0, "MIN_BBXMAX": 0, "MAX_BBXMAX": 0, "MIN_BBYMIN": 0, "MAX_BBYMIN": 0, "MIN_BBYMAX": 0, "MAX_BBYMAX": 0, "MEAN_BBXC": 0, "MEAN_BBYC": 0, "TIMEZONE": "Europe/Brussels", "UN_FID": 0, "POP1950": 0, "POP1955": 0, "POP1960": 0, "POP1965": 0, "POP1970": 0, "POP1975": 0, "POP1980": 0, "POP1985": 0, "POP1990": 0, "POP1995": 0, "POP2000": 0, "POP2005": 0, "POP2010": 0, "POP2015": 0, "POP2020": 0, "POP2025": 0, "POP2050": 0, "MIN_ZOOM": 9, "WIKIDATAID": "Q675960", "WOF_ID": 101812837, "CAPALT": 0, "NAME_EN": "Arlon", "NAME_DE": "Arlon", "NAME_ES": "Arlon", "NAME_FR": "Arlon", "NAME_PT": "Arlon", "NAME_RU": "Арлон", "NAME_ZH": "阿尔隆", "LABEL": null, "NAME_AR": "آرلون", "NAME_BN": "আরলন", "NAME_EL": "Αρλόν", "NAME_HI": "आर्लोन", "NAME_HU": "Arlon", "NAME_ID": "Arlon", "NAME_IT": "Arlon", "NAME_JA": "アルロン", "NAME_KO": "아를롱", "NAME_NL": "Aarlen", "NAME_PL": "Arlon", "NAME_SV": "Arlon", "NAME_TR": "Arlon", "NAME_VI": "Arlon", "NE_ID": 1159121119, "NAME_FA": "آرلن", "NAME_HE": "ארלון", "NAME_UK": "Арлон", "NAME_UR": "آرلون", "NAME_ZHT": "阿爾隆", "GEONAMESID": 2803073, "FCLASS_ISO": null, "FCLASS_US": null, "FCLASS_FR": null, "FCLASS_RU": null, "FCLASS_ES": null, "FCLASS_CN": null, "FCLASS_TW": null, "FCLASS_IN": null, "FCLASS_NP": null, "FCLASS_PK": null, "FCLASS_DE": null, "FCLASS_GB": null, "FCLASS_BR": null, "FCLASS_IL": null, "FCLASS_PS": null, "FCLASS_SA": null, "FCLASS_EG": null, "FCLASS_MA": null, "FCLASS_PT": null, "FCLASS_AR": null, "FCLASS_JP": null, "FCLASS_KO": null, "FCLASS_VN": null, "FCLASS_TR": null, "FCLASS_ID": null, "FCLASS_PL": null, "FCLASS_GR": null, "FCLASS_IT": null, "FCLASS_NL": null, "FCLASS_SE": null, "FCLASS_BD": null, "FCLASS_UA": null, "FCLASS_TLC": null}, "bbox": [5.8167, 49.683303, 5.8167, 49.683303], "geometry": {"type": "Point", "coordinates": [5.8167, 49.683303]}}, {"type": "Feature", "properties": {"SCALERANK": 10, "NATSCALE": 1, "LABELRANK": 7, "FEATURECLA": "Admin-1 capital", "NAME": "Bregenz", "NAMEPAR": null, "NAMEALT": null, "NAMEASCII": "Bregenz", "ADM0CAP": 0, "CAPIN": null, "WORLDCITY": 0, "MEGACITY": 0, "SOV0NAME": "Austria", "SOV_A3": "AUT", "ADM0NAME": "Austria", "ADM0_A3": "AUT", "ADM1NAME": "Vorarlberg", "ISO_A2": "AT", "NOTE": null, "LATITUDE": 47.516697, "LONGITUDE": 9.766702, "POP_MAX": 26928, "POP_MIN": 26928, "POP_OTHER": 0, "RANK_MAX": 7, "RANK_MIN": 7, "MEGANAME": null, "LS_NAME": null, "MAX_POP10": 0, "MAX_POP20": 0, "MAX_POP50": 0, "MAX_POP300": 0, "MAX_POP310": 0, "MAX_NATSCA": 0, "MIN_AREAKM": 0, "MAX_AREAKM": 0, "MIN_AREAMI": 0, "MAX_AREAMI": 0, "MIN_PERKM": 0, "MAX_PERKM": 0, "MIN_PERMI": 0, "MAX_PERMI": 0, "MIN_BBXMIN": 0, "MAX_BBXMIN": 0, "MIN_BBXMAX": 0, "MAX_BBXMAX": 0, "MIN_BBYMIN": 0, "MAX_BBYMIN": 0, "MIN_BBYMAX": 0, "MAX_BBYMAX": 0, "MEAN_BBXC": 0, "MEAN_BBYC": 0, "TIMEZONE": "Europe/Vienna", "UN_FID": 0, "POP1950": 0, "POP1955": 0, "POP1960": 0, "POP1965": 0, "POP1970": 0, "POP1975": 0, "POP1980": 0, "POP1985": 0, "POP1990": 0, "POP1995": 0, "POP2000": 0, "POP2005": 0, "POP2010": 0, "POP2015": 0, "POP2020": 0, "POP2025": 0, "POP2050": 0, "MIN_ZOOM": 8, "WIKIDATAID": "Q1737", "WOF_ID": 101878273, "CAPALT": 0, "NAME_EN": "Bregenz", "NAME_DE": "Bregenz", "NAME_ES": "Bregenz", "NAME_FR": "Brégence", "NAME_PT": "Bregenz", "NAME_RU": "Брегенц", "NAME_ZH": "布雷根茨", "LABEL": null, "NAME_AR": "بريغنز", "NAME_BN": "ব্রেগেঞ্জ", "NAME_EL": "Μπρέγκεντς", "NAME_HI": "ब्रेगेंज़", "NAME_HU": "Bregenz", "NAME_ID": "Bregenz", "NAME_IT": "Bregenz", "NAME_JA": "ブレゲンツ", "NAME_KO": "브레겐츠", "NAME_NL": "Bregenz", "NAME_PL": "Bregencja", "NAME_SV": "Bregenz", "NAME_TR": "Bregenz", "NAME_VI": "Bregenz", "NE_ID": 1159121131, "NAME_FA": "برگنتس", "NAME_HE": "ברגנץ", "NAME_UK": "Брегенц", "NAME_UR": "بریگنز", "NAME_ZHT": "布雷根茨", "GEONAMESID": 2781503, "FCLASS_ISO": null, "FCLASS_US": null, "FCLASS_FR": null, "FCLASS_RU": null, "FCLASS_ES": null, "FCLASS_CN": null, "FCLASS_TW": null, "FCLASS_IN": null, "FCLASS_NP": null, "FCLASS_PK": null, "FCLASS_DE": null, "FCLASS_GB": null, "FCLASS_BR": null, "FCLASS_IL": null, "FCLASS_PS": null, "FCLASS_SA": null, "FCLASS_EG": null, "FCLASS_MA": null, "FCLASS_PT": null, "FCLASS_AR": null, "FCLASS_JP": null, "FCLASS_KO": null, "FCLASS_VN": null, "FCLASS_TR": null, "FCLASS_ID": null, "FCLASS_PL": null, "FCLASS_GR": null, "FCLASS_IT": null, "FCLASS_NL": null, "FCLASS_SE": null, "FCLASS_BD": null, "FCLASS_UA": null, "FCLASS_TLC": null}, "bbox": [9.766702, 47.516697, 9.766702, 47.516697], "geometry": {"type": "Point", "coordinates": [9.766702, 47.516697]}}, {"type": "Feature", "properties": {"SCALERANK": 9, "NATSCALE": 5, "LABELRANK": 3, "FEATURECLA": "Admin-1 capital", "NAME": "Mainz", "NAMEPAR": null, "NAMEALT": null, "NAMEASCII": "Mainz", "ADM0CAP": 0, "CAPIN": null, "WORLDCITY": 0, "MEGACITY": 0, "SOV0NAME": "Germany", "SOV_A3": "DEU", "ADM0NAME": "Germany", "ADM0_A3": "DEU", "ADM1NAME": "Rheinland-Pfalz", "ISO_A2": "DE", "NOTE": null, "LATITUDE": 49.982473, "LONGITUDE": 8.273219, "POP_MAX": 184997, "POP_MIN": 184997, "POP_OTHER": 0, "RANK_MAX": 9, "RANK_MIN": 9, "MEGANAME": null, "LS_NAME": null, "MAX_POP10": 0, "MAX_POP20": 0, "MAX_POP50": 0, "MAX_POP300": 0, "MAX_POP310": 0, "MAX_NATSCA": 0, "MIN_AREAKM": 0, "MAX_AREAKM": 0, "MIN_AREAMI": 0, "MAX_AREAMI": 0, "MIN_PERKM": 0, "MAX_PERKM": 0, "MIN_PERMI": 0, "MAX_PERMI": 0, "MIN_BBXMIN": 0, "MAX_BBXMIN": 0, "MIN_BBXMAX": 0, "MAX_BBXMAX": 0, "MIN_BBYMIN": 0, "MAX_BBYMIN": 0, "MIN_BBYMAX": 0, "MAX_BBYMAX": 0, "MEAN_BBXC": 0, "MEAN_BBYC": 0, "TIMEZONE": "Europe/Berlin", "UN_FID": 0, "POP1950": 0, "POP1955": 0, "POP1960": 0, "POP1965": 0, "POP1970": 0, "POP1975": 0, "POP1980": 0, "POP1985": 0, "POP1990": 0, "POP1995": 0, "POP2000": 0, "POP2005": 0, "POP2010": 0, "POP2015": 0, "POP2020": 0, "POP2025": 0, "POP2050": 0, "MIN_ZOOM": 8, "WIKIDATAID": "Q1720", "WOF_ID": 101906993, "CAPALT": 0, "NAME_EN": "Mainz", "NAME_DE": "Mainz", "NAME_ES": "Maguncia", "NAME_FR": "Mayence", "NAME_PT": "Mainz", "NAME_RU": "Майнц", "NAME_ZH": "美因茨", "LABEL": null, "NAME_AR": "ماينتس", "NAME_BN": "মাইজ", "NAME_EL": "Μάιντς", "NAME_HI": "मैन्ज़", "NAME_HU": "Mainz", "NAME_ID": "Mainz", "NAME_IT": "Magonza", "NAME_JA": "マインツ", "NAME_KO": "마인츠", "NAME_NL": "Mainz", "NAME_PL": "Moguncja", "NAME_SV": "Mainz", "NAME_TR": "Mainz", "NAME_VI": "Mainz", "NE_ID": 1159122449, "NAME_FA": "ماینتس", "NAME_HE": "מיינץ", "NAME_UK": "Майнц", "NAME_UR": "مینز", "NAME_ZHT": "美茵茨", "GEONAMESID": 2874225, "FCLASS_ISO": null, "FCLASS_US": null, "FCLASS_FR": null, "FCLASS_RU": null, "FCLASS_ES": null, "FCLASS_CN": null, "FCLASS_TW": null, "FCLASS_IN": null, "FCLASS_NP": null, "FCLASS_PK": null, "FCLASS_DE": null, "FCLASS_GB": null, "FCLASS_BR": null, "FCLASS_IL": null, "FCLASS_PS": null, "FCLASS_SA": null, "FCLASS_EG": null, "FCLASS_MA": null, "FCLASS_PT": null, "FCLASS_AR": null, "FCLASS_JP": null, "FCLASS_KO": null, "FCLASS_VN": null, "FCLASS_TR": null, "FCLASS_ID": null, "FCLASS_PL": null, "FCLASS_GR": null, "FCLASS_IT": null, "FCLASS_NL": null, "FCLASS_SE": null, "FCLASS_BD": null, "FCLASS_UA": null, "FCLASS_TLC": null}, "bbox": [8.273219, 49.982473, 8.273219, 49.982473], "geometry": {"type": "Point", "coordinates": [8.273219, 49.982473]}}, {"type": "Feature", "properties": {"SCALERANK": 9, "NATSCALE": 5, "LABELRANK": 7, "FEATURECLA": "Admin-1 capital", "NAME": "Usti Nad Labem", "NAMEPAR": null, "NAMEALT": null, "NAMEASCII": "Usti Nad Labem", "ADM0CAP": 0, "CAPIN": null, "WORLDCITY": 0, "MEGACITY": 0, "SOV0NAME": "Czechia", "SOV_A3": "CZE", "ADM0NAME": "Czechia", "ADM0_A3": "CZE", "ADM1NAME": "Liberecký", "ISO_A2": "CZ", "NOTE": null, "LATITUDE": 50.662998, "LONGITUDE": 14.081005, "POP_MAX": 94105, "POP_MIN": 94105, "POP_OTHER": 0, "RANK_MAX": 8, "RANK_MIN": 8, "MEGANAME": null, "LS_NAME": null, "MAX_POP10": 0, "MAX_POP20": 0, "MAX_POP50": 0, "MAX_POP300": 0, "MAX_POP310": 0, "MAX_NATSCA": 0, "MIN_AREAKM": 0, "MAX_AREAKM": 0, "MIN_AREAMI": 0, "MAX_AREAMI": 0, "MIN_PERKM": 0, "MAX_PERKM": 0, "MIN_PERMI": 0, "MAX_PERMI": 0, "MIN_BBXMIN": 0, "MAX_BBXMIN": 0, "MIN_BBXMAX": 0, "MAX_BBXMAX": 0, "MIN_BBYMIN": 0, "MAX_BBYMIN": 0, "MIN_BBYMAX": 0, "MAX_BBYMAX": 0, "MEAN_BBXC": 0, "MEAN_BBYC": 0, "TIMEZONE": "Europe/Prague", "UN_FID": 0, "POP1950": 0, "POP1955": 0, "POP1960": 0, "POP1965": 0, "POP1970": 0, "POP1975": 0, "POP1980": 0, "POP1985": 0, "POP1990": 0, "POP1995": 0, "POP2000": 0, "POP2005": 0, "POP2010": 0, "POP2015": 0, "POP2020": 0, "POP2025": 0, "POP2050": 0, "MIN_ZOOM": 7, "WIKIDATAID": "Q156974", "WOF_ID": 101748139, "CAPALT": 0, "NAME_EN": "Ústí nad Labem", "NAME_DE": "Ústí nad Labem", "NAME_ES": "Ústí nad Labem", "NAME_FR": "Ústí nad Labem", "NAME_PT": "Ústí nad Labem", "NAME_RU": "Усти-над-Лабем", "NAME_ZH": "拉贝河畔乌斯季", "LABEL": null, "NAME_AR": "أوستي ناد لابم", "NAME_BN": "এন্তো কান্টি", "NAME_EL": "Ούστι ναντ Λαμπέμ", "NAME_HI": "उसती नाड लाबेम", "NAME_HU": "Ústí nad Labem", "NAME_ID": "Ústí nad Labem", "NAME_IT": "Ústí nad Labem", "NAME_JA": "ウースチー・ナド・ラベム", "NAME_KO": "우스티나트라벰", "NAME_NL": "Ústí nad Labem", "NAME_PL": "Uście nad Łabą", "NAME_SV": "Ústí nad Labem", "NAME_TR": "Ústí nad Labem", "NAME_VI": "Ústí nad Labem", "NE_ID": 1159122463, "NAME_FA": "اوستی ناد لابم", "NAME_HE": "אוסטי נד לבם", "NAME_UK": "Усті-над-Лабем", "NAME_UR": "اوستی ناد لاہم", "NAME_ZHT": "拉貝河畔烏斯季", "GEONAMESID": 3063548, "FCLASS_ISO": null, "FCLASS_US": null, "FCLASS_FR": null, "FCLASS_RU": null, "FCLASS_ES": null, "FCLASS_CN": null, "FCLASS_TW": null, "FCLASS_IN": null, "FCLASS_NP": null, "FCLASS_PK": null, "FCLASS_DE": null, "FCLASS_GB": null, "FCLASS_BR": null, "FCLASS_IL": null, "FCLASS_PS": null, "FCLASS_SA": null, "FCLASS_EG": null, "FCLASS_MA": null, "FCLASS_PT": null, "FCLASS_AR": null, "FCLASS_JP": null, "FCLASS_KO": null, "FCLASS_VN": null, "FCLASS_TR": null, "FCLASS_ID": null, "FCLASS_PL": null, "FCLASS_GR": null, "FCLASS_IT": null, "FCLASS_NL": null, "FCLASS_SE": null, "FCLASS_BD": null, "FCLASS_UA": null, "FCLASS_TLC": null}, "bbox": [14.081005, 50.662998, 14.081005, 50.662998], "geometry": {"type": "Point", "coordinates": [14.081005, 50.662998]}}, {"type": "Feature", "properties": {"SCALERANK": 9, "NATSCALE": 5, "LABELRANK": 7, "FEATURECLA": "Admin-1 capital", "NAME": "Hradec Králové", "NAMEPAR": null, "NAMEALT": null, "NAMEASCII": "Hradec Kralove", "ADM0CAP": 0, "CAPIN": null, "WORLDCITY": 0, "MEGACITY": 0, "SOV0NAME": "Czechia", "SOV_A3": "CZE", "ADM0NAME": "Czechia", "ADM0_A3": "CZE", "ADM1NAME": "Královéhradecký", "ISO_A2": "CZ", "NOTE": null, "LATITUDE": 50.205996, "LONGITUDE": 15.812002, "POP_MAX": 95195, "POP_MIN": 95195, "POP_OTHER": 0, "RANK_MAX": 8, "RANK_MIN": 8, "MEGANAME": null, "LS_NAME": null, "MAX_POP10": 0, "MAX_POP20": 0, "MAX_POP50": 0, "MAX_POP300": 0, "MAX_POP310": 0, "MAX_NATSCA": 0, "MIN_AREAKM": 0, "MAX_AREAKM": 0, "MIN_AREAMI": 0, "MAX_AREAMI": 0, "MIN_PERKM": 0, "MAX_PERKM": 0, "MIN_PERMI": 0, "MAX_PERMI": 0, "MIN_BBXMIN": 0, "MAX_BBXMIN": 0, "MIN_BBXMAX": 0, "MAX_BBXMAX": 0, "MIN_BBYMIN": 0, "MAX_BBYMIN": 0, "MIN_BBYMAX": 0, "MAX_BBYMAX": 0, "MEAN_BBXC": 0, "MEAN_BBYC": 0, "TIMEZONE": "Europe/Prague", "UN_FID": 0, "POP1950": 0, "POP1955": 0, "POP1960": 0, "POP1965": 0, "POP1970": 0, "POP1975": 0, "POP1980": 0, "POP1985": 0, "POP1990": 0, "POP1995": 0, "POP2000": 0, "POP2005": 0, "POP2010": 0, "POP2015": 0, "POP2020": 0, "POP2025": 0, "POP2050": 0, "MIN_ZOOM": 7, "WIKIDATAID": "Q180139", "WOF_ID": 101748133, "CAPALT": 0, "NAME_EN": "Hradec Králové", "NAME_DE": "Hradec Králové", "NAME_ES": "Hradec Králové", "NAME_FR": "Hradec Králové", "NAME_PT": "Hradec Králové", "NAME_RU": "Градец-Кралове", "NAME_ZH": "赫拉德茨-克拉洛韦", "LABEL": null, "NAME_AR": "هرادتس كرالوفه", "NAME_BN": "হেরাডেক ক্রালাভ", "NAME_EL": "Χράντετς Κράλοβε", "NAME_HI": "रादेक क्रालोवय", "NAME_HU": "Hradec Králové", "NAME_ID": "Hradec Králové", "NAME_IT": "Hradec Králové", "NAME_JA": "フラデツ・クラーロヴェー", "NAME_KO": "흐라데츠크랄로베", "NAME_NL": "Hradec Králové", "NAME_PL": "Hradec Králové", "NAME_SV": "Hradec Králové", "NAME_TR": "Hradec Králové", "NAME_VI": "Hradec Králové", "NE_ID": 1159122475, "NAME_FA": "هرادتس کرالووه", "NAME_HE": "הראדץ קראלובה", "NAME_UK": "Градець-Кралове", "NAME_UR": "ہرادیتس کرالوے", "NAME_ZHT": "赫拉德茨-克拉洛韋", "GEONAMESID": 3074967, "FCLASS_ISO": null, "FCLASS_US": null, "FCLASS_FR": null, "FCLASS_RU": null, "FCLASS_ES": null, "FCLASS_CN": null, "FCLASS_TW": null, "FCLASS_IN": null, "FCLASS_NP": null, "FCLASS_PK": null, "FCLASS_DE": null, "FCLASS_GB": null, "FCLASS_BR": null, "FCLASS_IL": null, "FCLASS_PS": null, "FCLASS_SA": null, "FCLASS_EG": null, "FCLASS_MA": null, "FCLASS_PT": null, "FCLASS_AR": null, "FCLASS_JP": null, "FCLASS_KO": null, "FCLASS_VN": null, "FCLASS_TR": null, "FCLASS_ID": null, "FCLASS_PL": null, "FCLASS_GR": null, "FCLASS_IT": null, "FCLASS_NL": null, "FCLASS_SE": null, "FCLASS_BD": null, "FCLASS_UA": null, "FCLASS_TLC": null}, "bbox": [15.812001, 50.205996, 15.812001, 50.205996], "geometry": {"type": "Point", "coordinates": [15.812001, 50.205996]}}, {"type": "Feature", "properties": {"SCALERANK": 9, "NATSCALE": 5, "LABELRANK": 3, "FEATURECLA": "Admin-1 capital", "NAME": "Schwerin", "NAMEPAR": null, "NAMEALT": null, "NAMEASCII": "Schwerin", "ADM0CAP": 0, "CAPIN": null, "WORLDCITY": 0, "MEGACITY": 0, "SOV0NAME": "Germany", "SOV_A3": "DEU", "ADM0NAME": "Germany", "ADM0_A3": "DEU", "ADM1NAME": "Mecklenburg-Vorpommern", "ISO_A2": "DE", "NOTE": null, "LATITUDE": 53.633304, "LONGITUDE": 11.416699, "POP_MAX": 96641, "POP_MIN": 96641, "POP_OTHER": 0, "RANK_MAX": 8, "RANK_MIN": 8, "MEGANAME": null, "LS_NAME": null, "MAX_POP10": 0, "MAX_POP20": 0, "MAX_POP50": 0, "MAX_POP300": 0, "MAX_POP310": 0, "MAX_NATSCA": 0, "MIN_AREAKM": 0, "MAX_AREAKM": 0, "MIN_AREAMI": 0, "MAX_AREAMI": 0, "MIN_PERKM": 0, "MAX_PERKM": 0, "MIN_PERMI": 0, "MAX_PERMI": 0, "MIN_BBXMIN": 0, "MAX_BBXMIN": 0, "MIN_BBXMAX": 0, "MAX_BBXMAX": 0, "MIN_BBYMIN": 0, "MAX_BBYMIN": 0, "MIN_BBYMAX": 0, "MAX_BBYMAX": 0, "MEAN_BBXC": 0, "MEAN_BBYC": 0, "TIMEZONE": "Europe/Berlin", "UN_FID": 0, "POP1950": 0, "POP1955": 0, "POP1960": 0, "POP1965": 0, "POP1970": 0, "POP1975": 0, "POP1980": 0, "POP1985": 0, "POP1990": 0, "POP1995": 0, "POP2000": 0, "POP2005": 0, "POP2010": 0, "POP2015": 0, "POP2020": 0, "POP2025": 0, "POP2050": 0, "MIN_ZOOM": 7, "WIKIDATAID": "Q1709", "WOF_ID": 101748851, "CAPALT": 0, "NAME_EN": "Schwerin", "NAME_DE": "Schwerin", "NAME_ES": "Schwerin", "NAME_FR": "Schwerin", "NAME_PT": "Schwerin", "NAME_RU": "Шверин", "NAME_ZH": "什未林", "LABEL": null, "NAME_AR": "شفيرين", "NAME_BN": "শোয়ারিন", "NAME_EL": "Σβερίν", "NAME_HI": "श्वेरिन", "NAME_HU": "Schwerin", "NAME_ID": "Schwerin", "NAME_IT": "Schwerin", "NAME_JA": "シュヴェリーン", "NAME_KO": "슈베린", "NAME_NL": "Schwerin", "NAME_PL": "Schwerin", "NAME_SV": "Schwerin", "NAME_TR": "Schwerin", "NAME_VI": "Schwerin", "NE_ID": 1159122581, "NAME_FA": "شورین", "NAME_HE": "שוורין", "NAME_UK": "Шверін", "NAME_UR": "شیویرن", "NAME_ZHT": "詩威林", "GEONAMESID": 2834282, "FCLASS_ISO": null, "FCLASS_US": null, "FCLASS_FR": null, "FCLASS_RU": null, "FCLASS_ES": null, "FCLASS_CN": null, "FCLASS_TW": null, "FCLASS_IN": null, "FCLASS_NP": null, "FCLASS_PK": null, "FCLASS_DE": null, "FCLASS_GB": null, "FCLASS_BR": null, "FCLASS_IL": null, "FCLASS_PS": null, "FCLASS_SA": null, "FCLASS_EG": null, "FCLASS_MA": null, "FCLASS_PT": null, "FCLASS_AR": null, "FCLASS_JP": null, "FCLASS_KO": null, "FCLASS_VN": null, "FCLASS_TR": null, "FCLASS_ID": null, "FCLASS_PL": null, "FCLASS_GR": null, "FCLASS_IT": null, "FCLASS_NL": null, "FCLASS_SE": null, "FCLASS_BD": null, "FCLASS_UA": null, "FCLASS_TLC": null}, "bbox": [11.416699, 53.633304, 11.416699, 53.633304], "geometry": {"type": "Point", "coordinates": [11.416699, 53.633304]}}, {"type": "Feature", "properties": {"SCALERANK": 8, "NATSCALE": 10, "LABELRANK": 7, "FEATURECLA": "Admin-1 capital", "NAME": "Chur", "NAMEPAR": null, "NAMEALT": null, "NAMEASCII": "Chur", "ADM0CAP": 0, "CAPIN": null, "WORLDCITY": 0, "MEGACITY": 0, "SOV0NAME": "Switzerland", "SOV_A3": "CHE", "ADM0NAME": "Switzerland", "ADM0_A3": "CHE", "ADM1NAME": "Graubünden", "ISO_A2": "CH", "NOTE": null, "LATITUDE": 46.85002, "LONGITUDE": 9.50003, "POP_MAX": 38293, "POP_MIN": 32429, "POP_OTHER": 38011, "RANK_MAX": 7, "RANK_MIN": 7, "MEGANAME": null, "LS_NAME": "Chur", "MAX_POP10": 38293, "MAX_POP20": 0, "MAX_POP50": 0, "MAX_POP300": 0, "MAX_POP310": 0, "MAX_NATSCA": 10, "MIN_AREAKM": 14, "MAX_AREAKM": 14, "MIN_AREAMI": 5, "MAX_AREAMI": 5, "MIN_PERKM": 17, "MAX_PERKM": 17, "MIN_PERMI": 11, "MAX_PERMI": 11, "MIN_BBXMIN": 9.5, "MAX_BBXMIN": 9.5, "MIN_BBXMAX": 9.55, "MAX_BBXMAX": 9.55, "MIN_BBYMIN": 46.841667, "MAX_BBYMIN": 46.841667, "MIN_BBYMAX": 46.883333, "MAX_BBYMAX": 46.883333, "MEAN_BBXC": 9.525181, "MEAN_BBYC": 46.859239, "TIMEZONE": "Europe/Zurich", "UN_FID": 0, "POP1950": 0, "POP1955": 0, "POP1960": 0, "POP1965": 0, "POP1970": 0, "POP1975": 0, "POP1980": 0, "POP1985": 0, "POP1990": 0, "POP1995": 0, "POP2000": 0, "POP2005": 0, "POP2010": 0, "POP2015": 0, "POP2020": 0, "POP2025": 0, "POP2050": 0, "MIN_ZOOM": 7, "WIKIDATAID": "Q69007", "WOF_ID": 101853949, "CAPALT": 0, "NAME_EN": "Chur", "NAME_DE": "Chur", "NAME_ES": "Coira", "NAME_FR": "Coire", "NAME_PT": "Coira", "NAME_RU": "Кур", "NAME_ZH": "库尔", "LABEL": null, "NAME_AR": "خور", "NAME_BN": "ছুর", "NAME_EL": "Κουρ", "NAME_HI": "चूर", "NAME_HU": "Chur", "NAME_ID": "Chur", "NAME_IT": "Coira", "NAME_JA": "クール", "NAME_KO": "쿠어", "NAME_NL": "Chur", "NAME_PL": "Chur", "NAME_SV": "Chur", "NAME_TR": "Chur", "NAME_VI": "Chur", "NE_ID": 1159126273, "NAME_FA": "شور", "NAME_HE": "כור", "NAME_UK": "Кур", "NAME_UR": "کؤر", "NAME_ZHT": "庫爾", "GEONAMESID": 2661169, "FCLASS_ISO": null, "FCLASS_US": null, "FCLASS_FR": null, "FCLASS_RU": null, "FCLASS_ES": null, "FCLASS_CN": null, "FCLASS_TW": null, "FCLASS_IN": null, "FCLASS_NP": null, "FCLASS_PK": null, "FCLASS_DE": null, "FCLASS_GB": null, "FCLASS_BR": null, "FCLASS_IL": null, "FCLASS_PS": null, "FCLASS_SA": null, "FCLASS_EG": null, "FCLASS_MA": null, "FCLASS_PT": null, "FCLASS_AR": null, "FCLASS_JP": null, "FCLASS_KO": null, "FCLASS_VN": null, "FCLASS_TR": null, "FCLASS_ID": null, "FCLASS_PL": null, "FCLASS_GR": null, "FCLASS_IT": null, "FCLASS_NL": null, "FCLASS_SE": null, "FCLASS_BD": null, "FCLASS_UA": null, "FCLASS_TLC": null}, "bbox": [9.50003, 46.85002, 9.50003, 46.85002], "geometry": {"type": "Point", "coordinates": [9.50003, 46.85002]}}, {"type": "Feature", "properties": {"SCALERANK": 8, "NATSCALE": 10, "LABELRANK": 3, "FEATURECLA": "Populated place", "NAME": "Gijón", "NAMEPAR": null, "NAMEALT": null, "NAMEASCII": "Gijon", "ADM0CAP": 0, "CAPIN": null, "WORLDCITY": 0, "MEGACITY": 0, "SOV0NAME": "Kingdom of Spain", "SOV_A3": "ESP", "ADM0NAME": "Spain", "ADM0_A3": "ESP", "ADM1NAME": "Principado de Asturias", "ISO_A2": "ES", "NOTE": null, "LATITUDE": 43.530016, "LONGITUDE": -5.67, "POP_MAX": 335972, "POP_MIN": 271452, "POP_OTHER": 335143, "RANK_MAX": 10, "RANK_MIN": 10, "MEGANAME": null, "LS_NAME": "Gijon", "MAX_POP10": 335972, "MAX_POP20": 0, "MAX_POP50": 0, "MAX_POP300": 0, "MAX_POP310": 0, "MAX_NATSCA": 10, "MIN_AREAKM": 59, "MAX_AREAKM": 59, "MIN_AREAMI": 23, "MAX_AREAMI": 23, "MIN_PERKM": 67, "MAX_PERKM": 67, "MIN_PERMI": 42, "MAX_PERMI": 42, "MIN_BBXMIN": -5.758333, "MAX_BBXMIN": -5.758333, "MIN_BBXMAX": -5.6, "MAX_BBXMAX": -5.6, "MIN_BBYMIN": 43.483333, "MAX_BBYMIN": 43.483333, "MIN_BBYMAX": 43.575, "MAX_BBYMAX": 43.575, "MEAN_BBXC": -5.685482, "MEAN_BBYC": 43.530219, "TIMEZONE": "Europe/Madrid", "UN_FID": 0, "POP1950": 0, "POP1955": 0, "POP1960": 0, "POP1965": 0, "POP1970": 0, "POP1975": 0, "POP1980": 0, "POP1985": 0, "POP1990": 0, "POP1995": 0, "POP2000": 0, "POP2005": 0, "POP2010": 0, "POP2015": 0, "POP2020": 0, "POP2025": 0, "POP2050": 0, "MIN_ZOOM": 7, "WIKIDATAID": "Q12273", "WOF_ID": 101748401, "CAPALT": 0, "NAME_EN": "Gijón", "NAME_DE": "Gijón", "NAME_ES": "Gijón", "NAME_FR": "Gijón", "NAME_PT": "Gijón", "NAME_RU": "Хихон", "NAME_ZH": "希洪", "LABEL": null, "NAME_AR": "خيخون", "NAME_BN": "গিজোঁ", "NAME_EL": "Χιχόν", "NAME_HI": "गिजॉन", "NAME_HU": "Gijón", "NAME_ID": "Gijón", "NAME_IT": "Gijón", "NAME_JA": "ヒホン", "NAME_KO": "히혼", "NAME_NL": "Gijón", "NAME_PL": "Gijón", "NAME_SV": "Gijón", "NAME_TR": "Gijón", "NAME_VI": "Gijón", "NE_ID": 1159127215, "NAME_FA": "خیخن/کسیکسن", "NAME_HE": "חיחון", "NAME_UK": "Хіхон", "NAME_UR": "گیجون", "NAME_ZHT": "希洪", "GEONAMESID": 3121424, "FCLASS_ISO": null, "FCLASS_US": null, "FCLASS_FR": null, "FCLASS_RU": null, "FCLASS_ES": null, "FCLASS_CN": null, "FCLASS_TW": null, "FCLASS_IN": null, "FCLASS_NP": null, "FCLASS_PK": null, "FCLASS_DE": null, "FCLASS_GB": null, "FCLASS_BR": null, "FCLASS_IL": null, "FCLASS_PS": null, "FCLASS_SA": null, "FCLASS_EG": null, "FCLASS_MA": null, "FCLASS_PT": null, "FCLASS_AR": null, "FCLASS_JP": null, "FCLASS_KO": null, "FCLASS_VN": null, "FCLASS_TR": null, "FCLASS_ID": null, "FCLASS_PL": null, "FCLASS_GR": null, "FCLASS_IT": null, "FCLASS_NL": null, "FCLASS_SE": null, "FCLASS_BD": null, "FCLASS_UA": null, "FCLASS_TLC": null}, "bbox": [-5.67, 43.530016, -5.67, 43.530016], "geometry": {"type": "Point", "coordinates": [-5.67, 43.530016]}}, {"type": "Feature", "properties": {"SCALERANK": 8, "NATSCALE": 10, "LABELRANK": 5, "FEATURECLA": "Populated place", "NAME": "Greenock", "NAMEPAR": null, "NAMEALT": null, "NAMEASCII": "Greenock", "ADM0CAP": 0, "CAPIN": null, "WORLDCITY": 0, "MEGACITY": 0, "SOV0NAME": "United Kingdom", "SOV_A3": "GBR", "ADM0NAME": "United Kingdom", "ADM0_A3": "GBR", "ADM1NAME": "Inverclyde", "ISO_A2": "GB", "NOTE": null, "LATITUDE": 55.93329, "LONGITUDE": -4.750031, "POP_MAX": 74635, "POP_MIN": 43495, "POP_OTHER": 17365, "RANK_MAX": 8, "RANK_MIN": 7, "MEGANAME": null, "LS_NAME": "Greenock", "MAX_POP10": 74635, "MAX_POP20": 0, "MAX_POP50": 0, "MAX_POP300": 0, "MAX_POP310": 0, "MAX_NATSCA": 10, "MIN_AREAKM": 37, "MAX_AREAKM": 37, "MIN_AREAMI": 14, "MAX_AREAMI": 14, "MIN_PERKM": 66, "MAX_PERKM": 66, "MIN_PERMI": 41, "MAX_PERMI": 41, "MIN_BBXMIN": -4.866667, "MAX_BBXMIN": -4.866667, "MIN_BBXMAX": -4.633333, "MAX_BBXMAX": -4.633333, "MIN_BBYMIN": 55.916667, "MAX_BBYMIN": 55.916667, "MIN_BBYMAX": 55.966667, "MAX_BBYMAX": 55.966667, "MEAN_BBXC": -4.758662, "MEAN_BBYC": 55.940132, "TIMEZONE": "Europe/London", "UN_FID": 0, "POP1950": 0, "POP1955": 0, "POP1960": 0, "POP1965": 0, "POP1970": 0, "POP1975": 0, "POP1980": 0, "POP1985": 0, "POP1990": 0, "POP1995": 0, "POP2000": 0, "POP2005": 0, "POP2010": 0, "POP2015": 0, "POP2020": 0, "POP2025": 0, "POP2050": 0, "MIN_ZOOM": 7, "WIKIDATAID": "Q217831", "WOF_ID": 101750635, "CAPALT": 0, "NAME_EN": "Greenock", "NAME_DE": "Greenock", "NAME_ES": "Greenock", "NAME_FR": "Greenock", "NAME_PT": "Greenock", "NAME_RU": "Гринок", "NAME_ZH": "格里诺克", "LABEL": null, "NAME_AR": "غرينوك", "NAME_BN": "গ্রীনক", "NAME_EL": "Γκρήνοκ", "NAME_HI": "ग्रीनॉक", "NAME_HU": "Greenock", "NAME_ID": "Greenock", "NAME_IT": "Greenock", "NAME_JA": "グリーノック", "NAME_KO": "그리녹", "NAME_NL": "Greenock", "NAME_PL": "Greenock", "NAME_SV": "Greenock", "NAME_TR": "Greenock", "NAME_VI": "Greenock", "NE_ID": 1159127257, "NAME_FA": "گرینوک", "NAME_HE": "גרינוק", "NAME_UK": "Грінок", "NAME_UR": "گریناک", "NAME_ZHT": "格里諾克", "GEONAMESID": 2647948, "FCLASS_ISO": null, "FCLASS_US": null, "FCLASS_FR": null, "FCLASS_RU": null, "FCLASS_ES": null, "FCLASS_CN": null, "FCLASS_TW": null, "FCLASS_IN": null, "FCLASS_NP": null, "FCLASS_PK": null, "FCLASS_DE": null, "FCLASS_GB": null, "FCLASS_BR": null, "FCLASS_IL": null, "FCLASS_PS": null, "FCLASS_SA": null, "FCLASS_EG": null, "FCLASS_MA": null, "FCLASS_PT": null, "FCLASS_AR": null, "FCLASS_JP": null, "FCLASS_KO": null, "FCLASS_VN": null, "FCLASS_TR": null, "FCLASS_ID": null, "FCLASS_PL": null, "FCLASS_GR": null, "FCLASS_IT": null, "FCLASS_NL": null, "FCLASS_SE": null, "FCLASS_BD": null, "FCLASS_UA": null, "FCLASS_TLC": null}, "bbox": [-4.750031, 55.93329, -4.750031, 55.93329], "geometry": {"type": "Point", "coordinates": [-4.750031, 55.93329]}}, {"type": "Feature", "properties": {"SCALERANK": 8, "NATSCALE": 10, "LABELRANK": 5, "FEATURECLA": "Populated place", "NAME": "Sunderland", "NAMEPAR": null, "NAMEALT": null, "NAMEASCII": "Sunderland", "ADM0CAP": 0, "CAPIN": null, "WORLDCITY": 0, "MEGACITY": 0, "SOV0NAME": "United Kingdom", "SOV_A3": "GBR", "ADM0NAME": "United Kingdom", "ADM0_A3": "GBR", "ADM1NAME": "Tyne and Wear", "ISO_A2": "GB", "NOTE": null, "LATITUDE": 54.920019, "LONGITUDE": -1.38003, "POP_MAX": 452934, "POP_MIN": 177965, "POP_OTHER": 423067, "RANK_MAX": 10, "RANK_MIN": 9, "MEGANAME": null, "LS_NAME": "Sunderland", "MAX_POP10": 452934, "MAX_POP20": 0, "MAX_POP50": 0, "MAX_POP300": 0, "MAX_POP310": 0, "MAX_NATSCA": 10, "MIN_AREAKM": 170, "MAX_AREAKM": 170, "MIN_AREAMI": 65, "MAX_AREAMI": 65, "MIN_PERKM": 145, "MAX_PERKM": 145, "MIN_PERMI": 90, "MAX_PERMI": 90, "MIN_BBXMIN": -1.53608, "MAX_BBXMIN": -1.53608, "MIN_BBXMAX": -1.35, "MAX_BBXMAX": -1.35, "MIN_BBYMIN": 54.791667, "MAX_BBYMIN": 54.791667, "MIN_BBYMAX": 55.066667, "MAX_BBYMAX": 55.066667, "MEAN_BBXC": -1.438547, "MEAN_BBYC": 54.914539, "TIMEZONE": "Europe/London", "UN_FID": 0, "POP1950": 0, "POP1955": 0, "POP1960": 0, "POP1965": 0, "POP1970": 0, "POP1975": 0, "POP1980": 0, "POP1985": 0, "POP1990": 0, "POP1995": 0, "POP2000": 0, "POP2005": 0, "POP2010": 0, "POP2015": 0, "POP2020": 0, "POP2025": 0, "POP2050": 0, "MIN_ZOOM": 7, "WIKIDATAID": "Q188304", "WOF_ID": 101750611, "CAPALT": 0, "NAME_EN": "Sunderland", "NAME_DE": "Sunderland", "NAME_ES": "Sunderland", "NAME_FR": "Sunderland", "NAME_PT": "Sunderland", "NAME_RU": "Сандерленд", "NAME_ZH": "桑德兰", "LABEL": null, "NAME_AR": "سندرلاند", "NAME_BN": "সান্ডারল্যান্ড", "NAME_EL": "Σάντερλαντ", "NAME_HI": "सुंदरलैंड", "NAME_HU": "Sunderland", "NAME_ID": "Sunderland", "NAME_IT": "Sunderland", "NAME_JA": "サンダーランド", "NAME_KO": "선덜랜드", "NAME_NL": "Sunderland", "NAME_PL": "Sunderland", "NAME_SV": "Sunderland", "NAME_TR": "Sunderland", "NAME_VI": "Sunderland", "NE_ID": 1159127269, "NAME_FA": "ساندرلند", "NAME_HE": "סנדרלנד", "NAME_UK": "Сандерленд", "NAME_UR": "سندر لینڈ", "NAME_ZHT": "巽德蘭", "GEONAMESID": 2636531, "FCLASS_ISO": null, "FCLASS_US": null, "FCLASS_FR": null, "FCLASS_RU": null, "FCLASS_ES": null, "FCLASS_CN": null, "FCLASS_TW": null, "FCLASS_IN": null, "FCLASS_NP": null, "FCLASS_PK": null, "FCLASS_DE": null, "FCLASS_GB": null, "FCLASS_BR": null, "FCLASS_IL": null, "FCLASS_PS": null, "FCLASS_SA": null, "FCLASS_EG": null, "FCLASS_MA": null, "FCLASS_PT": null, "FCLASS_AR": null, "FCLASS_JP": null, "FCLASS_KO": null, "FCLASS_VN": null, "FCLASS_TR": null, "FCLASS_ID": null, "FCLASS_PL": null, "FCLASS_GR": null, "FCLASS_IT": null, "FCLASS_NL": null, "FCLASS_SE": null, "FCLASS_BD": null, "FCLASS_UA": null, "FCLASS_TLC": null}, "bbox": [-1.379882, 54.903407, -1.379882, 54.903407], "geometry": {"type": "Point", "coordinates": [-1.379882, 54.903407]}}, {"type": "Feature", "properties": {"SCALERANK": 8, "NATSCALE": 10, "LABELRANK": 5, "FEATURECLA": "Populated place", "NAME": "Southampton", "NAMEPAR": null, "NAMEALT": null, "NAMEASCII": "Southampton", "ADM0CAP": 0, "CAPIN": null, "WORLDCITY": 0, "MEGACITY": 0, "SOV0NAME": "United Kingdom", "SOV_A3": "GBR", "ADM0NAME": "United Kingdom", "ADM0_A3": "GBR", "ADM1NAME": "Southampton", "ISO_A2": "GB", "NOTE": null, "LATITUDE": 50.900031, "LONGITUDE": -1.399977, "POP_MAX": 384417, "POP_MIN": 384417, "POP_OTHER": 379571, "RANK_MAX": 10, "RANK_MIN": 10, "MEGANAME": null, "LS_NAME": "Southampton", "MAX_POP10": 384417, "MAX_POP20": 0, "MAX_POP50": 0, "MAX_POP300": 0, "MAX_POP310": 0, "MAX_NATSCA": 10, "MIN_AREAKM": 158, "MAX_AREAKM": 158, "MIN_AREAMI": 61, "MAX_AREAMI": 61, "MIN_PERKM": 165, "MAX_PERKM": 165, "MIN_PERMI": 102, "MAX_PERMI": 102, "MIN_BBXMIN": -1.483333, "MAX_BBXMIN": -1.483333, "MIN_BBXMAX": -1.233333, "MAX_BBXMAX": -1.233333, "MIN_BBYMIN": 50.841667, "MAX_BBYMIN": 50.841667, "MIN_BBYMAX": 51.008333, "MAX_BBYMAX": 51.008333, "MEAN_BBXC": -1.357849, "MEAN_BBYC": 50.921727, "TIMEZONE": null, "UN_FID": 0, "POP1950": 0, "POP1955": 0, "POP1960": 0, "POP1965": 0, "POP1970": 0, "POP1975": 0, "POP1980": 0, "POP1985": 0, "POP1990": 0, "POP1995": 0, "POP2000": 0, "POP2005": 0, "POP2010": 0, "POP2015": 0, "POP2020": 0, "POP2025": 0, "POP2050": 0, "MIN_ZOOM": 7, "WIKIDATAID": "Q79848", "WOF_ID": 1141906373, "CAPALT": 0, "NAME_EN": "Southampton", "NAME_DE": "Southampton", "NAME_ES": "Southampton", "NAME_FR": "Southampton", "NAME_PT": "Southampton", "NAME_RU": "Саутгемптон", "NAME_ZH": "南安普敦", "LABEL": null, "NAME_AR": "ساوثهامبتون", "NAME_BN": "সাউদাম্পটন", "NAME_EL": "Σαουθάμπτον", "NAME_HI": "साउथहैंपटन", "NAME_HU": "Southampton", "NAME_ID": "Southampton", "NAME_IT": "Southampton", "NAME_JA": "サウサンプトン", "NAME_KO": "사우샘프턴", "NAME_NL": "Southampton", "NAME_PL": "Southampton", "NAME_SV": "Southampton", "NAME_TR": "Southampton", "NAME_VI": "Southampton", "NE_ID": 1159127279, "NAME_FA": "ساوتهمپتون", "NAME_HE": "סאות'המפטון", "NAME_UK": "Саутгемптон", "NAME_UR": "ساؤتھمپٹن", "NAME_ZHT": "修咸頓", "GEONAMESID": -1, "FCLASS_ISO": null, "FCLASS_US": null, "FCLASS_FR": null, "FCLASS_RU": null, "FCLASS_ES": null, "FCLASS_CN": null, "FCLASS_TW": null, "FCLASS_IN": null, "FCLASS_NP": null, "FCLASS_PK": null, "FCLASS_DE": null, "FCLASS_GB": null, "FCLASS_BR": null, "FCLASS_IL": null, "FCLASS_PS": null, "FCLASS_SA": null, "FCLASS_EG": null, "FCLASS_MA": null, "FCLASS_PT": null, "FCLASS_AR": null, "FCLASS_JP": null, "FCLASS_KO": null, "FCLASS_VN": null, "FCLASS_TR": null, "FCLASS_ID": null, "FCLASS_PL": null, "FCLASS_GR": null, "FCLASS_IT": null, "FCLASS_NL": null, "FCLASS_SE": null, "FCLASS_BD": null, "FCLASS_UA": null, "FCLASS_TLC": null}, "bbox": [-1.399977, 50.900031, -1.399977, 50.900031], "geometry": {"type": "Point", "coordinates": [-1.399977, 50.900031]}}, {"type": "Feature", "properties": {"SCALERANK": 8, "NATSCALE": 10, "LABELRANK": 5, "FEATURECLA": "Populated place", "NAME": "Bristol", "NAMEPAR": null, "NAMEALT": null, "NAMEASCII": "Bristol", "ADM0CAP": 0, "CAPIN": null, "WORLDCITY": 0, "MEGACITY": 0, "SOV0NAME": "United Kingdom", "SOV_A3": "GBR", "ADM0NAME": "United Kingdom", "ADM0_A3": "GBR", "ADM1NAME": "Bristol", "ISO_A2": "GB", "NOTE": null, "LATITUDE": 51.449998, "LONGITUDE": -2.583316, "POP_MAX": 553528, "POP_MIN": 430713, "POP_OTHER": 36360, "RANK_MAX": 11, "RANK_MIN": 10, "MEGANAME": null, "LS_NAME": "Bristol2", "MAX_POP10": 553528, "MAX_POP20": 0, "MAX_POP50": 0, "MAX_POP300": 0, "MAX_POP310": 0, "MAX_NATSCA": 10, "MIN_AREAKM": 218, "MAX_AREAKM": 218, "MIN_AREAMI": 84, "MAX_AREAMI": 84, "MIN_PERKM": 155, "MAX_PERKM": 155, "MIN_PERMI": 96, "MAX_PERMI": 96, "MIN_BBXMIN": -2.741667, "MAX_BBXMIN": -2.741667, "MIN_BBXMAX": -2.45477, "MAX_BBXMAX": -2.45477, "MIN_BBYMIN": 51.383333, "MAX_BBYMIN": 51.383333, "MIN_BBYMAX": 51.583333, "MAX_BBYMAX": 51.583333, "MEAN_BBXC": -2.582181, "MEAN_BBYC": 51.479994, "TIMEZONE": "Europe/London", "UN_FID": 0, "POP1950": 0, "POP1955": 0, "POP1960": 0, "POP1965": 0, "POP1970": 0, "POP1975": 0, "POP1980": 0, "POP1985": 0, "POP1990": 0, "POP1995": 0, "POP2000": 0, "POP2005": 0, "POP2010": 0, "POP2015": 0, "POP2020": 0, "POP2025": 0, "POP2050": 0, "MIN_ZOOM": 7, "WIKIDATAID": "Q23154", "WOF_ID": 101750389, "CAPALT": 0, "NAME_EN": "Bristol", "NAME_DE": "Bristol", "NAME_ES": "Brístol", "NAME_FR": "Bristol", "NAME_PT": "Bristol", "NAME_RU": "Бристоль", "NAME_ZH": "布里斯托尔", "LABEL": null, "NAME_AR": "برستل", "NAME_BN": "ব্রিস্টল", "NAME_EL": "Μπρίστολ", "NAME_HI": "ब्रिस्टल", "NAME_HU": "Bristol", "NAME_ID": "Bristol", "NAME_IT": "Bristol", "NAME_JA": "ブリストル", "NAME_KO": "브리스틀", "NAME_NL": "Bristol", "NAME_PL": "Bristol", "NAME_SV": "Bristol", "NAME_TR": "Bristol", "NAME_VI": "Bristol", "NE_ID": 1159127297, "NAME_FA": "بریستول", "NAME_HE": "בריסטול", "NAME_UK": "Бристоль", "NAME_UR": "برسٹل", "NAME_ZHT": "布里斯托", "GEONAMESID": 2654675, "FCLASS_ISO": null, "FCLASS_US": null, "FCLASS_FR": null, "FCLASS_RU": null, "FCLASS_ES": null, "FCLASS_CN": null, "FCLASS_TW": null, "FCLASS_IN": null, "FCLASS_NP": null, "FCLASS_PK": null, "FCLASS_DE": null, "FCLASS_GB": null, "FCLASS_BR": null, "FCLASS_IL": null, "FCLASS_PS": null, "FCLASS_SA": null, "FCLASS_EG": null, "FCLASS_MA": null, "FCLASS_PT": null, "FCLASS_AR": null, "FCLASS_JP": null, "FCLASS_KO": null, "FCLASS_VN": null, "FCLASS_TR": null, "FCLASS_ID": null, "FCLASS_PL": null, "FCLASS_GR": null, "FCLASS_IT": null, "FCLASS_NL": null, "FCLASS_SE": null, "FCLASS_BD": null, "FCLASS_UA": null, "FCLASS_TLC": null}, "bbox": [-2.583315, 51.449998, -2.583315, 51.449998], "geometry": {"type": "Point", "coordinates": [-2.583315, 51.449998]}}, {"type": "Feature", "properties": {"SCALERANK": 8, "NATSCALE": 10, "LABELRANK": 5, "FEATURECLA": "Populated place", "NAME": "Bournemouth", "NAMEPAR": null, "NAMEALT": null, "NAMEASCII": "Bournemouth", "ADM0CAP": 0, "CAPIN": null, "WORLDCITY": 0, "MEGACITY": 0, "SOV0NAME": "United Kingdom", "SOV_A3": "GBR", "ADM0NAME": "United Kingdom", "ADM0_A3": "GBR", "ADM1NAME": "Bournemouth", "ISO_A2": "GB", "NOTE": null, "LATITUDE": 50.72999, "LONGITUDE": -1.90005, "POP_MAX": 426945, "POP_MIN": 163600, "POP_OTHER": 398991, "RANK_MAX": 10, "RANK_MIN": 9, "MEGANAME": null, "LS_NAME": "Bournemouth", "MAX_POP10": 426945, "MAX_POP20": 0, "MAX_POP50": 0, "MAX_POP300": 0, "MAX_POP310": 0, "MAX_NATSCA": 10, "MIN_AREAKM": 194, "MAX_AREAKM": 194, "MIN_AREAMI": 75, "MAX_AREAMI": 75, "MIN_PERKM": 206, "MAX_PERKM": 206, "MIN_PERMI": 128, "MAX_PERMI": 128, "MIN_BBXMIN": -2.041667, "MAX_BBXMIN": -2.041667, "MIN_BBXMAX": -1.627913, "MAX_BBXMAX": -1.627913, "MIN_BBYMIN": 50.691667, "MAX_BBYMIN": 50.691667, "MIN_BBYMAX": 50.866667, "MAX_BBYMAX": 50.866667, "MEAN_BBXC": -1.867449, "MEAN_BBYC": 50.761156, "TIMEZONE": "Europe/London", "UN_FID": 0, "POP1950": 0, "POP1955": 0, "POP1960": 0, "POP1965": 0, "POP1970": 0, "POP1975": 0, "POP1980": 0, "POP1985": 0, "POP1990": 0, "POP1995": 0, "POP2000": 0, "POP2005": 0, "POP2010": 0, "POP2015": 0, "POP2020": 0, "POP2025": 0, "POP2050": 0, "MIN_ZOOM": 7, "WIKIDATAID": "Q170478", "WOF_ID": 101750305, "CAPALT": 0, "NAME_EN": "Bournemouth", "NAME_DE": "Bournemouth", "NAME_ES": "Bournemouth", "NAME_FR": "Bournemouth", "NAME_PT": "Bournemouth", "NAME_RU": "Борнмут", "NAME_ZH": "伯恩茅斯", "LABEL": null, "NAME_AR": "بورنموث", "NAME_BN": "বোর্নমাথ", "NAME_EL": "Μπόρνμουθ", "NAME_HI": "बर्नमाउथ", "NAME_HU": "Bournemouth", "NAME_ID": "Bournemouth", "NAME_IT": "Bournemouth", "NAME_JA": "ボーンマス", "NAME_KO": "본머스", "NAME_NL": "Bournemouth", "NAME_PL": "Bournemouth", "NAME_SV": "Bournemouth", "NAME_TR": "Bournemouth", "NAME_VI": "Bournemouth", "NE_ID": 1159127311, "NAME_FA": "بورنموث", "NAME_HE": "בורנמות'", "NAME_UK": "Борнмут", "NAME_UR": "بورنموتھ", "NAME_ZHT": "伯恩茅斯", "GEONAMESID": 2655095, "FCLASS_ISO": null, "FCLASS_US": null, "FCLASS_FR": null, "FCLASS_RU": null, "FCLASS_ES": null, "FCLASS_CN": null, "FCLASS_TW": null, "FCLASS_IN": null, "FCLASS_NP": null, "FCLASS_PK": null, "FCLASS_DE": null, "FCLASS_GB": null, "FCLASS_BR": null, "FCLASS_IL": null, "FCLASS_PS": null, "FCLASS_SA": null, "FCLASS_EG": null, "FCLASS_MA": null, "FCLASS_PT": null, "FCLASS_AR": null, "FCLASS_JP": null, "FCLASS_KO": null, "FCLASS_VN": null, "FCLASS_TR": null, "FCLASS_ID": null, "FCLASS_PL": null, "FCLASS_GR": null, "FCLASS_IT": null, "FCLASS_NL": null, "FCLASS_SE": null, "FCLASS_BD": null, "FCLASS_UA": null, "FCLASS_TLC": null}, "bbox": [-1.90005, 50.72999, -1.90005, 50.72999], "geometry": {"type": "Point", "coordinates": [-1.90005, 50.72999]}}, {"type": "Feature", "properties": {"SCALERANK": 8, "NATSCALE": 10, "LABELRANK": 5, "FEATURECLA": "Populated place", "NAME": "Chester", "NAMEPAR": null, "NAMEALT": null, "NAMEASCII": "Chester", "ADM0CAP": 0, "CAPIN": null, "WORLDCITY": 0, "MEGACITY": 0, "SOV0NAME": "United Kingdom", "SOV_A3": "GBR", "ADM0NAME": "United Kingdom", "ADM0_A3": "GBR", "ADM1NAME": "Cheshire", "ISO_A2": "GB", "NOTE": null, "LATITUDE": 53.20002, "LONGITUDE": -2.919987, "POP_MAX": 89531, "POP_MIN": 77040, "POP_OTHER": 85111, "RANK_MAX": 8, "RANK_MIN": 8, "MEGANAME": null, "LS_NAME": "Chester", "MAX_POP10": 89531, "MAX_POP20": 0, "MAX_POP50": 0, "MAX_POP300": 0, "MAX_POP310": 0, "MAX_NATSCA": 10, "MIN_AREAKM": 47, "MAX_AREAKM": 47, "MIN_AREAMI": 18, "MAX_AREAMI": 18, "MIN_PERKM": 67, "MAX_PERKM": 67, "MIN_PERMI": 42, "MAX_PERMI": 42, "MIN_BBXMIN": -2.95, "MAX_BBXMIN": -2.95, "MIN_BBXMAX": -2.808333, "MAX_BBXMAX": -2.808333, "MIN_BBYMIN": 53.158333, "MAX_BBYMIN": 53.158333, "MIN_BBYMAX": 53.241667, "MAX_BBYMAX": 53.241667, "MEAN_BBXC": -2.884753, "MEAN_BBYC": 53.195375, "TIMEZONE": "Europe/London", "UN_FID": 0, "POP1950": 0, "POP1955": 0, "POP1960": 0, "POP1965": 0, "POP1970": 0, "POP1975": 0, "POP1980": 0, "POP1985": 0, "POP1990": 0, "POP1995": 0, "POP2000": 0, "POP2005": 0, "POP2010": 0, "POP2015": 0, "POP2020": 0, "POP2025": 0, "POP2050": 0, "MIN_ZOOM": 7, "WIKIDATAID": "Q170263", "WOF_ID": 101750511, "CAPALT": 0, "NAME_EN": "Chester", "NAME_DE": "Chester", "NAME_ES": "Chester", "NAME_FR": "Chester", "NAME_PT": "Chester", "NAME_RU": "Честер", "NAME_ZH": "切斯特", "LABEL": null, "NAME_AR": "تشستر", "NAME_BN": "চেস্টার", "NAME_EL": "Τσέστερ", "NAME_HI": "चेस्टर", "NAME_HU": "Chester", "NAME_ID": "Chester", "NAME_IT": "Chester", "NAME_JA": "チェスター", "NAME_KO": "체스터", "NAME_NL": "Chester", "NAME_PL": "Chester", "NAME_SV": "Chester", "NAME_TR": "Chester", "NAME_VI": "Chester", "NE_ID": 1159127337, "NAME_FA": "چستر", "NAME_HE": "צ'סטר", "NAME_UK": "Честер", "NAME_UR": "چیسٹر", "NAME_ZHT": "切斯特", "GEONAMESID": 2653228, "FCLASS_ISO": null, "FCLASS_US": null, "FCLASS_FR": null, "FCLASS_RU": null, "FCLASS_ES": null, "FCLASS_CN": null, "FCLASS_TW": null, "FCLASS_IN": null, "FCLASS_NP": null, "FCLASS_PK": null, "FCLASS_DE": null, "FCLASS_GB": null, "FCLASS_BR": null, "FCLASS_IL": null, "FCLASS_PS": null, "FCLASS_SA": null, "FCLASS_EG": null, "FCLASS_MA": null, "FCLASS_PT": null, "FCLASS_AR": null, "FCLASS_JP": null, "FCLASS_KO": null, "FCLASS_VN": null, "FCLASS_TR": null, "FCLASS_ID": null, "FCLASS_PL": null, "FCLASS_GR": null, "FCLASS_IT": null, "FCLASS_NL": null, "FCLASS_SE": null, "FCLASS_BD": null, "FCLASS_UA": null, "FCLASS_TLC": null}, "bbox": [-2.902965, 53.186325, -2.902965, 53.186325], "geometry": {"type": "Point", "coordinates": [-2.902965, 53.186325]}}, {"type": "Feature", "properties": {"SCALERANK": 8, "NATSCALE": 10, "LABELRANK": 5, "FEATURECLA": "Populated place", "NAME": "Swansea", "NAMEPAR": null, "NAMEALT": null, "NAMEASCII": "Swansea", "ADM0CAP": 0, "CAPIN": null, "WORLDCITY": 0, "MEGACITY": 0, "SOV0NAME": "United Kingdom", "SOV_A3": "GBR", "ADM0NAME": "United Kingdom", "ADM0_A3": "GBR", "ADM1NAME": "Swansea", "ISO_A2": "GB", "NOTE": null, "LATITUDE": 51.629987, "LONGITUDE": -3.950002, "POP_MAX": 294339, "POP_MIN": 170883, "POP_OTHER": 290654, "RANK_MAX": 10, "RANK_MIN": 9, "MEGANAME": null, "LS_NAME": "Swansea", "MAX_POP10": 294339, "MAX_POP20": 0, "MAX_POP50": 0, "MAX_POP300": 0, "MAX_POP310": 0, "MAX_NATSCA": 10, "MIN_AREAKM": 179, "MAX_AREAKM": 179, "MIN_AREAMI": 69, "MAX_AREAMI": 69, "MIN_PERKM": 234, "MAX_PERKM": 234, "MIN_PERMI": 145, "MAX_PERMI": 145, "MIN_BBXMIN": -4.075, "MAX_BBXMIN": -4.075, "MIN_BBXMAX": -3.741667, "MAX_BBXMAX": -3.741667, "MIN_BBYMIN": 51.541667, "MAX_BBYMIN": 51.541667, "MIN_BBYMAX": 51.733333, "MAX_BBYMAX": 51.733333, "MEAN_BBXC": -3.902898, "MEAN_BBYC": 51.642351, "TIMEZONE": "Europe/London", "UN_FID": 0, "POP1950": 0, "POP1955": 0, "POP1960": 0, "POP1965": 0, "POP1970": 0, "POP1975": 0, "POP1980": 0, "POP1985": 0, "POP1990": 0, "POP1995": 0, "POP2000": 0, "POP2005": 0, "POP2010": 0, "POP2015": 0, "POP2020": 0, "POP2025": 0, "POP2050": 0, "MIN_ZOOM": 6.1, "WIKIDATAID": "Q23051", "WOF_ID": 101750431, "CAPALT": 0, "NAME_EN": "Swansea", "NAME_DE": "Swansea", "NAME_ES": "Swansea", "NAME_FR": "Swansea", "NAME_PT": "Swansea", "NAME_RU": "Суонси", "NAME_ZH": "斯旺西", "LABEL": null, "NAME_AR": "سوانزي", "NAME_BN": "সোয়ানসি", "NAME_EL": "Σουόνσι", "NAME_HI": "स्वान्ज़ी", "NAME_HU": "Swansea", "NAME_ID": "Swansea", "NAME_IT": "Swansea", "NAME_JA": "スウォンジ", "NAME_KO": "스완지", "NAME_NL": "Swansea", "NAME_PL": "Swansea", "NAME_SV": "Swansea", "NAME_TR": "Swansea", "NAME_VI": "Swansea", "NE_ID": 1159127355, "NAME_FA": "سوانزی", "NAME_HE": "סוונסי", "NAME_UK": "Свонсі", "NAME_UR": "سوانزی", "NAME_ZHT": "斯旺西", "GEONAMESID": 2636432, "FCLASS_ISO": null, "FCLASS_US": null, "FCLASS_FR": null, "FCLASS_RU": null, "FCLASS_ES": null, "FCLASS_CN": null, "FCLASS_TW": null, "FCLASS_IN": null, "FCLASS_NP": null, "FCLASS_PK": null, "FCLASS_DE": null, "FCLASS_GB": null, "FCLASS_BR": null, "FCLASS_IL": null, "FCLASS_PS": null, "FCLASS_SA": null, "FCLASS_EG": null, "FCLASS_MA": null, "FCLASS_PT": null, "FCLASS_AR": null, "FCLASS_JP": null, "FCLASS_KO": null, "FCLASS_VN": null, "FCLASS_TR": null, "FCLASS_ID": null, "FCLASS_PL": null, "FCLASS_GR": null, "FCLASS_IT": null, "FCLASS_NL": null, "FCLASS_SE": null, "FCLASS_BD": null, "FCLASS_UA": null, "FCLASS_TLC": null}, "bbox": [-3.950002, 51.629987, -3.950002, 51.629987], "geometry": {"type": "Point", "coordinates": [-3.950002, 51.629987]}}, {"type": "Feature", "properties": {"SCALERANK": 8, "NATSCALE": 10, "LABELRANK": 5, "FEATURECLA": "Populated place", "NAME": "Carlisle", "NAMEPAR": null, "NAMEALT": null, "NAMEASCII": "Carlisle", "ADM0CAP": 0, "CAPIN": null, "WORLDCITY": 0, "MEGACITY": 0, "SOV0NAME": "United Kingdom", "SOV_A3": "GBR", "ADM0NAME": "United Kingdom", "ADM0_A3": "GBR", "ADM1NAME": "Cumbria", "ISO_A2": "GB", "NOTE": null, "LATITUDE": 54.879995, "LONGITUDE": -2.929987, "POP_MAX": 72633, "POP_MIN": 65907, "POP_OTHER": 64362, "RANK_MAX": 8, "RANK_MIN": 8, "MEGANAME": null, "LS_NAME": "Carlisle", "MAX_POP10": 65907, "MAX_POP20": 0, "MAX_POP50": 0, "MAX_POP300": 0, "MAX_POP310": 0, "MAX_NATSCA": 10, "MIN_AREAKM": 42, "MAX_AREAKM": 42, "MIN_AREAMI": 16, "MAX_AREAMI": 16, "MIN_PERKM": 48, "MAX_PERKM": 48, "MIN_PERMI": 30, "MAX_PERMI": 30, "MIN_BBXMIN": -3, "MAX_BBXMIN": -3, "MIN_BBXMAX": -2.866667, "MAX_BBXMAX": -2.866667, "MIN_BBYMIN": 54.858333, "MAX_BBYMIN": 54.858333, "MIN_BBYMAX": 54.941667, "MAX_BBYMAX": 54.941667, "MEAN_BBXC": -2.936422, "MEAN_BBYC": 54.894853, "TIMEZONE": "Europe/London", "UN_FID": 0, "POP1950": 0, "POP1955": 0, "POP1960": 0, "POP1965": 0, "POP1970": 0, "POP1975": 0, "POP1980": 0, "POP1985": 0, "POP1990": 0, "POP1995": 0, "POP2000": 0, "POP2005": 0, "POP2010": 0, "POP2015": 0, "POP2020": 0, "POP2025": 0, "POP2050": 0, "MIN_ZOOM": 7, "WIKIDATAID": "Q192896", "WOF_ID": 101750619, "CAPALT": 0, "NAME_EN": "Carlisle", "NAME_DE": "Carlisle", "NAME_ES": "Carlisle", "NAME_FR": "Carlisle", "NAME_PT": "Carlisle", "NAME_RU": "Карлайл", "NAME_ZH": "卡莱尔", "LABEL": null, "NAME_AR": "كارلايل", "NAME_BN": "চার্লিসলে", "NAME_EL": "Κάρλαϊλ", "NAME_HI": "कार्लाइल", "NAME_HU": "Carlisle", "NAME_ID": "Carlisle", "NAME_IT": "Carlisle", "NAME_JA": "カーライル", "NAME_KO": "칼라일", "NAME_NL": "Carlisle", "NAME_PL": "Carlisle", "NAME_SV": "Carlisle", "NAME_TR": "Carlisle", "NAME_VI": "Carlisle", "NE_ID": 1159127365, "NAME_FA": "کارلایل", "NAME_HE": "קרליסל", "NAME_UK": "Карлайл", "NAME_UR": "کارلایل", "NAME_ZHT": "卡萊爾", "GEONAMESID": 2653775, "FCLASS_ISO": null, "FCLASS_US": null, "FCLASS_FR": null, "FCLASS_RU": null, "FCLASS_ES": null, "FCLASS_CN": null, "FCLASS_TW": null, "FCLASS_IN": null, "FCLASS_NP": null, "FCLASS_PK": null, "FCLASS_DE": null, "FCLASS_GB": null, "FCLASS_BR": null, "FCLASS_IL": null, "FCLASS_PS": null, "FCLASS_SA": null, "FCLASS_EG": null, "FCLASS_MA": null, "FCLASS_PT": null, "FCLASS_AR": null, "FCLASS_JP": null, "FCLASS_KO": null, "FCLASS_VN": null, "FCLASS_TR": null, "FCLASS_ID": null, "FCLASS_PL": null, "FCLASS_GR": null, "FCLASS_IT": null, "FCLASS_NL": null, "FCLASS_SE": null, "FCLASS_BD": null, "FCLASS_UA": null, "FCLASS_TLC": null}, "bbox": [-2.929987, 54.879995, -2.929987, 54.879995], "geometry": {"type": "Point", "coordinates": [-2.929987, 54.879995]}}, {"type": "Feature", "properties": {"SCALERANK": 8, "NATSCALE": 10, "LABELRANK": 5, "FEATURECLA": "Populated place", "NAME": "Southend-on-Sea", "NAMEPAR": null, "NAMEALT": "Southend", "NAMEASCII": "Southend-on-Sea", "ADM0CAP": 0, "CAPIN": null, "WORLDCITY": 0, "MEGACITY": 0, "SOV0NAME": "United Kingdom", "SOV_A3": "GBR", "ADM0NAME": "United Kingdom", "ADM0_A3": "GBR", "ADM1NAME": "Southend-on-Sea", "ISO_A2": "GB", "NOTE": null, "LATITUDE": 51.550018, "LONGITUDE": 0.719997, "POP_MAX": 618386, "POP_MIN": 173600, "POP_OTHER": 560273, "RANK_MAX": 11, "RANK_MIN": 9, "MEGANAME": null, "LS_NAME": "Southend", "MAX_POP10": 618386, "MAX_POP20": 0, "MAX_POP50": 0, "MAX_POP300": 0, "MAX_POP310": 0, "MAX_NATSCA": 10, "MIN_AREAKM": 298, "MAX_AREAKM": 298, "MIN_AREAMI": 115, "MAX_AREAMI": 115, "MIN_PERKM": 355, "MAX_PERKM": 355, "MIN_PERMI": 221, "MAX_PERMI": 221, "MIN_BBXMIN": 0.303123, "MAX_BBXMIN": 0.303123, "MIN_BBXMAX": 0.816667, "MAX_BBXMAX": 0.816667, "MIN_BBYMIN": 51.35, "MAX_BBYMIN": 51.35, "MIN_BBYMAX": 51.658333, "MAX_BBYMAX": 51.658333, "MEAN_BBXC": 0.525417, "MEAN_BBYC": 51.534473, "TIMEZONE": "Europe/London", "UN_FID": 0, "POP1950": 0, "POP1955": 0, "POP1960": 0, "POP1965": 0, "POP1970": 0, "POP1975": 0, "POP1980": 0, "POP1985": 0, "POP1990": 0, "POP1995": 0, "POP2000": 0, "POP2005": 0, "POP2010": 0, "POP2015": 0, "POP2020": 0, "POP2025": 0, "POP2050": 0, "MIN_ZOOM": 7, "WIKIDATAID": "Q203995", "WOF_ID": 101750371, "CAPALT": 0, "NAME_EN": "Southend-on-Sea", "NAME_DE": "Southend-on-Sea", "NAME_ES": "Southend-on-Sea", "NAME_FR": "Southend-on-Sea", "NAME_PT": "Southend-on-Sea", "NAME_RU": "Саутенд-он-Си", "NAME_ZH": "滨海绍森德", "LABEL": null, "NAME_AR": "ساوثند أون سي", "NAME_BN": "সাউথএন্ড-অন-সী", "NAME_EL": "Σάουθεντ-ον-Σι", "NAME_HI": "साउथेंड-ऑन-सी", "NAME_HU": "Southend-on-Sea", "NAME_ID": "Southend-on-Sea", "NAME_IT": "Southend-on-Sea", "NAME_JA": "サウスエンド・オン・シー", "NAME_KO": "사우스엔드온시", "NAME_NL": "Southend-on-Sea", "NAME_PL": "Southend-on-Sea", "NAME_SV": "Southend-on-Sea", "NAME_TR": "Southend-on-Sea", "NAME_VI": "Southend-on-Sea", "NE_ID": 1159127607, "NAME_FA": "ساوتند-آن-سی", "NAME_HE": "סאות׳אנד-און-סי", "NAME_UK": "Саутенд-он-Сі", "NAME_UR": "ساوتھاینڈ-آن-سی", "NAME_ZHT": "修安", "GEONAMESID": 2637433, "FCLASS_ISO": null, "FCLASS_US": null, "FCLASS_FR": null, "FCLASS_RU": null, "FCLASS_ES": null, "FCLASS_CN": null, "FCLASS_TW": null, "FCLASS_IN": null, "FCLASS_NP": null, "FCLASS_PK": null, "FCLASS_DE": null, "FCLASS_GB": null, "FCLASS_BR": null, "FCLASS_IL": null, "FCLASS_PS": null, "FCLASS_SA": null, "FCLASS_EG": null, "FCLASS_MA": null, "FCLASS_PT": null, "FCLASS_AR": null, "FCLASS_JP": null, "FCLASS_KO": null, "FCLASS_VN": null, "FCLASS_TR": null, "FCLASS_ID": null, "FCLASS_PL": null, "FCLASS_GR": null, "FCLASS_IT": null, "FCLASS_NL": null, "FCLASS_SE": null, "FCLASS_BD": null, "FCLASS_UA": null, "FCLASS_TLC": null}, "bbox": [0.719997, 51.550018, 0.719997, 51.550018], "geometry": {"type": "Point", "coordinates": [0.719997, 51.550018]}}, {"type": "Feature", "properties": {"SCALERANK": 8, "NATSCALE": 10, "LABELRANK": 5, "FEATURECLA": "Populated place", "NAME": "Reading", "NAMEPAR": null, "NAMEALT": null, "NAMEASCII": "Reading", "ADM0CAP": 0, "CAPIN": null, "WORLDCITY": 0, "MEGACITY": 0, "SOV0NAME": "United Kingdom", "SOV_A3": "GBR", "ADM0NAME": "United Kingdom", "ADM0_A3": "GBR", "ADM1NAME": "Oxfordshire", "ISO_A2": "GB", "NOTE": null, "LATITUDE": 51.469971, "LONGITUDE": -0.980028, "POP_MAX": 369804, "POP_MIN": 145700, "POP_OTHER": 756426, "RANK_MAX": 10, "RANK_MIN": 9, "MEGANAME": null, "LS_NAME": "Reading", "MAX_POP10": 877245, "MAX_POP20": 0, "MAX_POP50": 0, "MAX_POP300": 0, "MAX_POP310": 0, "MAX_NATSCA": 10, "MIN_AREAKM": 466, "MAX_AREAKM": 466, "MIN_AREAMI": 180, "MAX_AREAMI": 180, "MIN_PERKM": 554, "MAX_PERKM": 554, "MIN_PERMI": 344, "MAX_PERMI": 344, "MIN_BBXMIN": -1.091667, "MAX_BBXMIN": -1.091667, "MIN_BBXMAX": -0.539621, "MAX_BBXMAX": -0.539621, "MIN_BBYMIN": 51.133333, "MAX_BBYMIN": 51.133333, "MIN_BBYMAX": 51.558333, "MAX_BBYMAX": 51.558333, "MEAN_BBXC": -0.779411, "MEAN_BBYC": 51.349434, "TIMEZONE": "Europe/London", "UN_FID": 0, "POP1950": 0, "POP1955": 0, "POP1960": 0, "POP1965": 0, "POP1970": 0, "POP1975": 0, "POP1980": 0, "POP1985": 0, "POP1990": 0, "POP1995": 0, "POP2000": 0, "POP2005": 0, "POP2010": 0, "POP2015": 0, "POP2020": 0, "POP2025": 0, "POP2050": 0, "MIN_ZOOM": 7, "WIKIDATAID": "Q161491", "WOF_ID": 101750379, "CAPALT": 0, "NAME_EN": "Reading", "NAME_DE": "Reading", "NAME_ES": "Reading", "NAME_FR": "Reading", "NAME_PT": "Reading", "NAME_RU": "Рединг", "NAME_ZH": "雷丁", "LABEL": null, "NAME_AR": "ريدنغ", "NAME_BN": "রিডিং", "NAME_EL": "Ρέντινγκ", "NAME_HI": "रेडिंग", "NAME_HU": "Reading", "NAME_ID": "Reading", "NAME_IT": "Reading", "NAME_JA": "レディング", "NAME_KO": "레딩", "NAME_NL": "Reading", "NAME_PL": "Reading", "NAME_SV": "Reading", "NAME_TR": "Reading", "NAME_VI": "Reading", "NE_ID": 1159127619, "NAME_FA": "ردینگ", "NAME_HE": "רדינג", "NAME_UK": "Редінг", "NAME_UR": "ریڈنگ", "NAME_ZHT": "雷丁", "GEONAMESID": 2639577, "FCLASS_ISO": null, "FCLASS_US": null, "FCLASS_FR": null, "FCLASS_RU": null, "FCLASS_ES": null, "FCLASS_CN": null, "FCLASS_TW": null, "FCLASS_IN": null, "FCLASS_NP": null, "FCLASS_PK": null, "FCLASS_DE": null, "FCLASS_GB": null, "FCLASS_BR": null, "FCLASS_IL": null, "FCLASS_PS": null, "FCLASS_SA": null, "FCLASS_EG": null, "FCLASS_MA": null, "FCLASS_PT": null, "FCLASS_AR": null, "FCLASS_JP": null, "FCLASS_KO": null, "FCLASS_VN": null, "FCLASS_TR": null, "FCLASS_ID": null, "FCLASS_PL": null, "FCLASS_GR": null, "FCLASS_IT": null, "FCLASS_NL": null, "FCLASS_SE": null, "FCLASS_BD": null, "FCLASS_UA": null, "FCLASS_TLC": null}, "bbox": [-0.980028, 51.469971, -0.980028, 51.469971], "geometry": {"type": "Point", "coordinates": [-0.980028, 51.469971]}}, {"type": "Feature", "properties": {"SCALERANK": 8, "NATSCALE": 10, "LABELRANK": 5, "FEATURECLA": "Populated place", "NAME": "Leicester", "NAMEPAR": null, "NAMEALT": null, "NAMEASCII": "Leicester", "ADM0CAP": 0, "CAPIN": null, "WORLDCITY": 0, "MEGACITY": 0, "SOV0NAME": "United Kingdom", "SOV_A3": "GBR", "ADM0NAME": "United Kingdom", "ADM0_A3": "GBR", "ADM1NAME": "Leicester", "ISO_A2": "GB", "NOTE": null, "LATITUDE": 52.629977, "LONGITUDE": -1.133249, "POP_MAX": 457983, "POP_MIN": 339239, "POP_OTHER": 420985, "RANK_MAX": 10, "RANK_MIN": 10, "MEGANAME": null, "LS_NAME": "Leicester", "MAX_POP10": 457983, "MAX_POP20": 0, "MAX_POP50": 0, "MAX_POP300": 0, "MAX_POP310": 0, "MAX_NATSCA": 10, "MIN_AREAKM": 199, "MAX_AREAKM": 199, "MIN_AREAMI": 77, "MAX_AREAMI": 77, "MIN_PERKM": 179, "MAX_PERKM": 179, "MIN_PERMI": 111, "MAX_PERMI": 111, "MIN_BBXMIN": -1.25, "MAX_BBXMIN": -1.25, "MIN_BBXMAX": -1.033333, "MAX_BBXMAX": -1.033333, "MIN_BBYMIN": 52.541667, "MAX_BBYMIN": 52.541667, "MIN_BBYMAX": 52.758333, "MAX_BBYMAX": 52.758333, "MEAN_BBXC": -1.137084, "MEAN_BBYC": 52.642881, "TIMEZONE": "Europe/London", "UN_FID": 0, "POP1950": 0, "POP1955": 0, "POP1960": 0, "POP1965": 0, "POP1970": 0, "POP1975": 0, "POP1980": 0, "POP1985": 0, "POP1990": 0, "POP1995": 0, "POP2000": 0, "POP2005": 0, "POP2010": 0, "POP2015": 0, "POP2020": 0, "POP2025": 0, "POP2050": 0, "MIN_ZOOM": 7, "WIKIDATAID": "Q83065", "WOF_ID": 101750485, "CAPALT": 0, "NAME_EN": "Leicester", "NAME_DE": "Leicester", "NAME_ES": "Leicester", "NAME_FR": "Leicester", "NAME_PT": "Leicester", "NAME_RU": "Лестер", "NAME_ZH": "莱斯特", "LABEL": null, "NAME_AR": "ليستر", "NAME_BN": "লেস্টার", "NAME_EL": "Λέστερ", "NAME_HI": "लीसेस्टर", "NAME_HU": "Leicester", "NAME_ID": "Leicester", "NAME_IT": "Leicester", "NAME_JA": "レスター", "NAME_KO": "레스터", "NAME_NL": "Leicester", "NAME_PL": "Leicester", "NAME_SV": "Leicester", "NAME_TR": "Leicester", "NAME_VI": "Leicester", "NE_ID": 1159127629, "NAME_FA": "لستر", "NAME_HE": "לסטר", "NAME_UK": "Лестер", "NAME_UR": "لیسٹر", "NAME_ZHT": "李斯特城", "GEONAMESID": 2644668, "FCLASS_ISO": null, "FCLASS_US": null, "FCLASS_FR": null, "FCLASS_RU": null, "FCLASS_ES": null, "FCLASS_CN": null, "FCLASS_TW": null, "FCLASS_IN": null, "FCLASS_NP": null, "FCLASS_PK": null, "FCLASS_DE": null, "FCLASS_GB": null, "FCLASS_BR": null, "FCLASS_IL": null, "FCLASS_PS": null, "FCLASS_SA": null, "FCLASS_EG": null, "FCLASS_MA": null, "FCLASS_PT": null, "FCLASS_AR": null, "FCLASS_JP": null, "FCLASS_KO": null, "FCLASS_VN": null, "FCLASS_TR": null, "FCLASS_ID": null, "FCLASS_PL": null, "FCLASS_GR": null, "FCLASS_IT": null, "FCLASS_NL": null, "FCLASS_SE": null, "FCLASS_BD": null, "FCLASS_UA": null, "FCLASS_TLC": null}, "bbox": [-1.133249, 52.629977, -1.133249, 52.629977], "geometry": {"type": "Point", "coordinates": [-1.133249, 52.629977]}}, {"type": "Feature", "properties": {"SCALERANK": 8, "NATSCALE": 10, "LABELRANK": 5, "FEATURECLA": "Populated place", "NAME": "Bradford", "NAMEPAR": null, "NAMEALT": null, "NAMEASCII": "Bradford", "ADM0CAP": 0, "CAPIN": null, "WORLDCITY": 0, "MEGACITY": 0, "SOV0NAME": "United Kingdom", "SOV_A3": "GBR", "ADM0NAME": "United Kingdom", "ADM0_A3": "GBR", "ADM1NAME": "West Yorkshire", "ISO_A2": "GB", "NOTE": null, "LATITUDE": 53.800035, "LONGITUDE": -1.749981, "POP_MAX": 501700, "POP_MIN": 293717, "POP_OTHER": 841600, "RANK_MAX": 11, "RANK_MIN": 10, "MEGANAME": null, "LS_NAME": "Bradford", "MAX_POP10": 905968, "MAX_POP20": 0, "MAX_POP50": 0, "MAX_POP300": 0, "MAX_POP310": 0, "MAX_NATSCA": 10, "MIN_AREAKM": 387, "MAX_AREAKM": 387, "MIN_AREAMI": 149, "MAX_AREAMI": 149, "MIN_PERKM": 341, "MAX_PERKM": 341, "MIN_PERMI": 212, "MAX_PERMI": 212, "MIN_BBXMIN": -1.966667, "MAX_BBXMIN": -1.966667, "MIN_BBXMAX": -1.637376, "MAX_BBXMAX": -1.637376, "MIN_BBYMIN": 53.558333, "MAX_BBYMIN": 53.558333, "MIN_BBYMAX": 53.891667, "MAX_BBYMAX": 53.891667, "MEAN_BBXC": -1.787257, "MEAN_BBYC": 53.734537, "TIMEZONE": "Europe/London", "UN_FID": 0, "POP1950": 0, "POP1955": 0, "POP1960": 0, "POP1965": 0, "POP1970": 0, "POP1975": 0, "POP1980": 0, "POP1985": 0, "POP1990": 0, "POP1995": 0, "POP2000": 0, "POP2005": 0, "POP2010": 0, "POP2015": 0, "POP2020": 0, "POP2025": 0, "POP2050": 0, "MIN_ZOOM": 7, "WIKIDATAID": "Q22905", "WOF_ID": 101750581, "CAPALT": 0, "NAME_EN": "Bradford", "NAME_DE": "Bradford", "NAME_ES": "Bradford", "NAME_FR": "Bradford", "NAME_PT": "Bradford", "NAME_RU": "Брадфорд", "NAME_ZH": "布拉德福德", "LABEL": null, "NAME_AR": "برادفورد", "NAME_BN": "ব্রাডফোর্ড", "NAME_EL": "Μπράντφορντ", "NAME_HI": "ब्रैडफोर्ड", "NAME_HU": "Bradford", "NAME_ID": "Bradford", "NAME_IT": "Bradford", "NAME_JA": "ブラッドフォード", "NAME_KO": "브래드퍼드", "NAME_NL": "Bradford", "NAME_PL": "Bradford", "NAME_SV": "Bradford", "NAME_TR": "Bradford", "NAME_VI": "Bradford", "NE_ID": 1159127641, "NAME_FA": "بردفورد", "NAME_HE": "ברדפורד", "NAME_UK": "Бредфорд", "NAME_UR": "بریڈفورڈ", "NAME_ZHT": "布拉德福德", "GEONAMESID": 2654993, "FCLASS_ISO": null, "FCLASS_US": null, "FCLASS_FR": null, "FCLASS_RU": null, "FCLASS_ES": null, "FCLASS_CN": null, "FCLASS_TW": null, "FCLASS_IN": null, "FCLASS_NP": null, "FCLASS_PK": null, "FCLASS_DE": null, "FCLASS_GB": null, "FCLASS_BR": null, "FCLASS_IL": null, "FCLASS_PS": null, "FCLASS_SA": null, "FCLASS_EG": null, "FCLASS_MA": null, "FCLASS_PT": null, "FCLASS_AR": null, "FCLASS_JP": null, "FCLASS_KO": null, "FCLASS_VN": null, "FCLASS_TR": null, "FCLASS_ID": null, "FCLASS_PL": null, "FCLASS_GR": null, "FCLASS_IT": null, "FCLASS_NL": null, "FCLASS_SE": null, "FCLASS_BD": null, "FCLASS_UA": null, "FCLASS_TLC": null}, "bbox": [-1.754465, 53.791675, -1.754465, 53.791675], "geometry": {"type": "Point", "coordinates": [-1.754465, 53.791675]}}, {"type": "Feature", "properties": {"SCALERANK": 8, "NATSCALE": 10, "LABELRANK": 5, "FEATURECLA": "Populated place", "NAME": "Sheffield", "NAMEPAR": null, "NAMEALT": null, "NAMEASCII": "Sheffield", "ADM0CAP": 0, "CAPIN": null, "WORLDCITY": 0, "MEGACITY": 0, "SOV0NAME": "United Kingdom", "SOV_A3": "GBR", "ADM0NAME": "United Kingdom", "ADM0_A3": "GBR", "ADM1NAME": "South Yorkshire", "ISO_A2": "GB", "NOTE": null, "LATITUDE": 53.366677, "LONGITUDE": -1.499997, "POP_MAX": 1292900, "POP_MIN": 552700, "POP_OTHER": 992542, "RANK_MAX": 12, "RANK_MIN": 11, "MEGANAME": null, "LS_NAME": "Sheffield", "MAX_POP10": 1251028, "MAX_POP20": 0, "MAX_POP50": 0, "MAX_POP300": 0, "MAX_POP310": 0, "MAX_NATSCA": 10, "MIN_AREAKM": 624, "MAX_AREAKM": 624, "MIN_AREAMI": 241, "MAX_AREAMI": 241, "MIN_PERKM": 605, "MAX_PERKM": 605, "MIN_PERMI": 376, "MAX_PERMI": 376, "MIN_BBXMIN": -1.566667, "MAX_BBXMIN": -1.566667, "MIN_BBXMAX": -1.048196, "MAX_BBXMAX": -1.048196, "MIN_BBYMIN": 53.141667, "MAX_BBYMIN": 53.141667, "MIN_BBYMAX": 53.615345, "MAX_BBYMAX": 53.615345, "MEAN_BBXC": -1.374161, "MEAN_BBYC": 53.418898, "TIMEZONE": "Europe/London", "UN_FID": 0, "POP1950": 0, "POP1955": 0, "POP1960": 0, "POP1965": 0, "POP1970": 0, "POP1975": 0, "POP1980": 0, "POP1985": 0, "POP1990": 0, "POP1995": 0, "POP2000": 0, "POP2005": 0, "POP2010": 0, "POP2015": 0, "POP2020": 0, "POP2025": 0, "POP2050": 0, "MIN_ZOOM": 7, "WIKIDATAID": "Q42448", "WOF_ID": 101750529, "CAPALT": 0, "NAME_EN": "Sheffield", "NAME_DE": "Sheffield", "NAME_ES": "Sheffield", "NAME_FR": "Sheffield", "NAME_PT": "Sheffield", "NAME_RU": "Шеффилд", "NAME_ZH": "谢菲尔德", "LABEL": null, "NAME_AR": "شفيلد", "NAME_BN": "শেফিল্ড", "NAME_EL": "Σέφιλντ", "NAME_HI": "शेफ़ील्ड", "NAME_HU": "Sheffield", "NAME_ID": "Sheffield", "NAME_IT": "Sheffield", "NAME_JA": "シェフィールド", "NAME_KO": "셰필드", "NAME_NL": "Sheffield", "NAME_PL": "Sheffield", "NAME_SV": "Sheffield", "NAME_TR": "Sheffield", "NAME_VI": "Sheffield", "NE_ID": 1159127645, "NAME_FA": "شفیلد", "NAME_HE": "שפילד", "NAME_UK": "Шеффілд", "NAME_UR": "شیفیلڈ", "NAME_ZHT": "錫菲", "GEONAMESID": 2638077, "FCLASS_ISO": null, "FCLASS_US": null, "FCLASS_FR": null, "FCLASS_RU": null, "FCLASS_ES": null, "FCLASS_CN": null, "FCLASS_TW": null, "FCLASS_IN": null, "FCLASS_NP": null, "FCLASS_PK": null, "FCLASS_DE": null, "FCLASS_GB": null, "FCLASS_BR": null, "FCLASS_IL": null, "FCLASS_PS": null, "FCLASS_SA": null, "FCLASS_EG": null, "FCLASS_MA": null, "FCLASS_PT": null, "FCLASS_AR": null, "FCLASS_JP": null, "FCLASS_KO": null, "FCLASS_VN": null, "FCLASS_TR": null, "FCLASS_ID": null, "FCLASS_PL": null, "FCLASS_GR": null, "FCLASS_IT": null, "FCLASS_NL": null, "FCLASS_SE": null, "FCLASS_BD": null, "FCLASS_UA": null, "FCLASS_TLC": null}, "bbox": [-1.499997, 53.366677, -1.499997, 53.366677], "geometry": {"type": "Point", "coordinates": [-1.499997, 53.366677]}}, {"type": "Feature", "properties": {"SCALERANK": 8, "NATSCALE": 10, "LABELRANK": 7, "FEATURECLA": "Populated place", "NAME": "Biel", "NAMEPAR": null, "NAMEALT": null, "NAMEASCII": "Biel", "ADM0CAP": 0, "CAPIN": null, "WORLDCITY": 0, "MEGACITY": 0, "SOV0NAME": "Switzerland", "SOV_A3": "CHE", "ADM0NAME": "Switzerland", "ADM0_A3": "CHE", "ADM1NAME": "Bern", "ISO_A2": "CH", "NOTE": null, "LATITUDE": 47.16659, "LONGITUDE": 7.250038, "POP_MAX": 78708, "POP_MIN": 48614, "POP_OTHER": 0, "RANK_MAX": 8, "RANK_MIN": 7, "MEGANAME": null, "LS_NAME": "Biel", "MAX_POP10": 78708, "MAX_POP20": 0, "MAX_POP50": 0, "MAX_POP300": 0, "MAX_POP310": 0, "MAX_NATSCA": 10, "MIN_AREAKM": 25, "MAX_AREAKM": 25, "MIN_AREAMI": 9, "MAX_AREAMI": 9, "MIN_PERKM": 30, "MAX_PERKM": 30, "MIN_PERMI": 19, "MAX_PERMI": 19, "MIN_BBXMIN": 7.225, "MAX_BBXMIN": 7.225, "MIN_BBXMAX": 7.3, "MAX_BBXMAX": 7.3, "MIN_BBYMIN": 47.1, "MAX_BBYMIN": 47.1, "MIN_BBYMAX": 47.166667, "MAX_BBYMAX": 47.166667, "MEAN_BBXC": 7.260119, "MEAN_BBYC": 47.134325, "TIMEZONE": "Europe/Zurich", "UN_FID": 0, "POP1950": 0, "POP1955": 0, "POP1960": 0, "POP1965": 0, "POP1970": 0, "POP1975": 0, "POP1980": 0, "POP1985": 0, "POP1990": 0, "POP1995": 0, "POP2000": 0, "POP2005": 0, "POP2010": 0, "POP2015": 0, "POP2020": 0, "POP2025": 0, "POP2050": 0, "MIN_ZOOM": 8, "WIKIDATAID": "Q1034", "WOF_ID": 101748455, "CAPALT": 0, "NAME_EN": "Biel/Bienne", "NAME_DE": "Biel/Bienne", "NAME_ES": "Biena", "NAME_FR": "Bienne", "NAME_PT": "Bienna", "NAME_RU": "Биль", "NAME_ZH": "比尔", "LABEL": null, "NAME_AR": "بيال/بيان", "NAME_BN": "বিয়েল", "NAME_EL": "Μπιλ/Μπιέν", "NAME_HI": "बील", "NAME_HU": "Biel/Bienne", "NAME_ID": "Biel/Bienne", "NAME_IT": "Bienne", "NAME_JA": "ビール/ビエンヌ", "NAME_KO": "빌/비엔", "NAME_NL": "Biel/Bienne", "NAME_PL": "Biel/Bienne", "NAME_SV": "Biel", "NAME_TR": "Biel/Bienne", "NAME_VI": "Biel", "NE_ID": 1159127751, "NAME_FA": "بیل/بین", "NAME_HE": "ביל/ביין", "NAME_UK": "Біль", "NAME_UR": "بائیل", "NAME_ZHT": "比爾", "GEONAMESID": 2661513, "FCLASS_ISO": null, "FCLASS_US": null, "FCLASS_FR": null, "FCLASS_RU": null, "FCLASS_ES": null, "FCLASS_CN": null, "FCLASS_TW": null, "FCLASS_IN": null, "FCLASS_NP": null, "FCLASS_PK": null, "FCLASS_DE": null, "FCLASS_GB": null, "FCLASS_BR": null, "FCLASS_IL": null, "FCLASS_PS": null, "FCLASS_SA": null, "FCLASS_EG": null, "FCLASS_MA": null, "FCLASS_PT": null, "FCLASS_AR": null, "FCLASS_JP": null, "FCLASS_KO": null, "FCLASS_VN": null, "FCLASS_TR": null, "FCLASS_ID": null, "FCLASS_PL": null, "FCLASS_GR": null, "FCLASS_IT": null, "FCLASS_NL": null, "FCLASS_SE": null, "FCLASS_BD": null, "FCLASS_UA": null, "FCLASS_TLC": null}, "bbox": [7.250038, 47.16659, 7.250038, 47.16659], "geometry": {"type": "Point", "coordinates": [7.250038, 47.16659]}}, {"type": "Feature", "properties": {"SCALERANK": 8, "NATSCALE": 10, "LABELRANK": 8, "FEATURECLA": "Populated place", "NAME": "Eindhoven", "NAMEPAR": null, "NAMEALT": null, "NAMEASCII": "Eindhoven", "ADM0CAP": 0, "CAPIN": null, "WORLDCITY": 0, "MEGACITY": 0, "SOV0NAME": "Kingdom of the Netherlands", "SOV_A3": "NLD", "ADM0NAME": "Netherlands", "ADM0_A3": "NLD", "ADM1NAME": "Noord-Brabant", "ISO_A2": "NL", "NOTE": null, "LATITUDE": 51.429973, "LONGITUDE": 5.500015, "POP_MAX": 398053, "POP_MIN": 209620, "POP_OTHER": 365307, "RANK_MAX": 10, "RANK_MIN": 10, "MEGANAME": null, "LS_NAME": "Eindhoven", "MAX_POP10": 398053, "MAX_POP20": 0, "MAX_POP50": 0, "MAX_POP300": 0, "MAX_POP310": 0, "MAX_NATSCA": 10, "MIN_AREAKM": 141, "MAX_AREAKM": 141, "MIN_AREAMI": 54, "MAX_AREAMI": 54, "MIN_PERKM": 150, "MAX_PERKM": 150, "MIN_PERMI": 93, "MAX_PERMI": 93, "MIN_BBXMIN": 5.366667, "MAX_BBXMIN": 5.366667, "MIN_BBXMAX": 5.591667, "MAX_BBXMAX": 5.591667, "MIN_BBYMIN": 51.366667, "MAX_BBYMIN": 51.366667, "MIN_BBYMAX": 51.533333, "MAX_BBYMAX": 51.533333, "MEAN_BBXC": 5.473823, "MEAN_BBYC": 51.451559, "TIMEZONE": "Europe/Amsterdam", "UN_FID": 0, "POP1950": 0, "POP1955": 0, "POP1960": 0, "POP1965": 0, "POP1970": 0, "POP1975": 0, "POP1980": 0, "POP1985": 0, "POP1990": 0, "POP1995": 0, "POP2000": 0, "POP2005": 0, "POP2010": 0, "POP2015": 0, "POP2020": 0, "POP2025": 0, "POP2050": 0, "MIN_ZOOM": 7, "WIKIDATAID": "Q9832", "WOF_ID": 101751819, "CAPALT": 0, "NAME_EN": "Eindhoven", "NAME_DE": "Eindhoven", "NAME_ES": "Eindhoven", "NAME_FR": "Eindhoven", "NAME_PT": "Eindhoven", "NAME_RU": "Эйндховен", "NAME_ZH": "埃因霍温", "LABEL": null, "NAME_AR": "آيندهوفن", "NAME_BN": "আইনডুভেন", "NAME_EL": "Αϊντχόφεν", "NAME_HI": "एम्सटर्डम", "NAME_HU": "Eindhoven", "NAME_ID": "Eindhoven", "NAME_IT": "Eindhoven", "NAME_JA": "アイントホーフェン", "NAME_KO": "에인트호번", "NAME_NL": "Eindhoven", "NAME_PL": "Eindhoven", "NAME_SV": "Eindhoven", "NAME_TR": "Eindhoven", "NAME_VI": "Eindhoven", "NE_ID": 1159128209, "NAME_FA": "آیندهوون", "NAME_HE": "איינדהובן", "NAME_UK": "Ейндговен", "NAME_UR": "اینتہوون", "NAME_ZHT": "恩荷芬", "GEONAMESID": 2756253, "FCLASS_ISO": null, "FCLASS_US": null, "FCLASS_FR": null, "FCLASS_RU": null, "FCLASS_ES": null, "FCLASS_CN": null, "FCLASS_TW": null, "FCLASS_IN": null, "FCLASS_NP": null, "FCLASS_PK": null, "FCLASS_DE": null, "FCLASS_GB": null, "FCLASS_BR": null, "FCLASS_IL": null, "FCLASS_PS": null, "FCLASS_SA": null, "FCLASS_EG": null, "FCLASS_MA": null, "FCLASS_PT": null, "FCLASS_AR": null, "FCLASS_JP": null, "FCLASS_KO": null, "FCLASS_VN": null, "FCLASS_TR": null, "FCLASS_ID": null, "FCLASS_PL": null, "FCLASS_GR": null, "FCLASS_IT": null, "FCLASS_NL": null, "FCLASS_SE": null, "FCLASS_BD": null, "FCLASS_UA": null, "FCLASS_TLC": null}, "bbox": [5.500015, 51.429973, 5.500015, 51.429973], "geometry": {"type": "Point", "coordinates": [5.500015, 51.429973]}}, {"type": "Feature", "properties": {"SCALERANK": 8, "NATSCALE": 10, "LABELRANK": 3, "FEATURECLA": "Populated place", "NAME": "Modena", "NAMEPAR": null, "NAMEALT": null, "NAMEASCII": "Modena", "ADM0CAP": 0, "CAPIN": null, "WORLDCITY": 0, "MEGACITY": 0, "SOV0NAME": "Italy", "SOV_A3": "ITA", "ADM0NAME": "Italy", "ADM0_A3": "ITA", "ADM1NAME": "Emilia-Romagna", "ISO_A2": "IT", "NOTE": null, "LATITUDE": 44.650025, "LONGITUDE": 10.919995, "POP_MAX": 175502, "POP_MIN": 174567, "POP_OTHER": 167924, "RANK_MAX": 9, "RANK_MIN": 9, "MEGANAME": null, "LS_NAME": "Modena", "MAX_POP10": 174567, "MAX_POP20": 0, "MAX_POP50": 0, "MAX_POP300": 0, "MAX_POP310": 0, "MAX_NATSCA": 10, "MIN_AREAKM": 70, "MAX_AREAKM": 70, "MIN_AREAMI": 27, "MAX_AREAMI": 27, "MIN_PERKM": 70, "MAX_PERKM": 70, "MIN_PERMI": 43, "MAX_PERMI": 43, "MIN_BBXMIN": 10.841667, "MAX_BBXMIN": 10.841667, "MIN_BBXMAX": 10.991667, "MAX_BBXMAX": 10.991667, "MIN_BBYMIN": 44.608333, "MAX_BBYMIN": 44.608333, "MIN_BBYMAX": 44.7, "MAX_BBYMAX": 44.7, "MEAN_BBXC": 10.92383, "MEAN_BBYC": 44.650512, "TIMEZONE": "Europe/Rome", "UN_FID": 0, "POP1950": 0, "POP1955": 0, "POP1960": 0, "POP1965": 0, "POP1970": 0, "POP1975": 0, "POP1980": 0, "POP1985": 0, "POP1990": 0, "POP1995": 0, "POP2000": 0, "POP2005": 0, "POP2010": 0, "POP2015": 0, "POP2020": 0, "POP2025": 0, "POP2050": 0, "MIN_ZOOM": 7, "WIKIDATAID": "Q279", "WOF_ID": 101752669, "CAPALT": 0, "NAME_EN": "Modena", "NAME_DE": "Modena", "NAME_ES": "Módena", "NAME_FR": "Modène", "NAME_PT": "Módena", "NAME_RU": "Модена", "NAME_ZH": "摩德纳", "LABEL": null, "NAME_AR": "مودينا", "NAME_BN": "মদিনা", "NAME_EL": "Μόντενα", "NAME_HI": "मोडेना", "NAME_HU": "Modena", "NAME_ID": "Modena", "NAME_IT": "Modena", "NAME_JA": "モデナ", "NAME_KO": "모데나", "NAME_NL": "Modena", "NAME_PL": "Modena", "NAME_SV": "Modena", "NAME_TR": "Modena", "NAME_VI": "Modena", "NE_ID": 1159129703, "NAME_FA": "مودنا", "NAME_HE": "מודנה", "NAME_UK": "Модена", "NAME_UR": "مودینا", "NAME_ZHT": "摩德納", "GEONAMESID": 3173331, "FCLASS_ISO": null, "FCLASS_US": null, "FCLASS_FR": null, "FCLASS_RU": null, "FCLASS_ES": null, "FCLASS_CN": null, "FCLASS_TW": null, "FCLASS_IN": null, "FCLASS_NP": null, "FCLASS_PK": null, "FCLASS_DE": null, "FCLASS_GB": null, "FCLASS_BR": null, "FCLASS_IL": null, "FCLASS_PS": null, "FCLASS_SA": null, "FCLASS_EG": null, "FCLASS_MA": null, "FCLASS_PT": null, "FCLASS_AR": null, "FCLASS_JP": null, "FCLASS_KO": null, "FCLASS_VN": null, "FCLASS_TR": null, "FCLASS_ID": null, "FCLASS_PL": null, "FCLASS_GR": null, "FCLASS_IT": null, "FCLASS_NL": null, "FCLASS_SE": null, "FCLASS_BD": null, "FCLASS_UA": null, "FCLASS_TLC": null}, "bbox": [10.919995, 44.650025, 10.919995, 44.650025], "geometry": {"type": "Point", "coordinates": [10.919995, 44.650025]}}, {"type": "Feature", "properties": {"SCALERANK": 8, "NATSCALE": 10, "LABELRANK": 3, "FEATURECLA": "Populated place", "NAME": "Asti", "NAMEPAR": null, "NAMEALT": null, "NAMEASCII": "Asti", "ADM0CAP": 0, "CAPIN": null, "WORLDCITY": 0, "MEGACITY": 0, "SOV0NAME": "Italy", "SOV_A3": "ITA", "ADM0NAME": "Italy", "ADM0_A3": "ITA", "ADM1NAME": "Piemonte", "ISO_A2": "IT", "NOTE": null, "LATITUDE": 44.929982, "LONGITUDE": 8.209979, "POP_MAX": 71276, "POP_MIN": 55545, "POP_OTHER": 54807, "RANK_MAX": 8, "RANK_MIN": 8, "MEGANAME": null, "LS_NAME": "Asti", "MAX_POP10": 55545, "MAX_POP20": 0, "MAX_POP50": 0, "MAX_POP300": 0, "MAX_POP310": 0, "MAX_NATSCA": 10, "MIN_AREAKM": 25, "MAX_AREAKM": 25, "MIN_AREAMI": 10, "MAX_AREAMI": 10, "MIN_PERKM": 34, "MAX_PERKM": 34, "MIN_PERMI": 21, "MAX_PERMI": 21, "MIN_BBXMIN": 8.166667, "MAX_BBXMIN": 8.166667, "MIN_BBXMAX": 8.258333, "MAX_BBXMAX": 8.258333, "MIN_BBYMIN": 44.866667, "MAX_BBYMIN": 44.866667, "MIN_BBYMAX": 44.941667, "MAX_BBYMAX": 44.941667, "MEAN_BBXC": 8.213923, "MEAN_BBYC": 44.904776, "TIMEZONE": "Europe/Rome", "UN_FID": 0, "POP1950": 0, "POP1955": 0, "POP1960": 0, "POP1965": 0, "POP1970": 0, "POP1975": 0, "POP1980": 0, "POP1985": 0, "POP1990": 0, "POP1995": 0, "POP2000": 0, "POP2005": 0, "POP2010": 0, "POP2015": 0, "POP2020": 0, "POP2025": 0, "POP2050": 0, "MIN_ZOOM": 7, "WIKIDATAID": "Q6122", "WOF_ID": 101752681, "CAPALT": 0, "NAME_EN": "Asti", "NAME_DE": "Asti", "NAME_ES": "Asti", "NAME_FR": "Asti", "NAME_PT": "Asti", "NAME_RU": "Асти", "NAME_ZH": "阿斯蒂", "LABEL": null, "NAME_AR": "أستي", "NAME_BN": "আস্তি", "NAME_EL": "Άστι", "NAME_HI": "ऐस्ती", "NAME_HU": "Asti", "NAME_ID": "Asti", "NAME_IT": "Asti", "NAME_JA": "アスティ", "NAME_KO": "아스티", "NAME_NL": "Asti", "NAME_PL": "Asti", "NAME_SV": "Asti", "NAME_TR": "Asti", "NAME_VI": "Asti", "NE_ID": 1159129747, "NAME_FA": "آسته", "NAME_HE": "אסטי", "NAME_UK": "Асті", "NAME_UR": "آستی", "NAME_ZHT": "阿斯蒂", "GEONAMESID": 3182714, "FCLASS_ISO": null, "FCLASS_US": null, "FCLASS_FR": null, "FCLASS_RU": null, "FCLASS_ES": null, "FCLASS_CN": null, "FCLASS_TW": null, "FCLASS_IN": null, "FCLASS_NP": null, "FCLASS_PK": null, "FCLASS_DE": null, "FCLASS_GB": null, "FCLASS_BR": null, "FCLASS_IL": null, "FCLASS_PS": null, "FCLASS_SA": null, "FCLASS_EG": null, "FCLASS_MA": null, "FCLASS_PT": null, "FCLASS_AR": null, "FCLASS_JP": null, "FCLASS_KO": null, "FCLASS_VN": null, "FCLASS_TR": null, "FCLASS_ID": null, "FCLASS_PL": null, "FCLASS_GR": null, "FCLASS_IT": null, "FCLASS_NL": null, "FCLASS_SE": null, "FCLASS_BD": null, "FCLASS_UA": null, "FCLASS_TLC": null}, "bbox": [8.209979, 44.929982, 8.209979, 44.929982], "geometry": {"type": "Point", "coordinates": [8.209979, 44.929982]}}, {"type": "Feature", "properties": {"SCALERANK": 8, "NATSCALE": 10, "LABELRANK": 3, "FEATURECLA": "Populated place", "NAME": "Novara", "NAMEPAR": null, "NAMEALT": null, "NAMEASCII": "Novara", "ADM0CAP": 0, "CAPIN": null, "WORLDCITY": 0, "MEGACITY": 0, "SOV0NAME": "Italy", "SOV_A3": "ITA", "ADM0NAME": "Italy", "ADM0_A3": "ITA", "ADM1NAME": "Piemonte", "ISO_A2": "IT", "NOTE": null, "LATITUDE": 45.450002, "LONGITUDE": 8.61998, "POP_MAX": 100910, "POP_MIN": 77022, "POP_OTHER": 375467, "RANK_MAX": 9, "RANK_MIN": 8, "MEGANAME": null, "LS_NAME": "Novara", "MAX_POP10": 77022, "MAX_POP20": 0, "MAX_POP50": 0, "MAX_POP300": 0, "MAX_POP310": 0, "MAX_NATSCA": 10, "MIN_AREAKM": 33, "MAX_AREAKM": 33, "MIN_AREAMI": 13, "MAX_AREAMI": 13, "MIN_PERKM": 42, "MAX_PERKM": 42, "MIN_PERMI": 26, "MAX_PERMI": 26, "MIN_BBXMIN": 8.583333, "MAX_BBXMIN": 8.583333, "MIN_BBXMAX": 8.8, "MAX_BBXMAX": 8.8, "MIN_BBYMIN": 45.416667, "MAX_BBYMIN": 45.416667, "MIN_BBYMAX": 45.658333, "MAX_BBYMAX": 45.658333, "MEAN_BBXC": 8.634318, "MEAN_BBYC": 45.466288, "TIMEZONE": "Europe/Rome", "UN_FID": 0, "POP1950": 0, "POP1955": 0, "POP1960": 0, "POP1965": 0, "POP1970": 0, "POP1975": 0, "POP1980": 0, "POP1985": 0, "POP1990": 0, "POP1995": 0, "POP2000": 0, "POP2005": 0, "POP2010": 0, "POP2015": 0, "POP2020": 0, "POP2025": 0, "POP2050": 0, "MIN_ZOOM": 8, "WIKIDATAID": "Q6046", "WOF_ID": 101752717, "CAPALT": 0, "NAME_EN": "Novara", "NAME_DE": "Novara", "NAME_ES": "Novara", "NAME_FR": "Novare", "NAME_PT": "Novara", "NAME_RU": "Новара", "NAME_ZH": "诺瓦拉", "LABEL": null, "NAME_AR": "نوفارا", "NAME_BN": "নোভারা", "NAME_EL": "Νοβάρα", "NAME_HI": "नोवारा", "NAME_HU": "Novara", "NAME_ID": "Novara", "NAME_IT": "Novara", "NAME_JA": "ノヴァーラ", "NAME_KO": "노바라", "NAME_NL": "Novara", "NAME_PL": "Novara", "NAME_SV": "Novara", "NAME_TR": "Novara", "NAME_VI": "Novara", "NE_ID": 1159129759, "NAME_FA": "نووارا", "NAME_HE": "נוברה", "NAME_UK": "Новара", "NAME_UR": "نووارا", "NAME_ZHT": "諾瓦拉", "GEONAMESID": 3172189, "FCLASS_ISO": null, "FCLASS_US": null, "FCLASS_FR": null, "FCLASS_RU": null, "FCLASS_ES": null, "FCLASS_CN": null, "FCLASS_TW": null, "FCLASS_IN": null, "FCLASS_NP": null, "FCLASS_PK": null, "FCLASS_DE": null, "FCLASS_GB": null, "FCLASS_BR": null, "FCLASS_IL": null, "FCLASS_PS": null, "FCLASS_SA": null, "FCLASS_EG": null, "FCLASS_MA": null, "FCLASS_PT": null, "FCLASS_AR": null, "FCLASS_JP": null, "FCLASS_KO": null, "FCLASS_VN": null, "FCLASS_TR": null, "FCLASS_ID": null, "FCLASS_PL": null, "FCLASS_GR": null, "FCLASS_IT": null, "FCLASS_NL": null, "FCLASS_SE": null, "FCLASS_BD": null, "FCLASS_UA": null, "FCLASS_TLC": null}, "bbox": [8.61998, 45.450002, 8.61998, 45.450002], "geometry": {"type": "Point", "coordinates": [8.61998, 45.450002]}}, {"type": "Feature", "properties": {"SCALERANK": 8, "NATSCALE": 10, "LABELRANK": 3, "FEATURECLA": "Populated place", "NAME": "Como", "NAMEPAR": null, "NAMEALT": null, "NAMEASCII": "Como", "ADM0CAP": 0, "CAPIN": null, "WORLDCITY": 0, "MEGACITY": 0, "SOV0NAME": "Italy", "SOV_A3": "ITA", "ADM0NAME": "Italy", "ADM0_A3": "ITA", "ADM1NAME": "Lombardia", "ISO_A2": "IT", "NOTE": null, "LATITUDE": 45.810006, "LONGITUDE": 9.080004, "POP_MAX": 250000, "POP_MIN": 84876, "POP_OTHER": 1142544, "RANK_MAX": 10, "RANK_MIN": 8, "MEGANAME": null, "LS_NAME": "Como", "MAX_POP10": 1219644, "MAX_POP20": 0, "MAX_POP50": 0, "MAX_POP300": 0, "MAX_POP310": 0, "MAX_NATSCA": 10, "MIN_AREAKM": 759, "MAX_AREAKM": 759, "MIN_AREAMI": 293, "MAX_AREAMI": 293, "MIN_PERKM": 652, "MAX_PERKM": 652, "MIN_PERMI": 405, "MAX_PERMI": 405, "MIN_BBXMIN": 8.766667, "MAX_BBXMIN": 8.766667, "MIN_BBXMAX": 9.383333, "MAX_BBXMAX": 9.383333, "MIN_BBYMIN": 45.558333, "MAX_BBYMIN": 45.558333, "MIN_BBYMAX": 45.883333, "MAX_BBYMAX": 45.883333, "MEAN_BBXC": 9.053927, "MEAN_BBYC": 45.72752, "TIMEZONE": "Europe/Rome", "UN_FID": 0, "POP1950": 0, "POP1955": 0, "POP1960": 0, "POP1965": 0, "POP1970": 0, "POP1975": 0, "POP1980": 0, "POP1985": 0, "POP1990": 0, "POP1995": 0, "POP2000": 0, "POP2005": 0, "POP2010": 0, "POP2015": 0, "POP2020": 0, "POP2025": 0, "POP2050": 0, "MIN_ZOOM": 7, "WIKIDATAID": "Q1308", "WOF_ID": 101752733, "CAPALT": 0, "NAME_EN": "Como", "NAME_DE": "Como", "NAME_ES": "Como", "NAME_FR": "Côme", "NAME_PT": "Como", "NAME_RU": "Комо", "NAME_ZH": "科莫", "LABEL": null, "NAME_AR": "كومو", "NAME_BN": "কুমো", "NAME_EL": "Κόμο", "NAME_HI": "कोमो", "NAME_HU": "Como", "NAME_ID": "Como", "NAME_IT": "Como", "NAME_JA": "コモ", "NAME_KO": "코모", "NAME_NL": "Como", "NAME_PL": "Como", "NAME_SV": "Como", "NAME_TR": "Como", "NAME_VI": "Como", "NE_ID": 1159129763, "NAME_FA": "کومو", "NAME_HE": "קומו", "NAME_UK": "Комо", "NAME_UR": "کومو", "NAME_ZHT": "科莫", "GEONAMESID": 3178229, "FCLASS_ISO": null, "FCLASS_US": null, "FCLASS_FR": null, "FCLASS_RU": null, "FCLASS_ES": null, "FCLASS_CN": null, "FCLASS_TW": null, "FCLASS_IN": null, "FCLASS_NP": null, "FCLASS_PK": null, "FCLASS_DE": null, "FCLASS_GB": null, "FCLASS_BR": null, "FCLASS_IL": null, "FCLASS_PS": null, "FCLASS_SA": null, "FCLASS_EG": null, "FCLASS_MA": null, "FCLASS_PT": null, "FCLASS_AR": null, "FCLASS_JP": null, "FCLASS_KO": null, "FCLASS_VN": null, "FCLASS_TR": null, "FCLASS_ID": null, "FCLASS_PL": null, "FCLASS_GR": null, "FCLASS_IT": null, "FCLASS_NL": null, "FCLASS_SE": null, "FCLASS_BD": null, "FCLASS_UA": null, "FCLASS_TLC": null}, "bbox": [9.080004, 45.810006, 9.080004, 45.810006], "geometry": {"type": "Point", "coordinates": [9.080004, 45.810006]}}, {"type": "Feature", "properties": {"SCALERANK": 8, "NATSCALE": 10, "LABELRANK": 3, "FEATURECLA": "Populated place", "NAME": "Udine", "NAMEPAR": null, "NAMEALT": null, "NAMEASCII": "Udine", "ADM0CAP": 0, "CAPIN": null, "WORLDCITY": 0, "MEGACITY": 0, "SOV0NAME": "Italy", "SOV_A3": "ITA", "ADM0NAME": "Italy", "ADM0_A3": "ITA", "ADM1NAME": "Friuli-Venezia Giulia", "ISO_A2": "IT", "NOTE": null, "LATITUDE": 46.070016, "LONGITUDE": 13.240008, "POP_MAX": 119009, "POP_MIN": 95030, "POP_OTHER": 112568, "RANK_MAX": 9, "RANK_MIN": 8, "MEGANAME": null, "LS_NAME": "Udine", "MAX_POP10": 119009, "MAX_POP20": 0, "MAX_POP50": 0, "MAX_POP300": 0, "MAX_POP310": 0, "MAX_NATSCA": 10, "MIN_AREAKM": 110, "MAX_AREAKM": 110, "MIN_AREAMI": 43, "MAX_AREAMI": 43, "MIN_PERKM": 154, "MAX_PERKM": 154, "MIN_PERMI": 96, "MAX_PERMI": 96, "MIN_BBXMIN": 13.166667, "MAX_BBXMIN": 13.166667, "MIN_BBXMAX": 13.308333, "MAX_BBXMAX": 13.308333, "MIN_BBYMIN": 45.991667, "MAX_BBYMIN": 45.991667, "MIN_BBYMAX": 46.208333, "MAX_BBYMAX": 46.208333, "MEAN_BBXC": 13.228131, "MEAN_BBYC": 46.089482, "TIMEZONE": "Europe/Rome", "UN_FID": 0, "POP1950": 0, "POP1955": 0, "POP1960": 0, "POP1965": 0, "POP1970": 0, "POP1975": 0, "POP1980": 0, "POP1985": 0, "POP1990": 0, "POP1995": 0, "POP2000": 0, "POP2005": 0, "POP2010": 0, "POP2015": 0, "POP2020": 0, "POP2025": 0, "POP2050": 0, "MIN_ZOOM": 6.1, "WIKIDATAID": "Q2790", "WOF_ID": 101752739, "CAPALT": 0, "NAME_EN": "Udine", "NAME_DE": "Udine", "NAME_ES": "Udine", "NAME_FR": "Udine", "NAME_PT": "Udine", "NAME_RU": "Удине", "NAME_ZH": "乌迪内", "LABEL": null, "NAME_AR": "أوديني", "NAME_BN": "ইউদিন", "NAME_EL": "Ούντινε", "NAME_HI": "यूडीन", "NAME_HU": "Udine", "NAME_ID": "Udine", "NAME_IT": "Udine", "NAME_JA": "ウーディネ", "NAME_KO": "우디네", "NAME_NL": "Udine", "NAME_PL": "Udine", "NAME_SV": "Udine", "NAME_TR": "Udine", "NAME_VI": "Udine", "NE_ID": 1159129767, "NAME_FA": "اودینه", "NAME_HE": "אודינה", "NAME_UK": "Удіне", "NAME_UR": "یوڈائن", "NAME_ZHT": "烏迪內", "GEONAMESID": 3165072, "FCLASS_ISO": null, "FCLASS_US": null, "FCLASS_FR": null, "FCLASS_RU": null, "FCLASS_ES": null, "FCLASS_CN": null, "FCLASS_TW": null, "FCLASS_IN": null, "FCLASS_NP": null, "FCLASS_PK": null, "FCLASS_DE": null, "FCLASS_GB": null, "FCLASS_BR": null, "FCLASS_IL": null, "FCLASS_PS": null, "FCLASS_SA": null, "FCLASS_EG": null, "FCLASS_MA": null, "FCLASS_PT": null, "FCLASS_AR": null, "FCLASS_JP": null, "FCLASS_KO": null, "FCLASS_VN": null, "FCLASS_TR": null, "FCLASS_ID": null, "FCLASS_PL": null, "FCLASS_GR": null, "FCLASS_IT": null, "FCLASS_NL": null, "FCLASS_SE": null, "FCLASS_BD": null, "FCLASS_UA": null, "FCLASS_TLC": null}, "bbox": [13.240008, 46.070016, 13.240008, 46.070016], "geometry": {"type": "Point", "coordinates": [13.240008, 46.070016]}}, {"type": "Feature", "properties": {"SCALERANK": 8, "NATSCALE": 10, "LABELRANK": 3, "FEATURECLA": "Populated place", "NAME": "Treviso", "NAMEPAR": null, "NAMEALT": null, "NAMEASCII": "Treviso", "ADM0CAP": 0, "CAPIN": null, "WORLDCITY": 0, "MEGACITY": 0, "SOV0NAME": "Italy", "SOV_A3": "ITA", "ADM0NAME": "Italy", "ADM0_A3": "ITA", "ADM1NAME": "Veneto", "ISO_A2": "IT", "NOTE": null, "LATITUDE": 45.670015, "LONGITUDE": 12.240018, "POP_MAX": 177309, "POP_MIN": 80144, "POP_OTHER": 142714, "RANK_MAX": 9, "RANK_MIN": 8, "MEGANAME": null, "LS_NAME": "Treviso", "MAX_POP10": 177309, "MAX_POP20": 0, "MAX_POP50": 0, "MAX_POP300": 0, "MAX_POP310": 0, "MAX_NATSCA": 10, "MIN_AREAKM": 155, "MAX_AREAKM": 155, "MIN_AREAMI": 60, "MAX_AREAMI": 60, "MIN_PERKM": 239, "MAX_PERKM": 239, "MIN_PERMI": 148, "MAX_PERMI": 148, "MIN_BBXMIN": 12.141667, "MAX_BBXMIN": 12.141667, "MIN_BBXMAX": 12.391667, "MAX_BBXMAX": 12.391667, "MIN_BBYMIN": 45.591667, "MAX_BBYMIN": 45.591667, "MIN_BBYMAX": 45.791667, "MAX_BBYMAX": 45.791667, "MEAN_BBXC": 12.255658, "MEAN_BBYC": 45.691002, "TIMEZONE": "Europe/Rome", "UN_FID": 0, "POP1950": 0, "POP1955": 0, "POP1960": 0, "POP1965": 0, "POP1970": 0, "POP1975": 0, "POP1980": 0, "POP1985": 0, "POP1990": 0, "POP1995": 0, "POP2000": 0, "POP2005": 0, "POP2010": 0, "POP2015": 0, "POP2020": 0, "POP2025": 0, "POP2050": 0, "MIN_ZOOM": 7, "WIKIDATAID": "Q5475", "WOF_ID": 101752725, "CAPALT": 0, "NAME_EN": "Treviso", "NAME_DE": "Treviso", "NAME_ES": "Treviso", "NAME_FR": "Trévise", "NAME_PT": "Treviso", "NAME_RU": "Тревизо", "NAME_ZH": "特雷維索", "LABEL": null, "NAME_AR": "تريفيزو", "NAME_BN": "ট্রে্ভিসো", "NAME_EL": "Τρεβίζο", "NAME_HI": "ट्रेविस्को", "NAME_HU": "Treviso", "NAME_ID": "Treviso", "NAME_IT": "Treviso", "NAME_JA": "トレヴィーゾ", "NAME_KO": "트레비소", "NAME_NL": "Treviso", "NAME_PL": "Treviso", "NAME_SV": "Treviso", "NAME_TR": "Treviso", "NAME_VI": "Treviso", "NE_ID": 1159129771, "NAME_FA": "ترویزو", "NAME_HE": "טרוויזו", "NAME_UK": "Тревізо", "NAME_UR": "تریویسو", "NAME_ZHT": "特雷維索", "GEONAMESID": 3165201, "FCLASS_ISO": null, "FCLASS_US": null, "FCLASS_FR": null, "FCLASS_RU": null, "FCLASS_ES": null, "FCLASS_CN": null, "FCLASS_TW": null, "FCLASS_IN": null, "FCLASS_NP": null, "FCLASS_PK": null, "FCLASS_DE": null, "FCLASS_GB": null, "FCLASS_BR": null, "FCLASS_IL": null, "FCLASS_PS": null, "FCLASS_SA": null, "FCLASS_EG": null, "FCLASS_MA": null, "FCLASS_PT": null, "FCLASS_AR": null, "FCLASS_JP": null, "FCLASS_KO": null, "FCLASS_VN": null, "FCLASS_TR": null, "FCLASS_ID": null, "FCLASS_PL": null, "FCLASS_GR": null, "FCLASS_IT": null, "FCLASS_NL": null, "FCLASS_SE": null, "FCLASS_BD": null, "FCLASS_UA": null, "FCLASS_TLC": null}, "bbox": [12.240018, 45.670015, 12.240018, 45.670015], "geometry": {"type": "Point", "coordinates": [12.240018, 45.670015]}}, {"type": "Feature", "properties": {"SCALERANK": 8, "NATSCALE": 10, "LABELRANK": 3, "FEATURECLA": "Populated place", "NAME": "Annecy", "NAMEPAR": null, "NAMEALT": null, "NAMEASCII": "Annecy", "ADM0CAP": 0, "CAPIN": null, "WORLDCITY": 0, "MEGACITY": 0, "SOV0NAME": "French Republic", "SOV_A3": "FRA", "ADM0NAME": "France", "ADM0_A3": "FRA", "ADM1NAME": "Rhône-Alpes", "ISO_A2": "FR", "NOTE": null, "LATITUDE": 45.899975, "LONGITUDE": 6.11667, "POP_MAX": 105749, "POP_MIN": 49232, "POP_OTHER": 101714, "RANK_MAX": 9, "RANK_MIN": 7, "MEGANAME": null, "LS_NAME": "Annecy", "MAX_POP10": 105749, "MAX_POP20": 0, "MAX_POP50": 0, "MAX_POP300": 0, "MAX_POP310": 0, "MAX_NATSCA": 10, "MIN_AREAKM": 79, "MAX_AREAKM": 79, "MIN_AREAMI": 31, "MAX_AREAMI": 31, "MIN_PERKM": 100, "MAX_PERKM": 100, "MIN_PERMI": 62, "MAX_PERMI": 62, "MIN_BBXMIN": 6.008333, "MAX_BBXMIN": 6.008333, "MIN_BBXMAX": 6.183333, "MAX_BBXMAX": 6.183333, "MIN_BBYMIN": 45.833333, "MAX_BBYMIN": 45.833333, "MIN_BBYMAX": 45.991667, "MAX_BBYMAX": 45.991667, "MEAN_BBXC": 6.10423, "MEAN_BBYC": 45.921402, "TIMEZONE": "Europe/Paris", "UN_FID": 0, "POP1950": 0, "POP1955": 0, "POP1960": 0, "POP1965": 0, "POP1970": 0, "POP1975": 0, "POP1980": 0, "POP1985": 0, "POP1990": 0, "POP1995": 0, "POP2000": 0, "POP2005": 0, "POP2010": 0, "POP2015": 0, "POP2020": 0, "POP2025": 0, "POP2050": 0, "MIN_ZOOM": 7, "WIKIDATAID": "Q50189", "WOF_ID": 101748993, "CAPALT": 0, "NAME_EN": "Annecy", "NAME_DE": "Annecy", "NAME_ES": "Annecy", "NAME_FR": "Annecy", "NAME_PT": "Annecy", "NAME_RU": "Анси", "NAME_ZH": "阿讷西", "LABEL": null, "NAME_AR": "آنسي", "NAME_BN": "আনসি", "NAME_EL": "Αννεσύ", "NAME_HI": "अन्नेसी", "NAME_HU": "Annecy", "NAME_ID": "Annecy", "NAME_IT": "Annecy", "NAME_JA": "アヌシー", "NAME_KO": "안시", "NAME_NL": "Annecy", "NAME_PL": "Annecy", "NAME_SV": "Annecy", "NAME_TR": "Annecy", "NAME_VI": "Annecy", "NE_ID": 1159129803, "NAME_FA": "انوسی", "NAME_HE": "אנסי", "NAME_UK": "Аннесі", "NAME_UR": "اننیکی", "NAME_ZHT": "阿訥西", "GEONAMESID": 3037543, "FCLASS_ISO": null, "FCLASS_US": null, "FCLASS_FR": null, "FCLASS_RU": null, "FCLASS_ES": null, "FCLASS_CN": null, "FCLASS_TW": null, "FCLASS_IN": null, "FCLASS_NP": null, "FCLASS_PK": null, "FCLASS_DE": null, "FCLASS_GB": null, "FCLASS_BR": null, "FCLASS_IL": null, "FCLASS_PS": null, "FCLASS_SA": null, "FCLASS_EG": null, "FCLASS_MA": null, "FCLASS_PT": null, "FCLASS_AR": null, "FCLASS_JP": null, "FCLASS_KO": null, "FCLASS_VN": null, "FCLASS_TR": null, "FCLASS_ID": null, "FCLASS_PL": null, "FCLASS_GR": null, "FCLASS_IT": null, "FCLASS_NL": null, "FCLASS_SE": null, "FCLASS_BD": null, "FCLASS_UA": null, "FCLASS_TLC": null}, "bbox": [6.11667, 45.899975, 6.11667, 45.899975], "geometry": {"type": "Point", "coordinates": [6.11667, 45.899975]}}, {"type": "Feature", "properties": {"SCALERANK": 8, "NATSCALE": 10, "LABELRANK": 3, "FEATURECLA": "Populated place", "NAME": "Roanne", "NAMEPAR": null, "NAMEALT": null, "NAMEASCII": "Roanne", "ADM0CAP": 0, "CAPIN": null, "WORLDCITY": 0, "MEGACITY": 0, "SOV0NAME": "French Republic", "SOV_A3": "FRA", "ADM0NAME": "France", "ADM0_A3": "FRA", "ADM1NAME": "Rhône-Alpes", "ISO_A2": "FR", "NOTE": null, "LATITUDE": 46.033326, "LONGITUDE": 4.066666, "POP_MAX": 73315, "POP_MIN": 39840, "POP_OTHER": 72945, "RANK_MAX": 8, "RANK_MIN": 7, "MEGANAME": null, "LS_NAME": "Roanne", "MAX_POP10": 73315, "MAX_POP20": 0, "MAX_POP50": 0, "MAX_POP300": 0, "MAX_POP310": 0, "MAX_NATSCA": 10, "MIN_AREAKM": 59, "MAX_AREAKM": 59, "MIN_AREAMI": 23, "MAX_AREAMI": 23, "MIN_PERKM": 70, "MAX_PERKM": 70, "MIN_PERMI": 44, "MAX_PERMI": 44, "MIN_BBXMIN": 3.958333, "MAX_BBXMIN": 3.958333, "MIN_BBXMAX": 4.108333, "MAX_BBXMAX": 4.108333, "MIN_BBYMIN": 45.975, "MAX_BBYMIN": 45.975, "MIN_BBYMAX": 46.091667, "MAX_BBYMAX": 46.091667, "MEAN_BBXC": 4.055598, "MEAN_BBYC": 46.036827, "TIMEZONE": "Europe/Paris", "UN_FID": 0, "POP1950": 0, "POP1955": 0, "POP1960": 0, "POP1965": 0, "POP1970": 0, "POP1975": 0, "POP1980": 0, "POP1985": 0, "POP1990": 0, "POP1995": 0, "POP2000": 0, "POP2005": 0, "POP2010": 0, "POP2015": 0, "POP2020": 0, "POP2025": 0, "POP2050": 0, "MIN_ZOOM": 7, "WIKIDATAID": "Q3581", "WOF_ID": 101828959, "CAPALT": 0, "NAME_EN": "Roanne", "NAME_DE": "Roanne", "NAME_ES": "Roanne", "NAME_FR": "Roanne", "NAME_PT": "Roanne", "NAME_RU": "Роан", "NAME_ZH": "罗阿讷", "LABEL": null, "NAME_AR": "روآن", "NAME_BN": "রোয়াননে", "NAME_EL": "Ροάν", "NAME_HI": "रोआन", "NAME_HU": "Roanne", "NAME_ID": "Roanne", "NAME_IT": "Roanne", "NAME_JA": "ロアンヌ", "NAME_KO": "로안", "NAME_NL": "Roanne", "NAME_PL": "Roanne", "NAME_SV": "Roanne", "NAME_TR": "Roanne", "NAME_VI": "Roanne", "NE_ID": 1159129807, "NAME_FA": "روآن", "NAME_HE": "רואן", "NAME_UK": "Роанн", "NAME_UR": "رونے", "NAME_ZHT": "羅阿訥", "GEONAMESID": 2983362, "FCLASS_ISO": null, "FCLASS_US": null, "FCLASS_FR": null, "FCLASS_RU": null, "FCLASS_ES": null, "FCLASS_CN": null, "FCLASS_TW": null, "FCLASS_IN": null, "FCLASS_NP": null, "FCLASS_PK": null, "FCLASS_DE": null, "FCLASS_GB": null, "FCLASS_BR": null, "FCLASS_IL": null, "FCLASS_PS": null, "FCLASS_SA": null, "FCLASS_EG": null, "FCLASS_MA": null, "FCLASS_PT": null, "FCLASS_AR": null, "FCLASS_JP": null, "FCLASS_KO": null, "FCLASS_VN": null, "FCLASS_TR": null, "FCLASS_ID": null, "FCLASS_PL": null, "FCLASS_GR": null, "FCLASS_IT": null, "FCLASS_NL": null, "FCLASS_SE": null, "FCLASS_BD": null, "FCLASS_UA": null, "FCLASS_TLC": null}, "bbox": [4.066666, 46.033326, 4.066666, 46.033326], "geometry": {"type": "Point", "coordinates": [4.066666, 46.033326]}}, {"type": "Feature", "properties": {"SCALERANK": 8, "NATSCALE": 10, "LABELRANK": 3, "FEATURECLA": "Populated place", "NAME": "Bielefeld", "NAMEPAR": null, "NAMEALT": null, "NAMEASCII": "Bielefeld", "ADM0CAP": 0, "CAPIN": null, "WORLDCITY": 0, "MEGACITY": 0, "SOV0NAME": "Germany", "SOV_A3": "DEU", "ADM0NAME": "Germany", "ADM0_A3": "DEU", "ADM1NAME": "Nordrhein-Westfalen", "ISO_A2": "DE", "NOTE": null, "LATITUDE": 52.029988, "LONGITUDE": 8.530011, "POP_MAX": 331906, "POP_MIN": 291573, "POP_OTHER": 280458, "RANK_MAX": 10, "RANK_MIN": 10, "MEGANAME": null, "LS_NAME": "Bielefeld", "MAX_POP10": 291573, "MAX_POP20": 0, "MAX_POP50": 0, "MAX_POP300": 0, "MAX_POP310": 0, "MAX_NATSCA": 10, "MIN_AREAKM": 152, "MAX_AREAKM": 152, "MIN_AREAMI": 59, "MAX_AREAMI": 59, "MIN_PERKM": 185, "MAX_PERKM": 185, "MIN_PERMI": 115, "MAX_PERMI": 115, "MIN_BBXMIN": 8.425, "MAX_BBXMIN": 8.425, "MIN_BBXMAX": 8.666667, "MAX_BBXMAX": 8.666667, "MIN_BBYMIN": 51.925, "MAX_BBYMIN": 51.925, "MIN_BBYMAX": 52.125, "MAX_BBYMAX": 52.125, "MEAN_BBXC": 8.541579, "MEAN_BBYC": 52.022174, "TIMEZONE": "Europe/Berlin", "UN_FID": 0, "POP1950": 0, "POP1955": 0, "POP1960": 0, "POP1965": 0, "POP1970": 0, "POP1975": 0, "POP1980": 0, "POP1985": 0, "POP1990": 0, "POP1995": 0, "POP2000": 0, "POP2005": 0, "POP2010": 0, "POP2015": 0, "POP2020": 0, "POP2025": 0, "POP2050": 0, "MIN_ZOOM": 7, "WIKIDATAID": "Q2112", "WOF_ID": 101907703, "CAPALT": 0, "NAME_EN": "Bielefeld", "NAME_DE": "Bielefeld", "NAME_ES": "Bielefeld", "NAME_FR": "Bielefeld", "NAME_PT": "Bielefeld", "NAME_RU": "Билефельд", "NAME_ZH": "比勒费尔德", "LABEL": null, "NAME_AR": "بيلفلد", "NAME_BN": "বীলেফেল্ড", "NAME_EL": "Μπίλεφελντ", "NAME_HI": "बीएलफेल्ड", "NAME_HU": "Bielefeld", "NAME_ID": "Bielefeld", "NAME_IT": "Bielefeld", "NAME_JA": "ビーレフェルト", "NAME_KO": "빌레펠트", "NAME_NL": "Bielefeld", "NAME_PL": "Bielefeld", "NAME_SV": "Bielefeld", "NAME_TR": "Bielefeld", "NAME_VI": "Bielefeld", "NE_ID": 1159129993, "NAME_FA": "بیلهفلد", "NAME_HE": "בילפלד", "NAME_UK": "Білефельд", "NAME_UR": "بیئلفیلڈ", "NAME_ZHT": "比勒費爾德", "GEONAMESID": 2949186, "FCLASS_ISO": null, "FCLASS_US": null, "FCLASS_FR": null, "FCLASS_RU": null, "FCLASS_ES": null, "FCLASS_CN": null, "FCLASS_TW": null, "FCLASS_IN": null, "FCLASS_NP": null, "FCLASS_PK": null, "FCLASS_DE": null, "FCLASS_GB": null, "FCLASS_BR": null, "FCLASS_IL": null, "FCLASS_PS": null, "FCLASS_SA": null, "FCLASS_EG": null, "FCLASS_MA": null, "FCLASS_PT": null, "FCLASS_AR": null, "FCLASS_JP": null, "FCLASS_KO": null, "FCLASS_VN": null, "FCLASS_TR": null, "FCLASS_ID": null, "FCLASS_PL": null, "FCLASS_GR": null, "FCLASS_IT": null, "FCLASS_NL": null, "FCLASS_SE": null, "FCLASS_BD": null, "FCLASS_UA": null, "FCLASS_TLC": null}, "bbox": [8.530011, 52.029988, 8.530011, 52.029988], "geometry": {"type": "Point", "coordinates": [8.530011, 52.029988]}}, {"type": "Feature", "properties": {"SCALERANK": 8, "NATSCALE": 10, "LABELRANK": 3, "FEATURECLA": "Populated place", "NAME": "Dortmund", "NAMEPAR": null, "NAMEALT": null, "NAMEASCII": "Dortmund", "ADM0CAP": 0, "CAPIN": null, "WORLDCITY": 0, "MEGACITY": 0, "SOV0NAME": "Germany", "SOV_A3": "DEU", "ADM0NAME": "Germany", "ADM0_A3": "DEU", "ADM1NAME": "Nordrhein-Westfalen", "ISO_A2": "DE", "NOTE": null, "LATITUDE": 51.529967, "LONGITUDE": 7.450026, "POP_MAX": 588462, "POP_MIN": 588462, "POP_OTHER": 1687768, "RANK_MAX": 11, "RANK_MIN": 11, "MEGANAME": null, "LS_NAME": "Dortmund", "MAX_POP10": 1777782, "MAX_POP20": 0, "MAX_POP50": 0, "MAX_POP300": 0, "MAX_POP310": 0, "MAX_NATSCA": 10, "MIN_AREAKM": 875, "MAX_AREAKM": 875, "MIN_AREAMI": 338, "MAX_AREAMI": 338, "MIN_PERKM": 766, "MAX_PERKM": 766, "MIN_PERMI": 476, "MAX_PERMI": 476, "MIN_BBXMIN": 7.206863, "MAX_BBXMIN": 7.206863, "MIN_BBXMAX": 7.816667, "MAX_BBXMAX": 7.816667, "MIN_BBYMIN": 51.275, "MAX_BBYMIN": 51.275, "MIN_BBYMAX": 51.683333, "MAX_BBYMAX": 51.683333, "MEAN_BBXC": 7.490128, "MEAN_BBYC": 51.503873, "TIMEZONE": "Europe/Berlin", "UN_FID": 0, "POP1950": 0, "POP1955": 0, "POP1960": 0, "POP1965": 0, "POP1970": 0, "POP1975": 0, "POP1980": 0, "POP1985": 0, "POP1990": 0, "POP1995": 0, "POP2000": 0, "POP2005": 0, "POP2010": 0, "POP2015": 0, "POP2020": 0, "POP2025": 0, "POP2050": 0, "MIN_ZOOM": 5, "WIKIDATAID": "Q1295", "WOF_ID": 101748719, "CAPALT": 0, "NAME_EN": "Dortmund", "NAME_DE": "Dortmund", "NAME_ES": "Dortmund", "NAME_FR": "Dortmund", "NAME_PT": "Dortmund", "NAME_RU": "Дортмунд", "NAME_ZH": "多特蒙德", "LABEL": null, "NAME_AR": "دورتموند", "NAME_BN": "ডর্টমুন্ড", "NAME_EL": "Ντόρτμουντ", "NAME_HI": "डॉर्टमुंड", "NAME_HU": "Dortmund", "NAME_ID": "Dortmund", "NAME_IT": "Dortmund", "NAME_JA": "ドルトムント", "NAME_KO": "도르트문트", "NAME_NL": "Dortmund", "NAME_PL": "Dortmund", "NAME_SV": "Dortmund", "NAME_TR": "Dortmund", "NAME_VI": "Dortmund", "NE_ID": 1159129997, "NAME_FA": "دورتموند", "NAME_HE": "דורטמונד", "NAME_UK": "Дортмунд", "NAME_UR": "ڈورٹمنڈ", "NAME_ZHT": "多特蒙德", "GEONAMESID": 2935517, "FCLASS_ISO": null, "FCLASS_US": null, "FCLASS_FR": null, "FCLASS_RU": null, "FCLASS_ES": null, "FCLASS_CN": null, "FCLASS_TW": null, "FCLASS_IN": null, "FCLASS_NP": null, "FCLASS_PK": null, "FCLASS_DE": null, "FCLASS_GB": null, "FCLASS_BR": null, "FCLASS_IL": null, "FCLASS_PS": null, "FCLASS_SA": null, "FCLASS_EG": null, "FCLASS_MA": null, "FCLASS_PT": null, "FCLASS_AR": null, "FCLASS_JP": null, "FCLASS_KO": null, "FCLASS_VN": null, "FCLASS_TR": null, "FCLASS_ID": null, "FCLASS_PL": null, "FCLASS_GR": null, "FCLASS_IT": null, "FCLASS_NL": null, "FCLASS_SE": null, "FCLASS_BD": null, "FCLASS_UA": null, "FCLASS_TLC": null}, "bbox": [7.450026, 51.529967, 7.450026, 51.529967], "geometry": {"type": "Point", "coordinates": [7.450026, 51.529967]}}, {"type": "Feature", "properties": {"SCALERANK": 8, "NATSCALE": 10, "LABELRANK": 3, "FEATURECLA": "Populated place", "NAME": "Duisburg", "NAMEPAR": null, "NAMEALT": null, "NAMEASCII": "Duisburg", "ADM0CAP": 0, "CAPIN": null, "WORLDCITY": 0, "MEGACITY": 0, "SOV0NAME": "Germany", "SOV_A3": "DEU", "ADM0NAME": "Germany", "ADM0_A3": "DEU", "ADM1NAME": "Nordrhein-Westfalen", "ISO_A2": "DE", "NOTE": null, "LATITUDE": 51.429973, "LONGITUDE": 6.750017, "POP_MAX": 1276757, "POP_MIN": 488005, "POP_OTHER": 1222618, "RANK_MAX": 12, "RANK_MIN": 10, "MEGANAME": null, "LS_NAME": "Duisburg", "MAX_POP10": 1276757, "MAX_POP20": 0, "MAX_POP50": 0, "MAX_POP300": 0, "MAX_POP310": 0, "MAX_NATSCA": 10, "MIN_AREAKM": 520, "MAX_AREAKM": 520, "MIN_AREAMI": 201, "MAX_AREAMI": 201, "MIN_PERKM": 379, "MAX_PERKM": 379, "MIN_PERMI": 235, "MAX_PERMI": 235, "MIN_BBXMIN": 6.458333, "MAX_BBXMIN": 6.458333, "MIN_BBXMAX": 6.88631, "MAX_BBXMAX": 6.88631, "MIN_BBYMIN": 51.291667, "MAX_BBYMIN": 51.291667, "MIN_BBYMAX": 51.641667, "MAX_BBYMAX": 51.641667, "MEAN_BBXC": 6.705199, "MEAN_BBYC": 51.447069, "TIMEZONE": "Europe/Berlin", "UN_FID": 0, "POP1950": 0, "POP1955": 0, "POP1960": 0, "POP1965": 0, "POP1970": 0, "POP1975": 0, "POP1980": 0, "POP1985": 0, "POP1990": 0, "POP1995": 0, "POP2000": 0, "POP2005": 0, "POP2010": 0, "POP2015": 0, "POP2020": 0, "POP2025": 0, "POP2050": 0, "MIN_ZOOM": 7, "WIKIDATAID": "Q2100", "WOF_ID": 101748713, "CAPALT": 0, "NAME_EN": "Duisburg", "NAME_DE": "Duisburg", "NAME_ES": "Duisburgo", "NAME_FR": "Duisbourg", "NAME_PT": "Duisburgo", "NAME_RU": "Дуйсбург", "NAME_ZH": "杜伊斯堡", "LABEL": null, "NAME_AR": "دويسبورغ", "NAME_BN": "দুইচবার্গ", "NAME_EL": "Ντούισμπουργκ", "NAME_HI": "डुइसबुर्ग", "NAME_HU": "Duisburg", "NAME_ID": "Duisburg", "NAME_IT": "Duisburg", "NAME_JA": "デュースブルク", "NAME_KO": "뒤스부르크", "NAME_NL": "Duisburg", "NAME_PL": "Duisburg", "NAME_SV": "Duisburg", "NAME_TR": "Duisburg", "NAME_VI": "Duisburg", "NE_ID": 1159130001, "NAME_FA": "دویسبورگ", "NAME_HE": "דיסבורג", "NAME_UK": "Дуйсбург", "NAME_UR": "ڈیسبورگ", "NAME_ZHT": "杜伊斯堡", "GEONAMESID": 2934691, "FCLASS_ISO": null, "FCLASS_US": null, "FCLASS_FR": null, "FCLASS_RU": null, "FCLASS_ES": null, "FCLASS_CN": null, "FCLASS_TW": null, "FCLASS_IN": null, "FCLASS_NP": null, "FCLASS_PK": null, "FCLASS_DE": null, "FCLASS_GB": null, "FCLASS_BR": null, "FCLASS_IL": null, "FCLASS_PS": null, "FCLASS_SA": null, "FCLASS_EG": null, "FCLASS_MA": null, "FCLASS_PT": null, "FCLASS_AR": null, "FCLASS_JP": null, "FCLASS_KO": null, "FCLASS_VN": null, "FCLASS_TR": null, "FCLASS_ID": null, "FCLASS_PL": null, "FCLASS_GR": null, "FCLASS_IT": null, "FCLASS_NL": null, "FCLASS_SE": null, "FCLASS_BD": null, "FCLASS_UA": null, "FCLASS_TLC": null}, "bbox": [6.750017, 51.429973, 6.750017, 51.429973], "geometry": {"type": "Point", "coordinates": [6.750017, 51.429973]}}, {"type": "Feature", "properties": {"SCALERANK": 8, "NATSCALE": 10, "LABELRANK": 3, "FEATURECLA": "Populated place", "NAME": "Wuppertal", "NAMEPAR": null, "NAMEALT": null, "NAMEASCII": "Wuppertal", "ADM0CAP": 0, "CAPIN": null, "WORLDCITY": 0, "MEGACITY": 0, "SOV0NAME": "Germany", "SOV_A3": "DEU", "ADM0NAME": "Germany", "ADM0_A3": "DEU", "ADM1NAME": "Nordrhein-Westfalen", "ISO_A2": "DE", "NOTE": null, "LATITUDE": 51.25001, "LONGITUDE": 7.169991, "POP_MAX": 776525, "POP_MIN": 349470, "POP_OTHER": 826893, "RANK_MAX": 11, "RANK_MIN": 10, "MEGANAME": null, "LS_NAME": "Wuppertal", "MAX_POP10": 776525, "MAX_POP20": 0, "MAX_POP50": 0, "MAX_POP300": 0, "MAX_POP310": 0, "MAX_NATSCA": 10, "MIN_AREAKM": 340, "MAX_AREAKM": 340, "MIN_AREAMI": 131, "MAX_AREAMI": 131, "MIN_PERKM": 322, "MAX_PERKM": 322, "MIN_PERMI": 200, "MAX_PERMI": 200, "MIN_BBXMIN": 6.976392, "MAX_BBXMIN": 6.976392, "MIN_BBXMAX": 7.4, "MAX_BBXMAX": 7.4, "MIN_BBYMIN": 51.075, "MAX_BBYMIN": 51.075, "MIN_BBYMAX": 51.358333, "MAX_BBYMAX": 51.358333, "MEAN_BBXC": 7.167233, "MEAN_BBYC": 51.22193, "TIMEZONE": "Europe/Berlin", "UN_FID": 0, "POP1950": 0, "POP1955": 0, "POP1960": 0, "POP1965": 0, "POP1970": 0, "POP1975": 0, "POP1980": 0, "POP1985": 0, "POP1990": 0, "POP1995": 0, "POP2000": 0, "POP2005": 0, "POP2010": 0, "POP2015": 0, "POP2020": 0, "POP2025": 0, "POP2050": 0, "MIN_ZOOM": 7, "WIKIDATAID": "Q2107", "WOF_ID": 101748657, "CAPALT": 0, "NAME_EN": "Wuppertal", "NAME_DE": "Wuppertal", "NAME_ES": "Wuppertal", "NAME_FR": "Wuppertal", "NAME_PT": "Wuppertal", "NAME_RU": "Вупперталь", "NAME_ZH": "伍珀塔尔", "LABEL": null, "NAME_AR": "فوبرتال", "NAME_BN": "উপপের্টাল", "NAME_EL": "Βούπερταλ", "NAME_HI": "वुप्पर्टल", "NAME_HU": "Wuppertal", "NAME_ID": "Wuppertal", "NAME_IT": "Wuppertal", "NAME_JA": "ヴッパータール", "NAME_KO": "부퍼탈", "NAME_NL": "Wuppertal", "NAME_PL": "Wuppertal", "NAME_SV": "Wuppertal", "NAME_TR": "Wuppertal", "NAME_VI": "Wuppertal", "NE_ID": 1159130005, "NAME_FA": "ووپرتال", "NAME_HE": "וופרטל", "NAME_UK": "Вупперталь", "NAME_UR": "ووپاٹال", "NAME_ZHT": "伍珀塔爾", "GEONAMESID": 2805753, "FCLASS_ISO": null, "FCLASS_US": null, "FCLASS_FR": null, "FCLASS_RU": null, "FCLASS_ES": null, "FCLASS_CN": null, "FCLASS_TW": null, "FCLASS_IN": null, "FCLASS_NP": null, "FCLASS_PK": null, "FCLASS_DE": null, "FCLASS_GB": null, "FCLASS_BR": null, "FCLASS_IL": null, "FCLASS_PS": null, "FCLASS_SA": null, "FCLASS_EG": null, "FCLASS_MA": null, "FCLASS_PT": null, "FCLASS_AR": null, "FCLASS_JP": null, "FCLASS_KO": null, "FCLASS_VN": null, "FCLASS_TR": null, "FCLASS_ID": null, "FCLASS_PL": null, "FCLASS_GR": null, "FCLASS_IT": null, "FCLASS_NL": null, "FCLASS_SE": null, "FCLASS_BD": null, "FCLASS_UA": null, "FCLASS_TLC": null}, "bbox": [7.169991, 51.25001, 7.169991, 51.25001], "geometry": {"type": "Point", "coordinates": [7.169991, 51.25001]}}, {"type": "Feature", "properties": {"SCALERANK": 8, "NATSCALE": 10, "LABELRANK": 3, "FEATURECLA": "Populated place", "NAME": "Essen", "NAMEPAR": null, "NAMEALT": null, "NAMEASCII": "Essen", "ADM0CAP": 0, "CAPIN": null, "WORLDCITY": 0, "MEGACITY": 0, "SOV0NAME": "Germany", "SOV_A3": "DEU", "ADM0NAME": "Germany", "ADM0_A3": "DEU", "ADM1NAME": "Nordrhein-Westfalen", "ISO_A2": "DE", "NOTE": null, "LATITUDE": 51.449998, "LONGITUDE": 7.016615, "POP_MAX": 1742135, "POP_MIN": 573468, "POP_OTHER": 1559492, "RANK_MAX": 12, "RANK_MIN": 11, "MEGANAME": null, "LS_NAME": "Essen", "MAX_POP10": 1742135, "MAX_POP20": 0, "MAX_POP50": 0, "MAX_POP300": 0, "MAX_POP310": 0, "MAX_NATSCA": 10, "MIN_AREAKM": 592, "MAX_AREAKM": 592, "MIN_AREAMI": 229, "MAX_AREAMI": 229, "MIN_PERKM": 296, "MAX_PERKM": 296, "MIN_PERMI": 184, "MAX_PERMI": 184, "MIN_BBXMIN": 6.875043, "MAX_BBXMIN": 6.875043, "MIN_BBXMAX": 7.238578, "MAX_BBXMAX": 7.238578, "MIN_BBYMIN": 51.366667, "MAX_BBYMIN": 51.366667, "MIN_BBYMAX": 51.716667, "MAX_BBYMAX": 51.716667, "MEAN_BBXC": 7.063385, "MEAN_BBYC": 51.517314, "TIMEZONE": "Europe/Berlin", "UN_FID": 0, "POP1950": 0, "POP1955": 0, "POP1960": 0, "POP1965": 0, "POP1970": 0, "POP1975": 0, "POP1980": 0, "POP1985": 0, "POP1990": 0, "POP1995": 0, "POP2000": 0, "POP2005": 0, "POP2010": 0, "POP2015": 0, "POP2020": 0, "POP2025": 0, "POP2050": 0, "MIN_ZOOM": 6.1, "WIKIDATAID": "Q2066", "WOF_ID": 101748709, "CAPALT": 0, "NAME_EN": "Essen", "NAME_DE": "Essen", "NAME_ES": "Essen", "NAME_FR": "Essen", "NAME_PT": "Essen", "NAME_RU": "Эссен", "NAME_ZH": "埃森", "LABEL": null, "NAME_AR": "إسن", "NAME_BN": "এসেন", "NAME_EL": "Έσσεν", "NAME_HI": "एस्सेन", "NAME_HU": "Essen", "NAME_ID": "Essen", "NAME_IT": "Essen", "NAME_JA": "エッセン", "NAME_KO": "에센", "NAME_NL": "Essen", "NAME_PL": "Essen", "NAME_SV": "Essen", "NAME_TR": "Essen", "NAME_VI": "Essen", "NE_ID": 1159130011, "NAME_FA": "اسن", "NAME_HE": "אסן", "NAME_UK": "Ессен", "NAME_UR": "ایسین", "NAME_ZHT": "埃森", "GEONAMESID": 2928810, "FCLASS_ISO": null, "FCLASS_US": null, "FCLASS_FR": null, "FCLASS_RU": null, "FCLASS_ES": null, "FCLASS_CN": null, "FCLASS_TW": null, "FCLASS_IN": null, "FCLASS_NP": null, "FCLASS_PK": null, "FCLASS_DE": null, "FCLASS_GB": null, "FCLASS_BR": null, "FCLASS_IL": null, "FCLASS_PS": null, "FCLASS_SA": null, "FCLASS_EG": null, "FCLASS_MA": null, "FCLASS_PT": null, "FCLASS_AR": null, "FCLASS_JP": null, "FCLASS_KO": null, "FCLASS_VN": null, "FCLASS_TR": null, "FCLASS_ID": null, "FCLASS_PL": null, "FCLASS_GR": null, "FCLASS_IT": null, "FCLASS_NL": null, "FCLASS_SE": null, "FCLASS_BD": null, "FCLASS_UA": null, "FCLASS_TLC": null}, "bbox": [7.016615, 51.449998, 7.016615, 51.449998], "geometry": {"type": "Point", "coordinates": [7.016615, 51.449998]}}, {"type": "Feature", "properties": {"SCALERANK": 8, "NATSCALE": 10, "LABELRANK": 3, "FEATURECLA": "Populated place", "NAME": "Karlsruhe", "NAMEPAR": null, "NAMEALT": null, "NAMEASCII": "Karlsruhe", "ADM0CAP": 0, "CAPIN": null, "WORLDCITY": 0, "MEGACITY": 0, "SOV0NAME": "Germany", "SOV_A3": "DEU", "ADM0NAME": "Germany", "ADM0_A3": "DEU", "ADM1NAME": "Baden-Württemberg", "ISO_A2": "DE", "NOTE": null, "LATITUDE": 48.999992, "LONGITUDE": 8.399993, "POP_MAX": 377487, "POP_MIN": 283799, "POP_OTHER": 361169, "RANK_MAX": 10, "RANK_MIN": 10, "MEGANAME": null, "LS_NAME": "Karlsruhe", "MAX_POP10": 377487, "MAX_POP20": 0, "MAX_POP50": 0, "MAX_POP300": 0, "MAX_POP310": 0, "MAX_NATSCA": 10, "MIN_AREAKM": 209, "MAX_AREAKM": 209, "MIN_AREAMI": 81, "MAX_AREAMI": 81, "MIN_PERKM": 225, "MAX_PERKM": 225, "MIN_PERMI": 140, "MAX_PERMI": 140, "MIN_BBXMIN": 8.233333, "MAX_BBXMIN": 8.233333, "MIN_BBXMAX": 8.591667, "MAX_BBXMAX": 8.591667, "MIN_BBYMIN": 48.9, "MAX_BBYMIN": 48.9, "MIN_BBYMAX": 49.108333, "MAX_BBYMAX": 49.108333, "MEAN_BBXC": 8.413087, "MEAN_BBYC": 49.003896, "TIMEZONE": "Europe/Berlin", "UN_FID": 0, "POP1950": 0, "POP1955": 0, "POP1960": 0, "POP1965": 0, "POP1970": 0, "POP1975": 0, "POP1980": 0, "POP1985": 0, "POP1990": 0, "POP1995": 0, "POP2000": 0, "POP2005": 0, "POP2010": 0, "POP2015": 0, "POP2020": 0, "POP2025": 0, "POP2050": 0, "MIN_ZOOM": 7, "WIKIDATAID": "Q1040", "WOF_ID": 101748527, "CAPALT": 0, "NAME_EN": "Karlsruhe", "NAME_DE": "Karlsruhe", "NAME_ES": "Karlsruhe", "NAME_FR": "Karlsruhe", "NAME_PT": "Karlsruhe", "NAME_RU": "Карлсруэ", "NAME_ZH": "卡爾斯魯厄", "LABEL": null, "NAME_AR": "كارلسروه", "NAME_BN": "কার্লসরুহে", "NAME_EL": "Καρλσρούη", "NAME_HI": "कार्ल्सरुहे", "NAME_HU": "Karlsruhe", "NAME_ID": "Karlsruhe", "NAME_IT": "Karlsruhe", "NAME_JA": "カールスルーエ", "NAME_KO": "카를스루에", "NAME_NL": "Karlsruhe", "NAME_PL": "Karlsruhe", "NAME_SV": "Karlsruhe", "NAME_TR": "Karlsruhe", "NAME_VI": "Karlsruhe", "NE_ID": 1159130015, "NAME_FA": "کارلسروهه", "NAME_HE": "קרלסרוהה", "NAME_UK": "Карлсруе", "NAME_UR": "کرلسروحی", "NAME_ZHT": "卡爾斯魯厄", "GEONAMESID": 2892794, "FCLASS_ISO": null, "FCLASS_US": null, "FCLASS_FR": null, "FCLASS_RU": null, "FCLASS_ES": null, "FCLASS_CN": null, "FCLASS_TW": null, "FCLASS_IN": null, "FCLASS_NP": null, "FCLASS_PK": null, "FCLASS_DE": null, "FCLASS_GB": null, "FCLASS_BR": null, "FCLASS_IL": null, "FCLASS_PS": null, "FCLASS_SA": null, "FCLASS_EG": null, "FCLASS_MA": null, "FCLASS_PT": null, "FCLASS_AR": null, "FCLASS_JP": null, "FCLASS_KO": null, "FCLASS_VN": null, "FCLASS_TR": null, "FCLASS_ID": null, "FCLASS_PL": null, "FCLASS_GR": null, "FCLASS_IT": null, "FCLASS_NL": null, "FCLASS_SE": null, "FCLASS_BD": null, "FCLASS_UA": null, "FCLASS_TLC": null}, "bbox": [8.399993, 48.999992, 8.399993, 48.999992], "geometry": {"type": "Point", "coordinates": [8.399993, 48.999992]}}, {"type": "Feature", "properties": {"SCALERANK": 8, "NATSCALE": 10, "LABELRANK": 3, "FEATURECLA": "Populated place", "NAME": "Heidelberg", "NAMEPAR": null, "NAMEALT": null, "NAMEASCII": "Heidelberg", "ADM0CAP": 0, "CAPIN": null, "WORLDCITY": 0, "MEGACITY": 0, "SOV0NAME": "Germany", "SOV_A3": "DEU", "ADM0NAME": "Germany", "ADM0_A3": "DEU", "ADM1NAME": "Baden-Württemberg", "ISO_A2": "DE", "NOTE": null, "LATITUDE": 49.419993, "LONGITUDE": 8.699975, "POP_MAX": 426590, "POP_MIN": 143345, "POP_OTHER": 385845, "RANK_MAX": 10, "RANK_MIN": 9, "MEGANAME": null, "LS_NAME": "Heidelberg", "MAX_POP10": 426590, "MAX_POP20": 0, "MAX_POP50": 0, "MAX_POP300": 0, "MAX_POP310": 0, "MAX_NATSCA": 10, "MIN_AREAKM": 203, "MAX_AREAKM": 203, "MIN_AREAMI": 78, "MAX_AREAMI": 78, "MIN_PERKM": 247, "MAX_PERKM": 247, "MIN_PERMI": 153, "MAX_PERMI": 153, "MIN_BBXMIN": 8.558333, "MAX_BBXMIN": 8.558333, "MIN_BBXMAX": 8.775, "MAX_BBXMAX": 8.775, "MIN_BBYMIN": 49.258333, "MAX_BBYMIN": 49.258333, "MIN_BBYMAX": 49.575, "MAX_BBYMAX": 49.575, "MEAN_BBXC": 8.65962, "MEAN_BBYC": 49.407049, "TIMEZONE": "Europe/Berlin", "UN_FID": 0, "POP1950": 0, "POP1955": 0, "POP1960": 0, "POP1965": 0, "POP1970": 0, "POP1975": 0, "POP1980": 0, "POP1985": 0, "POP1990": 0, "POP1995": 0, "POP2000": 0, "POP2005": 0, "POP2010": 0, "POP2015": 0, "POP2020": 0, "POP2025": 0, "POP2050": 0, "MIN_ZOOM": 7, "WIKIDATAID": "Q2966", "WOF_ID": 101906011, "CAPALT": 0, "NAME_EN": "Heidelberg", "NAME_DE": "Heidelberg", "NAME_ES": "Heidelberg", "NAME_FR": "Heidelberg", "NAME_PT": "Heidelberg", "NAME_RU": "Гейдельберг", "NAME_ZH": "海德堡", "LABEL": null, "NAME_AR": "هايدلبرغ", "NAME_BN": "হাইডেলবার্গ", "NAME_EL": "Χαϊδελβέργη", "NAME_HI": "हीडलबर्ग", "NAME_HU": "Heidelberg", "NAME_ID": "Heidelberg", "NAME_IT": "Heidelberg", "NAME_JA": "ハイデルベルク", "NAME_KO": "하이델베르크", "NAME_NL": "Heidelberg", "NAME_PL": "Heidelberg", "NAME_SV": "Heidelberg", "NAME_TR": "Heidelberg", "NAME_VI": "Heidelberg", "NE_ID": 1159130019, "NAME_FA": "هایدلبرگ", "NAME_HE": "היידלברג", "NAME_UK": "Гайдельберг", "NAME_UR": "ہائیڈل برگ", "NAME_ZHT": "海德堡", "GEONAMESID": 2907911, "FCLASS_ISO": null, "FCLASS_US": null, "FCLASS_FR": null, "FCLASS_RU": null, "FCLASS_ES": null, "FCLASS_CN": null, "FCLASS_TW": null, "FCLASS_IN": null, "FCLASS_NP": null, "FCLASS_PK": null, "FCLASS_DE": null, "FCLASS_GB": null, "FCLASS_BR": null, "FCLASS_IL": null, "FCLASS_PS": null, "FCLASS_SA": null, "FCLASS_EG": null, "FCLASS_MA": null, "FCLASS_PT": null, "FCLASS_AR": null, "FCLASS_JP": null, "FCLASS_KO": null, "FCLASS_VN": null, "FCLASS_TR": null, "FCLASS_ID": null, "FCLASS_PL": null, "FCLASS_GR": null, "FCLASS_IT": null, "FCLASS_NL": null, "FCLASS_SE": null, "FCLASS_BD": null, "FCLASS_UA": null, "FCLASS_TLC": null}, "bbox": [8.699975, 49.419992, 8.699975, 49.419992], "geometry": {"type": "Point", "coordinates": [8.699975, 49.419992]}}, {"type": "Feature", "properties": {"SCALERANK": 8, "NATSCALE": 10, "LABELRANK": 3, "FEATURECLA": "Populated place", "NAME": "Kassel", "NAMEPAR": null, "NAMEALT": null, "NAMEASCII": "Kassel", "ADM0CAP": 0, "CAPIN": null, "WORLDCITY": 0, "MEGACITY": 0, "SOV0NAME": "Germany", "SOV_A3": "DEU", "ADM0NAME": "Germany", "ADM0_A3": "DEU", "ADM1NAME": "Hessen", "ISO_A2": "DE", "NOTE": null, "LATITUDE": 51.300007, "LONGITUDE": 9.50003, "POP_MAX": 289924, "POP_MIN": 194501, "POP_OTHER": 0, "RANK_MAX": 10, "RANK_MIN": 9, "MEGANAME": null, "LS_NAME": "Kassel", "MAX_POP10": 289924, "MAX_POP20": 0, "MAX_POP50": 0, "MAX_POP300": 0, "MAX_POP310": 0, "MAX_NATSCA": 10, "MIN_AREAKM": 148, "MAX_AREAKM": 148, "MIN_AREAMI": 57, "MAX_AREAMI": 57, "MIN_PERKM": 159, "MAX_PERKM": 159, "MIN_PERMI": 99, "MAX_PERMI": 99, "MIN_BBXMIN": 9.366667, "MAX_BBXMIN": 9.366667, "MIN_BBXMAX": 9.65, "MAX_BBXMAX": 9.65, "MIN_BBYMIN": 51.225, "MAX_BBYMIN": 51.225, "MIN_BBYMAX": 51.408333, "MAX_BBYMAX": 51.408333, "MEAN_BBXC": 9.486618, "MEAN_BBYC": 51.30812, "TIMEZONE": "Europe/Berlin", "UN_FID": 0, "POP1950": 0, "POP1955": 0, "POP1960": 0, "POP1965": 0, "POP1970": 0, "POP1975": 0, "POP1980": 0, "POP1985": 0, "POP1990": 0, "POP1995": 0, "POP2000": 0, "POP2005": 0, "POP2010": 0, "POP2015": 0, "POP2020": 0, "POP2025": 0, "POP2050": 0, "MIN_ZOOM": 7, "WIKIDATAID": "Q2865", "WOF_ID": 101748659, "CAPALT": 0, "NAME_EN": "Kassel", "NAME_DE": "Kassel", "NAME_ES": "Kassel", "NAME_FR": "Cassel", "NAME_PT": "Kassel", "NAME_RU": "Кассель", "NAME_ZH": "卡塞尔", "LABEL": null, "NAME_AR": "كاسل", "NAME_BN": "কাসেল", "NAME_EL": "Κάσσελ", "NAME_HI": "कसेल", "NAME_HU": "Kassel", "NAME_ID": "Kassel", "NAME_IT": "Kassel", "NAME_JA": "カッセル", "NAME_KO": "카셀", "NAME_NL": "Kassel", "NAME_PL": "Kassel", "NAME_SV": "Kassel", "NAME_TR": "Kassel", "NAME_VI": "Kassel", "NE_ID": 1159130023, "NAME_FA": "کاسل", "NAME_HE": "קאסל", "NAME_UK": "Кассель", "NAME_UR": "کاسیل", "NAME_ZHT": "卡瑟爾", "GEONAMESID": 2892518, "FCLASS_ISO": null, "FCLASS_US": null, "FCLASS_FR": null, "FCLASS_RU": null, "FCLASS_ES": null, "FCLASS_CN": null, "FCLASS_TW": null, "FCLASS_IN": null, "FCLASS_NP": null, "FCLASS_PK": null, "FCLASS_DE": null, "FCLASS_GB": null, "FCLASS_BR": null, "FCLASS_IL": null, "FCLASS_PS": null, "FCLASS_SA": null, "FCLASS_EG": null, "FCLASS_MA": null, "FCLASS_PT": null, "FCLASS_AR": null, "FCLASS_JP": null, "FCLASS_KO": null, "FCLASS_VN": null, "FCLASS_TR": null, "FCLASS_ID": null, "FCLASS_PL": null, "FCLASS_GR": null, "FCLASS_IT": null, "FCLASS_NL": null, "FCLASS_SE": null, "FCLASS_BD": null, "FCLASS_UA": null, "FCLASS_TLC": null}, "bbox": [9.50003, 51.300007, 9.50003, 51.300007], "geometry": {"type": "Point", "coordinates": [9.50003, 51.300007]}}, {"type": "Feature", "properties": {"SCALERANK": 8, "NATSCALE": 10, "LABELRANK": 3, "FEATURECLA": "Populated place", "NAME": "Oldenburg", "NAMEPAR": null, "NAMEALT": null, "NAMEASCII": "Oldenburg", "ADM0CAP": 0, "CAPIN": null, "WORLDCITY": 0, "MEGACITY": 0, "SOV0NAME": "Germany", "SOV_A3": "DEU", "ADM0NAME": "Germany", "ADM0_A3": "DEU", "ADM1NAME": "Niedersachsen", "ISO_A2": "DE", "NOTE": null, "LATITUDE": 53.129999, "LONGITUDE": 8.220004, "POP_MAX": 167458, "POP_MIN": 159218, "POP_OTHER": 157854, "RANK_MAX": 9, "RANK_MIN": 9, "MEGANAME": null, "LS_NAME": "Oldenburg", "MAX_POP10": 167458, "MAX_POP20": 0, "MAX_POP50": 0, "MAX_POP300": 0, "MAX_POP310": 0, "MAX_NATSCA": 10, "MIN_AREAKM": 102, "MAX_AREAKM": 102, "MIN_AREAMI": 40, "MAX_AREAMI": 40, "MIN_PERKM": 114, "MAX_PERKM": 114, "MIN_PERMI": 71, "MAX_PERMI": 71, "MIN_BBXMIN": 8.058333, "MAX_BBXMIN": 8.058333, "MIN_BBXMAX": 8.283333, "MAX_BBXMAX": 8.283333, "MIN_BBYMIN": 53.083333, "MAX_BBYMIN": 53.083333, "MIN_BBYMAX": 53.216667, "MAX_BBYMAX": 53.216667, "MEAN_BBXC": 8.198695, "MEAN_BBYC": 53.144949, "TIMEZONE": "Europe/Berlin", "UN_FID": 0, "POP1950": 0, "POP1955": 0, "POP1960": 0, "POP1965": 0, "POP1970": 0, "POP1975": 0, "POP1980": 0, "POP1985": 0, "POP1990": 0, "POP1995": 0, "POP2000": 0, "POP2005": 0, "POP2010": 0, "POP2015": 0, "POP2020": 0, "POP2025": 0, "POP2050": 0, "MIN_ZOOM": 7, "WIKIDATAID": "Q2936", "WOF_ID": 101748835, "CAPALT": 0, "NAME_EN": "Oldenburg", "NAME_DE": "Oldenburg", "NAME_ES": "Oldemburgo", "NAME_FR": "Oldenbourg", "NAME_PT": "Oldemburgo", "NAME_RU": "Ольденбург", "NAME_ZH": "奥登堡", "LABEL": null, "NAME_AR": "أولدنبورغ", "NAME_BN": "ওল্ডেনবুর্গ", "NAME_EL": "Όλντενμπουργκ", "NAME_HI": "ओल्डेनबर्ग", "NAME_HU": "Oldenburg", "NAME_ID": "Oldenburg", "NAME_IT": "Oldenburg", "NAME_JA": "オルデンブルク", "NAME_KO": "올덴부르크", "NAME_NL": "Oldenburg", "NAME_PL": "Oldenburg", "NAME_SV": "Oldenburg", "NAME_TR": "Oldenburg", "NAME_VI": "Oldenburg", "NE_ID": 1159130027, "NAME_FA": "الدنبورگ", "NAME_HE": "אולדנבורג", "NAME_UK": "Ольденбург", "NAME_UR": "اولڈن برگ", "NAME_ZHT": "奧登堡", "GEONAMESID": 2857458, "FCLASS_ISO": null, "FCLASS_US": null, "FCLASS_FR": null, "FCLASS_RU": null, "FCLASS_ES": null, "FCLASS_CN": null, "FCLASS_TW": null, "FCLASS_IN": null, "FCLASS_NP": null, "FCLASS_PK": null, "FCLASS_DE": null, "FCLASS_GB": null, "FCLASS_BR": null, "FCLASS_IL": null, "FCLASS_PS": null, "FCLASS_SA": null, "FCLASS_EG": null, "FCLASS_MA": null, "FCLASS_PT": null, "FCLASS_AR": null, "FCLASS_JP": null, "FCLASS_KO": null, "FCLASS_VN": null, "FCLASS_TR": null, "FCLASS_ID": null, "FCLASS_PL": null, "FCLASS_GR": null, "FCLASS_IT": null, "FCLASS_NL": null, "FCLASS_SE": null, "FCLASS_BD": null, "FCLASS_UA": null, "FCLASS_TLC": null}, "bbox": [8.220004, 53.129999, 8.220004, 53.129999], "geometry": {"type": "Point", "coordinates": [8.220004, 53.129999]}}, {"type": "Feature", "properties": {"SCALERANK": 8, "NATSCALE": 10, "LABELRANK": 3, "FEATURECLA": "Populated place", "NAME": "Emden", "NAMEPAR": null, "NAMEALT": null, "NAMEASCII": "Emden", "ADM0CAP": 0, "CAPIN": null, "WORLDCITY": 0, "MEGACITY": 0, "SOV0NAME": "Germany", "SOV_A3": "DEU", "ADM0NAME": "Germany", "ADM0_A3": "DEU", "ADM1NAME": "Niedersachsen", "ISO_A2": "DE", "NOTE": null, "LATITUDE": 53.366677, "LONGITUDE": 7.216655, "POP_MAX": 51526, "POP_MIN": 48046, "POP_OTHER": 47092, "RANK_MAX": 8, "RANK_MIN": 7, "MEGANAME": null, "LS_NAME": "Emden", "MAX_POP10": 48046, "MAX_POP20": 0, "MAX_POP50": 0, "MAX_POP300": 0, "MAX_POP310": 0, "MAX_NATSCA": 10, "MIN_AREAKM": 34, "MAX_AREAKM": 34, "MIN_AREAMI": 13, "MAX_AREAMI": 13, "MIN_PERKM": 52, "MAX_PERKM": 52, "MIN_PERMI": 32, "MAX_PERMI": 32, "MIN_BBXMIN": 7.141667, "MAX_BBXMIN": 7.141667, "MIN_BBXMAX": 7.241667, "MAX_BBXMAX": 7.241667, "MIN_BBYMIN": 53.333333, "MAX_BBYMIN": 53.333333, "MIN_BBYMAX": 53.425, "MAX_BBYMAX": 53.425, "MEAN_BBXC": 7.198359, "MEAN_BBYC": 53.366667, "TIMEZONE": "Europe/Berlin", "UN_FID": 0, "POP1950": 0, "POP1955": 0, "POP1960": 0, "POP1965": 0, "POP1970": 0, "POP1975": 0, "POP1980": 0, "POP1985": 0, "POP1990": 0, "POP1995": 0, "POP2000": 0, "POP2005": 0, "POP2010": 0, "POP2015": 0, "POP2020": 0, "POP2025": 0, "POP2050": 0, "MIN_ZOOM": 7, "WIKIDATAID": "Q4174", "WOF_ID": 101748839, "CAPALT": 0, "NAME_EN": "Emden", "NAME_DE": "Emden", "NAME_ES": "Emden", "NAME_FR": "Emden", "NAME_PT": "Emden", "NAME_RU": "Эмден", "NAME_ZH": "埃姆登", "LABEL": null, "NAME_AR": "إمدن", "NAME_BN": "এমডেন", "NAME_EL": "Έμντεν", "NAME_HI": "एमडेन", "NAME_HU": "Emden", "NAME_ID": "Emden", "NAME_IT": "Emden", "NAME_JA": "エムデン", "NAME_KO": "엠덴", "NAME_NL": "Emden", "NAME_PL": "Emden", "NAME_SV": "Emden", "NAME_TR": "Emden", "NAME_VI": "Emden", "NE_ID": 1159130033, "NAME_FA": "امدن", "NAME_HE": "אמדן", "NAME_UK": "Емден", "NAME_UR": "ایمڈن", "NAME_ZHT": "埃姆登", "GEONAMESID": 2930596, "FCLASS_ISO": null, "FCLASS_US": null, "FCLASS_FR": null, "FCLASS_RU": null, "FCLASS_ES": null, "FCLASS_CN": null, "FCLASS_TW": null, "FCLASS_IN": null, "FCLASS_NP": null, "FCLASS_PK": null, "FCLASS_DE": null, "FCLASS_GB": null, "FCLASS_BR": null, "FCLASS_IL": null, "FCLASS_PS": null, "FCLASS_SA": null, "FCLASS_EG": null, "FCLASS_MA": null, "FCLASS_PT": null, "FCLASS_AR": null, "FCLASS_JP": null, "FCLASS_KO": null, "FCLASS_VN": null, "FCLASS_TR": null, "FCLASS_ID": null, "FCLASS_PL": null, "FCLASS_GR": null, "FCLASS_IT": null, "FCLASS_NL": null, "FCLASS_SE": null, "FCLASS_BD": null, "FCLASS_UA": null, "FCLASS_TLC": null}, "bbox": [7.216655, 53.366677, 7.216655, 53.366677], "geometry": {"type": "Point", "coordinates": [7.216655, 53.366677]}}, {"type": "Feature", "properties": {"SCALERANK": 8, "NATSCALE": 10, "LABELRANK": 3, "FEATURECLA": "Populated place", "NAME": "Braunschweig", "NAMEPAR": null, "NAMEALT": null, "NAMEASCII": "Braunschweig", "ADM0CAP": 0, "CAPIN": null, "WORLDCITY": 0, "MEGACITY": 0, "SOV0NAME": "Germany", "SOV_A3": "DEU", "ADM0NAME": "Germany", "ADM0_A3": "DEU", "ADM1NAME": "Niedersachsen", "ISO_A2": "DE", "NOTE": null, "LATITUDE": 52.249975, "LONGITUDE": 10.50002, "POP_MAX": 244715, "POP_MIN": 235054, "POP_OTHER": 228203, "RANK_MAX": 10, "RANK_MIN": 10, "MEGANAME": null, "LS_NAME": "Braunschweig", "MAX_POP10": 235054, "MAX_POP20": 0, "MAX_POP50": 0, "MAX_POP300": 0, "MAX_POP310": 0, "MAX_NATSCA": 10, "MIN_AREAKM": 117, "MAX_AREAKM": 117, "MIN_AREAMI": 45, "MAX_AREAMI": 45, "MIN_PERKM": 109, "MAX_PERKM": 109, "MIN_PERMI": 68, "MAX_PERMI": 68, "MIN_BBXMIN": 10.433333, "MAX_BBXMIN": 10.433333, "MIN_BBXMAX": 10.633333, "MAX_BBXMAX": 10.633333, "MIN_BBYMIN": 52.2, "MAX_BBYMIN": 52.2, "MIN_BBYMAX": 52.341667, "MAX_BBYMAX": 52.341667, "MEAN_BBXC": 10.527665, "MEAN_BBYC": 52.274437, "TIMEZONE": "Europe/Berlin", "UN_FID": 0, "POP1950": 0, "POP1955": 0, "POP1960": 0, "POP1965": 0, "POP1970": 0, "POP1975": 0, "POP1980": 0, "POP1985": 0, "POP1990": 0, "POP1995": 0, "POP2000": 0, "POP2005": 0, "POP2010": 0, "POP2015": 0, "POP2020": 0, "POP2025": 0, "POP2050": 0, "MIN_ZOOM": 7, "WIKIDATAID": "Q2773", "WOF_ID": 101909589, "CAPALT": 0, "NAME_EN": "Brunswick", "NAME_DE": "Braunschweig", "NAME_ES": "Brunswick", "NAME_FR": "Brunswick", "NAME_PT": "Brunsvique", "NAME_RU": "Брауншвейг", "NAME_ZH": "不伦瑞克", "LABEL": null, "NAME_AR": "براونشفايغ", "NAME_BN": "ব্রঞ্চউইগ", "NAME_EL": "Μπράουνσβαϊγκ", "NAME_HI": "ब्रंजविक", "NAME_HU": "Braunschweig", "NAME_ID": "Braunschweig", "NAME_IT": "Braunschweig", "NAME_JA": "ブラウンシュヴァイク", "NAME_KO": "브라운슈바이크", "NAME_NL": "Braunschweig", "NAME_PL": "Brunszwik", "NAME_SV": "Braunschweig", "NAME_TR": "Braunschweig", "NAME_VI": "Braunschweig", "NE_ID": 1159130037, "NAME_FA": "براونشوایگ", "NAME_HE": "בראונשווייג", "NAME_UK": "Брауншвейг", "NAME_UR": "برانشویگ", "NAME_ZHT": "不倫瑞克", "GEONAMESID": 2945024, "FCLASS_ISO": null, "FCLASS_US": null, "FCLASS_FR": null, "FCLASS_RU": null, "FCLASS_ES": null, "FCLASS_CN": null, "FCLASS_TW": null, "FCLASS_IN": null, "FCLASS_NP": null, "FCLASS_PK": null, "FCLASS_DE": null, "FCLASS_GB": null, "FCLASS_BR": null, "FCLASS_IL": null, "FCLASS_PS": null, "FCLASS_SA": null, "FCLASS_EG": null, "FCLASS_MA": null, "FCLASS_PT": null, "FCLASS_AR": null, "FCLASS_JP": null, "FCLASS_KO": null, "FCLASS_VN": null, "FCLASS_TR": null, "FCLASS_ID": null, "FCLASS_PL": null, "FCLASS_GR": null, "FCLASS_IT": null, "FCLASS_NL": null, "FCLASS_SE": null, "FCLASS_BD": null, "FCLASS_UA": null, "FCLASS_TLC": null}, "bbox": [10.50002, 52.249975, 10.50002, 52.249975], "geometry": {"type": "Point", "coordinates": [10.50002, 52.249975]}}, {"type": "Feature", "properties": {"SCALERANK": 8, "NATSCALE": 10, "LABELRANK": 3, "FEATURECLA": "Admin-1 capital", "NAME": "Erfurt", "NAMEPAR": null, "NAMEALT": null, "NAMEASCII": "Erfurt", "ADM0CAP": 0, "CAPIN": null, "WORLDCITY": 0, "MEGACITY": 0, "SOV0NAME": "Germany", "SOV_A3": "DEU", "ADM0NAME": "Germany", "ADM0_A3": "DEU", "ADM1NAME": "Thüringen", "ISO_A2": "DE", "NOTE": null, "LATITUDE": 50.970053, "LONGITUDE": 11.029962, "POP_MAX": 203254, "POP_MIN": 175476, "POP_OTHER": 169390, "RANK_MAX": 10, "RANK_MIN": 9, "MEGANAME": null, "LS_NAME": "Erfurt", "MAX_POP10": 175476, "MAX_POP20": 0, "MAX_POP50": 0, "MAX_POP300": 0, "MAX_POP310": 0, "MAX_NATSCA": 10, "MIN_AREAKM": 78, "MAX_AREAKM": 78, "MIN_AREAMI": 30, "MAX_AREAMI": 30, "MIN_PERKM": 92, "MAX_PERKM": 92, "MIN_PERMI": 57, "MAX_PERMI": 57, "MIN_BBXMIN": 10.958333, "MAX_BBXMIN": 10.958333, "MIN_BBXMAX": 11.133333, "MAX_BBXMAX": 11.133333, "MIN_BBYMIN": 50.916667, "MAX_BBYMIN": 50.916667, "MIN_BBYMAX": 51.05, "MAX_BBYMAX": 51.05, "MEAN_BBXC": 11.034062, "MEAN_BBYC": 50.982896, "TIMEZONE": "Europe/Berlin", "UN_FID": 0, "POP1950": 0, "POP1955": 0, "POP1960": 0, "POP1965": 0, "POP1970": 0, "POP1975": 0, "POP1980": 0, "POP1985": 0, "POP1990": 0, "POP1995": 0, "POP2000": 0, "POP2005": 0, "POP2010": 0, "POP2015": 0, "POP2020": 0, "POP2025": 0, "POP2050": 0, "MIN_ZOOM": 7, "WIKIDATAID": "Q1729", "WOF_ID": 101748625, "CAPALT": 0, "NAME_EN": "Erfurt", "NAME_DE": "Erfurt", "NAME_ES": "Érfurt", "NAME_FR": "Erfurt", "NAME_PT": "Erfurt", "NAME_RU": "Эрфурт", "NAME_ZH": "埃尔福特", "LABEL": null, "NAME_AR": "إرفورت", "NAME_BN": "এরফুর্ট", "NAME_EL": "Ερφούρτη", "NAME_HI": "अरफ़र्ट", "NAME_HU": "Erfurt", "NAME_ID": "Erfurt", "NAME_IT": "Erfurt", "NAME_JA": "エアフルト", "NAME_KO": "에르푸르트", "NAME_NL": "Erfurt", "NAME_PL": "Erfurt", "NAME_SV": "Erfurt", "NAME_TR": "Erfurt", "NAME_VI": "Erfurt", "NE_ID": 1159130041, "NAME_FA": "ارفورت", "NAME_HE": "ארפורט", "NAME_UK": "Ерфурт", "NAME_UR": "ارفرٹ", "NAME_ZHT": "艾福特", "GEONAMESID": 2929670, "FCLASS_ISO": null, "FCLASS_US": null, "FCLASS_FR": null, "FCLASS_RU": null, "FCLASS_ES": null, "FCLASS_CN": null, "FCLASS_TW": null, "FCLASS_IN": null, "FCLASS_NP": null, "FCLASS_PK": null, "FCLASS_DE": null, "FCLASS_GB": null, "FCLASS_BR": null, "FCLASS_IL": null, "FCLASS_PS": null, "FCLASS_SA": null, "FCLASS_EG": null, "FCLASS_MA": null, "FCLASS_PT": null, "FCLASS_AR": null, "FCLASS_JP": null, "FCLASS_KO": null, "FCLASS_VN": null, "FCLASS_TR": null, "FCLASS_ID": null, "FCLASS_PL": null, "FCLASS_GR": null, "FCLASS_IT": null, "FCLASS_NL": null, "FCLASS_SE": null, "FCLASS_BD": null, "FCLASS_UA": null, "FCLASS_TLC": null}, "bbox": [11.029962, 50.970053, 11.029962, 50.970053], "geometry": {"type": "Point", "coordinates": [11.029962, 50.970053]}}, {"type": "Feature", "properties": {"SCALERANK": 8, "NATSCALE": 10, "LABELRANK": 8, "FEATURECLA": "Admin-1 capital", "NAME": "Karlovac", "NAMEPAR": null, "NAMEALT": null, "NAMEASCII": "Karlovac", "ADM0CAP": 0, "CAPIN": null, "WORLDCITY": 0, "MEGACITY": 0, "SOV0NAME": "Croatia", "SOV_A3": "HRV", "ADM0NAME": "Croatia", "ADM0_A3": "HRV", "ADM1NAME": "Karlovacka", "ISO_A2": "HR", "NOTE": null, "LATITUDE": 45.487209, "LONGITUDE": 15.547774, "POP_MAX": 55063, "POP_MIN": 48123, "POP_OTHER": 54027, "RANK_MAX": 8, "RANK_MIN": 7, "MEGANAME": null, "LS_NAME": "Karlovac", "MAX_POP10": 55063, "MAX_POP20": 0, "MAX_POP50": 0, "MAX_POP300": 0, "MAX_POP310": 0, "MAX_NATSCA": 10, "MIN_AREAKM": 30, "MAX_AREAKM": 30, "MIN_AREAMI": 11, "MAX_AREAMI": 11, "MIN_PERKM": 43, "MAX_PERKM": 43, "MIN_PERMI": 27, "MAX_PERMI": 27, "MIN_BBXMIN": 15.508333, "MAX_BBXMIN": 15.508333, "MIN_BBXMAX": 15.583333, "MAX_BBXMAX": 15.583333, "MIN_BBYMIN": 45.45, "MAX_BBYMIN": 45.45, "MIN_BBYMAX": 45.541667, "MAX_BBYMAX": 45.541667, "MEAN_BBXC": 15.544983, "MEAN_BBYC": 45.490221, "TIMEZONE": "Europe/Zagreb", "UN_FID": 0, "POP1950": 0, "POP1955": 0, "POP1960": 0, "POP1965": 0, "POP1970": 0, "POP1975": 0, "POP1980": 0, "POP1985": 0, "POP1990": 0, "POP1995": 0, "POP2000": 0, "POP2005": 0, "POP2010": 0, "POP2015": 0, "POP2020": 0, "POP2025": 0, "POP2050": 0, "MIN_ZOOM": 7, "WIKIDATAID": "Q3617", "WOF_ID": 1141906533, "CAPALT": 0, "NAME_EN": "Karlovac", "NAME_DE": "Karlovac", "NAME_ES": "Karlovac", "NAME_FR": "Karlovac", "NAME_PT": "Karlovac", "NAME_RU": "Карловац", "NAME_ZH": "卡尔洛瓦茨", "LABEL": null, "NAME_AR": "كارلوفاتش", "NAME_BN": "কারলোভ্যাক", "NAME_EL": "Κάρλοβατς", "NAME_HI": "कार्लोवैक", "NAME_HU": "Károlyváros", "NAME_ID": "Karlovac", "NAME_IT": "Karlovac", "NAME_JA": "カルロヴァツ", "NAME_KO": "카를로바츠", "NAME_NL": "Karlovac", "NAME_PL": "Karlovac", "NAME_SV": "Karlovac", "NAME_TR": "Karlovac", "NAME_VI": "Karlovac", "NE_ID": 1159130047, "NAME_FA": "کارلواتس", "NAME_HE": "קרלובץ", "NAME_UK": "Карловац", "NAME_UR": "کارلوواتس", "NAME_ZHT": "卡爾洛瓦茨", "GEONAMESID": 3198259, "FCLASS_ISO": null, "FCLASS_US": null, "FCLASS_FR": null, "FCLASS_RU": null, "FCLASS_ES": null, "FCLASS_CN": null, "FCLASS_TW": null, "FCLASS_IN": null, "FCLASS_NP": null, "FCLASS_PK": null, "FCLASS_DE": null, "FCLASS_GB": null, "FCLASS_BR": null, "FCLASS_IL": null, "FCLASS_PS": null, "FCLASS_SA": null, "FCLASS_EG": null, "FCLASS_MA": null, "FCLASS_PT": null, "FCLASS_AR": null, "FCLASS_JP": null, "FCLASS_KO": null, "FCLASS_VN": null, "FCLASS_TR": null, "FCLASS_ID": null, "FCLASS_PL": null, "FCLASS_GR": null, "FCLASS_IT": null, "FCLASS_NL": null, "FCLASS_SE": null, "FCLASS_BD": null, "FCLASS_UA": null, "FCLASS_TLC": null}, "bbox": [15.547774, 45.487209, 15.547774, 45.487209], "geometry": {"type": "Point", "coordinates": [15.547774, 45.487209]}}, {"type": "Feature", "properties": {"SCALERANK": 8, "NATSCALE": 10, "LABELRANK": 8, "FEATURECLA": "Admin-1 capital", "NAME": "Rijeka", "NAMEPAR": null, "NAMEALT": null, "NAMEASCII": "Rijeka", "ADM0CAP": 0, "CAPIN": null, "WORLDCITY": 0, "MEGACITY": 0, "SOV0NAME": "Croatia", "SOV_A3": "HRV", "ADM0NAME": "Croatia", "ADM0_A3": "HRV", "ADM1NAME": "Primorsko-Goranska", "ISO_A2": "HR", "NOTE": null, "LATITUDE": 45.329984, "LONGITUDE": 14.450012, "POP_MAX": 170992, "POP_MIN": 141172, "POP_OTHER": 169383, "RANK_MAX": 9, "RANK_MIN": 9, "MEGANAME": null, "LS_NAME": "Rijeka", "MAX_POP10": 170992, "MAX_POP20": 0, "MAX_POP50": 0, "MAX_POP300": 0, "MAX_POP310": 0, "MAX_NATSCA": 10, "MIN_AREAKM": 71, "MAX_AREAKM": 71, "MIN_AREAMI": 28, "MAX_AREAMI": 28, "MIN_PERKM": 90, "MAX_PERKM": 90, "MIN_PERMI": 56, "MAX_PERMI": 56, "MIN_BBXMIN": 14.291667, "MAX_BBXMIN": 14.291667, "MIN_BBXMAX": 14.5, "MAX_BBXMAX": 14.5, "MIN_BBYMIN": 45.3, "MAX_BBYMIN": 45.3, "MIN_BBYMAX": 45.408333, "MAX_BBYMAX": 45.408333, "MEAN_BBXC": 14.389477, "MEAN_BBYC": 45.352895, "TIMEZONE": "Europe/Zagreb", "UN_FID": 0, "POP1950": 0, "POP1955": 0, "POP1960": 0, "POP1965": 0, "POP1970": 0, "POP1975": 0, "POP1980": 0, "POP1985": 0, "POP1990": 0, "POP1995": 0, "POP2000": 0, "POP2005": 0, "POP2010": 0, "POP2015": 0, "POP2020": 0, "POP2025": 0, "POP2050": 0, "MIN_ZOOM": 6.1, "WIKIDATAID": "Q1647", "WOF_ID": 101751775, "CAPALT": 0, "NAME_EN": "Rijeka", "NAME_DE": "Rijeka", "NAME_ES": "Rijeka", "NAME_FR": "Rijeka", "NAME_PT": "Rijeka", "NAME_RU": "Риека", "NAME_ZH": "里耶卡", "LABEL": null, "NAME_AR": "رييكا", "NAME_BN": "রিজেকা", "NAME_EL": "Ριέκα", "NAME_HI": "रिजेका", "NAME_HU": "Fiume", "NAME_ID": "Rijeka", "NAME_IT": "Fiume", "NAME_JA": "リエカ", "NAME_KO": "리예카", "NAME_NL": "Rijeka", "NAME_PL": "Rijeka", "NAME_SV": "Rijeka", "NAME_TR": "Rijeka", "NAME_VI": "Rijeka", "NE_ID": 1159130051, "NAME_FA": "رییکا", "NAME_HE": "רייקה", "NAME_UK": "Рієка", "NAME_UR": "ریئکا", "NAME_ZHT": "里耶卡", "GEONAMESID": 3191648, "FCLASS_ISO": null, "FCLASS_US": null, "FCLASS_FR": null, "FCLASS_RU": null, "FCLASS_ES": null, "FCLASS_CN": null, "FCLASS_TW": null, "FCLASS_IN": null, "FCLASS_NP": null, "FCLASS_PK": null, "FCLASS_DE": null, "FCLASS_GB": null, "FCLASS_BR": null, "FCLASS_IL": null, "FCLASS_PS": null, "FCLASS_SA": null, "FCLASS_EG": null, "FCLASS_MA": null, "FCLASS_PT": null, "FCLASS_AR": null, "FCLASS_JP": null, "FCLASS_KO": null, "FCLASS_VN": null, "FCLASS_TR": null, "FCLASS_ID": null, "FCLASS_PL": null, "FCLASS_GR": null, "FCLASS_IT": null, "FCLASS_NL": null, "FCLASS_SE": null, "FCLASS_BD": null, "FCLASS_UA": null, "FCLASS_TLC": null}, "bbox": [14.450012, 45.329984, 14.450012, 45.329984], "geometry": {"type": "Point", "coordinates": [14.450012, 45.329984]}}, {"type": "Feature", "properties": {"SCALERANK": 8, "NATSCALE": 10, "LABELRANK": 3, "FEATURECLA": "Populated place", "NAME": "Coburg", "NAMEPAR": null, "NAMEALT": null, "NAMEASCII": "Coburg", "ADM0CAP": 0, "CAPIN": null, "WORLDCITY": 0, "MEGACITY": 0, "SOV0NAME": "Germany", "SOV_A3": "DEU", "ADM0NAME": "Germany", "ADM0_A3": "DEU", "ADM1NAME": "Bayern", "ISO_A2": "DE", "NOTE": null, "LATITUDE": 50.266608, "LONGITUDE": 10.966607, "POP_MAX": 61054, "POP_MIN": 41901, "POP_OTHER": 55170, "RANK_MAX": 8, "RANK_MIN": 7, "MEGANAME": null, "LS_NAME": "Coburg", "MAX_POP10": 61054, "MAX_POP20": 0, "MAX_POP50": 0, "MAX_POP300": 0, "MAX_POP310": 0, "MAX_NATSCA": 10, "MIN_AREAKM": 46, "MAX_AREAKM": 46, "MIN_AREAMI": 18, "MAX_AREAMI": 18, "MIN_PERKM": 74, "MAX_PERKM": 74, "MIN_PERMI": 46, "MAX_PERMI": 46, "MIN_BBXMIN": 10.916667, "MAX_BBXMIN": 10.916667, "MIN_BBXMAX": 11.066667, "MAX_BBXMAX": 11.066667, "MIN_BBYMIN": 50.191667, "MAX_BBYMIN": 50.191667, "MIN_BBYMAX": 50.316667, "MAX_BBYMAX": 50.316667, "MEAN_BBXC": 10.980456, "MEAN_BBYC": 50.26131, "TIMEZONE": "Europe/Berlin", "UN_FID": 0, "POP1950": 0, "POP1955": 0, "POP1960": 0, "POP1965": 0, "POP1970": 0, "POP1975": 0, "POP1980": 0, "POP1985": 0, "POP1990": 0, "POP1995": 0, "POP2000": 0, "POP2005": 0, "POP2010": 0, "POP2015": 0, "POP2020": 0, "POP2025": 0, "POP2050": 0, "MIN_ZOOM": 7, "WIKIDATAID": "Q14821", "WOF_ID": 101841155, "CAPALT": 0, "NAME_EN": "Coburg", "NAME_DE": "Coburg", "NAME_ES": "Coburgo", "NAME_FR": "Cobourg", "NAME_PT": "Coburgo", "NAME_RU": "Кобург", "NAME_ZH": "科堡", "LABEL": null, "NAME_AR": "كوبورغ", "NAME_BN": "কোবুর্গ", "NAME_EL": "Κόμπουργκ", "NAME_HI": "कोबर्ग", "NAME_HU": "Coburg", "NAME_ID": "Coburg", "NAME_IT": "Coburgo", "NAME_JA": "コーブルク", "NAME_KO": "코부르크", "NAME_NL": "Coburg", "NAME_PL": "Coburg", "NAME_SV": "Coburg", "NAME_TR": "Coburg", "NAME_VI": "Coburg", "NE_ID": 1159130055, "NAME_FA": "کوبوگ", "NAME_HE": "קובורג", "NAME_UK": "Кобург", "NAME_UR": "کوبرگ", "NAME_ZHT": "科堡", "GEONAMESID": 2939951, "FCLASS_ISO": null, "FCLASS_US": null, "FCLASS_FR": null, "FCLASS_RU": null, "FCLASS_ES": null, "FCLASS_CN": null, "FCLASS_TW": null, "FCLASS_IN": null, "FCLASS_NP": null, "FCLASS_PK": null, "FCLASS_DE": null, "FCLASS_GB": null, "FCLASS_BR": null, "FCLASS_IL": null, "FCLASS_PS": null, "FCLASS_SA": null, "FCLASS_EG": null, "FCLASS_MA": null, "FCLASS_PT": null, "FCLASS_AR": null, "FCLASS_JP": null, "FCLASS_KO": null, "FCLASS_VN": null, "FCLASS_TR": null, "FCLASS_ID": null, "FCLASS_PL": null, "FCLASS_GR": null, "FCLASS_IT": null, "FCLASS_NL": null, "FCLASS_SE": null, "FCLASS_BD": null, "FCLASS_UA": null, "FCLASS_TLC": null}, "bbox": [10.966607, 50.266607, 10.966607, 50.266607], "geometry": {"type": "Point", "coordinates": [10.966607, 50.266607]}}, {"type": "Feature", "properties": {"SCALERANK": 8, "NATSCALE": 10, "LABELRANK": 3, "FEATURECLA": "Populated place", "NAME": "Augsburg", "NAMEPAR": null, "NAMEALT": null, "NAMEASCII": "Augsburg", "ADM0CAP": 0, "CAPIN": null, "WORLDCITY": 0, "MEGACITY": 0, "SOV0NAME": "Germany", "SOV_A3": "DEU", "ADM0NAME": "Germany", "ADM0_A3": "DEU", "ADM1NAME": "Bayern", "ISO_A2": "DE", "NOTE": null, "LATITUDE": 48.350006, "LONGITUDE": 10.899996, "POP_MAX": 358989, "POP_MIN": 259196, "POP_OTHER": 348396, "RANK_MAX": 10, "RANK_MIN": 10, "MEGANAME": null, "LS_NAME": "Augsburg", "MAX_POP10": 358989, "MAX_POP20": 0, "MAX_POP50": 0, "MAX_POP300": 0, "MAX_POP310": 0, "MAX_NATSCA": 10, "MIN_AREAKM": 153, "MAX_AREAKM": 153, "MIN_AREAMI": 59, "MAX_AREAMI": 59, "MIN_PERKM": 146, "MAX_PERKM": 146, "MIN_PERMI": 91, "MAX_PERMI": 91, "MIN_BBXMIN": 10.791667, "MAX_BBXMIN": 10.791667, "MIN_BBXMAX": 11.016667, "MAX_BBXMAX": 11.016667, "MIN_BBYMIN": 48.241667, "MAX_BBYMIN": 48.241667, "MIN_BBYMAX": 48.475, "MAX_BBYMAX": 48.475, "MEAN_BBXC": 10.890672, "MEAN_BBYC": 48.368657, "TIMEZONE": "Europe/Berlin", "UN_FID": 0, "POP1950": 0, "POP1955": 0, "POP1960": 0, "POP1965": 0, "POP1970": 0, "POP1975": 0, "POP1980": 0, "POP1985": 0, "POP1990": 0, "POP1995": 0, "POP2000": 0, "POP2005": 0, "POP2010": 0, "POP2015": 0, "POP2020": 0, "POP2025": 0, "POP2050": 0, "MIN_ZOOM": 7, "WIKIDATAID": "Q2749", "WOF_ID": 101748481, "CAPALT": 0, "NAME_EN": "Augsburg", "NAME_DE": "Augsburg", "NAME_ES": "Augsburgo", "NAME_FR": "Augsbourg", "NAME_PT": "Augsburgo", "NAME_RU": "Аугсбург", "NAME_ZH": "奥格斯堡", "LABEL": null, "NAME_AR": "آوغسبورغ", "NAME_BN": "আউগসবুর্গ", "NAME_EL": "Άουγκσμπουργκ", "NAME_HI": "औग्स्बुर्ग", "NAME_HU": "Augsburg", "NAME_ID": "Augsburg", "NAME_IT": "Augusta", "NAME_JA": "アウクスブルク", "NAME_KO": "아우크스부르크", "NAME_NL": "Augsburg", "NAME_PL": "Augsburg", "NAME_SV": "Augsburg", "NAME_TR": "Augsburg", "NAME_VI": "Augsburg", "NE_ID": 1159130059, "NAME_FA": "آوگسبورگ", "NAME_HE": "אאוגסבורג", "NAME_UK": "Аугсбург", "NAME_UR": "اوجسبورج", "NAME_ZHT": "奧格斯堡", "GEONAMESID": 2954172, "FCLASS_ISO": null, "FCLASS_US": null, "FCLASS_FR": null, "FCLASS_RU": null, "FCLASS_ES": null, "FCLASS_CN": null, "FCLASS_TW": null, "FCLASS_IN": null, "FCLASS_NP": null, "FCLASS_PK": null, "FCLASS_DE": null, "FCLASS_GB": null, "FCLASS_BR": null, "FCLASS_IL": null, "FCLASS_PS": null, "FCLASS_SA": null, "FCLASS_EG": null, "FCLASS_MA": null, "FCLASS_PT": null, "FCLASS_AR": null, "FCLASS_JP": null, "FCLASS_KO": null, "FCLASS_VN": null, "FCLASS_TR": null, "FCLASS_ID": null, "FCLASS_PL": null, "FCLASS_GR": null, "FCLASS_IT": null, "FCLASS_NL": null, "FCLASS_SE": null, "FCLASS_BD": null, "FCLASS_UA": null, "FCLASS_TLC": null}, "bbox": [10.899996, 48.350006, 10.899996, 48.350006], "geometry": {"type": "Point", "coordinates": [10.899996, 48.350006]}}, {"type": "Feature", "properties": {"SCALERANK": 8, "NATSCALE": 10, "LABELRANK": 3, "FEATURECLA": "Populated place", "NAME": "Fürth", "NAMEPAR": null, "NAMEALT": null, "NAMEASCII": "Furth", "ADM0CAP": 0, "CAPIN": null, "WORLDCITY": 0, "MEGACITY": 0, "SOV0NAME": "Germany", "SOV_A3": "DEU", "ADM0NAME": "Germany", "ADM0_A3": "DEU", "ADM1NAME": "Bayern", "ISO_A2": "DE", "NOTE": null, "LATITUDE": 49.470015, "LONGITUDE": 10.99999, "POP_MAX": 237844, "POP_MIN": 112025, "POP_OTHER": 223627, "RANK_MAX": 10, "RANK_MIN": 9, "MEGANAME": null, "LS_NAME": "Furth", "MAX_POP10": 237844, "MAX_POP20": 0, "MAX_POP50": 0, "MAX_POP300": 0, "MAX_POP310": 0, "MAX_NATSCA": 10, "MIN_AREAKM": 105, "MAX_AREAKM": 105, "MIN_AREAMI": 40, "MAX_AREAMI": 40, "MIN_PERKM": 104, "MAX_PERKM": 104, "MIN_PERMI": 65, "MAX_PERMI": 65, "MIN_BBXMIN": 10.908333, "MAX_BBXMIN": 10.908333, "MIN_BBXMAX": 11.056242, "MAX_BBXMAX": 11.056242, "MIN_BBYMIN": 49.366902, "MAX_BBYMIN": 49.366902, "MIN_BBYMAX": 49.558333, "MAX_BBYMAX": 49.558333, "MEAN_BBXC": 10.986789, "MEAN_BBYC": 49.469158, "TIMEZONE": "Europe/Berlin", "UN_FID": 0, "POP1950": 0, "POP1955": 0, "POP1960": 0, "POP1965": 0, "POP1970": 0, "POP1975": 0, "POP1980": 0, "POP1985": 0, "POP1990": 0, "POP1995": 0, "POP2000": 0, "POP2005": 0, "POP2010": 0, "POP2015": 0, "POP2020": 0, "POP2025": 0, "POP2050": 0, "MIN_ZOOM": 7, "WIKIDATAID": "Q3075", "WOF_ID": 101748545, "CAPALT": 0, "NAME_EN": "Fürth", "NAME_DE": "Fürth", "NAME_ES": "Fürth", "NAME_FR": "Fürth", "NAME_PT": "Fürth", "NAME_RU": "Фюрт", "NAME_ZH": "菲尔特", "LABEL": null, "NAME_AR": "فورت", "NAME_BN": "ফাথ", "NAME_EL": "Φυρτ", "NAME_HI": "फर्थ", "NAME_HU": "Fürth", "NAME_ID": "Fürth", "NAME_IT": "Fürth", "NAME_JA": "フュルト", "NAME_KO": "퓌르트", "NAME_NL": "Fürth", "NAME_PL": "Fürth", "NAME_SV": "Fürth", "NAME_TR": "Fürth", "NAME_VI": "Fürth", "NE_ID": 1159130065, "NAME_FA": "فورت", "NAME_HE": "פירט", "NAME_UK": "Фюрт", "NAME_UR": "فورتھ", "NAME_ZHT": "菲爾特", "GEONAMESID": 2923544, "FCLASS_ISO": null, "FCLASS_US": null, "FCLASS_FR": null, "FCLASS_RU": null, "FCLASS_ES": null, "FCLASS_CN": null, "FCLASS_TW": null, "FCLASS_IN": null, "FCLASS_NP": null, "FCLASS_PK": null, "FCLASS_DE": null, "FCLASS_GB": null, "FCLASS_BR": null, "FCLASS_IL": null, "FCLASS_PS": null, "FCLASS_SA": null, "FCLASS_EG": null, "FCLASS_MA": null, "FCLASS_PT": null, "FCLASS_AR": null, "FCLASS_JP": null, "FCLASS_KO": null, "FCLASS_VN": null, "FCLASS_TR": null, "FCLASS_ID": null, "FCLASS_PL": null, "FCLASS_GR": null, "FCLASS_IT": null, "FCLASS_NL": null, "FCLASS_SE": null, "FCLASS_BD": null, "FCLASS_UA": null, "FCLASS_TLC": null}, "bbox": [10.99999, 49.470015, 10.99999, 49.470015], "geometry": {"type": "Point", "coordinates": [10.99999, 49.470015]}}, {"type": "Feature", "properties": {"SCALERANK": 8, "NATSCALE": 10, "LABELRANK": 7, "FEATURECLA": "Admin-1 capital", "NAME": "České Budějovice", "NAMEPAR": null, "NAMEALT": null, "NAMEASCII": "Ceske Budejovice", "ADM0CAP": 0, "CAPIN": null, "WORLDCITY": 0, "MEGACITY": 0, "SOV0NAME": "Czechia", "SOV_A3": "CZE", "ADM0NAME": "Czechia", "ADM0_A3": "CZE", "ADM1NAME": "Jihoceský", "ISO_A2": "CZ", "NOTE": null, "LATITUDE": 48.980019, "LONGITUDE": 14.460037, "POP_MAX": 98851, "POP_MIN": 96053, "POP_OTHER": 98341, "RANK_MAX": 8, "RANK_MIN": 8, "MEGANAME": null, "LS_NAME": "Ceske Budejovice", "MAX_POP10": 98851, "MAX_POP20": 0, "MAX_POP50": 0, "MAX_POP300": 0, "MAX_POP310": 0, "MAX_NATSCA": 10, "MIN_AREAKM": 34, "MAX_AREAKM": 34, "MIN_AREAMI": 13, "MAX_AREAMI": 13, "MIN_PERKM": 39, "MAX_PERKM": 39, "MIN_PERMI": 24, "MAX_PERMI": 24, "MIN_BBXMIN": 14.425, "MAX_BBXMIN": 14.425, "MIN_BBXMAX": 14.533333, "MAX_BBXMAX": 14.533333, "MIN_BBYMIN": 48.941667, "MAX_BBYMIN": 48.941667, "MIN_BBYMAX": 49.008333, "MAX_BBYMAX": 49.008333, "MEAN_BBXC": 14.480806, "MEAN_BBYC": 48.977527, "TIMEZONE": "Europe/Prague", "UN_FID": 0, "POP1950": 0, "POP1955": 0, "POP1960": 0, "POP1965": 0, "POP1970": 0, "POP1975": 0, "POP1980": 0, "POP1985": 0, "POP1990": 0, "POP1995": 0, "POP2000": 0, "POP2005": 0, "POP2010": 0, "POP2015": 0, "POP2020": 0, "POP2025": 0, "POP2050": 0, "MIN_ZOOM": 7, "WIKIDATAID": "Q16506", "WOF_ID": 101748103, "CAPALT": 0, "NAME_EN": "České Budějovice", "NAME_DE": "České Budějovice", "NAME_ES": "České Budějovice", "NAME_FR": "České Budějovice", "NAME_PT": "České Budějovice", "NAME_RU": "Ческе-Будеёвице", "NAME_ZH": "捷克布杰约维采", "LABEL": null, "NAME_AR": "تشيسكي بوديوفيتسه", "NAME_BN": "চেস্কে বুদেজোভিসে", "NAME_EL": "Τσέσκε Μπουντεγιόβιτσε", "NAME_HI": "चेक बुदजोवीस", "NAME_HU": "České Budějovice", "NAME_ID": "České Budějovice", "NAME_IT": "České Budějovice", "NAME_JA": "チェスケー・ブジェヨヴィツェ", "NAME_KO": "체스케부데요비체", "NAME_NL": "České Budějovice", "NAME_PL": "Czeskie Budziejowice", "NAME_SV": "České Budějovice", "NAME_TR": "České Budějovice", "NAME_VI": "České Budějovice", "NE_ID": 1159130069, "NAME_FA": "چسکه بودیوویتسه", "NAME_HE": "צ'סקה בודייוביצה", "NAME_UK": "Чеські Будейовиці", "NAME_UR": "چسکے بودییوویتسے", "NAME_ZHT": "捷克布傑約維采", "GEONAMESID": 3077916, "FCLASS_ISO": null, "FCLASS_US": null, "FCLASS_FR": null, "FCLASS_RU": null, "FCLASS_ES": null, "FCLASS_CN": null, "FCLASS_TW": null, "FCLASS_IN": null, "FCLASS_NP": null, "FCLASS_PK": null, "FCLASS_DE": null, "FCLASS_GB": null, "FCLASS_BR": null, "FCLASS_IL": null, "FCLASS_PS": null, "FCLASS_SA": null, "FCLASS_EG": null, "FCLASS_MA": null, "FCLASS_PT": null, "FCLASS_AR": null, "FCLASS_JP": null, "FCLASS_KO": null, "FCLASS_VN": null, "FCLASS_TR": null, "FCLASS_ID": null, "FCLASS_PL": null, "FCLASS_GR": null, "FCLASS_IT": null, "FCLASS_NL": null, "FCLASS_SE": null, "FCLASS_BD": null, "FCLASS_UA": null, "FCLASS_TLC": null}, "bbox": [14.460037, 48.980019, 14.460037, 48.980019], "geometry": {"type": "Point", "coordinates": [14.460037, 48.980019]}}, {"type": "Feature", "properties": {"SCALERANK": 8, "NATSCALE": 10, "LABELRANK": 7, "FEATURECLA": "Admin-1 capital", "NAME": "Liberec", "NAMEPAR": null, "NAMEALT": null, "NAMEASCII": "Liberec", "ADM0CAP": 0, "CAPIN": null, "WORLDCITY": 0, "MEGACITY": 0, "SOV0NAME": "Czechia", "SOV_A3": "CZE", "ADM0NAME": "Czechia", "ADM0_A3": "CZE", "ADM1NAME": "Liberecký", "ISO_A2": "CZ", "NOTE": null, "LATITUDE": 50.79996, "LONGITUDE": 15.079999, "POP_MAX": 102175, "POP_MIN": 97770, "POP_OTHER": 0, "RANK_MAX": 9, "RANK_MIN": 8, "MEGANAME": null, "LS_NAME": "Liberec", "MAX_POP10": 102175, "MAX_POP20": 0, "MAX_POP50": 0, "MAX_POP300": 0, "MAX_POP310": 0, "MAX_NATSCA": 10, "MIN_AREAKM": 48, "MAX_AREAKM": 48, "MIN_AREAMI": 19, "MAX_AREAMI": 19, "MIN_PERKM": 58, "MAX_PERKM": 58, "MIN_PERMI": 36, "MAX_PERMI": 36, "MIN_BBXMIN": 15, "MAX_BBXMIN": 15, "MIN_BBXMAX": 15.125, "MAX_BBXMAX": 15.125, "MIN_BBYMIN": 50.716667, "MAX_BBYMIN": 50.716667, "MIN_BBYMAX": 50.8, "MAX_BBYMAX": 50.8, "MEAN_BBXC": 15.05928, "MEAN_BBYC": 50.759091, "TIMEZONE": "Europe/Prague", "UN_FID": 0, "POP1950": 0, "POP1955": 0, "POP1960": 0, "POP1965": 0, "POP1970": 0, "POP1975": 0, "POP1980": 0, "POP1985": 0, "POP1990": 0, "POP1995": 0, "POP2000": 0, "POP2005": 0, "POP2010": 0, "POP2015": 0, "POP2020": 0, "POP2025": 0, "POP2050": 0, "MIN_ZOOM": 7, "WIKIDATAID": "Q146351", "WOF_ID": 101748147, "CAPALT": 0, "NAME_EN": "Liberec", "NAME_DE": "Liberec", "NAME_ES": "Liberec", "NAME_FR": "Liberec", "NAME_PT": "Liberec", "NAME_RU": "Либерец", "NAME_ZH": "利贝雷茨", "LABEL": null, "NAME_AR": "ليبيريتس", "NAME_BN": "লিব্রেস", "NAME_EL": "Λίμπερετς", "NAME_HI": "लिबेरिक", "NAME_HU": "Liberec", "NAME_ID": "Liberec", "NAME_IT": "Liberec", "NAME_JA": "リベレツ", "NAME_KO": "리베레츠", "NAME_NL": "Liberec", "NAME_PL": "Liberec", "NAME_SV": "Liberec", "NAME_TR": "Liberec", "NAME_VI": "Liberec", "NE_ID": 1159130073, "NAME_FA": "لیبرتس", "NAME_HE": "ליברץ", "NAME_UK": "Ліберець", "NAME_UR": "لیبرتس", "NAME_ZHT": "利貝雷茨", "GEONAMESID": 3071961, "FCLASS_ISO": null, "FCLASS_US": null, "FCLASS_FR": null, "FCLASS_RU": null, "FCLASS_ES": null, "FCLASS_CN": null, "FCLASS_TW": null, "FCLASS_IN": null, "FCLASS_NP": null, "FCLASS_PK": null, "FCLASS_DE": null, "FCLASS_GB": null, "FCLASS_BR": null, "FCLASS_IL": null, "FCLASS_PS": null, "FCLASS_SA": null, "FCLASS_EG": null, "FCLASS_MA": null, "FCLASS_PT": null, "FCLASS_AR": null, "FCLASS_JP": null, "FCLASS_KO": null, "FCLASS_VN": null, "FCLASS_TR": null, "FCLASS_ID": null, "FCLASS_PL": null, "FCLASS_GR": null, "FCLASS_IT": null, "FCLASS_NL": null, "FCLASS_SE": null, "FCLASS_BD": null, "FCLASS_UA": null, "FCLASS_TLC": null}, "bbox": [15.079999, 50.79996, 15.079999, 50.79996], "geometry": {"type": "Point", "coordinates": [15.079999, 50.79996]}}, {"type": "Feature", "properties": {"SCALERANK": 8, "NATSCALE": 10, "LABELRANK": 3, "FEATURECLA": "Populated place", "NAME": "Chemnitz", "NAMEPAR": null, "NAMEALT": null, "NAMEASCII": "Chemnitz", "ADM0CAP": 0, "CAPIN": null, "WORLDCITY": 0, "MEGACITY": 0, "SOV0NAME": "Germany", "SOV_A3": "DEU", "ADM0NAME": "Germany", "ADM0_A3": "DEU", "ADM1NAME": "Sachsen", "ISO_A2": "DE", "NOTE": null, "LATITUDE": 50.829984, "LONGITUDE": 12.919976, "POP_MAX": 302643, "POP_MIN": 247220, "POP_OTHER": 285018, "RANK_MAX": 10, "RANK_MIN": 10, "MEGANAME": null, "LS_NAME": "Chemnitz", "MAX_POP10": 302643, "MAX_POP20": 0, "MAX_POP50": 0, "MAX_POP300": 0, "MAX_POP310": 0, "MAX_NATSCA": 10, "MIN_AREAKM": 170, "MAX_AREAKM": 170, "MIN_AREAMI": 66, "MAX_AREAMI": 66, "MIN_PERKM": 220, "MAX_PERKM": 220, "MIN_PERMI": 137, "MAX_PERMI": 137, "MIN_BBXMIN": 12.675, "MAX_BBXMIN": 12.675, "MIN_BBXMAX": 12.991667, "MAX_BBXMAX": 12.991667, "MIN_BBYMIN": 50.75, "MAX_BBYMIN": 50.75, "MIN_BBYMAX": 50.933333, "MAX_BBYMAX": 50.933333, "MEAN_BBXC": 12.865748, "MEAN_BBYC": 50.840216, "TIMEZONE": "Europe/Berlin", "UN_FID": 0, "POP1950": 0, "POP1955": 0, "POP1960": 0, "POP1965": 0, "POP1970": 0, "POP1975": 0, "POP1980": 0, "POP1985": 0, "POP1990": 0, "POP1995": 0, "POP2000": 0, "POP2005": 0, "POP2010": 0, "POP2015": 0, "POP2020": 0, "POP2025": 0, "POP2050": 0, "MIN_ZOOM": 7, "WIKIDATAID": "Q2795", "WOF_ID": 101748601, "CAPALT": 0, "NAME_EN": "Chemnitz", "NAME_DE": "Chemnitz", "NAME_ES": "Chemnitz", "NAME_FR": "Chemnitz", "NAME_PT": "Chemnitz", "NAME_RU": "Хемниц", "NAME_ZH": "开姆尼茨", "LABEL": null, "NAME_AR": "كيمنتس", "NAME_BN": "চেমনিতয", "NAME_EL": "Κέμνιτς", "NAME_HI": "केम्नित्ज़", "NAME_HU": "Chemnitz", "NAME_ID": "Chemnitz", "NAME_IT": "Chemnitz", "NAME_JA": "ケムニッツ", "NAME_KO": "켐니츠", "NAME_NL": "Chemnitz", "NAME_PL": "Chemnitz", "NAME_SV": "Chemnitz", "NAME_TR": "Chemnitz", "NAME_VI": "Chemnitz", "NE_ID": 1159130077, "NAME_FA": "کمنیتز", "NAME_HE": "קמניץ", "NAME_UK": "Хемніц", "NAME_UR": "چیمنٹز", "NAME_ZHT": "肯尼茲", "GEONAMESID": 2940132, "FCLASS_ISO": null, "FCLASS_US": null, "FCLASS_FR": null, "FCLASS_RU": null, "FCLASS_ES": null, "FCLASS_CN": null, "FCLASS_TW": null, "FCLASS_IN": null, "FCLASS_NP": null, "FCLASS_PK": null, "FCLASS_DE": null, "FCLASS_GB": null, "FCLASS_BR": null, "FCLASS_IL": null, "FCLASS_PS": null, "FCLASS_SA": null, "FCLASS_EG": null, "FCLASS_MA": null, "FCLASS_PT": null, "FCLASS_AR": null, "FCLASS_JP": null, "FCLASS_KO": null, "FCLASS_VN": null, "FCLASS_TR": null, "FCLASS_ID": null, "FCLASS_PL": null, "FCLASS_GR": null, "FCLASS_IT": null, "FCLASS_NL": null, "FCLASS_SE": null, "FCLASS_BD": null, "FCLASS_UA": null, "FCLASS_TLC": null}, "bbox": [12.919976, 50.829984, 12.919976, 50.829984], "geometry": {"type": "Point", "coordinates": [12.919976, 50.829984]}}, {"type": "Feature", "properties": {"SCALERANK": 8, "NATSCALE": 10, "LABELRANK": 3, "FEATURECLA": "Populated place", "NAME": "St.-Brieuc", "NAMEPAR": null, "NAMEALT": null, "NAMEASCII": "St.-Brieuc", "ADM0CAP": 0, "CAPIN": null, "WORLDCITY": 0, "MEGACITY": 0, "SOV0NAME": "French Republic", "SOV_A3": "FRA", "ADM0NAME": "France", "ADM0_A3": "FRA", "ADM1NAME": "Bretagne", "ISO_A2": "FR", "NOTE": null, "LATITUDE": 48.516663, "LONGITUDE": -2.783303, "POP_MAX": 53223, "POP_MIN": 52774, "POP_OTHER": 49686, "RANK_MAX": 8, "RANK_MIN": 8, "MEGANAME": null, "LS_NAME": "St.-Brieuc", "MAX_POP10": 53223, "MAX_POP20": 0, "MAX_POP50": 0, "MAX_POP300": 0, "MAX_POP310": 0, "MAX_NATSCA": 10, "MIN_AREAKM": 57, "MAX_AREAKM": 57, "MIN_AREAMI": 22, "MAX_AREAMI": 22, "MIN_PERKM": 79, "MAX_PERKM": 79, "MIN_PERMI": 49, "MAX_PERMI": 49, "MIN_BBXMIN": -2.825, "MAX_BBXMIN": -2.825, "MIN_BBXMAX": -2.633333, "MAX_BBXMAX": -2.633333, "MIN_BBYMIN": 48.458333, "MAX_BBYMIN": 48.458333, "MIN_BBYMAX": 48.558333, "MAX_BBYMAX": 48.558333, "MEAN_BBXC": -2.747417, "MEAN_BBYC": 48.505583, "TIMEZONE": "Europe/Paris", "UN_FID": 0, "POP1950": 0, "POP1955": 0, "POP1960": 0, "POP1965": 0, "POP1970": 0, "POP1975": 0, "POP1980": 0, "POP1985": 0, "POP1990": 0, "POP1995": 0, "POP2000": 0, "POP2005": 0, "POP2010": 0, "POP2015": 0, "POP2020": 0, "POP2025": 0, "POP2050": 0, "MIN_ZOOM": 7, "WIKIDATAID": "Q29234", "WOF_ID": 101828315, "CAPALT": 0, "NAME_EN": "Saint-Brieuc", "NAME_DE": "Saint-Brieuc", "NAME_ES": "Saint-Brieuc", "NAME_FR": "Saint-Brieuc", "NAME_PT": "Saint-Brieuc", "NAME_RU": "Сен-Бриё", "NAME_ZH": "圣布里厄", "LABEL": null, "NAME_AR": "سانت بريوك", "NAME_BN": "সাঁ-ব্রিয়ো", "NAME_EL": "Σαιν-Μπριέκ", "NAME_HI": "सेंट-ब्रियूक", "NAME_HU": "Saint-Brieuc", "NAME_ID": "Saint-Brieuc", "NAME_IT": "Saint-Brieuc", "NAME_JA": "サン＝ブリユー", "NAME_KO": "생브리외", "NAME_NL": "Saint-Brieuc", "NAME_PL": "Saint-Brieuc", "NAME_SV": "Saint-Brieuc", "NAME_TR": "Saint-Brieuc", "NAME_VI": "Saint-Brieuc", "NE_ID": 1159130481, "NAME_FA": "سن بریوک", "NAME_HE": "סן-בריו", "NAME_UK": "Сен-Бріє", "NAME_UR": "سینٹ-بریک", "NAME_ZHT": "聖布里厄", "GEONAMESID": 2981280, "FCLASS_ISO": null, "FCLASS_US": null, "FCLASS_FR": null, "FCLASS_RU": null, "FCLASS_ES": null, "FCLASS_CN": null, "FCLASS_TW": null, "FCLASS_IN": null, "FCLASS_NP": null, "FCLASS_PK": null, "FCLASS_DE": null, "FCLASS_GB": null, "FCLASS_BR": null, "FCLASS_IL": null, "FCLASS_PS": null, "FCLASS_SA": null, "FCLASS_EG": null, "FCLASS_MA": null, "FCLASS_PT": null, "FCLASS_AR": null, "FCLASS_JP": null, "FCLASS_KO": null, "FCLASS_VN": null, "FCLASS_TR": null, "FCLASS_ID": null, "FCLASS_PL": null, "FCLASS_GR": null, "FCLASS_IT": null, "FCLASS_NL": null, "FCLASS_SE": null, "FCLASS_BD": null, "FCLASS_UA": null, "FCLASS_TLC": null}, "bbox": [-2.783303, 48.516663, -2.783303, 48.516663], "geometry": {"type": "Point", "coordinates": [-2.783303, 48.516663]}}, {"type": "Feature", "properties": {"SCALERANK": 8, "NATSCALE": 10, "LABELRANK": 3, "FEATURECLA": "Admin-1 region capital", "NAME": "Poitier", "NAMEPAR": null, "NAMEALT": "Poitiers", "NAMEASCII": "Poitier", "ADM0CAP": 0, "CAPIN": null, "WORLDCITY": 0, "MEGACITY": 0, "SOV0NAME": "French Republic", "SOV_A3": "FRA", "ADM0NAME": "France", "ADM0_A3": "FRA", "ADM1NAME": "Poitou-Charentes", "ISO_A2": "FR", "NOTE": null, "LATITUDE": 46.583292, "LONGITUDE": 0.333277, "POP_MAX": 85960, "POP_MIN": 84807, "POP_OTHER": 80866, "RANK_MAX": 8, "RANK_MIN": 8, "MEGANAME": null, "LS_NAME": "Poitier", "MAX_POP10": 84807, "MAX_POP20": 0, "MAX_POP50": 0, "MAX_POP300": 0, "MAX_POP310": 0, "MAX_NATSCA": 10, "MIN_AREAKM": 73, "MAX_AREAKM": 73, "MIN_AREAMI": 28, "MAX_AREAMI": 28, "MIN_PERKM": 81, "MAX_PERKM": 81, "MIN_PERMI": 50, "MAX_PERMI": 50, "MIN_BBXMIN": 0.25, "MAX_BBXMIN": 0.25, "MIN_BBXMAX": 0.416667, "MAX_BBXMAX": 0.416667, "MIN_BBYMIN": 46.525, "MAX_BBYMIN": 46.525, "MIN_BBYMAX": 46.641667, "MAX_BBYMAX": 46.641667, "MEAN_BBXC": 0.338923, "MEAN_BBYC": 46.580996, "TIMEZONE": "Europe/Paris", "UN_FID": 0, "POP1950": 0, "POP1955": 0, "POP1960": 0, "POP1965": 0, "POP1970": 0, "POP1975": 0, "POP1980": 0, "POP1985": 0, "POP1990": 0, "POP1995": 0, "POP2000": 0, "POP2005": 0, "POP2010": 0, "POP2015": 0, "POP2020": 0, "POP2025": 0, "POP2050": 0, "MIN_ZOOM": 6.7, "WIKIDATAID": "Q6616", "WOF_ID": 101750881, "CAPALT": 0, "NAME_EN": "Poitiers", "NAME_DE": "Poitiers", "NAME_ES": "Poitiers", "NAME_FR": "Poitiers", "NAME_PT": "Poitiers", "NAME_RU": "Пуатье", "NAME_ZH": "普瓦捷", "LABEL": null, "NAME_AR": "بواتييه", "NAME_BN": "পোয়াতিয়ে", "NAME_EL": "Πουατιέ", "NAME_HI": "पॉटिए", "NAME_HU": "Poitiers", "NAME_ID": "Poitiers", "NAME_IT": "Poitiers", "NAME_JA": "ポワチエ", "NAME_KO": "푸아티에", "NAME_NL": "Poitiers", "NAME_PL": "Poitiers", "NAME_SV": "Poitiers", "NAME_TR": "Poitiers", "NAME_VI": "Poitiers", "NE_ID": 1159130485, "NAME_FA": "پواتیه", "NAME_HE": "פואטייה", "NAME_UK": "Пуатьє", "NAME_UR": "پوئتیے", "NAME_ZHT": "普瓦捷", "GEONAMESID": 2986495, "FCLASS_ISO": null, "FCLASS_US": null, "FCLASS_FR": null, "FCLASS_RU": null, "FCLASS_ES": null, "FCLASS_CN": null, "FCLASS_TW": null, "FCLASS_IN": null, "FCLASS_NP": null, "FCLASS_PK": null, "FCLASS_DE": null, "FCLASS_GB": null, "FCLASS_BR": null, "FCLASS_IL": null, "FCLASS_PS": null, "FCLASS_SA": null, "FCLASS_EG": null, "FCLASS_MA": null, "FCLASS_PT": null, "FCLASS_AR": null, "FCLASS_JP": null, "FCLASS_KO": null, "FCLASS_VN": null, "FCLASS_TR": null, "FCLASS_ID": null, "FCLASS_PL": null, "FCLASS_GR": null, "FCLASS_IT": null, "FCLASS_NL": null, "FCLASS_SE": null, "FCLASS_BD": null, "FCLASS_UA": null, "FCLASS_TLC": null}, "bbox": [0.333276, 46.583292, 0.333276, 46.583292], "geometry": {"type": "Point", "coordinates": [0.333276, 46.583292]}}, {"type": "Feature", "properties": {"SCALERANK": 8, "NATSCALE": 10, "LABELRANK": 3, "FEATURECLA": "Populated place", "NAME": "Angers", "NAMEPAR": null, "NAMEALT": null, "NAMEASCII": "Angers", "ADM0CAP": 0, "CAPIN": null, "WORLDCITY": 0, "MEGACITY": 0, "SOV0NAME": "French Republic", "SOV_A3": "FRA", "ADM0NAME": "France", "ADM0_A3": "FRA", "ADM1NAME": "Pays de la Loire", "ISO_A2": "FR", "NOTE": null, "LATITUDE": 47.480008, "LONGITUDE": -0.53003, "POP_MAX": 188380, "POP_MIN": 168279, "POP_OTHER": 176265, "RANK_MAX": 9, "RANK_MIN": 9, "MEGANAME": null, "LS_NAME": "Angers", "MAX_POP10": 188380, "MAX_POP20": 0, "MAX_POP50": 0, "MAX_POP300": 0, "MAX_POP310": 0, "MAX_NATSCA": 10, "MIN_AREAKM": 130, "MAX_AREAKM": 130, "MIN_AREAMI": 50, "MAX_AREAMI": 50, "MIN_PERKM": 151, "MAX_PERKM": 151, "MIN_PERMI": 94, "MAX_PERMI": 94, "MIN_BBXMIN": -0.641667, "MAX_BBXMIN": -0.641667, "MIN_BBXMAX": -0.425, "MAX_BBXMAX": -0.425, "MIN_BBYMIN": 47.366667, "MAX_BBYMIN": 47.366667, "MIN_BBYMAX": 47.55, "MAX_BBYMAX": 47.55, "MEAN_BBXC": -0.547842, "MEAN_BBYC": 47.461793, "TIMEZONE": "Europe/Paris", "UN_FID": 0, "POP1950": 0, "POP1955": 0, "POP1960": 0, "POP1965": 0, "POP1970": 0, "POP1975": 0, "POP1980": 0, "POP1985": 0, "POP1990": 0, "POP1995": 0, "POP2000": 0, "POP2005": 0, "POP2010": 0, "POP2015": 0, "POP2020": 0, "POP2025": 0, "POP2050": 0, "MIN_ZOOM": 6.7, "WIKIDATAID": "Q38380", "WOF_ID": 101749017, "CAPALT": 0, "NAME_EN": "Angers", "NAME_DE": "Angers", "NAME_ES": "Angers", "NAME_FR": "Angers", "NAME_PT": "Angers", "NAME_RU": "Анже", "NAME_ZH": "昂热", "LABEL": null, "NAME_AR": "أنجيه", "NAME_BN": "অঁজে", "NAME_EL": "Ανζέ", "NAME_HI": "एन्जर्स", "NAME_HU": "Angers", "NAME_ID": "Angers", "NAME_IT": "Angers", "NAME_JA": "アンジェ", "NAME_KO": "앙제", "NAME_NL": "Angers", "NAME_PL": "Angers", "NAME_SV": "Angers", "NAME_TR": "Angers", "NAME_VI": "Angers", "NE_ID": 1159130495, "NAME_FA": "آنژه", "NAME_HE": "אנז'ה", "NAME_UK": "Анже", "NAME_UR": "آنژہ", "NAME_ZHT": "昂傑", "GEONAMESID": 3037656, "FCLASS_ISO": null, "FCLASS_US": null, "FCLASS_FR": null, "FCLASS_RU": null, "FCLASS_ES": null, "FCLASS_CN": null, "FCLASS_TW": null, "FCLASS_IN": null, "FCLASS_NP": null, "FCLASS_PK": null, "FCLASS_DE": null, "FCLASS_GB": null, "FCLASS_BR": null, "FCLASS_IL": null, "FCLASS_PS": null, "FCLASS_SA": null, "FCLASS_EG": null, "FCLASS_MA": null, "FCLASS_PT": null, "FCLASS_AR": null, "FCLASS_JP": null, "FCLASS_KO": null, "FCLASS_VN": null, "FCLASS_TR": null, "FCLASS_ID": null, "FCLASS_PL": null, "FCLASS_GR": null, "FCLASS_IT": null, "FCLASS_NL": null, "FCLASS_SE": null, "FCLASS_BD": null, "FCLASS_UA": null, "FCLASS_TLC": null}, "bbox": [-0.53003, 47.480007, -0.53003, 47.480007], "geometry": {"type": "Point", "coordinates": [-0.53003, 47.480007]}}, {"type": "Feature", "properties": {"SCALERANK": 8, "NATSCALE": 10, "LABELRANK": 3, "FEATURECLA": "Populated place", "NAME": "Biarritz", "NAMEPAR": null, "NAMEALT": null, "NAMEASCII": "Biarritz", "ADM0CAP": 0, "CAPIN": null, "WORLDCITY": 0, "MEGACITY": 0, "SOV0NAME": "French Republic", "SOV_A3": "FRA", "ADM0NAME": "France", "ADM0_A3": "FRA", "ADM1NAME": "Aquitaine", "ISO_A2": "FR", "NOTE": null, "LATITUDE": 43.473275, "LONGITUDE": -1.561595, "POP_MAX": 145348, "POP_MIN": 33188, "POP_OTHER": 138170, "RANK_MAX": 9, "RANK_MIN": 7, "MEGANAME": null, "LS_NAME": "Biarritz", "MAX_POP10": 145348, "MAX_POP20": 0, "MAX_POP50": 0, "MAX_POP300": 0, "MAX_POP310": 0, "MAX_NATSCA": 10, "MIN_AREAKM": 133, "MAX_AREAKM": 133, "MIN_AREAMI": 51, "MAX_AREAMI": 51, "MIN_PERKM": 159, "MAX_PERKM": 159, "MIN_PERMI": 99, "MAX_PERMI": 99, "MIN_BBXMIN": -1.7, "MAX_BBXMIN": -1.7, "MIN_BBXMAX": -1.408333, "MAX_BBXMAX": -1.408333, "MIN_BBYMIN": 43.358333, "MAX_BBYMIN": 43.358333, "MIN_BBYMAX": 43.608333, "MAX_BBYMAX": 43.608333, "MEAN_BBXC": -1.51876, "MEAN_BBYC": 43.482766, "TIMEZONE": "Europe/Paris", "UN_FID": 0, "POP1950": 0, "POP1955": 0, "POP1960": 0, "POP1965": 0, "POP1970": 0, "POP1975": 0, "POP1980": 0, "POP1985": 0, "POP1990": 0, "POP1995": 0, "POP2000": 0, "POP2005": 0, "POP2010": 0, "POP2015": 0, "POP2020": 0, "POP2025": 0, "POP2050": 0, "MIN_ZOOM": 7, "WIKIDATAID": "Q132790", "WOF_ID": 101831749, "CAPALT": 0, "NAME_EN": "Biarritz", "NAME_DE": "Biarritz", "NAME_ES": "Biarritz", "NAME_FR": "Biarritz", "NAME_PT": "Biarritz", "NAME_RU": "Биарриц", "NAME_ZH": "比亚里茨", "LABEL": null, "NAME_AR": "بياريتز", "NAME_BN": "বিয়ারিৎস", "NAME_EL": "Μπιάριτς", "NAME_HI": "बियारिट्ज़", "NAME_HU": "Biarritz", "NAME_ID": "Biarritz", "NAME_IT": "Biarritz", "NAME_JA": "ビアリッツ", "NAME_KO": "비아리츠", "NAME_NL": "Biarritz", "NAME_PL": "Biarritz", "NAME_SV": "Biarritz", "NAME_TR": "Biarritz", "NAME_VI": "Biarritz", "NE_ID": 1159130499, "NAME_FA": "بیاریتز", "NAME_HE": "ביאריץ", "NAME_UK": "Біарриц", "NAME_UR": "بائیاریٹز", "NAME_ZHT": "比亞里茨", "GEONAMESID": 3032797, "FCLASS_ISO": null, "FCLASS_US": null, "FCLASS_FR": null, "FCLASS_RU": null, "FCLASS_ES": null, "FCLASS_CN": null, "FCLASS_TW": null, "FCLASS_IN": null, "FCLASS_NP": null, "FCLASS_PK": null, "FCLASS_DE": null, "FCLASS_GB": null, "FCLASS_BR": null, "FCLASS_IL": null, "FCLASS_PS": null, "FCLASS_SA": null, "FCLASS_EG": null, "FCLASS_MA": null, "FCLASS_PT": null, "FCLASS_AR": null, "FCLASS_JP": null, "FCLASS_KO": null, "FCLASS_VN": null, "FCLASS_TR": null, "FCLASS_ID": null, "FCLASS_PL": null, "FCLASS_GR": null, "FCLASS_IT": null, "FCLASS_NL": null, "FCLASS_SE": null, "FCLASS_BD": null, "FCLASS_UA": null, "FCLASS_TLC": null}, "bbox": [-1.561595, 43.473275, -1.561595, 43.473275], "geometry": {"type": "Point", "coordinates": [-1.561595, 43.473275]}}, {"type": "Feature", "properties": {"SCALERANK": 8, "NATSCALE": 10, "LABELRANK": 3, "FEATURECLA": "Populated place", "NAME": "Aix-en-Provence", "NAMEPAR": null, "NAMEALT": null, "NAMEASCII": "Aix-en-Provence", "ADM0CAP": 0, "CAPIN": null, "WORLDCITY": 0, "MEGACITY": 0, "SOV0NAME": "French Republic", "SOV_A3": "FRA", "ADM0NAME": "France", "ADM0_A3": "FRA", "ADM1NAME": "Provence-Alpes-Côte-d'Azur", "ISO_A2": "FR", "NOTE": null, "LATITUDE": 43.519991, "LONGITUDE": 5.449993, "POP_MAX": 146821, "POP_MIN": 143797, "POP_OTHER": 165589, "RANK_MAX": 9, "RANK_MIN": 9, "MEGANAME": null, "LS_NAME": "Aix-en-Provence", "MAX_POP10": 143797, "MAX_POP20": 0, "MAX_POP50": 0, "MAX_POP300": 0, "MAX_POP310": 0, "MAX_NATSCA": 10, "MIN_AREAKM": 59, "MAX_AREAKM": 59, "MIN_AREAMI": 23, "MAX_AREAMI": 23, "MIN_PERKM": 73, "MAX_PERKM": 73, "MIN_PERMI": 45, "MAX_PERMI": 45, "MIN_BBXMIN": 5.358333, "MAX_BBXMIN": 5.358333, "MIN_BBXMAX": 5.483333, "MAX_BBXMAX": 5.483333, "MIN_BBYMIN": 43.466667, "MAX_BBYMIN": 43.466667, "MIN_BBYMAX": 43.608333, "MAX_BBYMAX": 43.608333, "MEAN_BBXC": 5.423289, "MEAN_BBYC": 43.529781, "TIMEZONE": "Europe/Paris", "UN_FID": 0, "POP1950": 0, "POP1955": 0, "POP1960": 0, "POP1965": 0, "POP1970": 0, "POP1975": 0, "POP1980": 0, "POP1985": 0, "POP1990": 0, "POP1995": 0, "POP2000": 0, "POP2005": 0, "POP2010": 0, "POP2015": 0, "POP2020": 0, "POP2025": 0, "POP2050": 0, "MIN_ZOOM": 7, "WIKIDATAID": "Q47465", "WOF_ID": 101748935, "CAPALT": 0, "NAME_EN": "Aix-en-Provence", "NAME_DE": "Aix-en-Provence", "NAME_ES": "Aix-en-Provence", "NAME_FR": "Aix-en-Provence", "NAME_PT": "Aix-en-Provence", "NAME_RU": "Экс-ан-Прованс", "NAME_ZH": "普罗旺斯地区艾克斯", "LABEL": null, "NAME_AR": "آكس أون بروفانس", "NAME_BN": "এক্স-অঁ-প্রোভঁস", "NAME_EL": "Αιξ-αν-Προβάνς", "NAME_HI": "ऐक्स एन प्रोवंस", "NAME_HU": "Aix-en-Provence", "NAME_ID": "Aix-en-Provence", "NAME_IT": "Aix-en-Provence", "NAME_JA": "エクス＝アン＝プロヴァンス", "NAME_KO": "엑상프로방스", "NAME_NL": "Aix-en-Provence", "NAME_PL": "Aix-en-Provence", "NAME_SV": "Aix-en-Provence", "NAME_TR": "Aix-en-Provence", "NAME_VI": "Aix-en-Provence", "NE_ID": 1159130503, "NAME_FA": "اکسآنپروانس", "NAME_HE": "אקס-אן-פרובאנס", "NAME_UK": "Екс-ан-Прованс", "NAME_UR": "ایز-ین-پرووینکی", "NAME_ZHT": "普罗旺斯地区艾克斯", "GEONAMESID": 3038354, "FCLASS_ISO": null, "FCLASS_US": null, "FCLASS_FR": null, "FCLASS_RU": null, "FCLASS_ES": null, "FCLASS_CN": null, "FCLASS_TW": null, "FCLASS_IN": null, "FCLASS_NP": null, "FCLASS_PK": null, "FCLASS_DE": null, "FCLASS_GB": null, "FCLASS_BR": null, "FCLASS_IL": null, "FCLASS_PS": null, "FCLASS_SA": null, "FCLASS_EG": null, "FCLASS_MA": null, "FCLASS_PT": null, "FCLASS_AR": null, "FCLASS_JP": null, "FCLASS_KO": null, "FCLASS_VN": null, "FCLASS_TR": null, "FCLASS_ID": null, "FCLASS_PL": null, "FCLASS_GR": null, "FCLASS_IT": null, "FCLASS_NL": null, "FCLASS_SE": null, "FCLASS_BD": null, "FCLASS_UA": null, "FCLASS_TLC": null}, "bbox": [5.449993, 43.519991, 5.449993, 43.519991], "geometry": {"type": "Point", "coordinates": [5.449993, 43.519991]}}, {"type": "Feature", "properties": {"SCALERANK": 8, "NATSCALE": 10, "LABELRANK": 3, "FEATURECLA": "Populated place", "NAME": "Tarbes", "NAMEPAR": null, "NAMEALT": null, "NAMEASCII": "Tarbes", "ADM0CAP": 0, "CAPIN": null, "WORLDCITY": 0, "MEGACITY": 0, "SOV0NAME": "French Republic", "SOV_A3": "FRA", "ADM0NAME": "France", "ADM0_A3": "FRA", "ADM1NAME": "Midi-Pyrénées", "ISO_A2": "FR", "NOTE": null, "LATITUDE": 43.23329, "LONGITUDE": 0.083344, "POP_MAX": 54854, "POP_MIN": 52106, "POP_OTHER": 47276, "RANK_MAX": 8, "RANK_MIN": 8, "MEGANAME": null, "LS_NAME": "Tarbes", "MAX_POP10": 54854, "MAX_POP20": 0, "MAX_POP50": 0, "MAX_POP300": 0, "MAX_POP310": 0, "MAX_NATSCA": 10, "MIN_AREAKM": 56, "MAX_AREAKM": 56, "MIN_AREAMI": 22, "MAX_AREAMI": 22, "MIN_PERKM": 77, "MAX_PERKM": 77, "MIN_PERMI": 48, "MAX_PERMI": 48, "MIN_BBXMIN": -0.016667, "MAX_BBXMIN": -0.016667, "MIN_BBXMAX": 0.133333, "MAX_BBXMAX": 0.133333, "MIN_BBYMIN": 43.183333, "MAX_BBYMIN": 43.183333, "MIN_BBYMAX": 43.275, "MAX_BBYMAX": 43.275, "MEAN_BBXC": 0.066433, "MEAN_BBYC": 43.228979, "TIMEZONE": "Europe/Paris", "UN_FID": 0, "POP1950": 0, "POP1955": 0, "POP1960": 0, "POP1965": 0, "POP1970": 0, "POP1975": 0, "POP1980": 0, "POP1985": 0, "POP1990": 0, "POP1995": 0, "POP2000": 0, "POP2005": 0, "POP2010": 0, "POP2015": 0, "POP2020": 0, "POP2025": 0, "POP2050": 0, "MIN_ZOOM": 7, "WIKIDATAID": "Q184023", "WOF_ID": 101831671, "CAPALT": 0, "NAME_EN": "Tarbes", "NAME_DE": "Tarbes", "NAME_ES": "Tarbes", "NAME_FR": "Tarbes", "NAME_PT": "Tarbes", "NAME_RU": "Тарб", "NAME_ZH": "塔布", "LABEL": null, "NAME_AR": "بلدية تارب", "NAME_BN": "তারবেস", "NAME_EL": "Ταρμπ", "NAME_HI": "टार्बेज़", "NAME_HU": "Tarbes", "NAME_ID": "Tarbes", "NAME_IT": "Tarbes", "NAME_JA": "タルブ", "NAME_KO": "타르브", "NAME_NL": "Tarbes", "NAME_PL": "Tarbes", "NAME_SV": "Tarbes", "NAME_TR": "Tarbes", "NAME_VI": "Tarbes", "NE_ID": 1159130513, "NAME_FA": "تارب", "NAME_HE": "טארב", "NAME_UK": "Тарб", "NAME_UR": "ٹربز", "NAME_ZHT": "塔布", "GEONAMESID": 2973385, "FCLASS_ISO": null, "FCLASS_US": null, "FCLASS_FR": null, "FCLASS_RU": null, "FCLASS_ES": null, "FCLASS_CN": null, "FCLASS_TW": null, "FCLASS_IN": null, "FCLASS_NP": null, "FCLASS_PK": null, "FCLASS_DE": null, "FCLASS_GB": null, "FCLASS_BR": null, "FCLASS_IL": null, "FCLASS_PS": null, "FCLASS_SA": null, "FCLASS_EG": null, "FCLASS_MA": null, "FCLASS_PT": null, "FCLASS_AR": null, "FCLASS_JP": null, "FCLASS_KO": null, "FCLASS_VN": null, "FCLASS_TR": null, "FCLASS_ID": null, "FCLASS_PL": null, "FCLASS_GR": null, "FCLASS_IT": null, "FCLASS_NL": null, "FCLASS_SE": null, "FCLASS_BD": null, "FCLASS_UA": null, "FCLASS_TLC": null}, "bbox": [0.083344, 43.23329, 0.083344, 43.23329], "geometry": {"type": "Point", "coordinates": [0.083344, 43.23329]}}, {"type": "Feature", "properties": {"SCALERANK": 8, "NATSCALE": 10, "LABELRANK": 3, "FEATURECLA": "Admin-1 region capital", "NAME": "Clermont-Ferrand", "NAMEPAR": null, "NAMEALT": null, "NAMEASCII": "Clermont-Ferrand", "ADM0CAP": 0, "CAPIN": null, "WORLDCITY": 0, "MEGACITY": 0, "SOV0NAME": "French Republic", "SOV_A3": "FRA", "ADM0NAME": "France", "ADM0_A3": "FRA", "ADM1NAME": "Auvergne", "ISO_A2": "FR", "NOTE": null, "LATITUDE": 45.779982, "LONGITUDE": 3.080008, "POP_MAX": 233050, "POP_MIN": 138681, "POP_OTHER": 223592, "RANK_MAX": 10, "RANK_MIN": 9, "MEGANAME": null, "LS_NAME": "Clermont-Ferrand", "MAX_POP10": 233050, "MAX_POP20": 0, "MAX_POP50": 0, "MAX_POP300": 0, "MAX_POP310": 0, "MAX_NATSCA": 10, "MIN_AREAKM": 146, "MAX_AREAKM": 146, "MIN_AREAMI": 56, "MAX_AREAMI": 56, "MIN_PERKM": 170, "MAX_PERKM": 170, "MIN_PERMI": 106, "MAX_PERMI": 106, "MIN_BBXMIN": 3, "MAX_BBXMIN": 3, "MIN_BBXMAX": 3.183333, "MAX_BBXMAX": 3.183333, "MIN_BBYMIN": 45.716667, "MAX_BBYMIN": 45.716667, "MIN_BBYMAX": 45.941667, "MAX_BBYMAX": 45.941667, "MEAN_BBXC": 3.095833, "MEAN_BBYC": 45.814318, "TIMEZONE": "Europe/Paris", "UN_FID": 0, "POP1950": 0, "POP1955": 0, "POP1960": 0, "POP1965": 0, "POP1970": 0, "POP1975": 0, "POP1980": 0, "POP1985": 0, "POP1990": 0, "POP1995": 0, "POP2000": 0, "POP2005": 0, "POP2010": 0, "POP2015": 0, "POP2020": 0, "POP2025": 0, "POP2050": 0, "MIN_ZOOM": 6, "WIKIDATAID": "Q42168", "WOF_ID": 101749467, "CAPALT": 0, "NAME_EN": "Clermont-Ferrand", "NAME_DE": "Clermont-Ferrand", "NAME_ES": "Clermont-Ferrand", "NAME_FR": "Clermont-Ferrand", "NAME_PT": "Clermont-Ferrand", "NAME_RU": "Клермон-Ферран", "NAME_ZH": "克莱蒙费朗", "LABEL": null, "NAME_AR": "كليرمون فيران", "NAME_BN": "ক্লের্মোঁ-ফেরঁ", "NAME_EL": "Κλερμόν-Φεράν", "NAME_HI": "क्लेरमाँ फ़ेराँ", "NAME_HU": "Clermont-Ferrand", "NAME_ID": "Clermont-Ferrand", "NAME_IT": "Clermont-Ferrand", "NAME_JA": "クレルモン＝フェラン", "NAME_KO": "클레르몽페랑", "NAME_NL": "Clermont-Ferrand", "NAME_PL": "Clermont-Ferrand", "NAME_SV": "Clermont-Ferrand", "NAME_TR": "Clermont-Ferrand", "NAME_VI": "Clermont-Ferrand", "NE_ID": 1159130517, "NAME_FA": "کلرمون فران", "NAME_HE": "קלרמון-פראן", "NAME_UK": "Клермон-Ферран", "NAME_UR": "کلیرمون فیران", "NAME_ZHT": "克萊蒙-費朗", "GEONAMESID": 3024635, "FCLASS_ISO": null, "FCLASS_US": null, "FCLASS_FR": null, "FCLASS_RU": null, "FCLASS_ES": null, "FCLASS_CN": null, "FCLASS_TW": null, "FCLASS_IN": null, "FCLASS_NP": null, "FCLASS_PK": null, "FCLASS_DE": null, "FCLASS_GB": null, "FCLASS_BR": null, "FCLASS_IL": null, "FCLASS_PS": null, "FCLASS_SA": null, "FCLASS_EG": null, "FCLASS_MA": null, "FCLASS_PT": null, "FCLASS_AR": null, "FCLASS_JP": null, "FCLASS_KO": null, "FCLASS_VN": null, "FCLASS_TR": null, "FCLASS_ID": null, "FCLASS_PL": null, "FCLASS_GR": null, "FCLASS_IT": null, "FCLASS_NL": null, "FCLASS_SE": null, "FCLASS_BD": null, "FCLASS_UA": null, "FCLASS_TLC": null}, "bbox": [3.080008, 45.779982, 3.080008, 45.779982], "geometry": {"type": "Point", "coordinates": [3.080008, 45.779982]}}, {"type": "Feature", "properties": {"SCALERANK": 8, "NATSCALE": 10, "LABELRANK": 3, "FEATURECLA": "Populated place", "NAME": "Melun", "NAMEPAR": null, "NAMEALT": null, "NAMEASCII": "Melun", "ADM0CAP": 0, "CAPIN": null, "WORLDCITY": 0, "MEGACITY": 0, "SOV0NAME": "French Republic", "SOV_A3": "FRA", "ADM0NAME": "France", "ADM0_A3": "FRA", "ADM1NAME": "Île-de-France", "ISO_A2": "FR", "NOTE": null, "LATITUDE": 48.533302, "LONGITUDE": 2.666648, "POP_MAX": 249432, "POP_MIN": 38953, "POP_OTHER": 512351, "RANK_MAX": 10, "RANK_MIN": 7, "MEGANAME": null, "LS_NAME": "Melun", "MAX_POP10": 249432, "MAX_POP20": 0, "MAX_POP50": 0, "MAX_POP300": 0, "MAX_POP310": 0, "MAX_NATSCA": 10, "MIN_AREAKM": 194, "MAX_AREAKM": 194, "MIN_AREAMI": 75, "MAX_AREAMI": 75, "MIN_PERKM": 270, "MAX_PERKM": 270, "MIN_PERMI": 168, "MAX_PERMI": 168, "MIN_BBXMIN": 2.483296, "MAX_BBXMIN": 2.483296, "MIN_BBXMAX": 2.808333, "MAX_BBXMAX": 2.808333, "MIN_BBYMIN": 48.491667, "MAX_BBYMIN": 48.491667, "MIN_BBYMAX": 48.766667, "MAX_BBYMAX": 48.766667, "MEAN_BBXC": 2.620046, "MEAN_BBYC": 48.607882, "TIMEZONE": "Europe/Paris", "UN_FID": 0, "POP1950": 0, "POP1955": 0, "POP1960": 0, "POP1965": 0, "POP1970": 0, "POP1975": 0, "POP1980": 0, "POP1985": 0, "POP1990": 0, "POP1995": 0, "POP2000": 0, "POP2005": 0, "POP2010": 0, "POP2015": 0, "POP2020": 0, "POP2025": 0, "POP2050": 0, "MIN_ZOOM": 6.7, "WIKIDATAID": "Q41139", "WOF_ID": 101749919, "CAPALT": 0, "NAME_EN": "Melun", "NAME_DE": "Melun", "NAME_ES": "Melun", "NAME_FR": "Melun", "NAME_PT": "Melun", "NAME_RU": "Мелён", "NAME_ZH": "默倫", "LABEL": null, "NAME_AR": "مولن", "NAME_BN": "মেলুন", "NAME_EL": "Μελάν", "NAME_HI": "मेलुन", "NAME_HU": "Melun", "NAME_ID": "Melun", "NAME_IT": "Melun", "NAME_JA": "ムラン", "NAME_KO": "믈룅", "NAME_NL": "Melun", "NAME_PL": "Melun", "NAME_SV": "Melun", "NAME_TR": "Melun", "NAME_VI": "Melun", "NE_ID": 1159130521, "NAME_FA": "مولن", "NAME_HE": "מלאן", "NAME_UK": "Мелен", "NAME_UR": "مولاں", "NAME_ZHT": "默倫", "GEONAMESID": 2994651, "FCLASS_ISO": null, "FCLASS_US": null, "FCLASS_FR": null, "FCLASS_RU": null, "FCLASS_ES": null, "FCLASS_CN": null, "FCLASS_TW": null, "FCLASS_IN": null, "FCLASS_NP": null, "FCLASS_PK": null, "FCLASS_DE": null, "FCLASS_GB": null, "FCLASS_BR": null, "FCLASS_IL": null, "FCLASS_PS": null, "FCLASS_SA": null, "FCLASS_EG": null, "FCLASS_MA": null, "FCLASS_PT": null, "FCLASS_AR": null, "FCLASS_JP": null, "FCLASS_KO": null, "FCLASS_VN": null, "FCLASS_TR": null, "FCLASS_ID": null, "FCLASS_PL": null, "FCLASS_GR": null, "FCLASS_IT": null, "FCLASS_NL": null, "FCLASS_SE": null, "FCLASS_BD": null, "FCLASS_UA": null, "FCLASS_TLC": null}, "bbox": [2.666648, 48.533302, 2.666648, 48.533302], "geometry": {"type": "Point", "coordinates": [2.666648, 48.533302]}}, {"type": "Feature", "properties": {"SCALERANK": 8, "NATSCALE": 10, "LABELRANK": 3, "FEATURECLA": "Populated place", "NAME": "Arras", "NAMEPAR": null, "NAMEALT": null, "NAMEASCII": "Arras", "ADM0CAP": 0, "CAPIN": null, "WORLDCITY": 0, "MEGACITY": 0, "SOV0NAME": "French Republic", "SOV_A3": "FRA", "ADM0NAME": "France", "ADM0_A3": "FRA", "ADM1NAME": "Nord-Pas-de-Calais", "ISO_A2": "FR", "NOTE": null, "LATITUDE": 50.283325, "LONGITUDE": 2.783334, "POP_MAX": 64165, "POP_MIN": 47052, "POP_OTHER": 63361, "RANK_MAX": 8, "RANK_MIN": 7, "MEGANAME": null, "LS_NAME": "Arras", "MAX_POP10": 64165, "MAX_POP20": 0, "MAX_POP50": 0, "MAX_POP300": 0, "MAX_POP310": 0, "MAX_NATSCA": 10, "MIN_AREAKM": 50, "MAX_AREAKM": 50, "MIN_AREAMI": 19, "MAX_AREAMI": 19, "MIN_PERKM": 55, "MAX_PERKM": 55, "MIN_PERMI": 34, "MAX_PERMI": 34, "MIN_BBXMIN": 2.708333, "MAX_BBXMIN": 2.708333, "MIN_BBXMAX": 2.85, "MAX_BBXMAX": 2.85, "MIN_BBYMIN": 50.25, "MAX_BBYMIN": 50.25, "MIN_BBYMAX": 50.333333, "MAX_BBYMAX": 50.333333, "MEAN_BBXC": 2.773123, "MEAN_BBYC": 50.289973, "TIMEZONE": "Europe/Paris", "UN_FID": 0, "POP1950": 0, "POP1955": 0, "POP1960": 0, "POP1965": 0, "POP1970": 0, "POP1975": 0, "POP1980": 0, "POP1985": 0, "POP1990": 0, "POP1995": 0, "POP2000": 0, "POP2005": 0, "POP2010": 0, "POP2015": 0, "POP2020": 0, "POP2025": 0, "POP2050": 0, "MIN_ZOOM": 7, "WIKIDATAID": "Q131329", "WOF_ID": 101840533, "CAPALT": 0, "NAME_EN": "Arras", "NAME_DE": "Arras", "NAME_ES": "Arrás", "NAME_FR": "Arras", "NAME_PT": "Arras", "NAME_RU": "Аррас", "NAME_ZH": "阿拉斯", "LABEL": null, "NAME_AR": "أراس", "NAME_BN": "আররাস", "NAME_EL": "Αράς", "NAME_HI": "अर्रास", "NAME_HU": "Arras", "NAME_ID": "Arras", "NAME_IT": "Arras", "NAME_JA": "アラス", "NAME_KO": "아라스", "NAME_NL": "Atrecht", "NAME_PL": "Arras", "NAME_SV": "Arras", "NAME_TR": "Arras", "NAME_VI": "Arras", "NE_ID": 1159130525, "NAME_FA": "آراس", "NAME_HE": "אראס", "NAME_UK": "Аррас", "NAME_UR": "آراس", "NAME_ZHT": "阿拉斯", "GEONAMESID": 3036784, "FCLASS_ISO": null, "FCLASS_US": null, "FCLASS_FR": null, "FCLASS_RU": null, "FCLASS_ES": null, "FCLASS_CN": null, "FCLASS_TW": null, "FCLASS_IN": null, "FCLASS_NP": null, "FCLASS_PK": null, "FCLASS_DE": null, "FCLASS_GB": null, "FCLASS_BR": null, "FCLASS_IL": null, "FCLASS_PS": null, "FCLASS_SA": null, "FCLASS_EG": null, "FCLASS_MA": null, "FCLASS_PT": null, "FCLASS_AR": null, "FCLASS_JP": null, "FCLASS_KO": null, "FCLASS_VN": null, "FCLASS_TR": null, "FCLASS_ID": null, "FCLASS_PL": null, "FCLASS_GR": null, "FCLASS_IT": null, "FCLASS_NL": null, "FCLASS_SE": null, "FCLASS_BD": null, "FCLASS_UA": null, "FCLASS_TLC": null}, "bbox": [2.783334, 50.283325, 2.783334, 50.283325], "geometry": {"type": "Point", "coordinates": [2.783334, 50.283325]}}, {"type": "Feature", "properties": {"SCALERANK": 8, "NATSCALE": 10, "LABELRANK": 3, "FEATURECLA": "Admin-1 region capital", "NAME": "Besançon", "NAMEPAR": null, "NAMEALT": null, "NAMEASCII": "Besancon", "ADM0CAP": 0, "CAPIN": null, "WORLDCITY": 0, "MEGACITY": 0, "SOV0NAME": "French Republic", "SOV_A3": "FRA", "ADM0NAME": "France", "ADM0_A3": "FRA", "ADM1NAME": "Franche-Comté", "ISO_A2": "FR", "NOTE": null, "LATITUDE": 47.229997, "LONGITUDE": 6.030009, "POP_MAX": 128426, "POP_MIN": 119960, "POP_OTHER": 117010, "RANK_MAX": 9, "RANK_MIN": 9, "MEGANAME": null, "LS_NAME": "Besancon", "MAX_POP10": 119960, "MAX_POP20": 0, "MAX_POP50": 0, "MAX_POP300": 0, "MAX_POP310": 0, "MAX_NATSCA": 10, "MIN_AREAKM": 75, "MAX_AREAKM": 75, "MIN_AREAMI": 29, "MAX_AREAMI": 29, "MIN_PERKM": 91, "MAX_PERKM": 91, "MIN_PERMI": 57, "MAX_PERMI": 57, "MIN_BBXMIN": 5.916667, "MAX_BBXMIN": 5.916667, "MIN_BBXMAX": 6.091667, "MAX_BBXMAX": 6.091667, "MIN_BBYMIN": 47.191667, "MAX_BBYMIN": 47.191667, "MIN_BBYMAX": 47.308333, "MAX_BBYMAX": 47.308333, "MEAN_BBXC": 6.009115, "MEAN_BBYC": 47.246615, "TIMEZONE": "Europe/Paris", "UN_FID": 0, "POP1950": 0, "POP1955": 0, "POP1960": 0, "POP1965": 0, "POP1970": 0, "POP1975": 0, "POP1980": 0, "POP1985": 0, "POP1990": 0, "POP1995": 0, "POP2000": 0, "POP2005": 0, "POP2010": 0, "POP2015": 0, "POP2020": 0, "POP2025": 0, "POP2050": 0, "MIN_ZOOM": 7, "WIKIDATAID": "Q37776", "WOF_ID": 101749003, "CAPALT": 0, "NAME_EN": "Besançon", "NAME_DE": "Besançon", "NAME_ES": "Besanzón", "NAME_FR": "Besançon", "NAME_PT": "Besançon", "NAME_RU": "Безансон", "NAME_ZH": "贝桑松", "LABEL": null, "NAME_AR": "بيزنسون", "NAME_BN": "ব্যজঁসোঁ", "NAME_EL": "Μπεζανσόν", "NAME_HI": "बेज़ाँसुं/बेज़ानशूं", "NAME_HU": "Besançon", "NAME_ID": "Besançon", "NAME_IT": "Besançon", "NAME_JA": "ブザンソン", "NAME_KO": "브장송", "NAME_NL": "Besançon", "NAME_PL": "Besançon", "NAME_SV": "Besançon", "NAME_TR": "Besançon", "NAME_VI": "Besançon", "NE_ID": 1159130531, "NAME_FA": "بزانسون", "NAME_HE": "בזאנסון", "NAME_UK": "Безансон", "NAME_UR": "بیزانسون", "NAME_ZHT": "貝桑松", "GEONAMESID": 3033123, "FCLASS_ISO": null, "FCLASS_US": null, "FCLASS_FR": null, "FCLASS_RU": null, "FCLASS_ES": null, "FCLASS_CN": null, "FCLASS_TW": null, "FCLASS_IN": null, "FCLASS_NP": null, "FCLASS_PK": null, "FCLASS_DE": null, "FCLASS_GB": null, "FCLASS_BR": null, "FCLASS_IL": null, "FCLASS_PS": null, "FCLASS_SA": null, "FCLASS_EG": null, "FCLASS_MA": null, "FCLASS_PT": null, "FCLASS_AR": null, "FCLASS_JP": null, "FCLASS_KO": null, "FCLASS_VN": null, "FCLASS_TR": null, "FCLASS_ID": null, "FCLASS_PL": null, "FCLASS_GR": null, "FCLASS_IT": null, "FCLASS_NL": null, "FCLASS_SE": null, "FCLASS_BD": null, "FCLASS_UA": null, "FCLASS_TLC": null}, "bbox": [6.030009, 47.229997, 6.030009, 47.229997], "geometry": {"type": "Point", "coordinates": [6.030009, 47.229997]}}, {"type": "Feature", "properties": {"SCALERANK": 8, "NATSCALE": 10, "LABELRANK": 8, "FEATURECLA": "Admin-1 capital", "NAME": "Viborg", "NAMEPAR": null, "NAMEALT": null, "NAMEASCII": "Viborg", "ADM0CAP": 0, "CAPIN": null, "WORLDCITY": 0, "MEGACITY": 0, "SOV0NAME": "Denmark", "SOV_A3": "DNK", "ADM0NAME": "Denmark", "ADM0_A3": "DNK", "ADM1NAME": "Midtjylland", "ISO_A2": "DK", "NOTE": null, "LATITUDE": 56.433337, "LONGITUDE": 9.399984, "POP_MAX": 34831, "POP_MIN": 31057, "POP_OTHER": 30576, "RANK_MAX": 7, "RANK_MIN": 7, "MEGANAME": null, "LS_NAME": "Viborg", "MAX_POP10": 31057, "MAX_POP20": 0, "MAX_POP50": 0, "MAX_POP300": 0, "MAX_POP310": 0, "MAX_NATSCA": 10, "MIN_AREAKM": 24, "MAX_AREAKM": 24, "MIN_AREAMI": 9, "MAX_AREAMI": 9, "MIN_PERKM": 35, "MAX_PERKM": 35, "MIN_PERMI": 22, "MAX_PERMI": 22, "MIN_BBXMIN": 9.358333, "MAX_BBXMIN": 9.358333, "MIN_BBXMAX": 9.466667, "MAX_BBXMAX": 9.466667, "MIN_BBYMIN": 56.416667, "MAX_BBYMIN": 56.416667, "MIN_BBYMAX": 56.475, "MAX_BBYMAX": 56.475, "MEAN_BBXC": 9.408252, "MEAN_BBYC": 56.45335, "TIMEZONE": "Europe/Copenhagen", "UN_FID": 0, "POP1950": 0, "POP1955": 0, "POP1960": 0, "POP1965": 0, "POP1970": 0, "POP1975": 0, "POP1980": 0, "POP1985": 0, "POP1990": 0, "POP1995": 0, "POP2000": 0, "POP2005": 0, "POP2010": 0, "POP2015": 0, "POP2020": 0, "POP2025": 0, "POP2050": 0, "MIN_ZOOM": 6.7, "WIKIDATAID": "Q21176", "WOF_ID": 101805649, "CAPALT": 0, "NAME_EN": "Viborg", "NAME_DE": "Viborg", "NAME_ES": "Viborg", "NAME_FR": "Viborg", "NAME_PT": "Viborg", "NAME_RU": "Виборг", "NAME_ZH": "維堡", "LABEL": null, "NAME_AR": "فيبورغ", "NAME_BN": "ভিবর্গ", "NAME_EL": "Βίμποργκ", "NAME_HI": "वाइबोर्ग", "NAME_HU": "Viborg", "NAME_ID": "Viborg", "NAME_IT": "Viborg", "NAME_JA": "ヴィボー", "NAME_KO": "비보르", "NAME_NL": "Viborg", "NAME_PL": "Viborg", "NAME_SV": "Viborg", "NAME_TR": "Viborg", "NAME_VI": "Viborg", "NE_ID": 1159130855, "NAME_FA": "ویبورگ", "NAME_HE": "ויבורג", "NAME_UK": "Віборг", "NAME_UR": "ویبو", "NAME_ZHT": "維堡", "GEONAMESID": 2610319, "FCLASS_ISO": null, "FCLASS_US": null, "FCLASS_FR": null, "FCLASS_RU": null, "FCLASS_ES": null, "FCLASS_CN": null, "FCLASS_TW": null, "FCLASS_IN": null, "FCLASS_NP": null, "FCLASS_PK": null, "FCLASS_DE": null, "FCLASS_GB": null, "FCLASS_BR": null, "FCLASS_IL": null, "FCLASS_PS": null, "FCLASS_SA": null, "FCLASS_EG": null, "FCLASS_MA": null, "FCLASS_PT": null, "FCLASS_AR": null, "FCLASS_JP": null, "FCLASS_KO": null, "FCLASS_VN": null, "FCLASS_TR": null, "FCLASS_ID": null, "FCLASS_PL": null, "FCLASS_GR": null, "FCLASS_IT": null, "FCLASS_NL": null, "FCLASS_SE": null, "FCLASS_BD": null, "FCLASS_UA": null, "FCLASS_TLC": null}, "bbox": [9.399984, 56.433337, 9.399984, 56.433337], "geometry": {"type": "Point", "coordinates": [9.399984, 56.433337]}}, {"type": "Feature", "properties": {"SCALERANK": 8, "NATSCALE": 10, "LABELRANK": 8, "FEATURECLA": "Populated place", "NAME": "Roskilde", "NAMEPAR": null, "NAMEALT": null, "NAMEASCII": "Roskilde", "ADM0CAP": 0, "CAPIN": null, "WORLDCITY": 0, "MEGACITY": 0, "SOV0NAME": "Denmark", "SOV_A3": "DNK", "ADM0NAME": "Denmark", "ADM0_A3": "DNK", "ADM1NAME": "Sjaælland", "ISO_A2": "DK", "NOTE": null, "LATITUDE": 55.649974, "LONGITUDE": 12.083335, "POP_MAX": 44285, "POP_MIN": 40284, "POP_OTHER": 136430, "RANK_MAX": 7, "RANK_MIN": 7, "MEGANAME": null, "LS_NAME": "Roskilde", "MAX_POP10": 40284, "MAX_POP20": 0, "MAX_POP50": 0, "MAX_POP300": 0, "MAX_POP310": 0, "MAX_NATSCA": 10, "MIN_AREAKM": 27, "MAX_AREAKM": 27, "MIN_AREAMI": 11, "MAX_AREAMI": 11, "MIN_PERKM": 38, "MAX_PERKM": 38, "MIN_PERMI": 23, "MAX_PERMI": 23, "MIN_BBXMIN": 12.041667, "MAX_BBXMIN": 12.041667, "MIN_BBXMAX": 12.15, "MAX_BBXMAX": 12.15, "MIN_BBYMIN": 55.616667, "MAX_BBYMIN": 55.616667, "MIN_BBYMAX": 55.675, "MAX_BBYMAX": 55.675, "MEAN_BBXC": 12.090774, "MEAN_BBYC": 55.641667, "TIMEZONE": "Europe/Copenhagen", "UN_FID": 0, "POP1950": 0, "POP1955": 0, "POP1960": 0, "POP1965": 0, "POP1970": 0, "POP1975": 0, "POP1980": 0, "POP1985": 0, "POP1990": 0, "POP1995": 0, "POP2000": 0, "POP2005": 0, "POP2010": 0, "POP2015": 0, "POP2020": 0, "POP2025": 0, "POP2050": 0, "MIN_ZOOM": 7, "WIKIDATAID": "Q26563", "WOF_ID": 101818285, "CAPALT": 0, "NAME_EN": "Roskilde", "NAME_DE": "Roskilde", "NAME_ES": "Roskilde", "NAME_FR": "Roskilde", "NAME_PT": "Roskilde", "NAME_RU": "Роскилле", "NAME_ZH": "罗斯基勒", "LABEL": null, "NAME_AR": "روسكيلدا", "NAME_BN": "রসক্লাইড", "NAME_EL": "Ρόσκιλε", "NAME_HI": "रोसकिल्ड", "NAME_HU": "Roskilde", "NAME_ID": "Roskilde", "NAME_IT": "Roskilde", "NAME_JA": "ロスキレ", "NAME_KO": "로스킬레", "NAME_NL": "Roskilde", "NAME_PL": "Roskilde", "NAME_SV": "Roskilde", "NAME_TR": "Roskilde", "NAME_VI": "Roskilde", "NE_ID": 1159130859, "NAME_FA": "راسکیله", "NAME_HE": "רוסקילד", "NAME_UK": "Роскілле", "NAME_UR": "راسکیلے", "NAME_ZHT": "羅斯基勒", "GEONAMESID": 2614481, "FCLASS_ISO": null, "FCLASS_US": null, "FCLASS_FR": null, "FCLASS_RU": null, "FCLASS_ES": null, "FCLASS_CN": null, "FCLASS_TW": null, "FCLASS_IN": null, "FCLASS_NP": null, "FCLASS_PK": null, "FCLASS_DE": null, "FCLASS_GB": null, "FCLASS_BR": null, "FCLASS_IL": null, "FCLASS_PS": null, "FCLASS_SA": null, "FCLASS_EG": null, "FCLASS_MA": null, "FCLASS_PT": null, "FCLASS_AR": null, "FCLASS_JP": null, "FCLASS_KO": null, "FCLASS_VN": null, "FCLASS_TR": null, "FCLASS_ID": null, "FCLASS_PL": null, "FCLASS_GR": null, "FCLASS_IT": null, "FCLASS_NL": null, "FCLASS_SE": null, "FCLASS_BD": null, "FCLASS_UA": null, "FCLASS_TLC": null}, "bbox": [12.083334, 55.649974, 12.083334, 55.649974], "geometry": {"type": "Point", "coordinates": [12.083334, 55.649974]}}, {"type": "Feature", "properties": {"SCALERANK": 8, "NATSCALE": 10, "LABELRANK": 8, "FEATURECLA": "Admin-1 capital", "NAME": "Gent", "NAMEPAR": null, "NAMEALT": "Gand", "NAMEASCII": "Gent", "ADM0CAP": 0, "CAPIN": null, "WORLDCITY": 0, "MEGACITY": 0, "SOV0NAME": "Belgium", "SOV_A3": "BEL", "ADM0NAME": "Belgium", "ADM0_A3": "BEL", "ADM1NAME": "East Flanders", "ISO_A2": "BE", "NOTE": null, "LATITUDE": 51.029998, "LONGITUDE": 3.700022, "POP_MAX": 444336, "POP_MIN": 231493, "POP_OTHER": 345535, "RANK_MAX": 10, "RANK_MIN": 10, "MEGANAME": null, "LS_NAME": "Gent", "MAX_POP10": 444336, "MAX_POP20": 0, "MAX_POP50": 0, "MAX_POP300": 0, "MAX_POP310": 0, "MAX_NATSCA": 10, "MIN_AREAKM": 378, "MAX_AREAKM": 378, "MIN_AREAMI": 146, "MAX_AREAMI": 146, "MIN_PERKM": 564, "MAX_PERKM": 564, "MIN_PERMI": 351, "MAX_PERMI": 351, "MIN_BBXMIN": 3.575, "MAX_BBXMIN": 3.575, "MIN_BBXMAX": 4.033333, "MAX_BBXMAX": 4.033333, "MIN_BBYMIN": 50.875, "MAX_BBYMIN": 50.875, "MIN_BBYMAX": 51.158333, "MAX_BBYMAX": 51.158333, "MEAN_BBXC": 3.787061, "MEAN_BBYC": 51.020896, "TIMEZONE": "Europe/Brussels", "UN_FID": 0, "POP1950": 0, "POP1955": 0, "POP1960": 0, "POP1965": 0, "POP1970": 0, "POP1975": 0, "POP1980": 0, "POP1985": 0, "POP1990": 0, "POP1995": 0, "POP2000": 0, "POP2005": 0, "POP2010": 0, "POP2015": 0, "POP2020": 0, "POP2025": 0, "POP2050": 0, "MIN_ZOOM": 7, "WIKIDATAID": "Q1296", "WOF_ID": 101748093, "CAPALT": 0, "NAME_EN": "Ghent", "NAME_DE": "Gent", "NAME_ES": "Gante", "NAME_FR": "Gand", "NAME_PT": "Gante", "NAME_RU": "Гент", "NAME_ZH": "根特", "LABEL": null, "NAME_AR": "غنت", "NAME_BN": "জেন্ট", "NAME_EL": "Γάνδη", "NAME_HI": "खेंट", "NAME_HU": "Gent", "NAME_ID": "Gent", "NAME_IT": "Gand", "NAME_JA": "ヘント", "NAME_KO": "헨트", "NAME_NL": "Gent", "NAME_PL": "Gandawa", "NAME_SV": "Gent", "NAME_TR": "Gent", "NAME_VI": "Gent", "NE_ID": 1159132155, "NAME_FA": "گنت", "NAME_HE": "גנט", "NAME_UK": "Гент", "NAME_UR": "گینت", "NAME_ZHT": "根特", "GEONAMESID": 2797656, "FCLASS_ISO": null, "FCLASS_US": null, "FCLASS_FR": null, "FCLASS_RU": null, "FCLASS_ES": null, "FCLASS_CN": null, "FCLASS_TW": null, "FCLASS_IN": null, "FCLASS_NP": null, "FCLASS_PK": null, "FCLASS_DE": null, "FCLASS_GB": null, "FCLASS_BR": null, "FCLASS_IL": null, "FCLASS_PS": null, "FCLASS_SA": null, "FCLASS_EG": null, "FCLASS_MA": null, "FCLASS_PT": null, "FCLASS_AR": null, "FCLASS_JP": null, "FCLASS_KO": null, "FCLASS_VN": null, "FCLASS_TR": null, "FCLASS_ID": null, "FCLASS_PL": null, "FCLASS_GR": null, "FCLASS_IT": null, "FCLASS_NL": null, "FCLASS_SE": null, "FCLASS_BD": null, "FCLASS_UA": null, "FCLASS_TLC": null}, "bbox": [3.700022, 51.029998, 3.700022, 51.029998], "geometry": {"type": "Point", "coordinates": [3.700022, 51.029998]}}, {"type": "Feature", "properties": {"SCALERANK": 8, "NATSCALE": 10, "LABELRANK": 7, "FEATURECLA": "Admin-1 capital", "NAME": "Liège", "NAMEPAR": null, "NAMEALT": null, "NAMEASCII": "Liege", "ADM0CAP": 0, "CAPIN": null, "WORLDCITY": 0, "MEGACITY": 0, "SOV0NAME": "Belgium", "SOV_A3": "BEL", "ADM0NAME": "Belgium", "ADM0_A3": "BEL", "ADM1NAME": "Liege", "ISO_A2": "BE", "NOTE": null, "LATITUDE": 50.629996, "LONGITUDE": 5.580011, "POP_MAX": 749110, "POP_MIN": 196496, "POP_OTHER": 502778, "RANK_MAX": 11, "RANK_MIN": 9, "MEGANAME": null, "LS_NAME": "Liege", "MAX_POP10": 626574, "MAX_POP20": 0, "MAX_POP50": 0, "MAX_POP300": 0, "MAX_POP310": 0, "MAX_NATSCA": 10, "MIN_AREAKM": 523, "MAX_AREAKM": 523, "MIN_AREAMI": 202, "MAX_AREAMI": 202, "MIN_PERKM": 603, "MAX_PERKM": 603, "MIN_PERMI": 375, "MAX_PERMI": 375, "MIN_BBXMIN": 5.333333, "MAX_BBXMIN": 5.333333, "MIN_BBXMAX": 5.916667, "MAX_BBXMAX": 5.916667, "MIN_BBYMIN": 50.5, "MAX_BBYMIN": 50.5, "MIN_BBYMAX": 50.791667, "MAX_BBYMAX": 50.791667, "MEAN_BBXC": 5.634231, "MEAN_BBYC": 50.626613, "TIMEZONE": "Europe/Brussels", "UN_FID": 0, "POP1950": 0, "POP1955": 0, "POP1960": 0, "POP1965": 0, "POP1970": 0, "POP1975": 0, "POP1980": 0, "POP1985": 0, "POP1990": 0, "POP1995": 0, "POP2000": 0, "POP2005": 0, "POP2010": 0, "POP2015": 0, "POP2020": 0, "POP2025": 0, "POP2050": 0, "MIN_ZOOM": 7, "WIKIDATAID": "Q3992", "WOF_ID": 101748083, "CAPALT": 0, "NAME_EN": "Liège", "NAME_DE": "Lüttich", "NAME_ES": "Lieja", "NAME_FR": "Liège", "NAME_PT": "Liège", "NAME_RU": "Льеж", "NAME_ZH": "列日", "LABEL": null, "NAME_AR": "لييج", "NAME_BN": "লিজ", "NAME_EL": "Λιέγη", "NAME_HI": "लीज", "NAME_HU": "Liège", "NAME_ID": "Liège", "NAME_IT": "Liegi", "NAME_JA": "リエージュ", "NAME_KO": "리에주", "NAME_NL": "Luik", "NAME_PL": "Liège", "NAME_SV": "Liège", "NAME_TR": "Liège", "NAME_VI": "Liège", "NE_ID": 1159132333, "NAME_FA": "لیژ", "NAME_HE": "לייז'", "NAME_UK": "Льєж", "NAME_UR": "لییجی", "NAME_ZHT": "列日", "GEONAMESID": 2792413, "FCLASS_ISO": null, "FCLASS_US": null, "FCLASS_FR": null, "FCLASS_RU": null, "FCLASS_ES": null, "FCLASS_CN": null, "FCLASS_TW": null, "FCLASS_IN": null, "FCLASS_NP": null, "FCLASS_PK": null, "FCLASS_DE": null, "FCLASS_GB": null, "FCLASS_BR": null, "FCLASS_IL": null, "FCLASS_PS": null, "FCLASS_SA": null, "FCLASS_EG": null, "FCLASS_MA": null, "FCLASS_PT": null, "FCLASS_AR": null, "FCLASS_JP": null, "FCLASS_KO": null, "FCLASS_VN": null, "FCLASS_TR": null, "FCLASS_ID": null, "FCLASS_PL": null, "FCLASS_GR": null, "FCLASS_IT": null, "FCLASS_NL": null, "FCLASS_SE": null, "FCLASS_BD": null, "FCLASS_UA": null, "FCLASS_TLC": null}, "bbox": [5.580011, 50.629996, 5.580011, 50.629996], "geometry": {"type": "Point", "coordinates": [5.580011, 50.629996]}}, {"type": "Feature", "properties": {"SCALERANK": 8, "NATSCALE": 10, "LABELRANK": 5, "FEATURECLA": "Populated place", "NAME": "Fort William", "NAMEPAR": null, "NAMEALT": null, "NAMEASCII": "Fort William", "ADM0CAP": 0, "CAPIN": null, "WORLDCITY": 0, "MEGACITY": 0, "SOV0NAME": "United Kingdom", "SOV_A3": "GBR", "ADM0NAME": "United Kingdom", "ADM0_A3": "GBR", "ADM1NAME": "Highland", "ISO_A2": "GB", "NOTE": null, "LATITUDE": 56.816478, "LONGITUDE": -5.112076, "POP_MAX": 9652, "POP_MIN": 9652, "POP_OTHER": 0, "RANK_MAX": 5, "RANK_MIN": 5, "MEGANAME": null, "LS_NAME": null, "MAX_POP10": 0, "MAX_POP20": 0, "MAX_POP50": 0, "MAX_POP300": 0, "MAX_POP310": 0, "MAX_NATSCA": 0, "MIN_AREAKM": 0, "MAX_AREAKM": 0, "MIN_AREAMI": 0, "MAX_AREAMI": 0, "MIN_PERKM": 0, "MAX_PERKM": 0, "MIN_PERMI": 0, "MAX_PERMI": 0, "MIN_BBXMIN": 0, "MAX_BBXMIN": 0, "MIN_BBXMAX": 0, "MAX_BBXMAX": 0, "MIN_BBYMIN": 0, "MAX_BBYMIN": 0, "MIN_BBYMAX": 0, "MAX_BBYMAX": 0, "MEAN_BBXC": 0, "MEAN_BBYC": 0, "TIMEZONE": "Europe/London", "UN_FID": 0, "POP1950": 0, "POP1955": 0, "POP1960": 0, "POP1965": 0, "POP1970": 0, "POP1975": 0, "POP1980": 0, "POP1985": 0, "POP1990": 0, "POP1995": 0, "POP2000": 0, "POP2005": 0, "POP2010": 0, "POP2015": 0, "POP2020": 0, "POP2025": 0, "POP2050": 0, "MIN_ZOOM": 7, "WIKIDATAID": "Q848909", "WOF_ID": 101872715, "CAPALT": 0, "NAME_EN": "Fort William", "NAME_DE": "Fort William", "NAME_ES": "Fort William", "NAME_FR": "Fort William", "NAME_PT": "Fort William", "NAME_RU": "Форт-Уильям", "NAME_ZH": "威廉堡", "LABEL": null, "NAME_AR": "فورت ويليام", "NAME_BN": "ফোর্ট উইলিয়াম", "NAME_EL": "Φορτ Γουίλιαμ", "NAME_HI": "फ़ोर्ट विलियम", "NAME_HU": "Fort William", "NAME_ID": "Fort William", "NAME_IT": "Fort William", "NAME_JA": "フォート・ウィリアム", "NAME_KO": "포트윌리엄", "NAME_NL": "Fort William", "NAME_PL": "Fort William", "NAME_SV": "Fort William", "NAME_TR": "Fort William", "NAME_VI": "Fort William", "NE_ID": 1159132367, "NAME_FA": "فورت ویلیام", "NAME_HE": "פורט ויליאם", "NAME_UK": "Форт-Вільям", "NAME_UR": "فورٹ ولیم", "NAME_ZHT": "威廉堡", "GEONAMESID": 2649169, "FCLASS_ISO": null, "FCLASS_US": null, "FCLASS_FR": null, "FCLASS_RU": null, "FCLASS_ES": null, "FCLASS_CN": null, "FCLASS_TW": null, "FCLASS_IN": null, "FCLASS_NP": null, "FCLASS_PK": null, "FCLASS_DE": null, "FCLASS_GB": null, "FCLASS_BR": null, "FCLASS_IL": null, "FCLASS_PS": null, "FCLASS_SA": null, "FCLASS_EG": null, "FCLASS_MA": null, "FCLASS_PT": null, "FCLASS_AR": null, "FCLASS_JP": null, "FCLASS_KO": null, "FCLASS_VN": null, "FCLASS_TR": null, "FCLASS_ID": null, "FCLASS_PL": null, "FCLASS_GR": null, "FCLASS_IT": null, "FCLASS_NL": null, "FCLASS_SE": null, "FCLASS_BD": null, "FCLASS_UA": null, "FCLASS_TLC": null}, "bbox": [-5.112076, 56.816478, -5.112076, 56.816478], "geometry": {"type": "Point", "coordinates": [-5.112076, 56.816478]}}, {"type": "Feature", "properties": {"SCALERANK": 7, "NATSCALE": 20, "LABELRANK": 3, "FEATURECLA": "Admin-1 capital", "NAME": "Santander", "NAMEPAR": null, "NAMEALT": null, "NAMEASCII": "Santander", "ADM0CAP": 0, "CAPIN": null, "WORLDCITY": 0, "MEGACITY": 0, "SOV0NAME": "Kingdom of Spain", "SOV_A3": "ESP", "ADM0NAME": "Spain", "ADM0_A3": "ESP", "ADM1NAME": "Cantabria", "ISO_A2": "ES", "NOTE": null, "LATITUDE": 43.380465, "LONGITUDE": -3.799985, "POP_MAX": 208763, "POP_MIN": 183288, "POP_OTHER": 0, "RANK_MAX": 10, "RANK_MIN": 9, "MEGANAME": null, "LS_NAME": "Santander", "MAX_POP10": 208763, "MAX_POP20": 208763, "MAX_POP50": 0, "MAX_POP300": 0, "MAX_POP310": 0, "MAX_NATSCA": 20, "MIN_AREAKM": 97, "MAX_AREAKM": 97, "MIN_AREAMI": 37, "MAX_AREAMI": 37, "MIN_PERKM": 128, "MAX_PERKM": 128, "MIN_PERMI": 79, "MAX_PERMI": 79, "MIN_BBXMIN": -3.958333, "MAX_BBXMIN": -3.958333, "MIN_BBXMAX": -3.758333, "MAX_BBXMAX": -3.758333, "MIN_BBYMIN": 43.383333, "MAX_BBYMIN": 43.383333, "MIN_BBYMAX": 43.491667, "MAX_BBYMAX": 43.491667, "MEAN_BBXC": -3.85164, "MEAN_BBYC": 43.437823, "TIMEZONE": "Europe/Madrid", "UN_FID": 0, "POP1950": 0, "POP1955": 0, "POP1960": 0, "POP1965": 0, "POP1970": 0, "POP1975": 0, "POP1980": 0, "POP1985": 0, "POP1990": 0, "POP1995": 0, "POP2000": 0, "POP2005": 0, "POP2010": 0, "POP2015": 0, "POP2020": 0, "POP2025": 0, "POP2050": 0, "MIN_ZOOM": 6.7, "WIKIDATAID": "Q12233", "WOF_ID": 101748391, "CAPALT": 0, "NAME_EN": "Santander", "NAME_DE": "Santander", "NAME_ES": "Santander", "NAME_FR": "Santander", "NAME_PT": "Santander", "NAME_RU": "Сантандер", "NAME_ZH": "桑坦德", "LABEL": null, "NAME_AR": "سانتاندير", "NAME_BN": "সান্তান্দের", "NAME_EL": "Σανταντέρ", "NAME_HI": "सैंतांदर", "NAME_HU": "Santander", "NAME_ID": "Santander", "NAME_IT": "Santander", "NAME_JA": "サンタンデール", "NAME_KO": "산탄데르", "NAME_NL": "Santander", "NAME_PL": "Santander", "NAME_SV": "Santander", "NAME_TR": "Santander", "NAME_VI": "Santander", "NE_ID": 1159133803, "NAME_FA": "سانتاندر", "NAME_HE": "סנטנדר", "NAME_UK": "Сантандер", "NAME_UR": "سانتاندیئر", "NAME_ZHT": "聖坦德", "GEONAMESID": 3109718, "FCLASS_ISO": null, "FCLASS_US": null, "FCLASS_FR": null, "FCLASS_RU": null, "FCLASS_ES": null, "FCLASS_CN": null, "FCLASS_TW": null, "FCLASS_IN": null, "FCLASS_NP": null, "FCLASS_PK": null, "FCLASS_DE": null, "FCLASS_GB": null, "FCLASS_BR": null, "FCLASS_IL": null, "FCLASS_PS": null, "FCLASS_SA": null, "FCLASS_EG": null, "FCLASS_MA": null, "FCLASS_PT": null, "FCLASS_AR": null, "FCLASS_JP": null, "FCLASS_KO": null, "FCLASS_VN": null, "FCLASS_TR": null, "FCLASS_ID": null, "FCLASS_PL": null, "FCLASS_GR": null, "FCLASS_IT": null, "FCLASS_NL": null, "FCLASS_SE": null, "FCLASS_BD": null, "FCLASS_UA": null, "FCLASS_TLC": null}, "bbox": [-3.799985, 43.380465, -3.799985, 43.380465], "geometry": {"type": "Point", "coordinates": [-3.799985, 43.380465]}}, {"type": "Feature", "properties": {"SCALERANK": 7, "NATSCALE": 20, "LABELRANK": 7, "FEATURECLA": "Admin-1 capital", "NAME": "Luzern", "NAMEPAR": null, "NAMEALT": null, "NAMEASCII": "Luzern", "ADM0CAP": 0, "CAPIN": null, "WORLDCITY": 0, "MEGACITY": 0, "SOV0NAME": "Switzerland", "SOV_A3": "CHE", "ADM0NAME": "Switzerland", "ADM0_A3": "CHE", "ADM1NAME": "Lucerne", "ISO_A2": "CH", "NOTE": null, "LATITUDE": 47.050421, "LONGITUDE": 8.280001, "POP_MAX": 250000, "POP_MIN": 77491, "POP_OTHER": 182216, "RANK_MAX": 10, "RANK_MIN": 8, "MEGANAME": null, "LS_NAME": "Luzern", "MAX_POP10": 190827, "MAX_POP20": 190827, "MAX_POP50": 0, "MAX_POP300": 0, "MAX_POP310": 0, "MAX_NATSCA": 20, "MIN_AREAKM": 63, "MAX_AREAKM": 63, "MIN_AREAMI": 24, "MAX_AREAMI": 24, "MIN_PERKM": 79, "MAX_PERKM": 79, "MIN_PERMI": 49, "MAX_PERMI": 49, "MIN_BBXMIN": 8.241667, "MAX_BBXMIN": 8.241667, "MIN_BBXMAX": 8.383333, "MAX_BBXMAX": 8.383333, "MIN_BBYMIN": 47.008333, "MAX_BBYMIN": 47.008333, "MIN_BBYMAX": 47.108333, "MAX_BBYMAX": 47.108333, "MEAN_BBXC": 8.302064, "MEAN_BBYC": 47.060164, "TIMEZONE": "Europe/Zurich", "UN_FID": 0, "POP1950": 0, "POP1955": 0, "POP1960": 0, "POP1965": 0, "POP1970": 0, "POP1975": 0, "POP1980": 0, "POP1985": 0, "POP1990": 0, "POP1995": 0, "POP2000": 0, "POP2005": 0, "POP2010": 0, "POP2015": 0, "POP2020": 0, "POP2025": 0, "POP2050": 0, "MIN_ZOOM": 6.7, "WIKIDATAID": "Q4191", "WOF_ID": 101748451, "CAPALT": 0, "NAME_EN": "Lucerne", "NAME_DE": "Luzern", "NAME_ES": "Lucerna", "NAME_FR": "Lucerne", "NAME_PT": "Lucerna", "NAME_RU": "Люцерн", "NAME_ZH": "卢塞恩", "LABEL": null, "NAME_AR": "لوسرن", "NAME_BN": "লুসার্ন", "NAME_EL": "Λουκέρνη", "NAME_HI": "लूज़र्न", "NAME_HU": "Luzern", "NAME_ID": "Luzern", "NAME_IT": "Lucerna", "NAME_JA": "ルツェルン", "NAME_KO": "루체른", "NAME_NL": "Luzern", "NAME_PL": "Lucerna", "NAME_SV": "Luzern", "NAME_TR": "Luzern", "NAME_VI": "Lucerne", "NE_ID": 1159133953, "NAME_FA": "لوسرن", "NAME_HE": "לוצרן", "NAME_UK": "Люцерн", "NAME_UR": "لوزیم", "NAME_ZHT": "琉森", "GEONAMESID": 2659811, "FCLASS_ISO": null, "FCLASS_US": null, "FCLASS_FR": null, "FCLASS_RU": null, "FCLASS_ES": null, "FCLASS_CN": null, "FCLASS_TW": null, "FCLASS_IN": null, "FCLASS_NP": null, "FCLASS_PK": null, "FCLASS_DE": null, "FCLASS_GB": null, "FCLASS_BR": null, "FCLASS_IL": null, "FCLASS_PS": null, "FCLASS_SA": null, "FCLASS_EG": null, "FCLASS_MA": null, "FCLASS_PT": null, "FCLASS_AR": null, "FCLASS_JP": null, "FCLASS_KO": null, "FCLASS_VN": null, "FCLASS_TR": null, "FCLASS_ID": null, "FCLASS_PL": null, "FCLASS_GR": null, "FCLASS_IT": null, "FCLASS_NL": null, "FCLASS_SE": null, "FCLASS_BD": null, "FCLASS_UA": null, "FCLASS_TLC": null}, "bbox": [8.280001, 47.050421, 8.280001, 47.050421], "geometry": {"type": "Point", "coordinates": [8.280001, 47.050421]}}, {"type": "Feature", "properties": {"SCALERANK": 7, "NATSCALE": 20, "LABELRANK": 7, "FEATURECLA": "Populated place", "NAME": "Lugano", "NAMEPAR": null, "NAMEALT": null, "NAMEASCII": "Lugano", "ADM0CAP": 0, "CAPIN": null, "WORLDCITY": 0, "MEGACITY": 0, "SOV0NAME": "Switzerland", "SOV_A3": "CHE", "ADM0NAME": "Switzerland", "ADM0_A3": "CHE", "ADM1NAME": "Ticino", "ISO_A2": "CH", "NOTE": null, "LATITUDE": 46.000382, "LONGITUDE": 8.966677, "POP_MAX": 105388, "POP_MIN": 26365, "POP_OTHER": 188671, "RANK_MAX": 9, "RANK_MIN": 7, "MEGANAME": null, "LS_NAME": "Lugano", "MAX_POP10": 105388, "MAX_POP20": 105388, "MAX_POP50": 0, "MAX_POP300": 0, "MAX_POP310": 0, "MAX_NATSCA": 20, "MIN_AREAKM": 55, "MAX_AREAKM": 55, "MIN_AREAMI": 21, "MAX_AREAMI": 21, "MIN_PERKM": 84, "MAX_PERKM": 84, "MIN_PERMI": 52, "MAX_PERMI": 52, "MIN_BBXMIN": 8.808333, "MAX_BBXMIN": 8.808333, "MIN_BBXMAX": 8.991667, "MAX_BBXMAX": 8.991667, "MIN_BBYMIN": 45.916667, "MAX_BBYMIN": 45.916667, "MIN_BBYMAX": 46.05, "MAX_BBYMAX": 46.05, "MEAN_BBXC": 8.913859, "MEAN_BBYC": 45.994746, "TIMEZONE": "Europe/Zurich", "UN_FID": 0, "POP1950": 0, "POP1955": 0, "POP1960": 0, "POP1965": 0, "POP1970": 0, "POP1975": 0, "POP1980": 0, "POP1985": 0, "POP1990": 0, "POP1995": 0, "POP2000": 0, "POP2005": 0, "POP2010": 0, "POP2015": 0, "POP2020": 0, "POP2025": 0, "POP2050": 0, "MIN_ZOOM": 6.1, "WIKIDATAID": "Q7024", "WOF_ID": 101875955, "CAPALT": 0, "NAME_EN": "Lugano", "NAME_DE": "Lugano", "NAME_ES": "Lugano", "NAME_FR": "Lugano", "NAME_PT": "Lugano", "NAME_RU": "Лугано", "NAME_ZH": "卢加诺", "LABEL": null, "NAME_AR": "لوغانو", "NAME_BN": "লুগানো", "NAME_EL": "Λουγκάνο", "NAME_HI": "लुगानो", "NAME_HU": "Lugano", "NAME_ID": "Lugano", "NAME_IT": "Lugano", "NAME_JA": "ルガーノ", "NAME_KO": "루가노", "NAME_NL": "Lugano", "NAME_PL": "Lugano", "NAME_SV": "Lugano", "NAME_TR": "Lugano", "NAME_VI": "Lugano", "NE_ID": 1159133957, "NAME_FA": "لوگنو", "NAME_HE": "לוגאנו", "NAME_UK": "Лугано", "NAME_UR": "لوگانو", "NAME_ZHT": "盧加諾", "GEONAMESID": 2659836, "FCLASS_ISO": null, "FCLASS_US": null, "FCLASS_FR": null, "FCLASS_RU": null, "FCLASS_ES": null, "FCLASS_CN": null, "FCLASS_TW": null, "FCLASS_IN": null, "FCLASS_NP": null, "FCLASS_PK": null, "FCLASS_DE": null, "FCLASS_GB": null, "FCLASS_BR": null, "FCLASS_IL": null, "FCLASS_PS": null, "FCLASS_SA": null, "FCLASS_EG": null, "FCLASS_MA": null, "FCLASS_PT": null, "FCLASS_AR": null, "FCLASS_JP": null, "FCLASS_KO": null, "FCLASS_VN": null, "FCLASS_TR": null, "FCLASS_ID": null, "FCLASS_PL": null, "FCLASS_GR": null, "FCLASS_IT": null, "FCLASS_NL": null, "FCLASS_SE": null, "FCLASS_BD": null, "FCLASS_UA": null, "FCLASS_TLC": null}, "bbox": [8.966677, 46.000382, 8.966677, 46.000382], "geometry": {"type": "Point", "coordinates": [8.966677, 46.000382]}}, {"type": "Feature", "properties": {"SCALERANK": 7, "NATSCALE": 20, "LABELRANK": 7, "FEATURECLA": "Admin-1 capital", "NAME": "Växjö", "NAMEPAR": null, "NAMEALT": null, "NAMEASCII": "Vaxjo", "ADM0CAP": 0, "CAPIN": null, "WORLDCITY": 0, "MEGACITY": 0, "SOV0NAME": "Sweden", "SOV_A3": "SWE", "ADM0NAME": "Sweden", "ADM0_A3": "SWE", "ADM1NAME": "Kronoberg", "ISO_A2": "SE", "NOTE": null, "LATITUDE": 56.883697, "LONGITUDE": 14.816708, "POP_MAX": 59600, "POP_MIN": 46535, "POP_OTHER": 40534, "RANK_MAX": 8, "RANK_MIN": 7, "MEGANAME": null, "LS_NAME": "Vaxjo", "MAX_POP10": 46535, "MAX_POP20": 46535, "MAX_POP50": 0, "MAX_POP300": 0, "MAX_POP310": 0, "MAX_NATSCA": 20, "MIN_AREAKM": 44, "MAX_AREAKM": 44, "MIN_AREAMI": 17, "MAX_AREAMI": 17, "MIN_PERKM": 60, "MAX_PERKM": 60, "MIN_PERMI": 37, "MAX_PERMI": 37, "MIN_BBXMIN": 14.725, "MAX_BBXMIN": 14.725, "MIN_BBXMAX": 14.866667, "MAX_BBXMAX": 14.866667, "MIN_BBYMIN": 56.833333, "MAX_BBYMIN": 56.833333, "MIN_BBYMAX": 56.925, "MAX_BBYMAX": 56.925, "MEAN_BBXC": 14.798163, "MEAN_BBYC": 56.885439, "TIMEZONE": "Europe/Stockholm", "UN_FID": 0, "POP1950": 0, "POP1955": 0, "POP1960": 0, "POP1965": 0, "POP1970": 0, "POP1975": 0, "POP1980": 0, "POP1985": 0, "POP1990": 0, "POP1995": 0, "POP2000": 0, "POP2005": 0, "POP2010": 0, "POP2015": 0, "POP2020": 0, "POP2025": 0, "POP2050": 0, "MIN_ZOOM": 6.1, "WIKIDATAID": "Q26152", "WOF_ID": 101816705, "CAPALT": 0, "NAME_EN": "Växjö", "NAME_DE": "Växjö", "NAME_ES": "Växjö", "NAME_FR": "Växjö", "NAME_PT": "Växjö", "NAME_RU": "Векшё", "NAME_ZH": "韦克舍", "LABEL": null, "NAME_AR": "فاكسيو", "NAME_BN": "ভ্যাক্সো", "NAME_EL": "Βέξιε", "NAME_HI": "वाक्सजो", "NAME_HU": "Växjö", "NAME_ID": "Växjö", "NAME_IT": "Växjö", "NAME_JA": "ベクショー", "NAME_KO": "벡셰", "NAME_NL": "Växjö", "NAME_PL": "Växjö", "NAME_SV": "Växjö", "NAME_TR": "Växjö", "NAME_VI": "Växjö", "NE_ID": 1159134107, "NAME_FA": "وکفو", "NAME_HE": "וקשה", "NAME_UK": "Векше", "NAME_UR": "ویکوہ", "NAME_ZHT": "韋克舍", "GEONAMESID": 2663536, "FCLASS_ISO": null, "FCLASS_US": null, "FCLASS_FR": null, "FCLASS_RU": null, "FCLASS_ES": null, "FCLASS_CN": null, "FCLASS_TW": null, "FCLASS_IN": null, "FCLASS_NP": null, "FCLASS_PK": null, "FCLASS_DE": null, "FCLASS_GB": null, "FCLASS_BR": null, "FCLASS_IL": null, "FCLASS_PS": null, "FCLASS_SA": null, "FCLASS_EG": null, "FCLASS_MA": null, "FCLASS_PT": null, "FCLASS_AR": null, "FCLASS_JP": null, "FCLASS_KO": null, "FCLASS_VN": null, "FCLASS_TR": null, "FCLASS_ID": null, "FCLASS_PL": null, "FCLASS_GR": null, "FCLASS_IT": null, "FCLASS_NL": null, "FCLASS_SE": null, "FCLASS_BD": null, "FCLASS_UA": null, "FCLASS_TLC": null}, "bbox": [14.816708, 56.883697, 14.816708, 56.883697], "geometry": {"type": "Point", "coordinates": [14.816708, 56.883697]}}, {"type": "Feature", "properties": {"SCALERANK": 7, "NATSCALE": 20, "LABELRANK": 7, "FEATURECLA": "Admin-1 capital", "NAME": "Halmstad", "NAMEPAR": null, "NAMEALT": null, "NAMEASCII": "Halmstad", "ADM0CAP": 0, "CAPIN": null, "WORLDCITY": 0, "MEGACITY": 0, "SOV0NAME": "Sweden", "SOV_A3": "SWE", "ADM0NAME": "Sweden", "ADM0_A3": "SWE", "ADM1NAME": "Halland", "ISO_A2": "SE", "NOTE": null, "LATITUDE": 56.671772, "LONGITUDE": 12.855587, "POP_MAX": 55657, "POP_MIN": 55209, "POP_OTHER": 51633, "RANK_MAX": 8, "RANK_MIN": 8, "MEGANAME": null, "LS_NAME": "Halmstad", "MAX_POP10": 55209, "MAX_POP20": 55209, "MAX_POP50": 0, "MAX_POP300": 0, "MAX_POP310": 0, "MAX_NATSCA": 20, "MIN_AREAKM": 57, "MAX_AREAKM": 57, "MIN_AREAMI": 22, "MAX_AREAMI": 22, "MIN_PERKM": 70, "MAX_PERKM": 70, "MIN_PERMI": 44, "MAX_PERMI": 44, "MIN_BBXMIN": 12.766667, "MAX_BBXMIN": 12.766667, "MIN_BBXMAX": 12.958333, "MAX_BBXMAX": 12.958333, "MIN_BBYMIN": 56.616667, "MAX_BBYMIN": 56.616667, "MIN_BBYMAX": 56.716667, "MAX_BBYMAX": 56.716667, "MEAN_BBXC": 12.873542, "MEAN_BBYC": 56.670764, "TIMEZONE": "Europe/Stockholm", "UN_FID": 0, "POP1950": 0, "POP1955": 0, "POP1960": 0, "POP1965": 0, "POP1970": 0, "POP1975": 0, "POP1980": 0, "POP1985": 0, "POP1990": 0, "POP1995": 0, "POP2000": 0, "POP2005": 0, "POP2010": 0, "POP2015": 0, "POP2020": 0, "POP2025": 0, "POP2050": 0, "MIN_ZOOM": 5.1, "WIKIDATAID": "Q26521", "WOF_ID": 101752285, "CAPALT": 0, "NAME_EN": "Halmstad", "NAME_DE": "Halmstad", "NAME_ES": "Halmstad", "NAME_FR": "Halmstad", "NAME_PT": "Halmstad", "NAME_RU": "Хальмстад", "NAME_ZH": "哈尔姆斯塔德", "LABEL": null, "NAME_AR": "هالمستاد", "NAME_BN": "হামস্টাড", "NAME_EL": "Χάλμσταντ", "NAME_HI": "हैल्मस्टेड", "NAME_HU": "Halmstad", "NAME_ID": "Halmstad", "NAME_IT": "Halmstad", "NAME_JA": "ハルムスタッド", "NAME_KO": "할름스타드", "NAME_NL": "Halmstad", "NAME_PL": "Halmstad", "NAME_SV": "Halmstad", "NAME_TR": "Halmstad", "NAME_VI": "Halmstad", "NE_ID": 1159134123, "NAME_FA": "هالمستاد", "NAME_HE": "האלמסטד", "NAME_UK": "Гальмстад", "NAME_UR": "ہالمستا", "NAME_ZHT": "哈爾姆斯塔德", "GEONAMESID": 2708365, "FCLASS_ISO": null, "FCLASS_US": null, "FCLASS_FR": null, "FCLASS_RU": null, "FCLASS_ES": null, "FCLASS_CN": null, "FCLASS_TW": null, "FCLASS_IN": null, "FCLASS_NP": null, "FCLASS_PK": null, "FCLASS_DE": null, "FCLASS_GB": null, "FCLASS_BR": null, "FCLASS_IL": null, "FCLASS_PS": null, "FCLASS_SA": null, "FCLASS_EG": null, "FCLASS_MA": null, "FCLASS_PT": null, "FCLASS_AR": null, "FCLASS_JP": null, "FCLASS_KO": null, "FCLASS_VN": null, "FCLASS_TR": null, "FCLASS_ID": null, "FCLASS_PL": null, "FCLASS_GR": null, "FCLASS_IT": null, "FCLASS_NL": null, "FCLASS_SE": null, "FCLASS_BD": null, "FCLASS_UA": null, "FCLASS_TLC": null}, "bbox": [12.855587, 56.671772, 12.855587, 56.671772], "geometry": {"type": "Point", "coordinates": [12.855587, 56.671772]}}, {"type": "Feature", "properties": {"SCALERANK": 7, "NATSCALE": 20, "LABELRANK": 3, "FEATURECLA": "Admin-1 capital", "NAME": "Oviedo", "NAMEPAR": null, "NAMEALT": null, "NAMEASCII": "Oviedo", "ADM0CAP": 0, "CAPIN": null, "WORLDCITY": 0, "MEGACITY": 0, "SOV0NAME": "Kingdom of Spain", "SOV_A3": "ESP", "ADM0NAME": "Spain", "ADM0_A3": "ESP", "ADM1NAME": "Principado de Asturias", "ISO_A2": "ES", "NOTE": null, "LATITUDE": 43.350492, "LONGITUDE": -5.829991, "POP_MAX": 235651, "POP_MIN": 211398, "POP_OTHER": 0, "RANK_MAX": 10, "RANK_MIN": 10, "MEGANAME": null, "LS_NAME": "Oviedo", "MAX_POP10": 235651, "MAX_POP20": 235651, "MAX_POP50": 0, "MAX_POP300": 0, "MAX_POP310": 0, "MAX_NATSCA": 20, "MIN_AREAKM": 70, "MAX_AREAKM": 71, "MIN_AREAMI": 27, "MAX_AREAMI": 28, "MIN_PERKM": 77, "MAX_PERKM": 79, "MIN_PERMI": 48, "MAX_PERMI": 49, "MIN_BBXMIN": -5.891667, "MAX_BBXMIN": -5.891667, "MIN_BBXMAX": -5.686208, "MAX_BBXMAX": -5.683333, "MIN_BBYMIN": 43.341667, "MAX_BBYMIN": 43.341667, "MIN_BBYMAX": 43.45, "MAX_BBYMAX": 43.45, "MEAN_BBXC": -5.807338, "MEAN_BBYC": 43.387935, "TIMEZONE": "Europe/Madrid", "UN_FID": 0, "POP1950": 0, "POP1955": 0, "POP1960": 0, "POP1965": 0, "POP1970": 0, "POP1975": 0, "POP1980": 0, "POP1985": 0, "POP1990": 0, "POP1995": 0, "POP2000": 0, "POP2005": 0, "POP2010": 0, "POP2015": 0, "POP2020": 0, "POP2025": 0, "POP2050": 0, "MIN_ZOOM": 6.7, "WIKIDATAID": "Q14317", "WOF_ID": 101748403, "CAPALT": 0, "NAME_EN": "Oviedo", "NAME_DE": "Oviedo", "NAME_ES": "Oviedo", "NAME_FR": "Oviedo", "NAME_PT": "Oviedo", "NAME_RU": "Овьедо", "NAME_ZH": "奥维耶多", "LABEL": null, "NAME_AR": "أبيط", "NAME_BN": "ওভিডো", "NAME_EL": "Οβιέδο", "NAME_HI": "ओविएदो", "NAME_HU": "Oviedo", "NAME_ID": "Oviedo", "NAME_IT": "Oviedo", "NAME_JA": "オビエド", "NAME_KO": "오비에도", "NAME_NL": "Oviedo", "NAME_PL": "Oviedo", "NAME_SV": "Oviedo", "NAME_TR": "Oviedo", "NAME_VI": "Oviedo", "NE_ID": 1159134927, "NAME_FA": "ابیدو", "NAME_HE": "אוביידו", "NAME_UK": "Ов'єдо", "NAME_UR": "اوبیئدو", "NAME_ZHT": "奧維埃多", "GEONAMESID": 3114711, "FCLASS_ISO": null, "FCLASS_US": null, "FCLASS_FR": null, "FCLASS_RU": null, "FCLASS_ES": null, "FCLASS_CN": null, "FCLASS_TW": null, "FCLASS_IN": null, "FCLASS_NP": null, "FCLASS_PK": null, "FCLASS_DE": null, "FCLASS_GB": null, "FCLASS_BR": null, "FCLASS_IL": null, "FCLASS_PS": null, "FCLASS_SA": null, "FCLASS_EG": null, "FCLASS_MA": null, "FCLASS_PT": null, "FCLASS_AR": null, "FCLASS_JP": null, "FCLASS_KO": null, "FCLASS_VN": null, "FCLASS_TR": null, "FCLASS_ID": null, "FCLASS_PL": null, "FCLASS_GR": null, "FCLASS_IT": null, "FCLASS_NL": null, "FCLASS_SE": null, "FCLASS_BD": null, "FCLASS_UA": null, "FCLASS_TLC": null}, "bbox": [-5.829991, 43.350492, -5.829991, 43.350492], "geometry": {"type": "Point", "coordinates": [-5.829991, 43.350492]}}, {"type": "Feature", "properties": {"SCALERANK": 7, "NATSCALE": 20, "LABELRANK": 3, "FEATURECLA": "Populated place", "NAME": "San Sebastián", "NAMEPAR": null, "NAMEALT": null, "NAMEASCII": "San Sebastian", "ADM0CAP": 0, "CAPIN": null, "WORLDCITY": 0, "MEGACITY": 0, "SOV0NAME": "Kingdom of Spain", "SOV_A3": "ESP", "ADM0NAME": "Spain", "ADM0_A3": "ESP", "ADM1NAME": "País Vasco", "ISO_A2": "ES", "NOTE": null, "LATITUDE": 43.320391, "LONGITUDE": -1.979993, "POP_MAX": 357468, "POP_MIN": 183528, "POP_OTHER": 320803, "RANK_MAX": 10, "RANK_MIN": 9, "MEGANAME": null, "LS_NAME": "San Sebastid.n", "MAX_POP10": 357468, "MAX_POP20": 357468, "MAX_POP50": 0, "MAX_POP300": 0, "MAX_POP310": 0, "MAX_NATSCA": 20, "MIN_AREAKM": 113, "MAX_AREAKM": 113, "MIN_AREAMI": 44, "MAX_AREAMI": 44, "MIN_PERKM": 112, "MAX_PERKM": 112, "MIN_PERMI": 70, "MAX_PERMI": 70, "MIN_BBXMIN": -2.066667, "MAX_BBXMIN": -2.066667, "MIN_BBXMAX": -1.841667, "MAX_BBXMAX": -1.841667, "MIN_BBYMIN": 43.175, "MAX_BBYMIN": 43.175, "MIN_BBYMAX": 43.341667, "MAX_BBYMAX": 43.341667, "MEAN_BBXC": -1.969728, "MEAN_BBYC": 43.283494, "TIMEZONE": "Europe/Madrid", "UN_FID": 0, "POP1950": 0, "POP1955": 0, "POP1960": 0, "POP1965": 0, "POP1970": 0, "POP1975": 0, "POP1980": 0, "POP1985": 0, "POP1990": 0, "POP1995": 0, "POP2000": 0, "POP2005": 0, "POP2010": 0, "POP2015": 0, "POP2020": 0, "POP2025": 0, "POP2050": 0, "MIN_ZOOM": 6.1, "WIKIDATAID": "Q10313", "WOF_ID": 101748377, "CAPALT": 0, "NAME_EN": "Donostia-San Sebastián", "NAME_DE": "Donostia/San Sebastián", "NAME_ES": "San Sebastián", "NAME_FR": "Saint-Sébastien", "NAME_PT": "San Sebastián", "NAME_RU": "Сан-Себастьян", "NAME_ZH": "圣塞瓦斯蒂安", "LABEL": null, "NAME_AR": "سان سيباستيان", "NAME_BN": "দোনোস্তিয়া", "NAME_EL": "Σαν Σεμπαστιάν", "NAME_HI": "दोनोसटिया सैन सेबास्टियान", "NAME_HU": "Donostia-San Sebastián", "NAME_ID": "San Sebastián", "NAME_IT": "San Sebastián", "NAME_JA": "サン・セバスティアン", "NAME_KO": "산세바스티안", "NAME_NL": "San Sebastian", "NAME_PL": "San Sebastián", "NAME_SV": "San Sebastián", "NAME_TR": "San Sebastián", "NAME_VI": "San Sebastián", "NE_ID": 1159134947, "NAME_FA": "سن سباستین", "NAME_HE": "סן סבסטיאן", "NAME_UK": "Сан-Себастьян", "NAME_UR": "سان سیباسچان", "NAME_ZHT": "多若斯迪亞", "GEONAMESID": 3110044, "FCLASS_ISO": null, "FCLASS_US": null, "FCLASS_FR": null, "FCLASS_RU": null, "FCLASS_ES": null, "FCLASS_CN": null, "FCLASS_TW": null, "FCLASS_IN": null, "FCLASS_NP": null, "FCLASS_PK": null, "FCLASS_DE": null, "FCLASS_GB": null, "FCLASS_BR": null, "FCLASS_IL": null, "FCLASS_PS": null, "FCLASS_SA": null, "FCLASS_EG": null, "FCLASS_MA": null, "FCLASS_PT": null, "FCLASS_AR": null, "FCLASS_JP": null, "FCLASS_KO": null, "FCLASS_VN": null, "FCLASS_TR": null, "FCLASS_ID": null, "FCLASS_PL": null, "FCLASS_GR": null, "FCLASS_IT": null, "FCLASS_NL": null, "FCLASS_SE": null, "FCLASS_BD": null, "FCLASS_UA": null, "FCLASS_TLC": null}, "bbox": [-1.979993, 43.320391, -1.979993, 43.320391], "geometry": {"type": "Point", "coordinates": [-1.979993, 43.320391]}}, {"type": "Feature", "properties": {"SCALERANK": 7, "NATSCALE": 20, "LABELRANK": 5, "FEATURECLA": "Populated place", "NAME": "Ayr", "NAMEPAR": null, "NAMEALT": null, "NAMEASCII": "Ayr", "ADM0CAP": 0, "CAPIN": null, "WORLDCITY": 0, "MEGACITY": 0, "SOV0NAME": "United Kingdom", "SOV_A3": "GBR", "ADM0NAME": "United Kingdom", "ADM0_A3": "GBR", "ADM1NAME": "South Ayrshire", "ISO_A2": "GB", "NOTE": null, "LATITUDE": 55.4504, "LONGITUDE": -4.61668, "POP_MAX": 69042, "POP_MIN": 45513, "POP_OTHER": 5254, "RANK_MAX": 8, "RANK_MIN": 7, "MEGANAME": null, "LS_NAME": "Ayr1", "MAX_POP10": 69042, "MAX_POP20": 69042, "MAX_POP50": 0, "MAX_POP300": 0, "MAX_POP310": 0, "MAX_NATSCA": 20, "MIN_AREAKM": 27, "MAX_AREAKM": 27, "MIN_AREAMI": 11, "MAX_AREAMI": 11, "MIN_PERKM": 42, "MAX_PERKM": 42, "MIN_PERMI": 26, "MAX_PERMI": 26, "MIN_BBXMIN": -4.675, "MAX_BBXMIN": -4.675, "MIN_BBXMAX": -4.583333, "MAX_BBXMAX": -4.583333, "MIN_BBYMIN": 55.425, "MAX_BBYMIN": 55.425, "MIN_BBYMAX": 55.516667, "MAX_BBYMAX": 55.516667, "MEAN_BBXC": -4.619792, "MEAN_BBYC": 55.462798, "TIMEZONE": "Europe/London", "UN_FID": 0, "POP1950": 0, "POP1955": 0, "POP1960": 0, "POP1965": 0, "POP1970": 0, "POP1975": 0, "POP1980": 0, "POP1985": 0, "POP1990": 0, "POP1995": 0, "POP2000": 0, "POP2005": 0, "POP2010": 0, "POP2015": 0, "POP2020": 0, "POP2025": 0, "POP2050": 0, "MIN_ZOOM": 6.7, "WIKIDATAID": "Q654216", "WOF_ID": 101873467, "CAPALT": 0, "NAME_EN": "Ayr", "NAME_DE": "Ayr", "NAME_ES": "Ayr", "NAME_FR": "Ayr", "NAME_PT": "Ayr", "NAME_RU": "Эр", "NAME_ZH": "艾尔", "LABEL": null, "NAME_AR": "آير", "NAME_BN": "আয়ির", "NAME_EL": "Αϊρ", "NAME_HI": "आइर", "NAME_HU": "Ayr", "NAME_ID": "Ayr", "NAME_IT": "Ayr", "NAME_JA": "エア", "NAME_KO": "에어", "NAME_NL": "Ayr", "NAME_PL": "Ayr", "NAME_SV": "Ayr", "NAME_TR": "Ayr", "NAME_VI": "Ayr", "NE_ID": 1159135041, "NAME_FA": "ایر", "NAME_HE": "אייר", "NAME_UK": "Ер", "NAME_UR": "ایر", "NAME_ZHT": "艾爾", "GEONAMESID": 2656708, "FCLASS_ISO": null, "FCLASS_US": null, "FCLASS_FR": null, "FCLASS_RU": null, "FCLASS_ES": null, "FCLASS_CN": null, "FCLASS_TW": null, "FCLASS_IN": null, "FCLASS_NP": null, "FCLASS_PK": null, "FCLASS_DE": null, "FCLASS_GB": null, "FCLASS_BR": null, "FCLASS_IL": null, "FCLASS_PS": null, "FCLASS_SA": null, "FCLASS_EG": null, "FCLASS_MA": null, "FCLASS_PT": null, "FCLASS_AR": null, "FCLASS_JP": null, "FCLASS_KO": null, "FCLASS_VN": null, "FCLASS_TR": null, "FCLASS_ID": null, "FCLASS_PL": null, "FCLASS_GR": null, "FCLASS_IT": null, "FCLASS_NL": null, "FCLASS_SE": null, "FCLASS_BD": null, "FCLASS_UA": null, "FCLASS_TLC": null}, "bbox": [-4.61668, 55.4504, -4.61668, 55.4504], "geometry": {"type": "Point", "coordinates": [-4.61668, 55.4504]}}, {"type": "Feature", "properties": {"SCALERANK": 7, "NATSCALE": 20, "LABELRANK": 5, "FEATURECLA": "Populated place", "NAME": "Perth", "NAMEPAR": null, "NAMEALT": null, "NAMEASCII": "Perth", "ADM0CAP": 0, "CAPIN": null, "WORLDCITY": 0, "MEGACITY": 0, "SOV0NAME": "United Kingdom", "SOV_A3": "GBR", "ADM0NAME": "United Kingdom", "ADM0_A3": "GBR", "ADM1NAME": "Perthshire and Kinross", "ISO_A2": "GB", "NOTE": null, "LATITUDE": 56.400342, "LONGITUDE": -3.46998, "POP_MAX": 39654, "POP_MIN": 39654, "POP_OTHER": 855538, "RANK_MAX": 7, "RANK_MIN": 7, "MEGANAME": null, "LS_NAME": "Perth1", "MAX_POP10": 39654, "MAX_POP20": 39654, "MAX_POP50": 0, "MAX_POP300": 0, "MAX_POP310": 0, "MAX_NATSCA": 20, "MIN_AREAKM": 22, "MAX_AREAKM": 22, "MIN_AREAMI": 8, "MAX_AREAMI": 8, "MIN_PERKM": 26, "MAX_PERKM": 26, "MIN_PERMI": 16, "MAX_PERMI": 16, "MIN_BBXMIN": -3.491667, "MAX_BBXMIN": -3.491667, "MIN_BBXMAX": -3.408333, "MAX_BBXMAX": -3.408333, "MIN_BBYMIN": 56.366667, "MAX_BBYMIN": 56.366667, "MIN_BBYMAX": 56.425, "MAX_BBYMAX": 56.425, "MEAN_BBXC": -3.449457, "MEAN_BBYC": 56.399457, "TIMEZONE": null, "UN_FID": 0, "POP1950": 0, "POP1955": 0, "POP1960": 0, "POP1965": 0, "POP1970": 0, "POP1975": 0, "POP1980": 0, "POP1985": 0, "POP1990": 0, "POP1995": 0, "POP2000": 0, "POP2005": 0, "POP2010": 0, "POP2015": 0, "POP2020": 0, "POP2025": 0, "POP2050": 0, "MIN_ZOOM": 6.1, "WIKIDATAID": "Q203000", "WOF_ID": 1141906969, "CAPALT": 0, "NAME_EN": "Perth", "NAME_DE": "Perth", "NAME_ES": "Perth", "NAME_FR": "Perth", "NAME_PT": "Perth", "NAME_RU": "Перт", "NAME_ZH": "伯斯", "LABEL": null, "NAME_AR": "بيرث", "NAME_BN": "পার্থ", "NAME_EL": "Περθ", "NAME_HI": "पर्थ", "NAME_HU": "Perth", "NAME_ID": "Perth", "NAME_IT": "Perth", "NAME_JA": "パース", "NAME_KO": "퍼스", "NAME_NL": "Perth", "NAME_PL": "Perth", "NAME_SV": "Perth", "NAME_TR": "Perth", "NAME_VI": "Perth", "NE_ID": 1159135051, "NAME_FA": "پرت", "NAME_HE": "פרת'", "NAME_UK": "Перт", "NAME_UR": "پرتھ", "NAME_ZHT": "伯斯", "GEONAMESID": -1, "FCLASS_ISO": null, "FCLASS_US": null, "FCLASS_FR": null, "FCLASS_RU": null, "FCLASS_ES": null, "FCLASS_CN": null, "FCLASS_TW": null, "FCLASS_IN": null, "FCLASS_NP": null, "FCLASS_PK": null, "FCLASS_DE": null, "FCLASS_GB": null, "FCLASS_BR": null, "FCLASS_IL": null, "FCLASS_PS": null, "FCLASS_SA": null, "FCLASS_EG": null, "FCLASS_MA": null, "FCLASS_PT": null, "FCLASS_AR": null, "FCLASS_JP": null, "FCLASS_KO": null, "FCLASS_VN": null, "FCLASS_TR": null, "FCLASS_ID": null, "FCLASS_PL": null, "FCLASS_GR": null, "FCLASS_IT": null, "FCLASS_NL": null, "FCLASS_SE": null, "FCLASS_BD": null, "FCLASS_UA": null, "FCLASS_TLC": null}, "bbox": [-3.436375, 56.392609, -3.436375, 56.392609], "geometry": {"type": "Point", "coordinates": [-3.436375, 56.392609]}}, {"type": "Feature", "properties": {"SCALERANK": 7, "NATSCALE": 20, "LABELRANK": 5, "FEATURECLA": "Populated place", "NAME": "Dundee", "NAMEPAR": null, "NAMEALT": null, "NAMEASCII": "Dundee", "ADM0CAP": 0, "CAPIN": null, "WORLDCITY": 0, "MEGACITY": 0, "SOV0NAME": "United Kingdom", "SOV_A3": "GBR", "ADM0NAME": "United Kingdom", "ADM0_A3": "GBR", "ADM1NAME": "Dundee", "ISO_A2": "GB", "NOTE": null, "LATITUDE": 56.470389, "LONGITUDE": -3.000008, "POP_MAX": 151592, "POP_MIN": 150435, "POP_OTHER": 149097, "RANK_MAX": 9, "RANK_MIN": 9, "MEGANAME": null, "LS_NAME": "Dundee", "MAX_POP10": 150435, "MAX_POP20": 150435, "MAX_POP50": 0, "MAX_POP300": 0, "MAX_POP310": 0, "MAX_NATSCA": 20, "MIN_AREAKM": 59, "MAX_AREAKM": 59, "MIN_AREAMI": 23, "MAX_AREAMI": 23, "MIN_PERKM": 77, "MAX_PERKM": 77, "MIN_PERMI": 48, "MAX_PERMI": 48, "MIN_BBXMIN": -3.075, "MAX_BBXMIN": -3.075, "MIN_BBXMAX": -2.8, "MAX_BBXMAX": -2.8, "MIN_BBYMIN": 56.45, "MAX_BBYMIN": 56.45, "MIN_BBYMAX": 56.508333, "MAX_BBYMAX": 56.508333, "MEAN_BBXC": -2.954368, "MEAN_BBYC": 56.476411, "TIMEZONE": "Europe/London", "UN_FID": 0, "POP1950": 0, "POP1955": 0, "POP1960": 0, "POP1965": 0, "POP1970": 0, "POP1975": 0, "POP1980": 0, "POP1985": 0, "POP1990": 0, "POP1995": 0, "POP2000": 0, "POP2005": 0, "POP2010": 0, "POP2015": 0, "POP2020": 0, "POP2025": 0, "POP2050": 0, "MIN_ZOOM": 6.7, "WIKIDATAID": "Q123709", "WOF_ID": 101750641, "CAPALT": 0, "NAME_EN": "Dundee", "NAME_DE": "Dundee", "NAME_ES": "Dundee", "NAME_FR": "Dundee", "NAME_PT": "Dundee", "NAME_RU": "Данди", "NAME_ZH": "邓迪", "LABEL": null, "NAME_AR": "دندي", "NAME_BN": "ড্যান্ডি", "NAME_EL": "Νταντί", "NAME_HI": "डन्डी नोड", "NAME_HU": "Dundee", "NAME_ID": "Dundee", "NAME_IT": "Dundee", "NAME_JA": "ダンディー", "NAME_KO": "던디", "NAME_NL": "Dundee", "NAME_PL": "Dundee", "NAME_SV": "Dundee", "NAME_TR": "Dundee", "NAME_VI": "Dundee", "NE_ID": 1159135055, "NAME_FA": "داندی", "NAME_HE": "דנדי", "NAME_UK": "Данді", "NAME_UR": "ڈنڈی", "NAME_ZHT": "鄧迪", "GEONAMESID": 2650752, "FCLASS_ISO": null, "FCLASS_US": null, "FCLASS_FR": null, "FCLASS_RU": null, "FCLASS_ES": null, "FCLASS_CN": null, "FCLASS_TW": null, "FCLASS_IN": null, "FCLASS_NP": null, "FCLASS_PK": null, "FCLASS_DE": null, "FCLASS_GB": null, "FCLASS_BR": null, "FCLASS_IL": null, "FCLASS_PS": null, "FCLASS_SA": null, "FCLASS_EG": null, "FCLASS_MA": null, "FCLASS_PT": null, "FCLASS_AR": null, "FCLASS_JP": null, "FCLASS_KO": null, "FCLASS_VN": null, "FCLASS_TR": null, "FCLASS_ID": null, "FCLASS_PL": null, "FCLASS_GR": null, "FCLASS_IT": null, "FCLASS_NL": null, "FCLASS_SE": null, "FCLASS_BD": null, "FCLASS_UA": null, "FCLASS_TLC": null}, "bbox": [-3.000008, 56.470389, -3.000008, 56.470389], "geometry": {"type": "Point", "coordinates": [-3.000008, 56.470389]}}, {"type": "Feature", "properties": {"SCALERANK": 7, "NATSCALE": 20, "LABELRANK": 5, "FEATURECLA": "Populated place", "NAME": "Middlesbrough", "NAMEPAR": null, "NAMEALT": null, "NAMEASCII": "Middlesbrough", "ADM0CAP": 0, "CAPIN": null, "WORLDCITY": 0, "MEGACITY": 0, "SOV0NAME": "United Kingdom", "SOV_A3": "GBR", "ADM0NAME": "United Kingdom", "ADM0_A3": "GBR", "ADM1NAME": "Stockton-on-Tees", "ISO_A2": "GB", "NOTE": null, "LATITUDE": 54.580375, "LONGITUDE": -1.230013, "POP_MAX": 416042, "POP_MIN": 142707, "POP_OTHER": 399747, "RANK_MAX": 10, "RANK_MIN": 9, "MEGANAME": null, "LS_NAME": "Middlesbrough", "MAX_POP10": 416042, "MAX_POP20": 416042, "MAX_POP50": 0, "MAX_POP300": 0, "MAX_POP310": 0, "MAX_NATSCA": 20, "MIN_AREAKM": 214, "MAX_AREAKM": 214, "MIN_AREAMI": 83, "MAX_AREAMI": 83, "MIN_PERKM": 174, "MAX_PERKM": 174, "MIN_PERMI": 108, "MAX_PERMI": 108, "MIN_BBXMIN": -1.391667, "MAX_BBXMIN": -1.391667, "MIN_BBXMAX": -0.958333, "MAX_BBXMAX": -0.958333, "MIN_BBYMIN": 54.483333, "MAX_BBYMIN": 54.483333, "MIN_BBYMAX": 54.641667, "MAX_BBYMAX": 54.641667, "MEAN_BBXC": -1.216569, "MEAN_BBYC": 54.568224, "TIMEZONE": "Europe/London", "UN_FID": 0, "POP1950": 0, "POP1955": 0, "POP1960": 0, "POP1965": 0, "POP1970": 0, "POP1975": 0, "POP1980": 0, "POP1985": 0, "POP1990": 0, "POP1995": 0, "POP2000": 0, "POP2005": 0, "POP2010": 0, "POP2015": 0, "POP2020": 0, "POP2025": 0, "POP2050": 0, "MIN_ZOOM": 6.1, "WIKIDATAID": "Q171866", "WOF_ID": 101750599, "CAPALT": 0, "NAME_EN": "Middlesbrough", "NAME_DE": "Middlesbrough", "NAME_ES": "Middlesbrough", "NAME_FR": "Middlesbrough", "NAME_PT": "Middlesbrough", "NAME_RU": "Мидлсбро", "NAME_ZH": "米德尔斯伯勒", "LABEL": null, "NAME_AR": "ميدلزبرة", "NAME_BN": "মিডলসব্রো", "NAME_EL": "Μίντλεσμπρο", "NAME_HI": "मिडल्ज़ब्रो", "NAME_HU": "Middlesbrough", "NAME_ID": "Middlesbrough", "NAME_IT": "Middlesbrough", "NAME_JA": "ミドルズブラ", "NAME_KO": "미들즈브러", "NAME_NL": "Middlesbrough", "NAME_PL": "Middlesbrough", "NAME_SV": "Middlesbrough", "NAME_TR": "Middlesbrough", "NAME_VI": "Middlesbrough", "NE_ID": 1159135059, "NAME_FA": "میدلزبورو", "NAME_HE": "מידלסברו", "NAME_UK": "Мідлсбро", "NAME_UR": "میڈیلزبرو", "NAME_ZHT": "米德爾斯伯勒", "GEONAMESID": 2642607, "FCLASS_ISO": null, "FCLASS_US": null, "FCLASS_FR": null, "FCLASS_RU": null, "FCLASS_ES": null, "FCLASS_CN": null, "FCLASS_TW": null, "FCLASS_IN": null, "FCLASS_NP": null, "FCLASS_PK": null, "FCLASS_DE": null, "FCLASS_GB": null, "FCLASS_BR": null, "FCLASS_IL": null, "FCLASS_PS": null, "FCLASS_SA": null, "FCLASS_EG": null, "FCLASS_MA": null, "FCLASS_PT": null, "FCLASS_AR": null, "FCLASS_JP": null, "FCLASS_KO": null, "FCLASS_VN": null, "FCLASS_TR": null, "FCLASS_ID": null, "FCLASS_PL": null, "FCLASS_GR": null, "FCLASS_IT": null, "FCLASS_NL": null, "FCLASS_SE": null, "FCLASS_BD": null, "FCLASS_UA": null, "FCLASS_TLC": null}, "bbox": [-1.230013, 54.580375, -1.230013, 54.580375], "geometry": {"type": "Point", "coordinates": [-1.230013, 54.580375]}}, {"type": "Feature", "properties": {"SCALERANK": 7, "NATSCALE": 20, "LABELRANK": 5, "FEATURECLA": "Populated place", "NAME": "Coventry", "NAMEPAR": null, "NAMEALT": null, "NAMEASCII": "Coventry", "ADM0CAP": 0, "CAPIN": null, "WORLDCITY": 0, "MEGACITY": 0, "SOV0NAME": "United Kingdom", "SOV_A3": "GBR", "ADM0NAME": "United Kingdom", "ADM0_A3": "GBR", "ADM1NAME": "West Midlands", "ISO_A2": "GB", "NOTE": null, "LATITUDE": 52.420404, "LONGITUDE": -1.499997, "POP_MAX": 388271, "POP_MIN": 308313, "POP_OTHER": 365326, "RANK_MAX": 10, "RANK_MIN": 10, "MEGANAME": null, "LS_NAME": "Coventry", "MAX_POP10": 388271, "MAX_POP20": 388271, "MAX_POP50": 0, "MAX_POP300": 0, "MAX_POP310": 0, "MAX_NATSCA": 20, "MIN_AREAKM": 167, "MAX_AREAKM": 167, "MIN_AREAMI": 64, "MAX_AREAMI": 64, "MIN_PERKM": 156, "MAX_PERKM": 156, "MIN_PERMI": 97, "MAX_PERMI": 97, "MIN_BBXMIN": -1.608333, "MAX_BBXMIN": -1.608333, "MIN_BBXMAX": -1.408333, "MAX_BBXMAX": -1.408333, "MIN_BBYMIN": 52.333333, "MAX_BBYMIN": 52.333333, "MIN_BBYMAX": 52.55, "MAX_BBYMAX": 52.55, "MEAN_BBXC": -1.49812, "MEAN_BBYC": 52.438683, "TIMEZONE": "Europe/London", "UN_FID": 0, "POP1950": 0, "POP1955": 0, "POP1960": 0, "POP1965": 0, "POP1970": 0, "POP1975": 0, "POP1980": 0, "POP1985": 0, "POP1990": 0, "POP1995": 0, "POP2000": 0, "POP2005": 0, "POP2010": 0, "POP2015": 0, "POP2020": 0, "POP2025": 0, "POP2050": 0, "MIN_ZOOM": 6.7, "WIKIDATAID": "Q6225", "WOF_ID": 101750449, "CAPALT": 0, "NAME_EN": "Coventry", "NAME_DE": "Coventry", "NAME_ES": "Coventry", "NAME_FR": "Coventry", "NAME_PT": "Coventry", "NAME_RU": "Ковентри", "NAME_ZH": "考文垂", "LABEL": null, "NAME_AR": "كوفنتري", "NAME_BN": "কোভেন্ট্রি", "NAME_EL": "Κόβεντρι", "NAME_HI": "कोवेन्ट्री", "NAME_HU": "Coventry", "NAME_ID": "Coventry", "NAME_IT": "Coventry", "NAME_JA": "コヴェントリー", "NAME_KO": "코번트리", "NAME_NL": "Coventry", "NAME_PL": "Coventry", "NAME_SV": "Coventry", "NAME_TR": "Coventry", "NAME_VI": "Coventry", "NE_ID": 1159135067, "NAME_FA": "کاونتری", "NAME_HE": "קובנטרי", "NAME_UK": "Ковентрі", "NAME_UR": "کووینٹری", "NAME_ZHT": "科芬特里", "GEONAMESID": 2652221, "FCLASS_ISO": null, "FCLASS_US": null, "FCLASS_FR": null, "FCLASS_RU": null, "FCLASS_ES": null, "FCLASS_CN": null, "FCLASS_TW": null, "FCLASS_IN": null, "FCLASS_NP": null, "FCLASS_PK": null, "FCLASS_DE": null, "FCLASS_GB": null, "FCLASS_BR": null, "FCLASS_IL": null, "FCLASS_PS": null, "FCLASS_SA": null, "FCLASS_EG": null, "FCLASS_MA": null, "FCLASS_PT": null, "FCLASS_AR": null, "FCLASS_JP": null, "FCLASS_KO": null, "FCLASS_VN": null, "FCLASS_TR": null, "FCLASS_ID": null, "FCLASS_PL": null, "FCLASS_GR": null, "FCLASS_IT": null, "FCLASS_NL": null, "FCLASS_SE": null, "FCLASS_BD": null, "FCLASS_UA": null, "FCLASS_TLC": null}, "bbox": [-1.502675, 52.400741, -1.502675, 52.400741], "geometry": {"type": "Point", "coordinates": [-1.502675, 52.400741]}}, {"type": "Feature", "properties": {"SCALERANK": 7, "NATSCALE": 20, "LABELRANK": 5, "FEATURECLA": "Populated place", "NAME": "Bath", "NAMEPAR": null, "NAMEALT": null, "NAMEASCII": "Bath", "ADM0CAP": 0, "CAPIN": null, "WORLDCITY": 0, "MEGACITY": 0, "SOV0NAME": "United Kingdom", "SOV_A3": "GBR", "ADM0NAME": "United Kingdom", "ADM0_A3": "GBR", "ADM1NAME": "Bath and North East Somerset", "ISO_A2": "GB", "NOTE": null, "LATITUDE": 51.383749, "LONGITUDE": -2.350022, "POP_MAX": 93238, "POP_MIN": 92120, "POP_OTHER": 91037, "RANK_MAX": 8, "RANK_MIN": 8, "MEGANAME": null, "LS_NAME": "Bath", "MAX_POP10": 92120, "MAX_POP20": 92120, "MAX_POP50": 0, "MAX_POP300": 0, "MAX_POP310": 0, "MAX_NATSCA": 20, "MIN_AREAKM": 42, "MAX_AREAKM": 42, "MIN_AREAMI": 16, "MAX_AREAMI": 16, "MIN_PERKM": 47, "MAX_PERKM": 47, "MIN_PERMI": 29, "MAX_PERMI": 29, "MIN_BBXMIN": -2.425, "MAX_BBXMIN": -2.425, "MIN_BBXMAX": -2.291667, "MAX_BBXMAX": -2.291667, "MIN_BBYMIN": 51.35, "MAX_BBYMIN": 51.35, "MIN_BBYMAX": 51.416667, "MAX_BBYMAX": 51.416667, "MEAN_BBXC": -2.359188, "MEAN_BBYC": 51.384615, "TIMEZONE": "Europe/London", "UN_FID": 0, "POP1950": 0, "POP1955": 0, "POP1960": 0, "POP1965": 0, "POP1970": 0, "POP1975": 0, "POP1980": 0, "POP1985": 0, "POP1990": 0, "POP1995": 0, "POP2000": 0, "POP2005": 0, "POP2010": 0, "POP2015": 0, "POP2020": 0, "POP2025": 0, "POP2050": 0, "MIN_ZOOM": 6.1, "WIKIDATAID": "Q22889", "WOF_ID": 101750387, "CAPALT": 0, "NAME_EN": "Bath", "NAME_DE": "Bath", "NAME_ES": "Bath", "NAME_FR": "Bath", "NAME_PT": "Bath", "NAME_RU": "Бат", "NAME_ZH": "巴斯", "LABEL": null, "NAME_AR": "باث", "NAME_BN": "বাথ", "NAME_EL": "Μπαθ", "NAME_HI": "बाथ", "NAME_HU": "Bath", "NAME_ID": "Bath", "NAME_IT": "Bath", "NAME_JA": "バース", "NAME_KO": "바스", "NAME_NL": "Bath", "NAME_PL": "Bath", "NAME_SV": "Bath", "NAME_TR": "Bath", "NAME_VI": "Bath", "NE_ID": 1159135071, "NAME_FA": "باث", "NAME_HE": "באת'", "NAME_UK": "Бат", "NAME_UR": "باتھ", "NAME_ZHT": "巴斯", "GEONAMESID": 2656173, "FCLASS_ISO": null, "FCLASS_US": null, "FCLASS_FR": null, "FCLASS_RU": null, "FCLASS_ES": null, "FCLASS_CN": null, "FCLASS_TW": null, "FCLASS_IN": null, "FCLASS_NP": null, "FCLASS_PK": null, "FCLASS_DE": null, "FCLASS_GB": null, "FCLASS_BR": null, "FCLASS_IL": null, "FCLASS_PS": null, "FCLASS_SA": null, "FCLASS_EG": null, "FCLASS_MA": null, "FCLASS_PT": null, "FCLASS_AR": null, "FCLASS_JP": null, "FCLASS_KO": null, "FCLASS_VN": null, "FCLASS_TR": null, "FCLASS_ID": null, "FCLASS_PL": null, "FCLASS_GR": null, "FCLASS_IT": null, "FCLASS_NL": null, "FCLASS_SE": null, "FCLASS_BD": null, "FCLASS_UA": null, "FCLASS_TLC": null}, "bbox": [-2.350022, 51.383749, -2.350022, 51.383749], "geometry": {"type": "Point", "coordinates": [-2.350022, 51.383749]}}, {"type": "Feature", "properties": {"SCALERANK": 7, "NATSCALE": 20, "LABELRANK": 5, "FEATURECLA": "Populated place", "NAME": "Exeter", "NAMEPAR": null, "NAMEALT": null, "NAMEASCII": "Exeter", "ADM0CAP": 0, "CAPIN": null, "WORLDCITY": 0, "MEGACITY": 0, "SOV0NAME": "United Kingdom", "SOV_A3": "GBR", "ADM0NAME": "United Kingdom", "ADM0_A3": "GBR", "ADM1NAME": "Devon", "ISO_A2": "GB", "NOTE": null, "LATITUDE": 50.700405, "LONGITUDE": -3.52995, "POP_MAX": 113118, "POP_MIN": 103366, "POP_OTHER": 93512, "RANK_MAX": 9, "RANK_MIN": 9, "MEGANAME": null, "LS_NAME": "Exeter", "MAX_POP10": 103366, "MAX_POP20": 103366, "MAX_POP50": 0, "MAX_POP300": 0, "MAX_POP310": 0, "MAX_NATSCA": 20, "MIN_AREAKM": 50, "MAX_AREAKM": 50, "MIN_AREAMI": 19, "MAX_AREAMI": 19, "MIN_PERKM": 48, "MAX_PERKM": 48, "MIN_PERMI": 30, "MAX_PERMI": 30, "MIN_BBXMIN": -3.566667, "MAX_BBXMIN": -3.566667, "MIN_BBXMAX": -3.45, "MAX_BBXMAX": -3.45, "MIN_BBYMIN": 50.675, "MAX_BBYMIN": 50.675, "MIN_BBYMAX": 50.75, "MAX_BBYMAX": 50.75, "MEAN_BBXC": -3.508104, "MEAN_BBYC": 50.718544, "TIMEZONE": "Europe/London", "UN_FID": 0, "POP1950": 0, "POP1955": 0, "POP1960": 0, "POP1965": 0, "POP1970": 0, "POP1975": 0, "POP1980": 0, "POP1985": 0, "POP1990": 0, "POP1995": 0, "POP2000": 0, "POP2005": 0, "POP2010": 0, "POP2015": 0, "POP2020": 0, "POP2025": 0, "POP2050": 0, "MIN_ZOOM": 5.1, "WIKIDATAID": "Q134672", "WOF_ID": 101750383, "CAPALT": 0, "NAME_EN": "Exeter", "NAME_DE": "Exeter", "NAME_ES": "Exeter", "NAME_FR": "Exeter", "NAME_PT": "Exeter", "NAME_RU": "Эксетер", "NAME_ZH": "埃克塞特", "LABEL": null, "NAME_AR": "إكستر", "NAME_BN": "এক্সেটার", "NAME_EL": "Έξετερ", "NAME_HI": "एक्सेर", "NAME_HU": "Exeter", "NAME_ID": "Exeter", "NAME_IT": "Exeter", "NAME_JA": "エクセター", "NAME_KO": "엑서터", "NAME_NL": "Exeter", "NAME_PL": "Exeter", "NAME_SV": "Exeter", "NAME_TR": "Exeter", "NAME_VI": "Exeter", "NE_ID": 1159135075, "NAME_FA": "اکستر", "NAME_HE": "אקסטר", "NAME_UK": "Ексетер", "NAME_UR": "ایکسٹر", "NAME_ZHT": "艾克希特", "GEONAMESID": 2649808, "FCLASS_ISO": null, "FCLASS_US": null, "FCLASS_FR": null, "FCLASS_RU": null, "FCLASS_ES": null, "FCLASS_CN": null, "FCLASS_TW": null, "FCLASS_IN": null, "FCLASS_NP": null, "FCLASS_PK": null, "FCLASS_DE": null, "FCLASS_GB": null, "FCLASS_BR": null, "FCLASS_IL": null, "FCLASS_PS": null, "FCLASS_SA": null, "FCLASS_EG": null, "FCLASS_MA": null, "FCLASS_PT": null, "FCLASS_AR": null, "FCLASS_JP": null, "FCLASS_KO": null, "FCLASS_VN": null, "FCLASS_TR": null, "FCLASS_ID": null, "FCLASS_PL": null, "FCLASS_GR": null, "FCLASS_IT": null, "FCLASS_NL": null, "FCLASS_SE": null, "FCLASS_BD": null, "FCLASS_UA": null, "FCLASS_TLC": null}, "bbox": [-3.52995, 50.700405, -3.52995, 50.700405], "geometry": {"type": "Point", "coordinates": [-3.52995, 50.700405]}}, {"type": "Feature", "properties": {"SCALERANK": 7, "NATSCALE": 20, "LABELRANK": 5, "FEATURECLA": "Populated place", "NAME": "Cambridge", "NAMEPAR": null, "NAMEALT": null, "NAMEASCII": "Cambridge", "ADM0CAP": 0, "CAPIN": null, "WORLDCITY": 0, "MEGACITY": 0, "SOV0NAME": "United Kingdom", "SOV_A3": "GBR", "ADM0NAME": "United Kingdom", "ADM0_A3": "GBR", "ADM1NAME": "Cambridgeshire", "ISO_A2": "GB", "NOTE": null, "LATITUDE": 52.200391, "LONGITUDE": 0.116623, "POP_MAX": 128488, "POP_MIN": 128488, "POP_OTHER": 0, "RANK_MAX": 9, "RANK_MIN": 9, "MEGANAME": null, "LS_NAME": null, "MAX_POP10": 0, "MAX_POP20": 0, "MAX_POP50": 0, "MAX_POP300": 0, "MAX_POP310": 0, "MAX_NATSCA": 0, "MIN_AREAKM": 0, "MAX_AREAKM": 0, "MIN_AREAMI": 0, "MAX_AREAMI": 0, "MIN_PERKM": 0, "MAX_PERKM": 0, "MIN_PERMI": 0, "MAX_PERMI": 0, "MIN_BBXMIN": 0, "MAX_BBXMIN": 0, "MIN_BBXMAX": 0, "MAX_BBXMAX": 0, "MIN_BBYMIN": 0, "MAX_BBYMIN": 0, "MIN_BBYMAX": 0, "MAX_BBYMAX": 0, "MEAN_BBXC": 0, "MEAN_BBYC": 0, "TIMEZONE": "Europe/London", "UN_FID": 0, "POP1950": 0, "POP1955": 0, "POP1960": 0, "POP1965": 0, "POP1970": 0, "POP1975": 0, "POP1980": 0, "POP1985": 0, "POP1990": 0, "POP1995": 0, "POP2000": 0, "POP2005": 0, "POP2010": 0, "POP2015": 0, "POP2020": 0, "POP2025": 0, "POP2050": 0, "MIN_ZOOM": 6.1, "WIKIDATAID": "Q350", "WOF_ID": 101750465, "CAPALT": 0, "NAME_EN": "Cambridge", "NAME_DE": "Cambridge", "NAME_ES": "Cambridge", "NAME_FR": "Cambridge", "NAME_PT": "Cambridge", "NAME_RU": "Кембридж", "NAME_ZH": "剑桥", "LABEL": null, "NAME_AR": "كامبريدج", "NAME_BN": "ক্যামব্রিজ", "NAME_EL": "Κέιμπριτζ", "NAME_HI": "कैम्ब्रिज", "NAME_HU": "Cambridge", "NAME_ID": "Cambridge", "NAME_IT": "Cambridge", "NAME_JA": "ケンブリッジ", "NAME_KO": "케임브리지", "NAME_NL": "Cambridge", "NAME_PL": "Cambridge", "NAME_SV": "Cambridge", "NAME_TR": "Cambridge", "NAME_VI": "Cambridge", "NE_ID": 1159135079, "NAME_FA": "کمبریج", "NAME_HE": "קיימברידג'", "NAME_UK": "Кембридж", "NAME_UR": "کیمبرج", "NAME_ZHT": "劍橋", "GEONAMESID": 2653941, "FCLASS_ISO": null, "FCLASS_US": null, "FCLASS_FR": null, "FCLASS_RU": null, "FCLASS_ES": null, "FCLASS_CN": null, "FCLASS_TW": null, "FCLASS_IN": null, "FCLASS_NP": null, "FCLASS_PK": null, "FCLASS_DE": null, "FCLASS_GB": null, "FCLASS_BR": null, "FCLASS_IL": null, "FCLASS_PS": null, "FCLASS_SA": null, "FCLASS_EG": null, "FCLASS_MA": null, "FCLASS_PT": null, "FCLASS_AR": null, "FCLASS_JP": null, "FCLASS_KO": null, "FCLASS_VN": null, "FCLASS_TR": null, "FCLASS_ID": null, "FCLASS_PL": null, "FCLASS_GR": null, "FCLASS_IT": null, "FCLASS_NL": null, "FCLASS_SE": null, "FCLASS_BD": null, "FCLASS_UA": null, "FCLASS_TLC": null}, "bbox": [0.116623, 52.200391, 0.116623, 52.200391], "geometry": {"type": "Point", "coordinates": [0.116623, 52.200391]}}, {"type": "Feature", "properties": {"SCALERANK": 7, "NATSCALE": 20, "LABELRANK": 5, "FEATURECLA": "Populated place", "NAME": "Kingston upon Hull", "NAMEPAR": null, "NAMEALT": null, "NAMEASCII": "Kingston upon Hull", "ADM0CAP": 0, "CAPIN": null, "WORLDCITY": 0, "MEGACITY": 0, "SOV0NAME": "United Kingdom", "SOV_A3": "GBR", "ADM0NAME": "United Kingdom", "ADM0_A3": "GBR", "ADM1NAME": "Kingston upon Hull", "ISO_A2": "GB", "NOTE": null, "LATITUDE": 53.750426, "LONGITUDE": -0.329991, "POP_MAX": 302296, "POP_MIN": 292501, "POP_OTHER": 280237, "RANK_MAX": 10, "RANK_MIN": 10, "MEGANAME": null, "LS_NAME": "Kingston upon Hull", "MAX_POP10": 292501, "MAX_POP20": 292501, "MAX_POP50": 0, "MAX_POP300": 0, "MAX_POP310": 0, "MAX_NATSCA": 20, "MIN_AREAKM": 120, "MAX_AREAKM": 120, "MIN_AREAMI": 46, "MAX_AREAMI": 46, "MIN_PERKM": 121, "MAX_PERKM": 121, "MIN_PERMI": 75, "MAX_PERMI": 75, "MIN_BBXMIN": -0.516667, "MAX_BBXMIN": -0.516667, "MIN_BBXMAX": -0.216667, "MAX_BBXMAX": -0.216667, "MIN_BBYMIN": 53.708333, "MAX_BBYMIN": 53.708333, "MIN_BBYMAX": 53.825, "MAX_BBYMAX": 53.825, "MEAN_BBXC": -0.363771, "MEAN_BBYC": 53.762677, "TIMEZONE": "Europe/London", "UN_FID": 0, "POP1950": 0, "POP1955": 0, "POP1960": 0, "POP1965": 0, "POP1970": 0, "POP1975": 0, "POP1980": 0, "POP1985": 0, "POP1990": 0, "POP1995": 0, "POP2000": 0, "POP2005": 0, "POP2010": 0, "POP2015": 0, "POP2020": 0, "POP2025": 0, "POP2050": 0, "MIN_ZOOM": 6.1, "WIKIDATAID": "Q128147", "WOF_ID": 101750561, "CAPALT": 0, "NAME_EN": "Kingston upon Hull", "NAME_DE": "Kingston upon Hull", "NAME_ES": "Kingston upon Hull", "NAME_FR": "Kingston-upon-Hull", "NAME_PT": "Kingston upon Hull", "NAME_RU": "Кингстон-апон-Халл", "NAME_ZH": "赫尔河畔金斯顿", "LABEL": null, "NAME_AR": "كينغستون أبون هال", "NAME_BN": "কিংস্টন আপন হাল", "NAME_EL": "Κίνγκστον απόν Χαλ", "NAME_HI": "किंग्स्टन अपॉन हुल", "NAME_HU": "Kingston upon Hull", "NAME_ID": "Kingston upon Hull", "NAME_IT": "Kingston upon Hull", "NAME_JA": "キングストン・アポン・ハル", "NAME_KO": "킹스턴어폰헐", "NAME_NL": "Kingston upon Hull", "NAME_PL": "Kingston upon Hull", "NAME_SV": "Kingston upon Hull", "NAME_TR": "Kingston upon Hull", "NAME_VI": "Kingston trên sông Hull", "NE_ID": 1159135085, "NAME_FA": "کینگستن هال", "NAME_HE": "האל", "NAME_UK": "Кінгстон-апон-Галл", "NAME_UR": "کنگسٹن اپون ہل", "NAME_ZHT": "赫爾河畔京斯頓", "GEONAMESID": 2645425, "FCLASS_ISO": null, "FCLASS_US": null, "FCLASS_FR": null, "FCLASS_RU": null, "FCLASS_ES": null, "FCLASS_CN": null, "FCLASS_TW": null, "FCLASS_IN": null, "FCLASS_NP": null, "FCLASS_PK": null, "FCLASS_DE": null, "FCLASS_GB": null, "FCLASS_BR": null, "FCLASS_IL": null, "FCLASS_PS": null, "FCLASS_SA": null, "FCLASS_EG": null, "FCLASS_MA": null, "FCLASS_PT": null, "FCLASS_AR": null, "FCLASS_JP": null, "FCLASS_KO": null, "FCLASS_VN": null, "FCLASS_TR": null, "FCLASS_ID": null, "FCLASS_PL": null, "FCLASS_GR": null, "FCLASS_IT": null, "FCLASS_NL": null, "FCLASS_SE": null, "FCLASS_BD": null, "FCLASS_UA": null, "FCLASS_TLC": null}, "bbox": [-0.329991, 53.750426, -0.329991, 53.750426], "geometry": {"type": "Point", "coordinates": [-0.329991, 53.750426]}}, {"type": "Feature", "properties": {"SCALERANK": 7, "NATSCALE": 20, "LABELRANK": 5, "FEATURECLA": "Populated place", "NAME": "Penzance", "NAMEPAR": null, "NAMEALT": null, "NAMEASCII": "Penzance", "ADM0CAP": 0, "CAPIN": null, "WORLDCITY": 0, "MEGACITY": 0, "SOV0NAME": "United Kingdom", "SOV_A3": "GBR", "ADM0NAME": "United Kingdom", "ADM0_A3": "GBR", "ADM1NAME": "Cornwall", "ISO_A2": "GB", "NOTE": null, "LATITUDE": 50.133722, "LONGITUDE": -5.550034, "POP_MAX": 20812, "POP_MIN": 15489, "POP_OTHER": 15072, "RANK_MAX": 7, "RANK_MIN": 6, "MEGANAME": null, "LS_NAME": "Penzance", "MAX_POP10": 15489, "MAX_POP20": 15489, "MAX_POP50": 0, "MAX_POP300": 0, "MAX_POP310": 0, "MAX_NATSCA": 20, "MIN_AREAKM": 14, "MAX_AREAKM": 14, "MIN_AREAMI": 5, "MAX_AREAMI": 5, "MIN_PERKM": 29, "MAX_PERKM": 29, "MIN_PERMI": 18, "MAX_PERMI": 18, "MIN_BBXMIN": -5.566667, "MAX_BBXMIN": -5.566667, "MIN_BBXMAX": -5.475, "MAX_BBXMAX": -5.475, "MIN_BBYMIN": 50.091667, "MAX_BBYMIN": 50.091667, "MIN_BBYMAX": 50.141667, "MAX_BBYMAX": 50.141667, "MEAN_BBXC": -5.533833, "MEAN_BBYC": 50.120833, "TIMEZONE": "Europe/London", "UN_FID": 0, "POP1950": 0, "POP1955": 0, "POP1960": 0, "POP1965": 0, "POP1970": 0, "POP1975": 0, "POP1980": 0, "POP1985": 0, "POP1990": 0, "POP1995": 0, "POP2000": 0, "POP2005": 0, "POP2010": 0, "POP2015": 0, "POP2020": 0, "POP2025": 0, "POP2050": 0, "MIN_ZOOM": 6.1, "WIKIDATAID": "Q208209", "WOF_ID": 1141906973, "CAPALT": 0, "NAME_EN": "Penzance", "NAME_DE": "Penzance", "NAME_ES": "Penzance", "NAME_FR": "Penzance", "NAME_PT": "Penzance", "NAME_RU": "Пензанс", "NAME_ZH": "彭赞斯", "LABEL": null, "NAME_AR": "بينزانس", "NAME_BN": "পেঞ্জান্সে", "NAME_EL": "Πενζάνς", "NAME_HI": "पेंजैंस", "NAME_HU": "Penzance", "NAME_ID": "Penzance", "NAME_IT": "Penzance", "NAME_JA": "ペンザンス", "NAME_KO": "펜잰스", "NAME_NL": "Penzance", "NAME_PL": "Penzance", "NAME_SV": "Penzance", "NAME_TR": "Penzance", "NAME_VI": "Penzance", "NE_ID": 1159135097, "NAME_FA": "پنزانس", "NAME_HE": "פנזאנס", "NAME_UK": "Пензанс", "NAME_UR": "پینزانکی", "NAME_ZHT": "彭贊斯", "GEONAMESID": 2640377, "FCLASS_ISO": null, "FCLASS_US": null, "FCLASS_FR": null, "FCLASS_RU": null, "FCLASS_ES": null, "FCLASS_CN": null, "FCLASS_TW": null, "FCLASS_IN": null, "FCLASS_NP": null, "FCLASS_PK": null, "FCLASS_DE": null, "FCLASS_GB": null, "FCLASS_BR": null, "FCLASS_IL": null, "FCLASS_PS": null, "FCLASS_SA": null, "FCLASS_EG": null, "FCLASS_MA": null, "FCLASS_PT": null, "FCLASS_AR": null, "FCLASS_JP": null, "FCLASS_KO": null, "FCLASS_VN": null, "FCLASS_TR": null, "FCLASS_ID": null, "FCLASS_PL": null, "FCLASS_GR": null, "FCLASS_IT": null, "FCLASS_NL": null, "FCLASS_SE": null, "FCLASS_BD": null, "FCLASS_UA": null, "FCLASS_TLC": null}, "bbox": [-5.550034, 50.133722, -5.550034, 50.133722], "geometry": {"type": "Point", "coordinates": [-5.550034, 50.133722]}}, {"type": "Feature", "properties": {"SCALERANK": 7, "NATSCALE": 20, "LABELRANK": 5, "FEATURECLA": "Populated place", "NAME": "York", "NAMEPAR": null, "NAMEALT": null, "NAMEASCII": "York", "ADM0CAP": 0, "CAPIN": null, "WORLDCITY": 0, "MEGACITY": 0, "SOV0NAME": "United Kingdom", "SOV_A3": "GBR", "ADM0NAME": "United Kingdom", "ADM0_A3": "GBR", "ADM1NAME": "York", "ISO_A2": "GB", "NOTE": null, "LATITUDE": 53.970387, "LONGITUDE": -1.080022, "POP_MAX": 158947, "POP_MIN": 144202, "POP_OTHER": 214418, "RANK_MAX": 9, "RANK_MIN": 9, "MEGANAME": null, "LS_NAME": "York2", "MAX_POP10": 158947, "MAX_POP20": 158947, "MAX_POP50": 0, "MAX_POP300": 0, "MAX_POP310": 0, "MAX_NATSCA": 20, "MIN_AREAKM": 64, "MAX_AREAKM": 64, "MIN_AREAMI": 25, "MAX_AREAMI": 25, "MIN_PERKM": 70, "MAX_PERKM": 70, "MIN_PERMI": 43, "MAX_PERMI": 43, "MIN_BBXMIN": -1.158333, "MAX_BBXMIN": -1.158333, "MIN_BBXMAX": -1.025, "MAX_BBXMAX": -1.025, "MIN_BBYMIN": 53.908333, "MAX_BBYMIN": 53.908333, "MIN_BBYMAX": 54.025, "MAX_BBYMAX": 54.025, "MEAN_BBXC": -1.09019, "MEAN_BBYC": 53.969783, "TIMEZONE": "Europe/London", "UN_FID": 0, "POP1950": 0, "POP1955": 0, "POP1960": 0, "POP1965": 0, "POP1970": 0, "POP1975": 0, "POP1980": 0, "POP1985": 0, "POP1990": 0, "POP1995": 0, "POP2000": 0, "POP2005": 0, "POP2010": 0, "POP2015": 0, "POP2020": 0, "POP2025": 0, "POP2050": 0, "MIN_ZOOM": 6.7, "WIKIDATAID": "Q42462", "WOF_ID": 101751641, "CAPALT": 0, "NAME_EN": "York", "NAME_DE": "York", "NAME_ES": "York", "NAME_FR": "York", "NAME_PT": "Iorque", "NAME_RU": "Йорк", "NAME_ZH": "约克", "LABEL": null, "NAME_AR": "يورك", "NAME_BN": "ইয়র্ক", "NAME_EL": "Γιορκ", "NAME_HI": "यॉर्क", "NAME_HU": "York", "NAME_ID": "York", "NAME_IT": "York", "NAME_JA": "ヨーク", "NAME_KO": "요크", "NAME_NL": "York", "NAME_PL": "York", "NAME_SV": "York", "NAME_TR": "York", "NAME_VI": "York", "NE_ID": 1159135103, "NAME_FA": "یورک", "NAME_HE": "יורק", "NAME_UK": "Йорк", "NAME_UR": "یورک", "NAME_ZHT": "約克", "GEONAMESID": 2633352, "FCLASS_ISO": null, "FCLASS_US": null, "FCLASS_FR": null, "FCLASS_RU": null, "FCLASS_ES": null, "FCLASS_CN": null, "FCLASS_TW": null, "FCLASS_IN": null, "FCLASS_NP": null, "FCLASS_PK": null, "FCLASS_DE": null, "FCLASS_GB": null, "FCLASS_BR": null, "FCLASS_IL": null, "FCLASS_PS": null, "FCLASS_SA": null, "FCLASS_EG": null, "FCLASS_MA": null, "FCLASS_PT": null, "FCLASS_AR": null, "FCLASS_JP": null, "FCLASS_KO": null, "FCLASS_VN": null, "FCLASS_TR": null, "FCLASS_ID": null, "FCLASS_PL": null, "FCLASS_GR": null, "FCLASS_IT": null, "FCLASS_NL": null, "FCLASS_SE": null, "FCLASS_BD": null, "FCLASS_UA": null, "FCLASS_TLC": null}, "bbox": [-1.072104, 53.951168, -1.072104, 53.951168], "geometry": {"type": "Point", "coordinates": [-1.072104, 53.951168]}}, {"type": "Feature", "properties": {"SCALERANK": 7, "NATSCALE": 20, "LABELRANK": 5, "FEATURECLA": "Populated place", "NAME": "Blackpool", "NAMEPAR": null, "NAMEALT": null, "NAMEASCII": "Blackpool", "ADM0CAP": 0, "CAPIN": null, "WORLDCITY": 0, "MEGACITY": 0, "SOV0NAME": "United Kingdom", "SOV_A3": "GBR", "ADM0NAME": "United Kingdom", "ADM0_A3": "GBR", "ADM1NAME": "Lancashire", "ISO_A2": "GB", "NOTE": null, "LATITUDE": 53.830395, "LONGITUDE": -3.050005, "POP_MAX": 272792, "POP_MIN": 143101, "POP_OTHER": 245350, "RANK_MAX": 10, "RANK_MIN": 9, "MEGANAME": null, "LS_NAME": "Blackpool", "MAX_POP10": 272792, "MAX_POP20": 272792, "MAX_POP50": 0, "MAX_POP300": 0, "MAX_POP310": 0, "MAX_NATSCA": 20, "MIN_AREAKM": 94, "MAX_AREAKM": 94, "MIN_AREAMI": 36, "MAX_AREAMI": 36, "MIN_PERKM": 95, "MAX_PERKM": 95, "MIN_PERMI": 59, "MAX_PERMI": 59, "MIN_BBXMIN": -3.058333, "MAX_BBXMIN": -3.058333, "MIN_BBXMAX": -2.933333, "MAX_BBXMAX": -2.933333, "MIN_BBYMIN": 53.733333, "MAX_BBYMIN": 53.733333, "MIN_BBYMAX": 53.933333, "MAX_BBYMAX": 53.933333, "MEAN_BBXC": -3.013542, "MEAN_BBYC": 53.828668, "TIMEZONE": "Europe/London", "UN_FID": 0, "POP1950": 0, "POP1955": 0, "POP1960": 0, "POP1965": 0, "POP1970": 0, "POP1975": 0, "POP1980": 0, "POP1985": 0, "POP1990": 0, "POP1995": 0, "POP2000": 0, "POP2005": 0, "POP2010": 0, "POP2015": 0, "POP2020": 0, "POP2025": 0, "POP2050": 0, "MIN_ZOOM": 6.7, "WIKIDATAID": "Q170377", "WOF_ID": 101750583, "CAPALT": 0, "NAME_EN": "Blackpool", "NAME_DE": "Blackpool", "NAME_ES": "Blackpool", "NAME_FR": "Blackpool", "NAME_PT": "Blackpool", "NAME_RU": "Блэкпул", "NAME_ZH": "布莱克浦", "LABEL": null, "NAME_AR": "بلاكبول", "NAME_BN": "ব্ল্যাকপুল", "NAME_EL": "Μπλάκπουλ", "NAME_HI": "ब्लैकपूल", "NAME_HU": "Blackpool", "NAME_ID": "Blackpool", "NAME_IT": "Blackpool", "NAME_JA": "ブラックプール", "NAME_KO": "블랙풀", "NAME_NL": "Blackpool", "NAME_PL": "Blackpool", "NAME_SV": "Blackpool", "NAME_TR": "Blackpool", "NAME_VI": "Blackpool", "NE_ID": 1159135107, "NAME_FA": "بلکپول", "NAME_HE": "בלקפול", "NAME_UK": "Блекпул", "NAME_UR": "بلیکپول", "NAME_ZHT": "黑潭", "GEONAMESID": 2655459, "FCLASS_ISO": null, "FCLASS_US": null, "FCLASS_FR": null, "FCLASS_RU": null, "FCLASS_ES": null, "FCLASS_CN": null, "FCLASS_TW": null, "FCLASS_IN": null, "FCLASS_NP": null, "FCLASS_PK": null, "FCLASS_DE": null, "FCLASS_GB": null, "FCLASS_BR": null, "FCLASS_IL": null, "FCLASS_PS": null, "FCLASS_SA": null, "FCLASS_EG": null, "FCLASS_MA": null, "FCLASS_PT": null, "FCLASS_AR": null, "FCLASS_JP": null, "FCLASS_KO": null, "FCLASS_VN": null, "FCLASS_TR": null, "FCLASS_ID": null, "FCLASS_PL": null, "FCLASS_GR": null, "FCLASS_IT": null, "FCLASS_NL": null, "FCLASS_SE": null, "FCLASS_BD": null, "FCLASS_UA": null, "FCLASS_TLC": null}, "bbox": [-3.050005, 53.830395, -3.050005, 53.830395], "geometry": {"type": "Point", "coordinates": [-3.050005, 53.830395]}}, {"type": "Feature", "properties": {"SCALERANK": 7, "NATSCALE": 20, "LABELRANK": 5, "FEATURECLA": "Populated place", "NAME": "Dumfries", "NAMEPAR": null, "NAMEALT": null, "NAMEASCII": "Dumfries", "ADM0CAP": 0, "CAPIN": null, "WORLDCITY": 0, "MEGACITY": 0, "SOV0NAME": "United Kingdom", "SOV_A3": "GBR", "ADM0NAME": "United Kingdom", "ADM0_A3": "GBR", "ADM1NAME": "Dumfries and Galloway", "ISO_A2": "GB", "NOTE": null, "LATITUDE": 55.06709, "LONGITUDE": -3.550001, "POP_MAX": 31044, "POP_MIN": 31044, "POP_OTHER": 0, "RANK_MAX": 7, "RANK_MIN": 7, "MEGANAME": null, "LS_NAME": "Dumfries", "MAX_POP10": 31044, "MAX_POP20": 31044, "MAX_POP50": 0, "MAX_POP300": 0, "MAX_POP310": 0, "MAX_NATSCA": 20, "MIN_AREAKM": 23, "MAX_AREAKM": 23, "MIN_AREAMI": 9, "MAX_AREAMI": 9, "MIN_PERKM": 40, "MAX_PERKM": 40, "MIN_PERMI": 25, "MAX_PERMI": 25, "MIN_BBXMIN": -3.658333, "MAX_BBXMIN": -3.658333, "MIN_BBXMAX": -3.566667, "MAX_BBXMAX": -3.566667, "MIN_BBYMIN": 55.041667, "MAX_BBYMIN": 55.041667, "MIN_BBYMAX": 55.108333, "MAX_BBYMAX": 55.108333, "MEAN_BBXC": -3.608954, "MEAN_BBYC": 55.071897, "TIMEZONE": null, "UN_FID": 0, "POP1950": 0, "POP1955": 0, "POP1960": 0, "POP1965": 0, "POP1970": 0, "POP1975": 0, "POP1980": 0, "POP1985": 0, "POP1990": 0, "POP1995": 0, "POP2000": 0, "POP2005": 0, "POP2010": 0, "POP2015": 0, "POP2020": 0, "POP2025": 0, "POP2050": 0, "MIN_ZOOM": 6.1, "WIKIDATAID": "Q652035", "WOF_ID": 1141906975, "CAPALT": 0, "NAME_EN": "Dumfries", "NAME_DE": "Dumfries", "NAME_ES": "Dumfries", "NAME_FR": "Dumfries", "NAME_PT": "Dumfries", "NAME_RU": "Дамфрис", "NAME_ZH": "鄧弗里斯", "LABEL": null, "NAME_AR": "دامفريس", "NAME_BN": "ডামফ্রিজ", "NAME_EL": "Ντάμφρις", "NAME_HI": "डमफ़्राइज़", "NAME_HU": "Dumfries", "NAME_ID": "Dumfries", "NAME_IT": "Dumfries", "NAME_JA": "ダンフリーズ", "NAME_KO": "덤프리스", "NAME_NL": "Dumfries", "NAME_PL": "Dumfries", "NAME_SV": "Dumfries", "NAME_TR": "Dumfries", "NAME_VI": "Dumfries", "NE_ID": 1159135111, "NAME_FA": "دامفریس", "NAME_HE": "דמפריס", "NAME_UK": "Дамфріс", "NAME_UR": "ڈمفرائز", "NAME_ZHT": "鄧弗里斯", "GEONAMESID": 2650798, "FCLASS_ISO": null, "FCLASS_US": null, "FCLASS_FR": null, "FCLASS_RU": null, "FCLASS_ES": null, "FCLASS_CN": null, "FCLASS_TW": null, "FCLASS_IN": null, "FCLASS_NP": null, "FCLASS_PK": null, "FCLASS_DE": null, "FCLASS_GB": null, "FCLASS_BR": null, "FCLASS_IL": null, "FCLASS_PS": null, "FCLASS_SA": null, "FCLASS_EG": null, "FCLASS_MA": null, "FCLASS_PT": null, "FCLASS_AR": null, "FCLASS_JP": null, "FCLASS_KO": null, "FCLASS_VN": null, "FCLASS_TR": null, "FCLASS_ID": null, "FCLASS_PL": null, "FCLASS_GR": null, "FCLASS_IT": null, "FCLASS_NL": null, "FCLASS_SE": null, "FCLASS_BD": null, "FCLASS_UA": null, "FCLASS_TLC": null}, "bbox": [-3.550001, 55.06709, -3.550001, 55.06709], "geometry": {"type": "Point", "coordinates": [-3.550001, 55.06709]}}, {"type": "Feature", "properties": {"SCALERANK": 7, "NATSCALE": 20, "LABELRANK": 5, "FEATURECLA": "Populated place", "NAME": "Scarborough", "NAMEPAR": null, "NAMEALT": null, "NAMEASCII": "Scarborough", "ADM0CAP": 0, "CAPIN": null, "WORLDCITY": 0, "MEGACITY": 0, "SOV0NAME": "United Kingdom", "SOV_A3": "GBR", "ADM0NAME": "United Kingdom", "ADM0_A3": "GBR", "ADM1NAME": "North Yorkshire", "ISO_A2": "GB", "NOTE": null, "LATITUDE": 54.280394, "LONGITUDE": -0.429984, "POP_MAX": 70571, "POP_MIN": 70571, "POP_OTHER": 66389, "RANK_MAX": 8, "RANK_MIN": 8, "MEGANAME": null, "LS_NAME": "Scarborough", "MAX_POP10": 70571, "MAX_POP20": 70571, "MAX_POP50": 0, "MAX_POP300": 0, "MAX_POP310": 0, "MAX_NATSCA": 20, "MIN_AREAKM": 32, "MAX_AREAKM": 32, "MIN_AREAMI": 12, "MAX_AREAMI": 12, "MIN_PERKM": 53, "MAX_PERKM": 53, "MIN_PERMI": 33, "MAX_PERMI": 33, "MIN_BBXMIN": -0.466667, "MAX_BBXMIN": -0.466667, "MIN_BBXMAX": -0.366667, "MAX_BBXMAX": -0.366667, "MIN_BBYMIN": 54.225, "MAX_BBYMIN": 54.225, "MIN_BBYMAX": 54.308333, "MAX_BBYMAX": 54.308333, "MEAN_BBXC": -0.41541, "MEAN_BBYC": 54.267659, "TIMEZONE": null, "UN_FID": 0, "POP1950": 0, "POP1955": 0, "POP1960": 0, "POP1965": 0, "POP1970": 0, "POP1975": 0, "POP1980": 0, "POP1985": 0, "POP1990": 0, "POP1995": 0, "POP2000": 0, "POP2005": 0, "POP2010": 0, "POP2015": 0, "POP2020": 0, "POP2025": 0, "POP2050": 0, "MIN_ZOOM": 6.7, "WIKIDATAID": "Q743521", "WOF_ID": 1141906979, "CAPALT": 0, "NAME_EN": "Scarborough", "NAME_DE": "Scarborough", "NAME_ES": "Scarborough", "NAME_FR": "Scarborough", "NAME_PT": "Scarborough", "NAME_RU": "Скарборо", "NAME_ZH": "斯卡布罗", "LABEL": null, "NAME_AR": "سكاربورو", "NAME_BN": "স্কারবোরাফ", "NAME_EL": "Σκάρμπορο", "NAME_HI": "स्कारबोरो", "NAME_HU": "Scarborough", "NAME_ID": "Scarborough", "NAME_IT": "Scarborough", "NAME_JA": "スカーブラ", "NAME_KO": "스카버러", "NAME_NL": "Scarborough", "NAME_PL": "Scarborough", "NAME_SV": "Scarborough", "NAME_TR": "Scarborough", "NAME_VI": "Scarborough", "NE_ID": 1159135115, "NAME_FA": "اسکاربرو", "NAME_HE": "סקרבורו", "NAME_UK": "Скарборо", "NAME_UR": "سکاربورو", "NAME_ZHT": "斯卡布羅", "GEONAMESID": 2638419, "FCLASS_ISO": null, "FCLASS_US": null, "FCLASS_FR": null, "FCLASS_RU": null, "FCLASS_ES": null, "FCLASS_CN": null, "FCLASS_TW": null, "FCLASS_IN": null, "FCLASS_NP": null, "FCLASS_PK": null, "FCLASS_DE": null, "FCLASS_GB": null, "FCLASS_BR": null, "FCLASS_IL": null, "FCLASS_PS": null, "FCLASS_SA": null, "FCLASS_EG": null, "FCLASS_MA": null, "FCLASS_PT": null, "FCLASS_AR": null, "FCLASS_JP": null, "FCLASS_KO": null, "FCLASS_VN": null, "FCLASS_TR": null, "FCLASS_ID": null, "FCLASS_PL": null, "FCLASS_GR": null, "FCLASS_IT": null, "FCLASS_NL": null, "FCLASS_SE": null, "FCLASS_BD": null, "FCLASS_UA": null, "FCLASS_TLC": null}, "bbox": [-0.429984, 54.280394, -0.429984, 54.280394], "geometry": {"type": "Point", "coordinates": [-0.429984, 54.280394]}}, {"type": "Feature", "properties": {"SCALERANK": 7, "NATSCALE": 20, "LABELRANK": 5, "FEATURECLA": "Populated place", "NAME": "Plymouth", "NAMEPAR": null, "NAMEALT": null, "NAMEASCII": "Plymouth", "ADM0CAP": 0, "CAPIN": null, "WORLDCITY": 0, "MEGACITY": 0, "SOV0NAME": "United Kingdom", "SOV_A3": "GBR", "ADM0NAME": "United Kingdom", "ADM0_A3": "GBR", "ADM1NAME": "Plymouth", "ISO_A2": "GB", "NOTE": null, "LATITUDE": 50.385386, "LONGITUDE": -4.159989, "POP_MAX": 247297, "POP_MIN": 231575, "POP_OTHER": 227019, "RANK_MAX": 10, "RANK_MIN": 10, "MEGANAME": null, "LS_NAME": "Plymouth", "MAX_POP10": 231575, "MAX_POP20": 231575, "MAX_POP50": 0, "MAX_POP300": 0, "MAX_POP310": 0, "MAX_NATSCA": 20, "MIN_AREAKM": 86, "MAX_AREAKM": 86, "MIN_AREAMI": 33, "MAX_AREAMI": 33, "MIN_PERKM": 78, "MAX_PERKM": 78, "MIN_PERMI": 48, "MAX_PERMI": 48, "MIN_BBXMIN": -4.208333, "MAX_BBXMIN": -4.208333, "MIN_BBXMAX": -4.008333, "MAX_BBXMAX": -4.008333, "MIN_BBYMIN": 50.341667, "MAX_BBYMIN": 50.341667, "MIN_BBYMAX": 50.45, "MAX_BBYMAX": 50.45, "MEAN_BBXC": -4.119506, "MEAN_BBYC": 50.393286, "TIMEZONE": "Europe/London", "UN_FID": 0, "POP1950": 0, "POP1955": 0, "POP1960": 0, "POP1965": 0, "POP1970": 0, "POP1975": 0, "POP1980": 0, "POP1985": 0, "POP1990": 0, "POP1995": 0, "POP2000": 0, "POP2005": 0, "POP2010": 0, "POP2015": 0, "POP2020": 0, "POP2025": 0, "POP2050": 0, "MIN_ZOOM": 6.7, "WIKIDATAID": "Q43382", "WOF_ID": 101750297, "CAPALT": 0, "NAME_EN": "Plymouth", "NAME_DE": "Plymouth", "NAME_ES": "Plymouth", "NAME_FR": "Plymouth", "NAME_PT": "Plymouth", "NAME_RU": "Плимут", "NAME_ZH": "普利茅斯", "LABEL": null, "NAME_AR": "بليموث", "NAME_BN": "প্লাইমাউথ", "NAME_EL": "Πλίμουθ", "NAME_HI": "प्लायमाउथ", "NAME_HU": "Plymouth", "NAME_ID": "Plymouth", "NAME_IT": "Plymouth", "NAME_JA": "プリマス", "NAME_KO": "플리머스", "NAME_NL": "Plymouth", "NAME_PL": "Plymouth", "NAME_SV": "Plymouth", "NAME_TR": "Plymouth", "NAME_VI": "Plymouth", "NE_ID": 1159135121, "NAME_FA": "پلیموث", "NAME_HE": "פלימות'", "NAME_UK": "Плімут", "NAME_UR": "پلایماؤتھ", "NAME_ZHT": "普利茅斯", "GEONAMESID": 2640194, "FCLASS_ISO": null, "FCLASS_US": null, "FCLASS_FR": null, "FCLASS_RU": null, "FCLASS_ES": null, "FCLASS_CN": null, "FCLASS_TW": null, "FCLASS_IN": null, "FCLASS_NP": null, "FCLASS_PK": null, "FCLASS_DE": null, "FCLASS_GB": null, "FCLASS_BR": null, "FCLASS_IL": null, "FCLASS_PS": null, "FCLASS_SA": null, "FCLASS_EG": null, "FCLASS_MA": null, "FCLASS_PT": null, "FCLASS_AR": null, "FCLASS_JP": null, "FCLASS_KO": null, "FCLASS_VN": null, "FCLASS_TR": null, "FCLASS_ID": null, "FCLASS_PL": null, "FCLASS_GR": null, "FCLASS_IT": null, "FCLASS_NL": null, "FCLASS_SE": null, "FCLASS_BD": null, "FCLASS_UA": null, "FCLASS_TLC": null}, "bbox": [-4.159989, 50.385386, -4.159989, 50.385386], "geometry": {"type": "Point", "coordinates": [-4.159989, 50.385386]}}, {"type": "Feature", "properties": {"SCALERANK": 7, "NATSCALE": 20, "LABELRANK": 5, "FEATURECLA": "Populated place", "NAME": "Ipswich", "NAMEPAR": null, "NAMEALT": null, "NAMEASCII": "Ipswich", "ADM0CAP": 0, "CAPIN": null, "WORLDCITY": 0, "MEGACITY": 0, "SOV0NAME": "United Kingdom", "SOV_A3": "GBR", "ADM0NAME": "United Kingdom", "ADM0_A3": "GBR", "ADM1NAME": "Suffolk", "ISO_A2": "GB", "NOTE": null, "LATITUDE": 52.070348, "LONGITUDE": 1.169996, "POP_MAX": 143767, "POP_MIN": 134257, "POP_OTHER": 132679, "RANK_MAX": 9, "RANK_MIN": 9, "MEGANAME": null, "LS_NAME": "Ipswich", "MAX_POP10": 134257, "MAX_POP20": 134257, "MAX_POP50": 0, "MAX_POP300": 0, "MAX_POP310": 0, "MAX_NATSCA": 20, "MIN_AREAKM": 66, "MAX_AREAKM": 66, "MIN_AREAMI": 25, "MAX_AREAMI": 25, "MIN_PERKM": 68, "MAX_PERKM": 68, "MIN_PERMI": 42, "MAX_PERMI": 42, "MIN_BBXMIN": 1.083333, "MAX_BBXMIN": 1.083333, "MIN_BBXMAX": 1.291667, "MAX_BBXMAX": 1.291667, "MIN_BBYMIN": 52.025, "MAX_BBYMIN": 52.025, "MIN_BBYMAX": 52.1, "MAX_BBYMAX": 52.1, "MEAN_BBXC": 1.172245, "MEAN_BBYC": 52.058065, "TIMEZONE": "Europe/London", "UN_FID": 0, "POP1950": 0, "POP1955": 0, "POP1960": 0, "POP1965": 0, "POP1970": 0, "POP1975": 0, "POP1980": 0, "POP1985": 0, "POP1990": 0, "POP1995": 0, "POP2000": 0, "POP2005": 0, "POP2010": 0, "POP2015": 0, "POP2020": 0, "POP2025": 0, "POP2050": 0, "MIN_ZOOM": 6.7, "WIKIDATAID": "Q184775", "WOF_ID": 101750447, "CAPALT": 0, "NAME_EN": "Ipswich", "NAME_DE": "Ipswich", "NAME_ES": "Ipswich", "NAME_FR": "Ipswich", "NAME_PT": "Ipswich", "NAME_RU": "Ипсуич", "NAME_ZH": "伊普斯威奇", "LABEL": null, "NAME_AR": "إبسوتش", "NAME_BN": "ইপ্সউইচ", "NAME_EL": "Ίπσουιτς", "NAME_HI": "इप्स्विच", "NAME_HU": "Ipswich", "NAME_ID": "Ipswich", "NAME_IT": "Ipswich", "NAME_JA": "イプスウィッチ", "NAME_KO": "입스위치", "NAME_NL": "Ipswich", "NAME_PL": "Ipswich", "NAME_SV": "Ipswich", "NAME_TR": "Ipswich", "NAME_VI": "Ipswich", "NE_ID": 1159135237, "NAME_FA": "ایپسوییچ", "NAME_HE": "איפסוויץ'", "NAME_UK": "Іпсвіч", "NAME_UR": "اپسوئچ", "NAME_ZHT": "伊普斯威奇", "GEONAMESID": 2646057, "FCLASS_ISO": null, "FCLASS_US": null, "FCLASS_FR": null, "FCLASS_RU": null, "FCLASS_ES": null, "FCLASS_CN": null, "FCLASS_TW": null, "FCLASS_IN": null, "FCLASS_NP": null, "FCLASS_PK": null, "FCLASS_DE": null, "FCLASS_GB": null, "FCLASS_BR": null, "FCLASS_IL": null, "FCLASS_PS": null, "FCLASS_SA": null, "FCLASS_EG": null, "FCLASS_MA": null, "FCLASS_PT": null, "FCLASS_AR": null, "FCLASS_JP": null, "FCLASS_KO": null, "FCLASS_VN": null, "FCLASS_TR": null, "FCLASS_ID": null, "FCLASS_PL": null, "FCLASS_GR": null, "FCLASS_IT": null, "FCLASS_NL": null, "FCLASS_SE": null, "FCLASS_BD": null, "FCLASS_UA": null, "FCLASS_TLC": null}, "bbox": [1.169995, 52.070347, 1.169995, 52.070347], "geometry": {"type": "Point", "coordinates": [1.169995, 52.070347]}}, {"type": "Feature", "properties": {"SCALERANK": 7, "NATSCALE": 20, "LABELRANK": 5, "FEATURECLA": "Populated place", "NAME": "Norwich", "NAMEPAR": null, "NAMEALT": null, "NAMEASCII": "Norwich", "ADM0CAP": 0, "CAPIN": null, "WORLDCITY": 0, "MEGACITY": 0, "SOV0NAME": "United Kingdom", "SOV_A3": "GBR", "ADM0NAME": "United Kingdom", "ADM0_A3": "GBR", "ADM1NAME": "Norfolk", "ISO_A2": "GB", "NOTE": null, "LATITUDE": 52.630365, "LONGITUDE": 1.300013, "POP_MAX": 190756, "POP_MIN": 177636, "POP_OTHER": 185536, "RANK_MAX": 9, "RANK_MIN": 9, "MEGANAME": null, "LS_NAME": "Norwich", "MAX_POP10": 190756, "MAX_POP20": 190756, "MAX_POP50": 0, "MAX_POP300": 0, "MAX_POP310": 0, "MAX_NATSCA": 20, "MIN_AREAKM": 78, "MAX_AREAKM": 78, "MIN_AREAMI": 30, "MAX_AREAMI": 30, "MIN_PERKM": 75, "MAX_PERKM": 75, "MIN_PERMI": 47, "MAX_PERMI": 47, "MIN_BBXMIN": 1.183333, "MAX_BBXMIN": 1.183333, "MIN_BBXMAX": 1.375, "MAX_BBXMAX": 1.375, "MIN_BBYMIN": 52.583333, "MAX_BBYMIN": 52.583333, "MIN_BBYMAX": 52.7, "MAX_BBYMAX": 52.7, "MEAN_BBXC": 1.275531, "MEAN_BBYC": 52.641806, "TIMEZONE": "Europe/London", "UN_FID": 0, "POP1950": 0, "POP1955": 0, "POP1960": 0, "POP1965": 0, "POP1970": 0, "POP1975": 0, "POP1980": 0, "POP1985": 0, "POP1990": 0, "POP1995": 0, "POP2000": 0, "POP2005": 0, "POP2010": 0, "POP2015": 0, "POP2020": 0, "POP2025": 0, "POP2050": 0, "MIN_ZOOM": 6.1, "WIKIDATAID": "Q130191", "WOF_ID": 101750483, "CAPALT": 0, "NAME_EN": "Norwich", "NAME_DE": "Norwich", "NAME_ES": "Norwich", "NAME_FR": "Norwich", "NAME_PT": "Norwich", "NAME_RU": "Норидж", "NAME_ZH": "诺里奇", "LABEL": null, "NAME_AR": "نورتش", "NAME_BN": "নরউইচ", "NAME_EL": "Νόριτς", "NAME_HI": "नॉर्विच", "NAME_HU": "Norwich", "NAME_ID": "Norwich", "NAME_IT": "Norwich", "NAME_JA": "ノリッジ", "NAME_KO": "노리치", "NAME_NL": "Norwich", "NAME_PL": "Norwich", "NAME_SV": "Norwich", "NAME_TR": "Norwich", "NAME_VI": "Norwich", "NE_ID": 1159135241, "NAME_FA": "نورویچ", "NAME_HE": "נוריץ'", "NAME_UK": "Норвіч", "NAME_UR": "نارویچ", "NAME_ZHT": "諾威治", "GEONAMESID": 2641181, "FCLASS_ISO": null, "FCLASS_US": null, "FCLASS_FR": null, "FCLASS_RU": null, "FCLASS_ES": null, "FCLASS_CN": null, "FCLASS_TW": null, "FCLASS_IN": null, "FCLASS_NP": null, "FCLASS_PK": null, "FCLASS_DE": null, "FCLASS_GB": null, "FCLASS_BR": null, "FCLASS_IL": null, "FCLASS_PS": null, "FCLASS_SA": null, "FCLASS_EG": null, "FCLASS_MA": null, "FCLASS_PT": null, "FCLASS_AR": null, "FCLASS_JP": null, "FCLASS_KO": null, "FCLASS_VN": null, "FCLASS_TR": null, "FCLASS_ID": null, "FCLASS_PL": null, "FCLASS_GR": null, "FCLASS_IT": null, "FCLASS_NL": null, "FCLASS_SE": null, "FCLASS_BD": null, "FCLASS_UA": null, "FCLASS_TLC": null}, "bbox": [1.300013, 52.630365, 1.300013, 52.630365], "geometry": {"type": "Point", "coordinates": [1.300013, 52.630365]}}, {"type": "Feature", "properties": {"SCALERANK": 7, "NATSCALE": 20, "LABELRANK": 5, "FEATURECLA": "Populated place", "NAME": "Brighton", "NAMEPAR": null, "NAMEALT": null, "NAMEASCII": "Brighton", "ADM0CAP": 0, "CAPIN": null, "WORLDCITY": 0, "MEGACITY": 0, "SOV0NAME": "United Kingdom", "SOV_A3": "GBR", "ADM0NAME": "United Kingdom", "ADM0_A3": "GBR", "ADM1NAME": "Brighton and Hove", "ISO_A2": "GB", "NOTE": null, "LATITUDE": 50.830346, "LONGITUDE": -0.169974, "POP_MAX": 503008, "POP_MIN": 139001, "POP_OTHER": 432796, "RANK_MAX": 11, "RANK_MIN": 9, "MEGANAME": null, "LS_NAME": "Brighton", "MAX_POP10": 503008, "MAX_POP20": 503008, "MAX_POP50": 0, "MAX_POP300": 0, "MAX_POP310": 0, "MAX_NATSCA": 20, "MIN_AREAKM": 169, "MAX_AREAKM": 169, "MIN_AREAMI": 65, "MAX_AREAMI": 65, "MIN_PERKM": 201, "MAX_PERKM": 201, "MIN_PERMI": 125, "MAX_PERMI": 125, "MIN_BBXMIN": -0.558333, "MAX_BBXMIN": -0.558333, "MIN_BBXMAX": 0.083333, "MAX_BBXMAX": 0.083333, "MIN_BBYMIN": 50.783333, "MAX_BBYMIN": 50.783333, "MIN_BBYMAX": 50.883333, "MAX_BBYMAX": 50.883333, "MEAN_BBXC": -0.252446, "MEAN_BBYC": 50.828656, "TIMEZONE": "Europe/London", "UN_FID": 0, "POP1950": 0, "POP1955": 0, "POP1960": 0, "POP1965": 0, "POP1970": 0, "POP1975": 0, "POP1980": 0, "POP1985": 0, "POP1990": 0, "POP1995": 0, "POP2000": 0, "POP2005": 0, "POP2010": 0, "POP2015": 0, "POP2020": 0, "POP2025": 0, "POP2050": 0, "MIN_ZOOM": 6.1, "WIKIDATAID": "Q131491", "WOF_ID": 1141906989, "CAPALT": 0, "NAME_EN": "Brighton", "NAME_DE": "Brighton", "NAME_ES": "Brighton", "NAME_FR": "Brighton", "NAME_PT": "Brighton", "NAME_RU": "Брайтон", "NAME_ZH": "布赖顿", "LABEL": null, "NAME_AR": "برايتون", "NAME_BN": "ব্রাইটন", "NAME_EL": "Μπράιτον", "NAME_HI": "ब्राइटन", "NAME_HU": "Brighton", "NAME_ID": "Brighton", "NAME_IT": "Brighton", "NAME_JA": "ブライトン", "NAME_KO": "브라이턴", "NAME_NL": "Brighton", "NAME_PL": "Brighton", "NAME_SV": "Brighton", "NAME_TR": "Brighton", "NAME_VI": "Brighton", "NE_ID": 1159135295, "NAME_FA": "برایتون", "NAME_HE": "ברייטון", "NAME_UK": "Брайтон", "NAME_UR": "برائٹن", "NAME_ZHT": "布萊頓", "GEONAMESID": 2654710, "FCLASS_ISO": null, "FCLASS_US": null, "FCLASS_FR": null, "FCLASS_RU": null, "FCLASS_ES": null, "FCLASS_CN": null, "FCLASS_TW": null, "FCLASS_IN": null, "FCLASS_NP": null, "FCLASS_PK": null, "FCLASS_DE": null, "FCLASS_GB": null, "FCLASS_BR": null, "FCLASS_IL": null, "FCLASS_PS": null, "FCLASS_SA": null, "FCLASS_EG": null, "FCLASS_MA": null, "FCLASS_PT": null, "FCLASS_AR": null, "FCLASS_JP": null, "FCLASS_KO": null, "FCLASS_VN": null, "FCLASS_TR": null, "FCLASS_ID": null, "FCLASS_PL": null, "FCLASS_GR": null, "FCLASS_IT": null, "FCLASS_NL": null, "FCLASS_SE": null, "FCLASS_BD": null, "FCLASS_UA": null, "FCLASS_TLC": null}, "bbox": [-0.169974, 50.830346, -0.169974, 50.830346], "geometry": {"type": "Point", "coordinates": [-0.169974, 50.830346]}}, {"type": "Feature", "properties": {"SCALERANK": 7, "NATSCALE": 20, "LABELRANK": 5, "FEATURECLA": "Populated place", "NAME": "Oxford", "NAMEPAR": null, "NAMEALT": null, "NAMEASCII": "Oxford", "ADM0CAP": 0, "CAPIN": null, "WORLDCITY": 0, "MEGACITY": 0, "SOV0NAME": "United Kingdom", "SOV_A3": "GBR", "ADM0NAME": "United Kingdom", "ADM0_A3": "GBR", "ADM1NAME": "Oxfordshire", "ISO_A2": "GB", "NOTE": null, "LATITUDE": 51.770418, "LONGITUDE": -1.249986, "POP_MAX": 192796, "POP_MIN": 154566, "POP_OTHER": 133148, "RANK_MAX": 9, "RANK_MIN": 9, "MEGANAME": null, "LS_NAME": "Oxford", "MAX_POP10": 192796, "MAX_POP20": 192796, "MAX_POP50": 0, "MAX_POP300": 0, "MAX_POP310": 0, "MAX_NATSCA": 20, "MIN_AREAKM": 94, "MAX_AREAKM": 94, "MIN_AREAMI": 36, "MAX_AREAMI": 36, "MIN_PERKM": 119, "MAX_PERKM": 119, "MIN_PERMI": 74, "MAX_PERMI": 74, "MIN_BBXMIN": -1.341667, "MAX_BBXMIN": -1.341667, "MIN_BBXMAX": -1.158333, "MAX_BBXMAX": -1.158333, "MIN_BBYMIN": 51.658333, "MAX_BBYMIN": 51.658333, "MIN_BBYMAX": 51.85, "MAX_BBYMAX": 51.85, "MEAN_BBXC": -1.25535, "MEAN_BBYC": 51.745407, "TIMEZONE": "Europe/London", "UN_FID": 0, "POP1950": 0, "POP1955": 0, "POP1960": 0, "POP1965": 0, "POP1970": 0, "POP1975": 0, "POP1980": 0, "POP1985": 0, "POP1990": 0, "POP1995": 0, "POP2000": 0, "POP2005": 0, "POP2010": 0, "POP2015": 0, "POP2020": 0, "POP2025": 0, "POP2050": 0, "MIN_ZOOM": 6.1, "WIKIDATAID": "Q34217", "WOF_ID": 101750439, "CAPALT": 0, "NAME_EN": "Oxford", "NAME_DE": "Oxford", "NAME_ES": "Oxford", "NAME_FR": "Oxford", "NAME_PT": "Oxford", "NAME_RU": "Оксфорд", "NAME_ZH": "牛津", "LABEL": null, "NAME_AR": "أكسفورد", "NAME_BN": "অক্সফোর্ড", "NAME_EL": "Οξφόρδη", "NAME_HI": "ऑक्सफोर्ड", "NAME_HU": "Oxford", "NAME_ID": "Oxford", "NAME_IT": "Oxford", "NAME_JA": "オックスフォード", "NAME_KO": "옥스퍼드", "NAME_NL": "Oxford", "NAME_PL": "Oksford", "NAME_SV": "Oxford", "NAME_TR": "Oxford", "NAME_VI": "Oxford", "NE_ID": 1159135303, "NAME_FA": "آکسفورد", "NAME_HE": "אוקספורד", "NAME_UK": "Оксфорд", "NAME_UR": "اوکسفرڈ", "NAME_ZHT": "牛津", "GEONAMESID": 2640729, "FCLASS_ISO": null, "FCLASS_US": null, "FCLASS_FR": null, "FCLASS_RU": null, "FCLASS_ES": null, "FCLASS_CN": null, "FCLASS_TW": null, "FCLASS_IN": null, "FCLASS_NP": null, "FCLASS_PK": null, "FCLASS_DE": null, "FCLASS_GB": null, "FCLASS_BR": null, "FCLASS_IL": null, "FCLASS_PS": null, "FCLASS_SA": null, "FCLASS_EG": null, "FCLASS_MA": null, "FCLASS_PT": null, "FCLASS_AR": null, "FCLASS_JP": null, "FCLASS_KO": null, "FCLASS_VN": null, "FCLASS_TR": null, "FCLASS_ID": null, "FCLASS_PL": null, "FCLASS_GR": null, "FCLASS_IT": null, "FCLASS_NL": null, "FCLASS_SE": null, "FCLASS_BD": null, "FCLASS_UA": null, "FCLASS_TLC": null}, "bbox": [-1.248076, 51.751828, -1.248076, 51.751828], "geometry": {"type": "Point", "coordinates": [-1.248076, 51.751828]}}, {"type": "Feature", "properties": {"SCALERANK": 7, "NATSCALE": 20, "LABELRANK": 5, "FEATURECLA": "Populated place", "NAME": "Luton", "NAMEPAR": null, "NAMEALT": null, "NAMEASCII": "Luton", "ADM0CAP": 0, "CAPIN": null, "WORLDCITY": 0, "MEGACITY": 0, "SOV0NAME": "United Kingdom", "SOV_A3": "GBR", "ADM0NAME": "United Kingdom", "ADM0_A3": "GBR", "ADM1NAME": "Luton", "ISO_A2": "GB", "NOTE": null, "LATITUDE": 51.880359, "LONGITUDE": -0.420011, "POP_MAX": 235958, "POP_MIN": 193669, "POP_OTHER": 677450, "RANK_MAX": 10, "RANK_MIN": 9, "MEGANAME": null, "LS_NAME": "Luton", "MAX_POP10": 235958, "MAX_POP20": 235027, "MAX_POP50": 0, "MAX_POP300": 0, "MAX_POP310": 0, "MAX_NATSCA": 20, "MIN_AREAKM": 76, "MAX_AREAKM": 78, "MIN_AREAMI": 29, "MAX_AREAMI": 30, "MIN_PERKM": 87, "MAX_PERKM": 95, "MIN_PERMI": 54, "MAX_PERMI": 59, "MIN_BBXMIN": -0.55, "MAX_BBXMIN": -0.55, "MIN_BBXMAX": -0.35, "MAX_BBXMAX": -0.233333, "MIN_BBYMIN": 51.641667, "MAX_BBYMIN": 51.85, "MIN_BBYMAX": 51.95, "MAX_BBYMAX": 51.95, "MEAN_BBXC": -0.449096, "MEAN_BBYC": 51.891526, "TIMEZONE": "Europe/London", "UN_FID": 0, "POP1950": 0, "POP1955": 0, "POP1960": 0, "POP1965": 0, "POP1970": 0, "POP1975": 0, "POP1980": 0, "POP1985": 0, "POP1990": 0, "POP1995": 0, "POP2000": 0, "POP2005": 0, "POP2010": 0, "POP2015": 0, "POP2020": 0, "POP2025": 0, "POP2050": 0, "MIN_ZOOM": 6.7, "WIKIDATAID": "Q203889", "WOF_ID": 101750401, "CAPALT": 0, "NAME_EN": "Luton", "NAME_DE": "Luton", "NAME_ES": "Luton", "NAME_FR": "Luton", "NAME_PT": "Luton", "NAME_RU": "Лутон", "NAME_ZH": "卢顿", "LABEL": null, "NAME_AR": "لوتن", "NAME_BN": "লুটন", "NAME_EL": "Λούτον", "NAME_HI": "लूटोन", "NAME_HU": "Luton", "NAME_ID": "Luton", "NAME_IT": "Luton", "NAME_JA": "ルートン", "NAME_KO": "루턴", "NAME_NL": "Luton", "NAME_PL": "Luton", "NAME_SV": "Luton", "NAME_TR": "Luton", "NAME_VI": "Luton", "NE_ID": 1159135305, "NAME_FA": "لوتن", "NAME_HE": "לוטון", "NAME_UK": "Лутон", "NAME_UR": "لوٹن", "NAME_ZHT": "魯頓", "GEONAMESID": 2643339, "FCLASS_ISO": null, "FCLASS_US": null, "FCLASS_FR": null, "FCLASS_RU": null, "FCLASS_ES": null, "FCLASS_CN": null, "FCLASS_TW": null, "FCLASS_IN": null, "FCLASS_NP": null, "FCLASS_PK": null, "FCLASS_DE": null, "FCLASS_GB": null, "FCLASS_BR": null, "FCLASS_IL": null, "FCLASS_PS": null, "FCLASS_SA": null, "FCLASS_EG": null, "FCLASS_MA": null, "FCLASS_PT": null, "FCLASS_AR": null, "FCLASS_JP": null, "FCLASS_KO": null, "FCLASS_VN": null, "FCLASS_TR": null, "FCLASS_ID": null, "FCLASS_PL": null, "FCLASS_GR": null, "FCLASS_IT": null, "FCLASS_NL": null, "FCLASS_SE": null, "FCLASS_BD": null, "FCLASS_UA": null, "FCLASS_TLC": null}, "bbox": [-0.420011, 51.880359, -0.420011, 51.880359], "geometry": {"type": "Point", "coordinates": [-0.420011, 51.880359]}}, {"type": "Feature", "properties": {"SCALERANK": 7, "NATSCALE": 20, "LABELRANK": 5, "FEATURECLA": "Populated place", "NAME": "Portsmouth", "NAMEPAR": null, "NAMEALT": null, "NAMEASCII": "Portsmouth", "ADM0CAP": 0, "CAPIN": null, "WORLDCITY": 0, "MEGACITY": 0, "SOV0NAME": "United Kingdom", "SOV_A3": "GBR", "ADM0NAME": "United Kingdom", "ADM0_A3": "GBR", "ADM1NAME": "Portsmouth", "ISO_A2": "GB", "NOTE": null, "LATITUDE": 50.800348, "LONGITUDE": -1.080022, "POP_MAX": 442252, "POP_MIN": 205100, "POP_OTHER": 456844, "RANK_MAX": 10, "RANK_MIN": 10, "MEGANAME": null, "LS_NAME": "Portsmouth", "MAX_POP10": 466065, "MAX_POP20": 848573, "MAX_POP50": 0, "MAX_POP300": 0, "MAX_POP310": 0, "MAX_NATSCA": 20, "MIN_AREAKM": 172, "MAX_AREAKM": 329, "MIN_AREAMI": 66, "MAX_AREAMI": 127, "MIN_PERKM": 178, "MAX_PERKM": 340, "MIN_PERMI": 110, "MAX_PERMI": 211, "MIN_BBXMIN": -1.483333, "MAX_BBXMIN": -1.242621, "MIN_BBXMAX": -0.875, "MAX_BBXMAX": -0.875, "MIN_BBYMIN": 50.775, "MAX_BBYMIN": 50.775, "MIN_BBYMAX": 50.95, "MAX_BBYMAX": 51.008333, "MEAN_BBXC": -1.143291, "MEAN_BBYC": 50.863425, "TIMEZONE": "Europe/London", "UN_FID": 0, "POP1950": 0, "POP1955": 0, "POP1960": 0, "POP1965": 0, "POP1970": 0, "POP1975": 0, "POP1980": 0, "POP1985": 0, "POP1990": 0, "POP1995": 0, "POP2000": 0, "POP2005": 0, "POP2010": 0, "POP2015": 0, "POP2020": 0, "POP2025": 0, "POP2050": 0, "MIN_ZOOM": 6.1, "WIKIDATAID": "Q72259", "WOF_ID": 101750307, "CAPALT": 0, "NAME_EN": "Portsmouth", "NAME_DE": "Portsmouth", "NAME_ES": "Portsmouth", "NAME_FR": "Portsmouth", "NAME_PT": "Portsmouth", "NAME_RU": "Портсмут", "NAME_ZH": "朴次茅斯", "LABEL": null, "NAME_AR": "بورتسموث", "NAME_BN": "পোর্টসমাথ", "NAME_EL": "Πόρτσμουθ", "NAME_HI": "पोर्ट्समाउथ", "NAME_HU": "Portsmouth", "NAME_ID": "Portsmouth", "NAME_IT": "Portsmouth", "NAME_JA": "ポーツマス", "NAME_KO": "포츠머스", "NAME_NL": "Portsmouth", "NAME_PL": "Portsmouth", "NAME_SV": "Portsmouth", "NAME_TR": "Portsmouth", "NAME_VI": "Portsmouth", "NE_ID": 1159135309, "NAME_FA": "پورتسموث", "NAME_HE": "פורטסמות'", "NAME_UK": "Портсмут", "NAME_UR": "پورٹسماؤتھ", "NAME_ZHT": "樸茨茅夫", "GEONAMESID": 2639996, "FCLASS_ISO": null, "FCLASS_US": null, "FCLASS_FR": null, "FCLASS_RU": null, "FCLASS_ES": null, "FCLASS_CN": null, "FCLASS_TW": null, "FCLASS_IN": null, "FCLASS_NP": null, "FCLASS_PK": null, "FCLASS_DE": null, "FCLASS_GB": null, "FCLASS_BR": null, "FCLASS_IL": null, "FCLASS_PS": null, "FCLASS_SA": null, "FCLASS_EG": null, "FCLASS_MA": null, "FCLASS_PT": null, "FCLASS_AR": null, "FCLASS_JP": null, "FCLASS_KO": null, "FCLASS_VN": null, "FCLASS_TR": null, "FCLASS_ID": null, "FCLASS_PL": null, "FCLASS_GR": null, "FCLASS_IT": null, "FCLASS_NL": null, "FCLASS_SE": null, "FCLASS_BD": null, "FCLASS_UA": null, "FCLASS_TLC": null}, "bbox": [-1.080022, 50.800348, -1.080022, 50.800348], "geometry": {"type": "Point", "coordinates": [-1.080022, 50.800348]}}, {"type": "Feature", "properties": {"SCALERANK": 7, "NATSCALE": 20, "LABELRANK": 5, "FEATURECLA": "Populated place", "NAME": "Peterborough", "NAMEPAR": null, "NAMEALT": null, "NAMEASCII": "Peterborough", "ADM0CAP": 0, "CAPIN": null, "WORLDCITY": 0, "MEGACITY": 0, "SOV0NAME": "United Kingdom", "SOV_A3": "GBR", "ADM0NAME": "United Kingdom", "ADM0_A3": "GBR", "ADM1NAME": "Peterborough", "ISO_A2": "GB", "NOTE": null, "LATITUDE": 52.58042, "LONGITUDE": -0.249995, "POP_MAX": 140141, "POP_MIN": 140141, "POP_OTHER": 0, "RANK_MAX": 9, "RANK_MIN": 9, "MEGANAME": null, "LS_NAME": null, "MAX_POP10": 0, "MAX_POP20": 0, "MAX_POP50": 0, "MAX_POP300": 0, "MAX_POP310": 0, "MAX_NATSCA": 0, "MIN_AREAKM": 0, "MAX_AREAKM": 0, "MIN_AREAMI": 0, "MAX_AREAMI": 0, "MIN_PERKM": 0, "MAX_PERKM": 0, "MIN_PERMI": 0, "MAX_PERMI": 0, "MIN_BBXMIN": 0, "MAX_BBXMIN": 0, "MIN_BBXMAX": 0, "MAX_BBXMAX": 0, "MIN_BBYMIN": 0, "MAX_BBYMIN": 0, "MIN_BBYMAX": 0, "MAX_BBYMAX": 0, "MEAN_BBXC": 0, "MEAN_BBYC": 0, "TIMEZONE": "Europe/London", "UN_FID": 0, "POP1950": 0, "POP1955": 0, "POP1960": 0, "POP1965": 0, "POP1970": 0, "POP1975": 0, "POP1980": 0, "POP1985": 0, "POP1990": 0, "POP1995": 0, "POP2000": 0, "POP2005": 0, "POP2010": 0, "POP2015": 0, "POP2020": 0, "POP2025": 0, "POP2050": 0, "MIN_ZOOM": 6.7, "WIKIDATAID": "Q172438", "WOF_ID": 101750461, "CAPALT": 0, "NAME_EN": "Peterborough", "NAME_DE": "Peterborough", "NAME_ES": "Peterborough", "NAME_FR": "Peterborough", "NAME_PT": "Peterborough", "NAME_RU": "Питерборо", "NAME_ZH": "彼得伯勒", "LABEL": null, "NAME_AR": "بيتربرة", "NAME_BN": "পিটারবার্গ", "NAME_EL": "Πίτερμπρο", "NAME_HI": "पीटरबरो", "NAME_HU": "Peterborough", "NAME_ID": "Peterborough", "NAME_IT": "Peterborough", "NAME_JA": "ピーターバラ", "NAME_KO": "피터버러", "NAME_NL": "Peterborough", "NAME_PL": "Peterborough", "NAME_SV": "Peterborough", "NAME_TR": "Peterborough", "NAME_VI": "Peterborough", "NE_ID": 1159135313, "NAME_FA": "پیتربورو", "NAME_HE": "פטרבורו", "NAME_UK": "Пітерборо", "NAME_UR": "پیٹربورو", "NAME_ZHT": "彼得伯勒", "GEONAMESID": 2640354, "FCLASS_ISO": null, "FCLASS_US": null, "FCLASS_FR": null, "FCLASS_RU": null, "FCLASS_ES": null, "FCLASS_CN": null, "FCLASS_TW": null, "FCLASS_IN": null, "FCLASS_NP": null, "FCLASS_PK": null, "FCLASS_DE": null, "FCLASS_GB": null, "FCLASS_BR": null, "FCLASS_IL": null, "FCLASS_PS": null, "FCLASS_SA": null, "FCLASS_EG": null, "FCLASS_MA": null, "FCLASS_PT": null, "FCLASS_AR": null, "FCLASS_JP": null, "FCLASS_KO": null, "FCLASS_VN": null, "FCLASS_TR": null, "FCLASS_ID": null, "FCLASS_PL": null, "FCLASS_GR": null, "FCLASS_IT": null, "FCLASS_NL": null, "FCLASS_SE": null, "FCLASS_BD": null, "FCLASS_UA": null, "FCLASS_TLC": null}, "bbox": [-0.248404, 52.567187, -0.248404, 52.567187], "geometry": {"type": "Point", "coordinates": [-0.248404, 52.567187]}}, {"type": "Feature", "properties": {"SCALERANK": 7, "NATSCALE": 20, "LABELRANK": 5, "FEATURECLA": "Populated place", "NAME": "Nottingham", "NAMEPAR": null, "NAMEALT": null, "NAMEASCII": "Nottingham", "ADM0CAP": 0, "CAPIN": null, "WORLDCITY": 0, "MEGACITY": 0, "SOV0NAME": "United Kingdom", "SOV_A3": "GBR", "ADM0NAME": "United Kingdom", "ADM0_A3": "GBR", "ADM1NAME": "Nottingham", "ISO_A2": "GB", "NOTE": null, "LATITUDE": 52.970344, "LONGITUDE": -1.170017, "POP_MAX": 825600, "POP_MIN": 305700, "POP_OTHER": 549128, "RANK_MAX": 11, "RANK_MIN": 10, "MEGANAME": null, "LS_NAME": "Nottingham", "MAX_POP10": 832187, "MAX_POP20": 832187, "MAX_POP50": 0, "MAX_POP300": 0, "MAX_POP310": 0, "MAX_NATSCA": 20, "MIN_AREAKM": 395, "MAX_AREAKM": 395, "MIN_AREAMI": 152, "MAX_AREAMI": 152, "MIN_PERKM": 376, "MAX_PERKM": 376, "MIN_PERMI": 234, "MAX_PERMI": 234, "MIN_BBXMIN": -1.425, "MAX_BBXMIN": -1.425, "MIN_BBXMAX": -1.016667, "MAX_BBXMAX": -1.016667, "MIN_BBYMIN": 52.875, "MAX_BBYMIN": 52.875, "MIN_BBYMAX": 53.191667, "MAX_BBYMAX": 53.191667, "MEAN_BBXC": -1.237456, "MEAN_BBYC": 53.01757, "TIMEZONE": "Europe/London", "UN_FID": 0, "POP1950": 0, "POP1955": 0, "POP1960": 0, "POP1965": 0, "POP1970": 0, "POP1975": 0, "POP1980": 0, "POP1985": 0, "POP1990": 0, "POP1995": 0, "POP2000": 0, "POP2005": 0, "POP2010": 0, "POP2015": 0, "POP2020": 0, "POP2025": 0, "POP2050": 0, "MIN_ZOOM": 5.1, "WIKIDATAID": "Q41262", "WOF_ID": 101750491, "CAPALT": 0, "NAME_EN": "Nottingham", "NAME_DE": "Nottingham", "NAME_ES": "Nottingham", "NAME_FR": "Nottingham", "NAME_PT": "Nottingham", "NAME_RU": "Ноттингем", "NAME_ZH": "诺丁汉", "LABEL": null, "NAME_AR": "نوتنغهام", "NAME_BN": "নটিংহ্যাম", "NAME_EL": "Νότιγχαμ", "NAME_HI": "नॉटिंघम", "NAME_HU": "Nottingham", "NAME_ID": "Nottingham", "NAME_IT": "Nottingham", "NAME_JA": "ノッティンガム", "NAME_KO": "노팅엄", "NAME_NL": "Nottingham", "NAME_PL": "Nottingham", "NAME_SV": "Nottingham", "NAME_TR": "Nottingham", "NAME_VI": "Nottingham", "NE_ID": 1159135319, "NAME_FA": "ناتینگهام", "NAME_HE": "נוטינגהאם", "NAME_UK": "Ноттінгем", "NAME_UR": "ناٹنگھم", "NAME_ZHT": "諾定咸", "GEONAMESID": 2641170, "FCLASS_ISO": null, "FCLASS_US": null, "FCLASS_FR": null, "FCLASS_RU": null, "FCLASS_ES": null, "FCLASS_CN": null, "FCLASS_TW": null, "FCLASS_IN": null, "FCLASS_NP": null, "FCLASS_PK": null, "FCLASS_DE": null, "FCLASS_GB": null, "FCLASS_BR": null, "FCLASS_IL": null, "FCLASS_PS": null, "FCLASS_SA": null, "FCLASS_EG": null, "FCLASS_MA": null, "FCLASS_PT": null, "FCLASS_AR": null, "FCLASS_JP": null, "FCLASS_KO": null, "FCLASS_VN": null, "FCLASS_TR": null, "FCLASS_ID": null, "FCLASS_PL": null, "FCLASS_GR": null, "FCLASS_IT": null, "FCLASS_NL": null, "FCLASS_SE": null, "FCLASS_BD": null, "FCLASS_UA": null, "FCLASS_TLC": null}, "bbox": [-1.165706, 52.941084, -1.165706, 52.941084], "geometry": {"type": "Point", "coordinates": [-1.165706, 52.941084]}}, {"type": "Feature", "properties": {"SCALERANK": 7, "NATSCALE": 20, "LABELRANK": 5, "FEATURECLA": "Populated place", "NAME": "Stoke", "NAMEPAR": null, "NAMEALT": null, "NAMEASCII": "Stoke", "ADM0CAP": 0, "CAPIN": null, "WORLDCITY": 0, "MEGACITY": 0, "SOV0NAME": "United Kingdom", "SOV_A3": "GBR", "ADM0NAME": "United Kingdom", "ADM0_A3": "GBR", "ADM1NAME": "Stoke-on-Trent", "ISO_A2": "GB", "NOTE": null, "LATITUDE": 53.000368, "LONGITUDE": -2.180007, "POP_MAX": 390801, "POP_MIN": 260419, "POP_OTHER": 377029, "RANK_MAX": 10, "RANK_MIN": 10, "MEGANAME": null, "LS_NAME": "Stoke", "MAX_POP10": 390801, "MAX_POP20": 390801, "MAX_POP50": 0, "MAX_POP300": 0, "MAX_POP310": 0, "MAX_NATSCA": 20, "MIN_AREAKM": 188, "MAX_AREAKM": 188, "MIN_AREAMI": 72, "MAX_AREAMI": 72, "MIN_PERKM": 182, "MAX_PERKM": 182, "MIN_PERMI": 113, "MAX_PERMI": 113, "MIN_BBXMIN": -2.341667, "MAX_BBXMIN": -2.341667, "MIN_BBXMAX": -2.041667, "MAX_BBXMAX": -2.041667, "MIN_BBYMIN": 52.95, "MAX_BBYMIN": 52.95, "MIN_BBYMAX": 53.133333, "MAX_BBYMAX": 53.133333, "MEAN_BBXC": -2.184738, "MEAN_BBYC": 53.033471, "TIMEZONE": "Europe/London", "UN_FID": 0, "POP1950": 0, "POP1955": 0, "POP1960": 0, "POP1965": 0, "POP1970": 0, "POP1975": 0, "POP1980": 0, "POP1985": 0, "POP1990": 0, "POP1995": 0, "POP2000": 0, "POP2005": 0, "POP2010": 0, "POP2015": 0, "POP2020": 0, "POP2025": 0, "POP2050": 0, "MIN_ZOOM": 6.1, "WIKIDATAID": "Q134902", "WOF_ID": 101750495, "CAPALT": 0, "NAME_EN": "Stoke-on-Trent", "NAME_DE": "Stoke-on-Trent", "NAME_ES": "Stoke-on-Trent", "NAME_FR": "Stoke-on-Trent", "NAME_PT": "Stoke-on-Trent", "NAME_RU": "Сток-он-Трент", "NAME_ZH": "特伦特河畔斯托克", "LABEL": null, "NAME_AR": "ستوك أون ترينت", "NAME_BN": "স্টোক অন ট্রেন্ট", "NAME_EL": "Στόουκ ον Τρεντ", "NAME_HI": "स्टॉक ऑन ट्रेंट", "NAME_HU": "Stoke-on-Trent", "NAME_ID": "Stoke-on-Trent", "NAME_IT": "Stoke-on-Trent", "NAME_JA": "ストーク・オン・トレント", "NAME_KO": "스토크온트렌트", "NAME_NL": "Stoke-on-Trent", "NAME_PL": "Stoke-on-Trent", "NAME_SV": "Stoke-on-Trent", "NAME_TR": "Stoke-on-Trent", "NAME_VI": "Stoke-on-Trent", "NE_ID": 1159135323, "NAME_FA": "استوک-آن-ترنت", "NAME_HE": "סטוק-און-טרנט", "NAME_UK": "Сток-он-Трент", "NAME_UR": "سٹوک آن ٹرینٹ", "NAME_ZHT": "特倫特河畔斯托克", "GEONAMESID": 2636841, "FCLASS_ISO": null, "FCLASS_US": null, "FCLASS_FR": null, "FCLASS_RU": null, "FCLASS_ES": null, "FCLASS_CN": null, "FCLASS_TW": null, "FCLASS_IN": null, "FCLASS_NP": null, "FCLASS_PK": null, "FCLASS_DE": null, "FCLASS_GB": null, "FCLASS_BR": null, "FCLASS_IL": null, "FCLASS_PS": null, "FCLASS_SA": null, "FCLASS_EG": null, "FCLASS_MA": null, "FCLASS_PT": null, "FCLASS_AR": null, "FCLASS_JP": null, "FCLASS_KO": null, "FCLASS_VN": null, "FCLASS_TR": null, "FCLASS_ID": null, "FCLASS_PL": null, "FCLASS_GR": null, "FCLASS_IT": null, "FCLASS_NL": null, "FCLASS_SE": null, "FCLASS_BD": null, "FCLASS_UA": null, "FCLASS_TLC": null}, "bbox": [-2.180007, 53.000368, -2.180007, 53.000368], "geometry": {"type": "Point", "coordinates": [-2.180007, 53.000368]}}, {"type": "Feature", "properties": {"SCALERANK": 7, "NATSCALE": 20, "LABELRANK": 5, "FEATURECLA": "Populated place", "NAME": "Dover", "NAMEPAR": null, "NAMEALT": null, "NAMEASCII": "Dover", "ADM0CAP": 0, "CAPIN": null, "WORLDCITY": 0, "MEGACITY": 0, "SOV0NAME": "United Kingdom", "SOV_A3": "GBR", "ADM0NAME": "United Kingdom", "ADM0_A3": "GBR", "ADM1NAME": "Kent", "ISO_A2": "GB", "NOTE": null, "LATITUDE": 51.133712, "LONGITUDE": 1.300013, "POP_MAX": 36384, "POP_MIN": 28156, "POP_OTHER": 74556, "RANK_MAX": 7, "RANK_MIN": 7, "MEGANAME": null, "LS_NAME": "Dover2", "MAX_POP10": 36384, "MAX_POP20": 36384, "MAX_POP50": 0, "MAX_POP300": 0, "MAX_POP310": 0, "MAX_NATSCA": 20, "MIN_AREAKM": 24, "MAX_AREAKM": 24, "MIN_AREAMI": 9, "MAX_AREAMI": 9, "MIN_PERKM": 29, "MAX_PERKM": 29, "MIN_PERMI": 18, "MAX_PERMI": 18, "MIN_BBXMIN": 1.258333, "MAX_BBXMIN": 1.258333, "MIN_BBXMAX": 1.333333, "MAX_BBXMAX": 1.333333, "MIN_BBYMIN": 51.108333, "MAX_BBYMIN": 51.108333, "MIN_BBYMAX": 51.175, "MAX_BBYMAX": 51.175, "MEAN_BBXC": 1.297315, "MEAN_BBYC": 51.140833, "TIMEZONE": "Europe/London", "UN_FID": 0, "POP1950": 0, "POP1955": 0, "POP1960": 0, "POP1965": 0, "POP1970": 0, "POP1975": 0, "POP1980": 0, "POP1985": 0, "POP1990": 0, "POP1995": 0, "POP2000": 0, "POP2005": 0, "POP2010": 0, "POP2015": 0, "POP2020": 0, "POP2025": 0, "POP2050": 0, "MIN_ZOOM": 6.1, "WIKIDATAID": "Q179224", "WOF_ID": 101854657, "CAPALT": 0, "NAME_EN": "Dover", "NAME_DE": "Dover", "NAME_ES": "Dover", "NAME_FR": "Douvres", "NAME_PT": "Dover", "NAME_RU": "Дувр", "NAME_ZH": "多佛尔", "LABEL": null, "NAME_AR": "دوفر", "NAME_BN": "ডোভার", "NAME_EL": "Ντόβερ", "NAME_HI": "डोवर", "NAME_HU": "Dover", "NAME_ID": "Dover", "NAME_IT": "Dover", "NAME_JA": "ドーヴァー", "NAME_KO": "도버", "NAME_NL": "Dover", "NAME_PL": "Dover", "NAME_SV": "Dover", "NAME_TR": "Dover", "NAME_VI": "Dover", "NE_ID": 1159135701, "NAME_FA": "دوور", "NAME_HE": "דובר", "NAME_UK": "Дувр", "NAME_UR": "ڈوور", "NAME_ZHT": "多佛爾", "GEONAMESID": 2651048, "FCLASS_ISO": null, "FCLASS_US": null, "FCLASS_FR": null, "FCLASS_RU": null, "FCLASS_ES": null, "FCLASS_CN": null, "FCLASS_TW": null, "FCLASS_IN": null, "FCLASS_NP": null, "FCLASS_PK": null, "FCLASS_DE": null, "FCLASS_GB": null, "FCLASS_BR": null, "FCLASS_IL": null, "FCLASS_PS": null, "FCLASS_SA": null, "FCLASS_EG": null, "FCLASS_MA": null, "FCLASS_PT": null, "FCLASS_AR": null, "FCLASS_JP": null, "FCLASS_KO": null, "FCLASS_VN": null, "FCLASS_TR": null, "FCLASS_ID": null, "FCLASS_PL": null, "FCLASS_GR": null, "FCLASS_IT": null, "FCLASS_NL": null, "FCLASS_SE": null, "FCLASS_BD": null, "FCLASS_UA": null, "FCLASS_TLC": null}, "bbox": [1.300013, 51.133712, 1.300013, 51.133712], "geometry": {"type": "Point", "coordinates": [1.300013, 51.133712]}}, {"type": "Feature", "properties": {"SCALERANK": 7, "NATSCALE": 20, "LABELRANK": 7, "FEATURECLA": "Admin-1 capital", "NAME": "Lausanne", "NAMEPAR": null, "NAMEALT": null, "NAMEASCII": "Lausanne", "ADM0CAP": 0, "CAPIN": null, "WORLDCITY": 0, "MEGACITY": 0, "SOV0NAME": "Switzerland", "SOV_A3": "CHE", "ADM0NAME": "Switzerland", "ADM0_A3": "CHE", "ADM1NAME": "Vaud", "ISO_A2": "CH", "NOTE": null, "LATITUDE": 46.530427, "LONGITUDE": 6.650023, "POP_MAX": 265702, "POP_MIN": 116751, "POP_OTHER": 250481, "RANK_MAX": 10, "RANK_MIN": 9, "MEGANAME": null, "LS_NAME": "Lausanne", "MAX_POP10": 265702, "MAX_POP20": 265702, "MAX_POP50": 0, "MAX_POP300": 0, "MAX_POP310": 0, "MAX_NATSCA": 20, "MIN_AREAKM": 74, "MAX_AREAKM": 74, "MIN_AREAMI": 29, "MAX_AREAMI": 29, "MIN_PERKM": 91, "MAX_PERKM": 91, "MIN_PERMI": 57, "MAX_PERMI": 57, "MIN_BBXMIN": 6.475, "MAX_BBXMIN": 6.475, "MIN_BBXMAX": 6.708333, "MAX_BBXMAX": 6.708333, "MIN_BBYMIN": 46.491667, "MAX_BBYMIN": 46.491667, "MIN_BBYMAX": 46.591667, "MAX_BBYMAX": 46.591667, "MEAN_BBXC": 6.598367, "MEAN_BBYC": 46.533567, "TIMEZONE": "Europe/Zurich", "UN_FID": 0, "POP1950": 0, "POP1955": 0, "POP1960": 0, "POP1965": 0, "POP1970": 0, "POP1975": 0, "POP1980": 0, "POP1985": 0, "POP1990": 0, "POP1995": 0, "POP2000": 0, "POP2005": 0, "POP2010": 0, "POP2015": 0, "POP2020": 0, "POP2025": 0, "POP2050": 0, "MIN_ZOOM": 6.7, "WIKIDATAID": "Q807", "WOF_ID": 101748449, "CAPALT": 0, "NAME_EN": "Lausanne", "NAME_DE": "Lausanne", "NAME_ES": "Lausana", "NAME_FR": "Lausanne", "NAME_PT": "Lausana", "NAME_RU": "Лозанна", "NAME_ZH": "洛桑", "LABEL": null, "NAME_AR": "لوزان", "NAME_BN": "লোজান", "NAME_EL": "Λωζάνη", "NAME_HI": "लॉज़ेन", "NAME_HU": "Lausanne", "NAME_ID": "Lausanne", "NAME_IT": "Losanna", "NAME_JA": "ローザンヌ", "NAME_KO": "로잔", "NAME_NL": "Lausanne", "NAME_PL": "Lozanna", "NAME_SV": "Lausanne", "NAME_TR": "Lozan", "NAME_VI": "Lausanne", "NE_ID": 1159135705, "NAME_FA": "لوزان", "NAME_HE": "לוזאן", "NAME_UK": "Лозанна", "NAME_UR": "لوزان", "NAME_ZHT": "洛桑", "GEONAMESID": 2659994, "FCLASS_ISO": null, "FCLASS_US": null, "FCLASS_FR": null, "FCLASS_RU": null, "FCLASS_ES": null, "FCLASS_CN": null, "FCLASS_TW": null, "FCLASS_IN": null, "FCLASS_NP": null, "FCLASS_PK": null, "FCLASS_DE": null, "FCLASS_GB": null, "FCLASS_BR": null, "FCLASS_IL": null, "FCLASS_PS": null, "FCLASS_SA": null, "FCLASS_EG": null, "FCLASS_MA": null, "FCLASS_PT": null, "FCLASS_AR": null, "FCLASS_JP": null, "FCLASS_KO": null, "FCLASS_VN": null, "FCLASS_TR": null, "FCLASS_ID": null, "FCLASS_PL": null, "FCLASS_GR": null, "FCLASS_IT": null, "FCLASS_NL": null, "FCLASS_SE": null, "FCLASS_BD": null, "FCLASS_UA": null, "FCLASS_TLC": null}, "bbox": [6.650023, 46.530427, 6.650023, 46.530427], "geometry": {"type": "Point", "coordinates": [6.650023, 46.530427]}}, {"type": "Feature", "properties": {"SCALERANK": 7, "NATSCALE": 20, "LABELRANK": 7, "FEATURECLA": "Admin-1 capital", "NAME": "Basel", "NAMEPAR": null, "NAMEALT": null, "NAMEASCII": "Basel", "ADM0CAP": 0, "CAPIN": null, "WORLDCITY": 0, "MEGACITY": 0, "SOV0NAME": "Switzerland", "SOV_A3": "CHE", "ADM0NAME": "Switzerland", "ADM0_A3": "CHE", "ADM1NAME": "Basel-Stadt", "ISO_A2": "CH", "NOTE": null, "LATITUDE": 47.580389, "LONGITUDE": 7.590017, "POP_MAX": 830000, "POP_MIN": 170635, "POP_OTHER": 559750, "RANK_MAX": 11, "RANK_MIN": 9, "MEGANAME": null, "LS_NAME": "Basel", "MAX_POP10": 578438, "MAX_POP20": 578438, "MAX_POP50": 0, "MAX_POP300": 0, "MAX_POP310": 0, "MAX_NATSCA": 20, "MIN_AREAKM": 199, "MAX_AREAKM": 199, "MIN_AREAMI": 77, "MAX_AREAMI": 77, "MIN_PERKM": 193, "MAX_PERKM": 193, "MIN_PERMI": 120, "MAX_PERMI": 120, "MIN_BBXMIN": 7.491667, "MAX_BBXMIN": 7.491667, "MIN_BBXMAX": 7.766667, "MAX_BBXMAX": 7.766667, "MIN_BBYMIN": 47.441667, "MAX_BBYMIN": 47.441667, "MIN_BBYMAX": 47.65, "MAX_BBYMAX": 47.65, "MEAN_BBXC": 7.617505, "MEAN_BBYC": 47.55424, "TIMEZONE": "Europe/Zurich", "UN_FID": 0, "POP1950": 0, "POP1955": 0, "POP1960": 0, "POP1965": 0, "POP1970": 0, "POP1975": 0, "POP1980": 0, "POP1985": 0, "POP1990": 0, "POP1995": 0, "POP2000": 0, "POP2005": 0, "POP2010": 0, "POP2015": 0, "POP2020": 0, "POP2025": 0, "POP2050": 0, "MIN_ZOOM": 6.7, "WIKIDATAID": "Q78", "WOF_ID": 101914097, "CAPALT": 0, "NAME_EN": "Basel", "NAME_DE": "Basel", "NAME_ES": "Basilea", "NAME_FR": "Bâle", "NAME_PT": "Basileia", "NAME_RU": "Базель", "NAME_ZH": "巴塞尔", "LABEL": null, "NAME_AR": "بازل", "NAME_BN": "বাজেল", "NAME_EL": "Βασιλεία", "NAME_HI": "बासेल", "NAME_HU": "Bázel", "NAME_ID": "Basel", "NAME_IT": "Basilea", "NAME_JA": "バーゼル", "NAME_KO": "바젤", "NAME_NL": "Basel", "NAME_PL": "Bazylea", "NAME_SV": "Basel", "NAME_TR": "Basel", "NAME_VI": "Basel", "NE_ID": 1159135709, "NAME_FA": "بازل", "NAME_HE": "בזל", "NAME_UK": "Базель", "NAME_UR": "بازیل", "NAME_ZHT": "巴塞爾", "GEONAMESID": 2661604, "FCLASS_ISO": null, "FCLASS_US": null, "FCLASS_FR": null, "FCLASS_RU": null, "FCLASS_ES": null, "FCLASS_CN": null, "FCLASS_TW": null, "FCLASS_IN": null, "FCLASS_NP": null, "FCLASS_PK": null, "FCLASS_DE": null, "FCLASS_GB": null, "FCLASS_BR": null, "FCLASS_IL": null, "FCLASS_PS": null, "FCLASS_SA": null, "FCLASS_EG": null, "FCLASS_MA": null, "FCLASS_PT": null, "FCLASS_AR": null, "FCLASS_JP": null, "FCLASS_KO": null, "FCLASS_VN": null, "FCLASS_TR": null, "FCLASS_ID": null, "FCLASS_PL": null, "FCLASS_GR": null, "FCLASS_IT": null, "FCLASS_NL": null, "FCLASS_SE": null, "FCLASS_BD": null, "FCLASS_UA": null, "FCLASS_TLC": null}, "bbox": [7.590017, 47.580389, 7.590017, 47.580389], "geometry": {"type": "Point", "coordinates": [7.590017, 47.580389]}}, {"type": "Feature", "properties": {"SCALERANK": 7, "NATSCALE": 20, "LABELRANK": 7, "FEATURECLA": "Admin-1 capital", "NAME": "Kristianstad", "NAMEPAR": null, "NAMEALT": null, "NAMEASCII": "Kristianstad", "ADM0CAP": 0, "CAPIN": null, "WORLDCITY": 0, "MEGACITY": 0, "SOV0NAME": "Sweden", "SOV_A3": "SWE", "ADM0NAME": "Sweden", "ADM0_A3": "SWE", "ADM1NAME": "Skåne", "ISO_A2": "SE", "NOTE": null, "LATITUDE": 56.033672, "LONGITUDE": 14.133287, "POP_MAX": 32188, "POP_MIN": 21339, "POP_OTHER": 0, "RANK_MAX": 7, "RANK_MIN": 7, "MEGANAME": null, "LS_NAME": "Kristianstad", "MAX_POP10": 21339, "MAX_POP20": 21339, "MAX_POP50": 0, "MAX_POP300": 0, "MAX_POP310": 0, "MAX_NATSCA": 20, "MIN_AREAKM": 30, "MAX_AREAKM": 30, "MIN_AREAMI": 12, "MAX_AREAMI": 12, "MIN_PERKM": 52, "MAX_PERKM": 52, "MIN_PERMI": 33, "MAX_PERMI": 33, "MIN_BBXMIN": 14.066667, "MAX_BBXMIN": 14.066667, "MIN_BBXMAX": 14.216667, "MAX_BBXMAX": 14.216667, "MIN_BBYMIN": 55.983333, "MAX_BBYMIN": 55.983333, "MIN_BBYMAX": 56.066667, "MAX_BBYMAX": 56.066667, "MEAN_BBXC": 14.149802, "MEAN_BBYC": 56.025331, "TIMEZONE": "Europe/Stockholm", "UN_FID": 0, "POP1950": 0, "POP1955": 0, "POP1960": 0, "POP1965": 0, "POP1970": 0, "POP1975": 0, "POP1980": 0, "POP1985": 0, "POP1990": 0, "POP1995": 0, "POP2000": 0, "POP2005": 0, "POP2010": 0, "POP2015": 0, "POP2020": 0, "POP2025": 0, "POP2050": 0, "MIN_ZOOM": 5.6, "WIKIDATAID": "Q26937", "WOF_ID": 101840131, "CAPALT": 0, "NAME_EN": "Kristianstad", "NAME_DE": "Kristianstad", "NAME_ES": "Kristianstad", "NAME_FR": "Kristianstad", "NAME_PT": "Kristianstad", "NAME_RU": "Кристианстад", "NAME_ZH": "克里斯蒂安斯塔德", "LABEL": null, "NAME_AR": "كريستيانستاد", "NAME_BN": "ক্রিস্টিয়ান্সট্যাড", "NAME_EL": "Κρίστιανσταντ", "NAME_HI": "क्रिस्चनस्टैड", "NAME_HU": "Kristianstad", "NAME_ID": "Kristianstad", "NAME_IT": "Kristianstad", "NAME_JA": "クリスチャンスタード", "NAME_KO": "크리스티안스타드", "NAME_NL": "Kristianstad", "NAME_PL": "Kristianstad", "NAME_SV": "Kristianstad", "NAME_TR": "Kristianstad", "NAME_VI": "Kristianstad", "NE_ID": 1159135723, "NAME_FA": "کریتمسته", "NAME_HE": "קריסטיאנסאד", "NAME_UK": "Крістіанстад", "NAME_UR": "کرسٹینسٹیڈ", "NAME_ZHT": "克里斯蒂安斯塔德", "GEONAMESID": 2699310, "FCLASS_ISO": null, "FCLASS_US": null, "FCLASS_FR": null, "FCLASS_RU": null, "FCLASS_ES": null, "FCLASS_CN": null, "FCLASS_TW": null, "FCLASS_IN": null, "FCLASS_NP": null, "FCLASS_PK": null, "FCLASS_DE": null, "FCLASS_GB": null, "FCLASS_BR": null, "FCLASS_IL": null, "FCLASS_PS": null, "FCLASS_SA": null, "FCLASS_EG": null, "FCLASS_MA": null, "FCLASS_PT": null, "FCLASS_AR": null, "FCLASS_JP": null, "FCLASS_KO": null, "FCLASS_VN": null, "FCLASS_TR": null, "FCLASS_ID": null, "FCLASS_PL": null, "FCLASS_GR": null, "FCLASS_IT": null, "FCLASS_NL": null, "FCLASS_SE": null, "FCLASS_BD": null, "FCLASS_UA": null, "FCLASS_TLC": null}, "bbox": [14.133287, 56.033671, 14.133287, 56.033671], "geometry": {"type": "Point", "coordinates": [14.133287, 56.033671]}}, {"type": "Feature", "properties": {"SCALERANK": 7, "NATSCALE": 20, "LABELRANK": 7, "FEATURECLA": "Populated place", "NAME": "Helsingborg", "NAMEPAR": null, "NAMEALT": null, "NAMEASCII": "Helsingborg", "ADM0CAP": 0, "CAPIN": null, "WORLDCITY": 0, "MEGACITY": 0, "SOV0NAME": "Sweden", "SOV_A3": "SWE", "ADM0NAME": "Sweden", "ADM0_A3": "SWE", "ADM1NAME": "Skåne", "ISO_A2": "SE", "NOTE": null, "LATITUDE": 56.050492, "LONGITUDE": 12.700041, "POP_MAX": 91304, "POP_MIN": 91025, "POP_OTHER": 93257, "RANK_MAX": 8, "RANK_MIN": 8, "MEGANAME": null, "LS_NAME": "Helsingborg", "MAX_POP10": 91304, "MAX_POP20": 91304, "MAX_POP50": 0, "MAX_POP300": 0, "MAX_POP310": 0, "MAX_NATSCA": 20, "MIN_AREAKM": 68, "MAX_AREAKM": 68, "MIN_AREAMI": 26, "MAX_AREAMI": 26, "MIN_PERKM": 65, "MAX_PERKM": 65, "MIN_PERMI": 41, "MAX_PERMI": 41, "MIN_BBXMIN": 12.633333, "MAX_BBXMIN": 12.633333, "MIN_BBXMAX": 12.783333, "MAX_BBXMAX": 12.783333, "MIN_BBYMIN": 55.983333, "MAX_BBYMIN": 55.983333, "MIN_BBYMAX": 56.116667, "MAX_BBYMAX": 56.116667, "MEAN_BBXC": 12.72277, "MEAN_BBYC": 56.056397, "TIMEZONE": "Europe/Stockholm", "UN_FID": 0, "POP1950": 0, "POP1955": 0, "POP1960": 0, "POP1965": 0, "POP1970": 0, "POP1975": 0, "POP1980": 0, "POP1985": 0, "POP1990": 0, "POP1995": 0, "POP2000": 0, "POP2005": 0, "POP2010": 0, "POP2015": 0, "POP2020": 0, "POP2025": 0, "POP2050": 0, "MIN_ZOOM": 6.1, "WIKIDATAID": "Q25411", "WOF_ID": 101752277, "CAPALT": 0, "NAME_EN": "Helsingborg", "NAME_DE": "Helsingborg", "NAME_ES": "Helsingborg", "NAME_FR": "Helsingborg", "NAME_PT": "Helsingborg", "NAME_RU": "Хельсингборг", "NAME_ZH": "赫尔辛堡", "LABEL": null, "NAME_AR": "هلسينغبورغ", "NAME_BN": "হেলসিংবার্গ", "NAME_EL": "Χέλσινγκμποργκ", "NAME_HI": "हेलसिंगबर्ग", "NAME_HU": "Helsingborg", "NAME_ID": "Helsingborg", "NAME_IT": "Helsingborg", "NAME_JA": "ヘルシンボリ", "NAME_KO": "헬싱보리", "NAME_NL": "Helsingborg", "NAME_PL": "Helsingborg", "NAME_SV": "Helsingborg", "NAME_TR": "Helsingborg", "NAME_VI": "Helsingborg", "NE_ID": 1159135729, "NAME_FA": "هلسینگبورگ", "NAME_HE": "הלסינגבורג", "NAME_UK": "Гельсінборг", "NAME_UR": "ہیلسنگبورگ", "NAME_ZHT": "赫爾辛堡", "GEONAMESID": 2706767, "FCLASS_ISO": null, "FCLASS_US": null, "FCLASS_FR": null, "FCLASS_RU": null, "FCLASS_ES": null, "FCLASS_CN": null, "FCLASS_TW": null, "FCLASS_IN": null, "FCLASS_NP": null, "FCLASS_PK": null, "FCLASS_DE": null, "FCLASS_GB": null, "FCLASS_BR": null, "FCLASS_IL": null, "FCLASS_PS": null, "FCLASS_SA": null, "FCLASS_EG": null, "FCLASS_MA": null, "FCLASS_PT": null, "FCLASS_AR": null, "FCLASS_JP": null, "FCLASS_KO": null, "FCLASS_VN": null, "FCLASS_TR": null, "FCLASS_ID": null, "FCLASS_PL": null, "FCLASS_GR": null, "FCLASS_IT": null, "FCLASS_NL": null, "FCLASS_SE": null, "FCLASS_BD": null, "FCLASS_UA": null, "FCLASS_TLC": null}, "bbox": [12.72327, 56.041291, 12.72327, 56.041291], "geometry": {"type": "Point", "coordinates": [12.72327, 56.041291]}}, {"type": "Feature", "properties": {"SCALERANK": 7, "NATSCALE": 20, "LABELRANK": 8, "FEATURECLA": "Populated place", "NAME": "Maribor", "NAMEPAR": null, "NAMEALT": null, "NAMEASCII": "Maribor", "ADM0CAP": 0, "CAPIN": null, "WORLDCITY": 0, "MEGACITY": 0, "SOV0NAME": "Slovenia", "SOV_A3": "SVN", "ADM0NAME": "Slovenia", "ADM0_A3": "SVN", "ADM1NAME": "Maribor", "ISO_A2": "SI", "NOTE": null, "LATITUDE": 46.540478, "LONGITUDE": 15.650042, "POP_MAX": 114228, "POP_MIN": 89056, "POP_OTHER": 100963, "RANK_MAX": 9, "RANK_MIN": 8, "MEGANAME": null, "LS_NAME": "Maribor", "MAX_POP10": 114228, "MAX_POP20": 113538, "MAX_POP50": 0, "MAX_POP300": 0, "MAX_POP310": 0, "MAX_NATSCA": 20, "MIN_AREAKM": 56, "MAX_AREAKM": 57, "MIN_AREAMI": 21, "MAX_AREAMI": 22, "MIN_PERKM": 82, "MAX_PERKM": 83, "MIN_PERMI": 51, "MAX_PERMI": 51, "MIN_BBXMIN": 15.566667, "MAX_BBXMIN": 15.566667, "MIN_BBXMAX": 15.691667, "MAX_BBXMAX": 15.691667, "MIN_BBYMIN": 46.441667, "MAX_BBYMIN": 46.441667, "MIN_BBYMAX": 46.591667, "MAX_BBYMAX": 46.591667, "MEAN_BBXC": 15.645627, "MEAN_BBYC": 46.533092, "TIMEZONE": "Europe/Ljubljana", "UN_FID": 0, "POP1950": 0, "POP1955": 0, "POP1960": 0, "POP1965": 0, "POP1970": 0, "POP1975": 0, "POP1980": 0, "POP1985": 0, "POP1990": 0, "POP1995": 0, "POP2000": 0, "POP2005": 0, "POP2010": 0, "POP2015": 0, "POP2020": 0, "POP2025": 0, "POP2050": 0, "MIN_ZOOM": 6.7, "WIKIDATAID": "Q1010", "WOF_ID": 101752071, "CAPALT": 0, "NAME_EN": "Maribor", "NAME_DE": "Maribor", "NAME_ES": "Maribor", "NAME_FR": "Maribor", "NAME_PT": "Maribor", "NAME_RU": "Марибор", "NAME_ZH": "马里博尔", "LABEL": null, "NAME_AR": "ماريبور", "NAME_BN": "মারিবো", "NAME_EL": "Μάριμπορ", "NAME_HI": "मारीबोर", "NAME_HU": "Maribor", "NAME_ID": "Maribor", "NAME_IT": "Maribor", "NAME_JA": "マリボル", "NAME_KO": "마리보르", "NAME_NL": "Maribor", "NAME_PL": "Maribor", "NAME_SV": "Maribor", "NAME_TR": "Maribor", "NAME_VI": "Maribor", "NE_ID": 1159135827, "NAME_FA": "ماریبور", "NAME_HE": "מריבור", "NAME_UK": "Марибор", "NAME_UR": "ماریبور", "NAME_ZHT": "馬里博爾", "GEONAMESID": 3195506, "FCLASS_ISO": null, "FCLASS_US": null, "FCLASS_FR": null, "FCLASS_RU": null, "FCLASS_ES": null, "FCLASS_CN": null, "FCLASS_TW": null, "FCLASS_IN": null, "FCLASS_NP": null, "FCLASS_PK": null, "FCLASS_DE": null, "FCLASS_GB": null, "FCLASS_BR": null, "FCLASS_IL": null, "FCLASS_PS": null, "FCLASS_SA": null, "FCLASS_EG": null, "FCLASS_MA": null, "FCLASS_PT": null, "FCLASS_AR": null, "FCLASS_JP": null, "FCLASS_KO": null, "FCLASS_VN": null, "FCLASS_TR": null, "FCLASS_ID": null, "FCLASS_PL": null, "FCLASS_GR": null, "FCLASS_IT": null, "FCLASS_NL": null, "FCLASS_SE": null, "FCLASS_BD": null, "FCLASS_UA": null, "FCLASS_TLC": null}, "bbox": [15.650042, 46.540478, 15.650042, 46.540478], "geometry": {"type": "Point", "coordinates": [15.650042, 46.540478]}}, {"type": "Feature", "properties": {"SCALERANK": 7, "NATSCALE": 20, "LABELRANK": 8, "FEATURECLA": "Admin-1 capital", "NAME": "Leeuwarden", "NAMEPAR": null, "NAMEALT": null, "NAMEASCII": "Leeuwarden", "ADM0CAP": 0, "CAPIN": null, "WORLDCITY": 0, "MEGACITY": 0, "SOV0NAME": "Kingdom of the Netherlands", "SOV_A3": "NLD", "ADM0NAME": "Netherlands", "ADM0_A3": "NLD", "ADM1NAME": "Friesland", "ISO_A2": "NL", "NOTE": null, "LATITUDE": 53.250379, "LONGITUDE": 5.783357, "POP_MAX": 125778, "POP_MIN": 91424, "POP_OTHER": 7335, "RANK_MAX": 9, "RANK_MIN": 8, "MEGANAME": null, "LS_NAME": "Leeuwarden", "MAX_POP10": 125778, "MAX_POP20": 125778, "MAX_POP50": 0, "MAX_POP300": 0, "MAX_POP310": 0, "MAX_NATSCA": 20, "MIN_AREAKM": 40, "MAX_AREAKM": 40, "MIN_AREAMI": 16, "MAX_AREAMI": 16, "MIN_PERKM": 54, "MAX_PERKM": 54, "MIN_PERMI": 33, "MAX_PERMI": 33, "MIN_BBXMIN": 5.75, "MAX_BBXMIN": 5.75, "MIN_BBXMAX": 5.858333, "MAX_BBXMAX": 5.858333, "MIN_BBYMIN": 53.175, "MAX_BBYMIN": 53.175, "MIN_BBYMAX": 53.275, "MAX_BBYMAX": 53.275, "MEAN_BBXC": 5.798611, "MEAN_BBYC": 53.212073, "TIMEZONE": "Europe/Amsterdam", "UN_FID": 0, "POP1950": 0, "POP1955": 0, "POP1960": 0, "POP1965": 0, "POP1970": 0, "POP1975": 0, "POP1980": 0, "POP1985": 0, "POP1990": 0, "POP1995": 0, "POP2000": 0, "POP2005": 0, "POP2010": 0, "POP2015": 0, "POP2020": 0, "POP2025": 0, "POP2050": 0, "MIN_ZOOM": 7.7, "WIKIDATAID": "Q25390", "WOF_ID": 101751907, "CAPALT": 0, "NAME_EN": "Leeuwarden", "NAME_DE": "Leeuwarden", "NAME_ES": "Leeuwarden", "NAME_FR": "Leeuwarden", "NAME_PT": "Leeuwarden", "NAME_RU": "Леуварден", "NAME_ZH": "吕伐登", "LABEL": null, "NAME_AR": "ليوواردن", "NAME_BN": "লিবার্ডেন", "NAME_EL": "Λέουαρντεν", "NAME_HI": "लीऊवार्डन", "NAME_HU": "Leeuwarden", "NAME_ID": "Leeuwarden", "NAME_IT": "Leeuwarden", "NAME_JA": "レーワルデン", "NAME_KO": "레이우아르던", "NAME_NL": "Leeuwarden", "NAME_PL": "Leeuwarden", "NAME_SV": "Leeuwarden", "NAME_TR": "Leeuwarden", "NAME_VI": "Leeuwarden", "NE_ID": 1159136305, "NAME_FA": "لیوواردن", "NAME_HE": "ליוורדן", "NAME_UK": "Леуварден", "NAME_UR": "لییوواردین", "NAME_ZHT": "利瓦頓", "GEONAMESID": 2751792, "FCLASS_ISO": null, "FCLASS_US": null, "FCLASS_FR": null, "FCLASS_RU": null, "FCLASS_ES": null, "FCLASS_CN": null, "FCLASS_TW": null, "FCLASS_IN": null, "FCLASS_NP": null, "FCLASS_PK": null, "FCLASS_DE": null, "FCLASS_GB": null, "FCLASS_BR": null, "FCLASS_IL": null, "FCLASS_PS": null, "FCLASS_SA": null, "FCLASS_EG": null, "FCLASS_MA": null, "FCLASS_PT": null, "FCLASS_AR": null, "FCLASS_JP": null, "FCLASS_KO": null, "FCLASS_VN": null, "FCLASS_TR": null, "FCLASS_ID": null, "FCLASS_PL": null, "FCLASS_GR": null, "FCLASS_IT": null, "FCLASS_NL": null, "FCLASS_SE": null, "FCLASS_BD": null, "FCLASS_UA": null, "FCLASS_TLC": null}, "bbox": [5.783357, 53.250379, 5.783357, 53.250379], "geometry": {"type": "Point", "coordinates": [5.783357, 53.250379]}}, {"type": "Feature", "properties": {"SCALERANK": 7, "NATSCALE": 20, "LABELRANK": 8, "FEATURECLA": "Admin-1 capital", "NAME": "Groningen", "NAMEPAR": null, "NAMEALT": null, "NAMEASCII": "Groningen", "ADM0CAP": 0, "CAPIN": null, "WORLDCITY": 0, "MEGACITY": 0, "SOV0NAME": "Kingdom of the Netherlands", "SOV_A3": "NLD", "ADM0NAME": "Netherlands", "ADM0_A3": "NLD", "ADM1NAME": "Groningen", "ISO_A2": "NL", "NOTE": null, "LATITUDE": 53.220407, "LONGITUDE": 6.580001, "POP_MAX": 216688, "POP_MIN": 181194, "POP_OTHER": 214676, "RANK_MAX": 10, "RANK_MIN": 9, "MEGANAME": null, "LS_NAME": "Groningen", "MAX_POP10": 216688, "MAX_POP20": 216688, "MAX_POP50": 0, "MAX_POP300": 0, "MAX_POP310": 0, "MAX_NATSCA": 20, "MIN_AREAKM": 72, "MAX_AREAKM": 72, "MIN_AREAMI": 28, "MAX_AREAMI": 28, "MIN_PERKM": 70, "MAX_PERKM": 70, "MIN_PERMI": 44, "MAX_PERMI": 44, "MIN_BBXMIN": 6.475, "MAX_BBXMIN": 6.475, "MIN_BBXMAX": 6.633333, "MAX_BBXMAX": 6.633333, "MIN_BBYMIN": 53.158333, "MAX_BBYMIN": 53.158333, "MIN_BBYMAX": 53.275, "MAX_BBYMAX": 53.275, "MEAN_BBXC": 6.572572, "MEAN_BBYC": 53.217056, "TIMEZONE": "Europe/Amsterdam", "UN_FID": 0, "POP1950": 0, "POP1955": 0, "POP1960": 0, "POP1965": 0, "POP1970": 0, "POP1975": 0, "POP1980": 0, "POP1985": 0, "POP1990": 0, "POP1995": 0, "POP2000": 0, "POP2005": 0, "POP2010": 0, "POP2015": 0, "POP2020": 0, "POP2025": 0, "POP2050": 0, "MIN_ZOOM": 6.1, "WIKIDATAID": "Q749", "WOF_ID": 101751909, "CAPALT": 0, "NAME_EN": "Groningen", "NAME_DE": "Groningen", "NAME_ES": "Groninga", "NAME_FR": "Groningue", "NAME_PT": "Groninga", "NAME_RU": "Гронинген", "NAME_ZH": "格罗宁根", "LABEL": null, "NAME_AR": "خرونينغن", "NAME_BN": "খ্রোনিঙেন", "NAME_EL": "Χρόνινγκεν", "NAME_HI": "ग्रोनिंगेन", "NAME_HU": "Groningen", "NAME_ID": "Groningen", "NAME_IT": "Groninga", "NAME_JA": "フローニンゲン", "NAME_KO": "흐로닝언", "NAME_NL": "Groningen", "NAME_PL": "Groningen", "NAME_SV": "Groningen", "NAME_TR": "Groningen", "NAME_VI": "Groningen", "NE_ID": 1159136311, "NAME_FA": "خرونینگن", "NAME_HE": "חרונינגן", "NAME_UK": "Гронінген", "NAME_UR": "خرونیگین", "NAME_ZHT": "格羅寧根", "GEONAMESID": 2755251, "FCLASS_ISO": null, "FCLASS_US": null, "FCLASS_FR": null, "FCLASS_RU": null, "FCLASS_ES": null, "FCLASS_CN": null, "FCLASS_TW": null, "FCLASS_IN": null, "FCLASS_NP": null, "FCLASS_PK": null, "FCLASS_DE": null, "FCLASS_GB": null, "FCLASS_BR": null, "FCLASS_IL": null, "FCLASS_PS": null, "FCLASS_SA": null, "FCLASS_EG": null, "FCLASS_MA": null, "FCLASS_PT": null, "FCLASS_AR": null, "FCLASS_JP": null, "FCLASS_KO": null, "FCLASS_VN": null, "FCLASS_TR": null, "FCLASS_ID": null, "FCLASS_PL": null, "FCLASS_GR": null, "FCLASS_IT": null, "FCLASS_NL": null, "FCLASS_SE": null, "FCLASS_BD": null, "FCLASS_UA": null, "FCLASS_TLC": null}, "bbox": [6.580001, 53.220407, 6.580001, 53.220407], "geometry": {"type": "Point", "coordinates": [6.580001, 53.220407]}}, {"type": "Feature", "properties": {"SCALERANK": 7, "NATSCALE": 20, "LABELRANK": 8, "FEATURECLA": "Admin-1 capital", "NAME": "Utrecht", "NAMEPAR": null, "NAMEALT": null, "NAMEASCII": "Utrecht", "ADM0CAP": 0, "CAPIN": null, "WORLDCITY": 0, "MEGACITY": 0, "SOV0NAME": "Kingdom of the Netherlands", "SOV_A3": "NLD", "ADM0NAME": "Netherlands", "ADM0_A3": "NLD", "ADM1NAME": "Utrecht", "ISO_A2": "NL", "NOTE": null, "LATITUDE": 52.100346, "LONGITUDE": 5.120039, "POP_MAX": 640000, "POP_MIN": 316448, "POP_OTHER": 487694, "RANK_MAX": 11, "RANK_MIN": 10, "MEGANAME": null, "LS_NAME": "Utrecht", "MAX_POP10": 611486, "MAX_POP20": 611486, "MAX_POP50": 0, "MAX_POP300": 0, "MAX_POP310": 0, "MAX_NATSCA": 20, "MIN_AREAKM": 225, "MAX_AREAKM": 225, "MIN_AREAMI": 87, "MAX_AREAMI": 87, "MIN_PERKM": 270, "MAX_PERKM": 270, "MIN_PERMI": 168, "MAX_PERMI": 168, "MIN_BBXMIN": 4.933333, "MAX_BBXMIN": 4.933333, "MIN_BBXMAX": 5.308333, "MAX_BBXMAX": 5.308333, "MIN_BBYMIN": 51.966667, "MAX_BBYMIN": 51.966667, "MIN_BBYMAX": 52.183333, "MAX_BBYMAX": 52.183333, "MEAN_BBXC": 5.123172, "MEAN_BBYC": 52.076631, "TIMEZONE": "Europe/Amsterdam", "UN_FID": 0, "POP1950": 0, "POP1955": 0, "POP1960": 0, "POP1965": 0, "POP1970": 0, "POP1975": 0, "POP1980": 0, "POP1985": 0, "POP1990": 0, "POP1995": 0, "POP2000": 0, "POP2005": 0, "POP2010": 0, "POP2015": 0, "POP2020": 0, "POP2025": 0, "POP2050": 0, "MIN_ZOOM": 5.1, "WIKIDATAID": "Q803", "WOF_ID": 101751827, "CAPALT": 0, "NAME_EN": "Utrecht", "NAME_DE": "Utrecht", "NAME_ES": "Utrecht", "NAME_FR": "Utrecht", "NAME_PT": "Utrecht", "NAME_RU": "Утрехт", "NAME_ZH": "乌得勒支", "LABEL": null, "NAME_AR": "أوترخت", "NAME_BN": "ইউট্রেখ্ট", "NAME_EL": "Ουτρέχτη", "NAME_HI": "यूट्रेक्ट", "NAME_HU": "Utrecht", "NAME_ID": "Utrecht", "NAME_IT": "Utrecht", "NAME_JA": "ユトレヒト", "NAME_KO": "위트레흐트", "NAME_NL": "Utrecht", "NAME_PL": "Utrecht", "NAME_SV": "Utrecht", "NAME_TR": "Utrecht", "NAME_VI": "Utrecht", "NE_ID": 1159136319, "NAME_FA": "اوترخت", "NAME_HE": "אוטרכט", "NAME_UK": "Утрехт", "NAME_UR": "یوتریخت", "NAME_ZHT": "烏特勒支", "GEONAMESID": 2745912, "FCLASS_ISO": null, "FCLASS_US": null, "FCLASS_FR": null, "FCLASS_RU": null, "FCLASS_ES": null, "FCLASS_CN": null, "FCLASS_TW": null, "FCLASS_IN": null, "FCLASS_NP": null, "FCLASS_PK": null, "FCLASS_DE": null, "FCLASS_GB": null, "FCLASS_BR": null, "FCLASS_IL": null, "FCLASS_PS": null, "FCLASS_SA": null, "FCLASS_EG": null, "FCLASS_MA": null, "FCLASS_PT": null, "FCLASS_AR": null, "FCLASS_JP": null, "FCLASS_KO": null, "FCLASS_VN": null, "FCLASS_TR": null, "FCLASS_ID": null, "FCLASS_PL": null, "FCLASS_GR": null, "FCLASS_IT": null, "FCLASS_NL": null, "FCLASS_SE": null, "FCLASS_BD": null, "FCLASS_UA": null, "FCLASS_TLC": null}, "bbox": [5.120039, 52.100346, 5.120039, 52.100346], "geometry": {"type": "Point", "coordinates": [5.120039, 52.100346]}}, {"type": "Feature", "properties": {"SCALERANK": 7, "NATSCALE": 20, "LABELRANK": 8, "FEATURECLA": "Admin-1 capital", "NAME": "Haarlem", "NAMEPAR": null, "NAMEALT": null, "NAMEASCII": "Haarlem", "ADM0CAP": 0, "CAPIN": null, "WORLDCITY": 0, "MEGACITY": 0, "SOV0NAME": "Kingdom of the Netherlands", "SOV_A3": "NLD", "ADM0NAME": "Netherlands", "ADM0_A3": "NLD", "ADM1NAME": "Noord-Holland", "ISO_A2": "NL", "NOTE": null, "LATITUDE": 52.380432, "LONGITUDE": 4.629991, "POP_MAX": 349957, "POP_MIN": 147590, "POP_OTHER": 375988, "RANK_MAX": 10, "RANK_MIN": 9, "MEGANAME": null, "LS_NAME": "Haarlem", "MAX_POP10": 349957, "MAX_POP20": 349957, "MAX_POP50": 0, "MAX_POP300": 0, "MAX_POP310": 0, "MAX_NATSCA": 20, "MIN_AREAKM": 126, "MAX_AREAKM": 126, "MIN_AREAMI": 49, "MAX_AREAMI": 49, "MIN_PERKM": 161, "MAX_PERKM": 161, "MIN_PERMI": 100, "MAX_PERMI": 100, "MIN_BBXMIN": 4.566667, "MAX_BBXMIN": 4.566667, "MIN_BBXMAX": 4.741667, "MAX_BBXMAX": 4.741667, "MIN_BBYMIN": 52.3, "MAX_BBYMIN": 52.3, "MIN_BBYMAX": 52.566667, "MAX_BBYMAX": 52.566667, "MEAN_BBXC": 4.643706, "MEAN_BBYC": 52.429341, "TIMEZONE": "Europe/Amsterdam", "UN_FID": 0, "POP1950": 0, "POP1955": 0, "POP1960": 0, "POP1965": 0, "POP1970": 0, "POP1975": 0, "POP1980": 0, "POP1985": 0, "POP1990": 0, "POP1995": 0, "POP2000": 0, "POP2005": 0, "POP2010": 0, "POP2015": 0, "POP2020": 0, "POP2025": 0, "POP2050": 0, "MIN_ZOOM": 7, "WIKIDATAID": "Q9920", "WOF_ID": 101751897, "CAPALT": 0, "NAME_EN": "Haarlem", "NAME_DE": "Haarlem", "NAME_ES": "Haarlem", "NAME_FR": "Haarlem", "NAME_PT": "Haarlem", "NAME_RU": "Харлем", "NAME_ZH": "哈勒姆", "LABEL": null, "NAME_AR": "هارلم", "NAME_BN": "হারলেন", "NAME_EL": "Χάαρλεμ", "NAME_HI": "हार्लेम", "NAME_HU": "Haarlem", "NAME_ID": "Haarlem", "NAME_IT": "Haarlem", "NAME_JA": "ハールレム", "NAME_KO": "하를럼", "NAME_NL": "Haarlem", "NAME_PL": "Haarlem", "NAME_SV": "Haarlem", "NAME_TR": "Haarlem", "NAME_VI": "Haarlem", "NE_ID": 1159136871, "NAME_FA": "هارلم", "NAME_HE": "הארלם", "NAME_UK": "Гарлем", "NAME_UR": "ہارلیم", "NAME_ZHT": "哈倫", "GEONAMESID": 2755003, "FCLASS_ISO": null, "FCLASS_US": null, "FCLASS_FR": null, "FCLASS_RU": null, "FCLASS_ES": null, "FCLASS_CN": null, "FCLASS_TW": null, "FCLASS_IN": null, "FCLASS_NP": null, "FCLASS_PK": null, "FCLASS_DE": null, "FCLASS_GB": null, "FCLASS_BR": null, "FCLASS_IL": null, "FCLASS_PS": null, "FCLASS_SA": null, "FCLASS_EG": null, "FCLASS_MA": null, "FCLASS_PT": null, "FCLASS_AR": null, "FCLASS_JP": null, "FCLASS_KO": null, "FCLASS_VN": null, "FCLASS_TR": null, "FCLASS_ID": null, "FCLASS_PL": null, "FCLASS_GR": null, "FCLASS_IT": null, "FCLASS_NL": null, "FCLASS_SE": null, "FCLASS_BD": null, "FCLASS_UA": null, "FCLASS_TLC": null}, "bbox": [4.629991, 52.380432, 4.629991, 52.380432], "geometry": {"type": "Point", "coordinates": [4.629991, 52.380432]}}, {"type": "Feature", "properties": {"SCALERANK": 7, "NATSCALE": 20, "LABELRANK": 5, "FEATURECLA": "Admin-1 capital", "NAME": "Szczecin", "NAMEPAR": null, "NAMEALT": null, "NAMEASCII": "Szczecin", "ADM0CAP": 0, "CAPIN": null, "WORLDCITY": 0, "MEGACITY": 0, "SOV0NAME": "Poland", "SOV_A3": "POL", "ADM0NAME": "Poland", "ADM0_A3": "POL", "ADM1NAME": "West Pomeranian", "ISO_A2": "PL", "NOTE": null, "LATITUDE": 53.420394, "LONGITUDE": 14.530007, "POP_MAX": 407811, "POP_MIN": 372672, "POP_OTHER": 369493, "RANK_MAX": 10, "RANK_MIN": 10, "MEGANAME": null, "LS_NAME": "Szczecin", "MAX_POP10": 372672, "MAX_POP20": 372672, "MAX_POP50": 0, "MAX_POP300": 0, "MAX_POP310": 0, "MAX_NATSCA": 20, "MIN_AREAKM": 119, "MAX_AREAKM": 119, "MIN_AREAMI": 46, "MAX_AREAMI": 46, "MIN_PERKM": 129, "MAX_PERKM": 129, "MIN_PERMI": 80, "MAX_PERMI": 80, "MIN_BBXMIN": 14.45, "MAX_BBXMIN": 14.45, "MIN_BBXMAX": 14.633333, "MAX_BBXMAX": 14.633333, "MIN_BBYMIN": 53.375, "MAX_BBYMIN": 53.375, "MIN_BBYMAX": 53.6, "MAX_BBYMAX": 53.6, "MEAN_BBXC": 14.543561, "MEAN_BBYC": 53.468885, "TIMEZONE": "Europe/Warsaw", "UN_FID": 0, "POP1950": 0, "POP1955": 0, "POP1960": 0, "POP1965": 0, "POP1970": 0, "POP1975": 0, "POP1980": 0, "POP1985": 0, "POP1990": 0, "POP1995": 0, "POP2000": 0, "POP2005": 0, "POP2010": 0, "POP2015": 0, "POP2020": 0, "POP2025": 0, "POP2050": 0, "MIN_ZOOM": 6.1, "WIKIDATAID": "Q393", "WOF_ID": 101752779, "CAPALT": 0, "NAME_EN": "Szczecin", "NAME_DE": "Stettin", "NAME_ES": "Szczecin", "NAME_FR": "Szczecin", "NAME_PT": "Estetino", "NAME_RU": "Щецин", "NAME_ZH": "什切青", "LABEL": null, "NAME_AR": "شتتين", "NAME_BN": "স্টাজিন", "NAME_EL": "Στσέτσιν", "NAME_HI": "श्टेटीन", "NAME_HU": "Szczecin", "NAME_ID": "Szczecin", "NAME_IT": "Stettino", "NAME_JA": "シュチェチン", "NAME_KO": "슈체친", "NAME_NL": "Szczecin", "NAME_PL": "Szczecin", "NAME_SV": "Szczecin", "NAME_TR": "Szczecin", "NAME_VI": "Szczecin", "NE_ID": 1159139055, "NAME_FA": "شچچین", "NAME_HE": "שצ'צ'ין", "NAME_UK": "Щецин", "NAME_UR": "شٹیچین", "NAME_ZHT": "斯塞新", "GEONAMESID": 3083829, "FCLASS_ISO": null, "FCLASS_US": null, "FCLASS_FR": null, "FCLASS_RU": null, "FCLASS_ES": null, "FCLASS_CN": null, "FCLASS_TW": null, "FCLASS_IN": null, "FCLASS_NP": null, "FCLASS_PK": null, "FCLASS_DE": null, "FCLASS_GB": null, "FCLASS_BR": null, "FCLASS_IL": null, "FCLASS_PS": null, "FCLASS_SA": null, "FCLASS_EG": null, "FCLASS_MA": null, "FCLASS_PT": null, "FCLASS_AR": null, "FCLASS_JP": null, "FCLASS_KO": null, "FCLASS_VN": null, "FCLASS_TR": null, "FCLASS_ID": null, "FCLASS_PL": null, "FCLASS_GR": null, "FCLASS_IT": null, "FCLASS_NL": null, "FCLASS_SE": null, "FCLASS_BD": null, "FCLASS_UA": null, "FCLASS_TLC": null}, "bbox": [14.530007, 53.420394, 14.530007, 53.420394], "geometry": {"type": "Point", "coordinates": [14.530007, 53.420394]}}, {"type": "Feature", "properties": {"SCALERANK": 7, "NATSCALE": 20, "LABELRANK": 5, "FEATURECLA": "Admin-1 capital", "NAME": "Zielona Góra", "NAMEPAR": null, "NAMEALT": null, "NAMEASCII": "Zielona Gora", "ADM0CAP": 0, "CAPIN": null, "WORLDCITY": 0, "MEGACITY": 0, "SOV0NAME": "Poland", "SOV_A3": "POL", "ADM0NAME": "Poland", "ADM0_A3": "POL", "ADM1NAME": "Lubusz", "ISO_A2": "PL", "NOTE": null, "LATITUDE": 51.950407, "LONGITUDE": 15.500025, "POP_MAX": 118433, "POP_MIN": 109298, "POP_OTHER": 107801, "RANK_MAX": 9, "RANK_MIN": 9, "MEGANAME": null, "LS_NAME": "Zielona Gora", "MAX_POP10": 109298, "MAX_POP20": 109298, "MAX_POP50": 0, "MAX_POP300": 0, "MAX_POP310": 0, "MAX_NATSCA": 20, "MIN_AREAKM": 42, "MAX_AREAKM": 42, "MIN_AREAMI": 16, "MAX_AREAMI": 16, "MIN_PERKM": 63, "MAX_PERKM": 63, "MIN_PERMI": 39, "MAX_PERMI": 39, "MIN_BBXMIN": 15.433333, "MAX_BBXMIN": 15.433333, "MIN_BBXMAX": 15.608333, "MAX_BBXMAX": 15.608333, "MIN_BBYMIN": 51.891667, "MAX_BBYMIN": 51.891667, "MIN_BBYMAX": 51.983333, "MAX_BBYMAX": 51.983333, "MEAN_BBXC": 15.507226, "MEAN_BBYC": 51.943407, "TIMEZONE": "Europe/Warsaw", "UN_FID": 0, "POP1950": 0, "POP1955": 0, "POP1960": 0, "POP1965": 0, "POP1970": 0, "POP1975": 0, "POP1980": 0, "POP1985": 0, "POP1990": 0, "POP1995": 0, "POP2000": 0, "POP2005": 0, "POP2010": 0, "POP2015": 0, "POP2020": 0, "POP2025": 0, "POP2050": 0, "MIN_ZOOM": 6.7, "WIKIDATAID": "Q104720", "WOF_ID": 101752207, "CAPALT": 0, "NAME_EN": "Zielona Góra", "NAME_DE": "Zielona Góra", "NAME_ES": "Zielona Góra", "NAME_FR": "Zielona Góra", "NAME_PT": "Zielona Góra", "NAME_RU": "Зелёна-Гура", "NAME_ZH": "绿山城", "LABEL": null, "NAME_AR": "جلونا غورا", "NAME_BN": "জিলোনা গোয়া", "NAME_EL": "Ζιελόνα Γκούρα", "NAME_HI": "जीएलओना गोरा", "NAME_HU": "Zielona Góra", "NAME_ID": "Zielona Góra", "NAME_IT": "Zielona Góra", "NAME_JA": "ジェロナ・グラ", "NAME_KO": "지엘로나구라", "NAME_NL": "Zielona Góra", "NAME_PL": "Zielona Góra", "NAME_SV": "Zielona Góra", "NAME_TR": "Zielona Góra", "NAME_VI": "Zielona Góra", "NE_ID": 1159139059, "NAME_FA": "ژلونا گورا", "NAME_HE": "ז'לונה גורה", "NAME_UK": "Зелена Гура", "NAME_UR": "ژیلونا گورا", "NAME_ZHT": "綠山城", "GEONAMESID": 3080165, "FCLASS_ISO": null, "FCLASS_US": null, "FCLASS_FR": null, "FCLASS_RU": null, "FCLASS_ES": null, "FCLASS_CN": null, "FCLASS_TW": null, "FCLASS_IN": null, "FCLASS_NP": null, "FCLASS_PK": null, "FCLASS_DE": null, "FCLASS_GB": null, "FCLASS_BR": null, "FCLASS_IL": null, "FCLASS_PS": null, "FCLASS_SA": null, "FCLASS_EG": null, "FCLASS_MA": null, "FCLASS_PT": null, "FCLASS_AR": null, "FCLASS_JP": null, "FCLASS_KO": null, "FCLASS_VN": null, "FCLASS_TR": null, "FCLASS_ID": null, "FCLASS_PL": null, "FCLASS_GR": null, "FCLASS_IT": null, "FCLASS_NL": null, "FCLASS_SE": null, "FCLASS_BD": null, "FCLASS_UA": null, "FCLASS_TLC": null}, "bbox": [15.500025, 51.950406, 15.500025, 51.950406], "geometry": {"type": "Point", "coordinates": [15.500025, 51.950406]}}, {"type": "Feature", "properties": {"SCALERANK": 7, "NATSCALE": 20, "LABELRANK": 3, "FEATURECLA": "Populated place", "NAME": "Parma", "NAMEPAR": null, "NAMEALT": null, "NAMEASCII": "Parma", "ADM0CAP": 0, "CAPIN": null, "WORLDCITY": 0, "MEGACITY": 0, "SOV0NAME": "Italy", "SOV_A3": "ITA", "ADM0NAME": "Italy", "ADM0_A3": "ITA", "ADM1NAME": "Emilia-Romagna", "ISO_A2": "IT", "NOTE": null, "LATITUDE": 44.810429, "LONGITUDE": 10.320031, "POP_MAX": 166011, "POP_MIN": 163457, "POP_OTHER": 164297, "RANK_MAX": 9, "RANK_MIN": 9, "MEGANAME": null, "LS_NAME": "Parma", "MAX_POP10": 166011, "MAX_POP20": 166011, "MAX_POP50": 0, "MAX_POP300": 0, "MAX_POP310": 0, "MAX_NATSCA": 20, "MIN_AREAKM": 63, "MAX_AREAKM": 63, "MIN_AREAMI": 24, "MAX_AREAMI": 24, "MIN_PERKM": 61, "MAX_PERKM": 61, "MIN_PERMI": 38, "MAX_PERMI": 38, "MIN_BBXMIN": 10.266667, "MAX_BBXMIN": 10.266667, "MIN_BBXMAX": 10.408333, "MAX_BBXMAX": 10.408333, "MIN_BBYMIN": 44.741667, "MAX_BBYMIN": 44.741667, "MIN_BBYMAX": 44.858333, "MAX_BBYMAX": 44.858333, "MEAN_BBXC": 10.335396, "MEAN_BBYC": 44.804086, "TIMEZONE": "Europe/Rome", "UN_FID": 0, "POP1950": 0, "POP1955": 0, "POP1960": 0, "POP1965": 0, "POP1970": 0, "POP1975": 0, "POP1980": 0, "POP1985": 0, "POP1990": 0, "POP1995": 0, "POP2000": 0, "POP2005": 0, "POP2010": 0, "POP2015": 0, "POP2020": 0, "POP2025": 0, "POP2050": 0, "MIN_ZOOM": 6.1, "WIKIDATAID": "Q2683", "WOF_ID": 101752675, "CAPALT": 0, "NAME_EN": "Parma", "NAME_DE": "Parma", "NAME_ES": "Parma", "NAME_FR": "Parme", "NAME_PT": "Parma", "NAME_RU": "Парма", "NAME_ZH": "帕尔马", "LABEL": null, "NAME_AR": "بارما", "NAME_BN": "ফার্মা", "NAME_EL": "Πάρμα", "NAME_HI": "परमा", "NAME_HU": "Parma", "NAME_ID": "Parma", "NAME_IT": "Parma", "NAME_JA": "パルマ", "NAME_KO": "파르마", "NAME_NL": "Parma", "NAME_PL": "Parma", "NAME_SV": "Parma", "NAME_TR": "Parma", "NAME_VI": "Parma", "NE_ID": 1159139447, "NAME_FA": "پارما", "NAME_HE": "פארמה", "NAME_UK": "Парма", "NAME_UR": "پارما", "NAME_ZHT": "帕馬", "GEONAMESID": 3171457, "FCLASS_ISO": null, "FCLASS_US": null, "FCLASS_FR": null, "FCLASS_RU": null, "FCLASS_ES": null, "FCLASS_CN": null, "FCLASS_TW": null, "FCLASS_IN": null, "FCLASS_NP": null, "FCLASS_PK": null, "FCLASS_DE": null, "FCLASS_GB": null, "FCLASS_BR": null, "FCLASS_IL": null, "FCLASS_PS": null, "FCLASS_SA": null, "FCLASS_EG": null, "FCLASS_MA": null, "FCLASS_PT": null, "FCLASS_AR": null, "FCLASS_JP": null, "FCLASS_KO": null, "FCLASS_VN": null, "FCLASS_TR": null, "FCLASS_ID": null, "FCLASS_PL": null, "FCLASS_GR": null, "FCLASS_IT": null, "FCLASS_NL": null, "FCLASS_SE": null, "FCLASS_BD": null, "FCLASS_UA": null, "FCLASS_TLC": null}, "bbox": [10.320031, 44.810429, 10.320031, 44.810429], "geometry": {"type": "Point", "coordinates": [10.320031, 44.810429]}}, {"type": "Feature", "properties": {"SCALERANK": 7, "NATSCALE": 20, "LABELRANK": 3, "FEATURECLA": "Populated place", "NAME": "Ravenna", "NAMEPAR": null, "NAMEALT": null, "NAMEASCII": "Ravenna", "ADM0CAP": 0, "CAPIN": null, "WORLDCITY": 0, "MEGACITY": 0, "SOV0NAME": "Italy", "SOV_A3": "ITA", "ADM0NAME": "Italy", "ADM0_A3": "ITA", "ADM1NAME": "Emilia-Romagna", "ISO_A2": "IT", "NOTE": null, "LATITUDE": 44.420375, "LONGITUDE": 12.220019, "POP_MAX": 134631, "POP_MIN": 113974, "POP_OTHER": 110581, "RANK_MAX": 9, "RANK_MIN": 9, "MEGANAME": null, "LS_NAME": "Ravenna", "MAX_POP10": 113974, "MAX_POP20": 113974, "MAX_POP50": 0, "MAX_POP300": 0, "MAX_POP310": 0, "MAX_NATSCA": 20, "MIN_AREAKM": 68, "MAX_AREAKM": 68, "MIN_AREAMI": 26, "MAX_AREAMI": 26, "MIN_PERKM": 76, "MAX_PERKM": 76, "MIN_PERMI": 47, "MAX_PERMI": 47, "MIN_BBXMIN": 12.133333, "MAX_BBXMIN": 12.133333, "MIN_BBXMAX": 12.291667, "MAX_BBXMAX": 12.291667, "MIN_BBYMIN": 44.358333, "MAX_BBYMIN": 44.358333, "MIN_BBYMAX": 44.525, "MAX_BBYMAX": 44.525, "MEAN_BBXC": 12.224242, "MEAN_BBYC": 44.436667, "TIMEZONE": "Europe/Rome", "UN_FID": 0, "POP1950": 0, "POP1955": 0, "POP1960": 0, "POP1965": 0, "POP1970": 0, "POP1975": 0, "POP1980": 0, "POP1985": 0, "POP1990": 0, "POP1995": 0, "POP2000": 0, "POP2005": 0, "POP2010": 0, "POP2015": 0, "POP2020": 0, "POP2025": 0, "POP2050": 0, "MIN_ZOOM": 6.7, "WIKIDATAID": "Q13364", "WOF_ID": 101752661, "CAPALT": 0, "NAME_EN": "Ravenna", "NAME_DE": "Ravenna", "NAME_ES": "Rávena", "NAME_FR": "Ravenne", "NAME_PT": "Ravena", "NAME_RU": "Равенна", "NAME_ZH": "拉文纳", "LABEL": null, "NAME_AR": "رافينا", "NAME_BN": "রাভেন্না", "NAME_EL": "Ραβέννα", "NAME_HI": "रवेना", "NAME_HU": "Ravenna", "NAME_ID": "Ravenna", "NAME_IT": "Ravenna", "NAME_JA": "ラヴェンナ", "NAME_KO": "라벤나", "NAME_NL": "Ravenna", "NAME_PL": "Rawenna", "NAME_SV": "Ravenna", "NAME_TR": "Ravenna", "NAME_VI": "Ravenna", "NE_ID": 1159139451, "NAME_FA": "راونا", "NAME_HE": "רוונה", "NAME_UK": "Равенна", "NAME_UR": "راوینا", "NAME_ZHT": "拉溫納", "GEONAMESID": 3169561, "FCLASS_ISO": null, "FCLASS_US": null, "FCLASS_FR": null, "FCLASS_RU": null, "FCLASS_ES": null, "FCLASS_CN": null, "FCLASS_TW": null, "FCLASS_IN": null, "FCLASS_NP": null, "FCLASS_PK": null, "FCLASS_DE": null, "FCLASS_GB": null, "FCLASS_BR": null, "FCLASS_IL": null, "FCLASS_PS": null, "FCLASS_SA": null, "FCLASS_EG": null, "FCLASS_MA": null, "FCLASS_PT": null, "FCLASS_AR": null, "FCLASS_JP": null, "FCLASS_KO": null, "FCLASS_VN": null, "FCLASS_TR": null, "FCLASS_ID": null, "FCLASS_PL": null, "FCLASS_GR": null, "FCLASS_IT": null, "FCLASS_NL": null, "FCLASS_SE": null, "FCLASS_BD": null, "FCLASS_UA": null, "FCLASS_TLC": null}, "bbox": [12.220019, 44.420375, 12.220019, 44.420375], "geometry": {"type": "Point", "coordinates": [12.220019, 44.420375]}}, {"type": "Feature", "properties": {"SCALERANK": 7, "NATSCALE": 20, "LABELRANK": 3, "FEATURECLA": "Populated place", "NAME": "Ferrara", "NAMEPAR": null, "NAMEALT": null, "NAMEASCII": "Ferrara", "ADM0CAP": 0, "CAPIN": null, "WORLDCITY": 0, "MEGACITY": 0, "SOV0NAME": "Italy", "SOV_A3": "ITA", "ADM0NAME": "Italy", "ADM0_A3": "ITA", "ADM1NAME": "Emilia-Romagna", "ISO_A2": "IT", "NOTE": null, "LATITUDE": 44.850427, "LONGITUDE": 11.609927, "POP_MAX": 130992, "POP_MIN": 112516, "POP_OTHER": 102267, "RANK_MAX": 9, "RANK_MIN": 9, "MEGANAME": null, "LS_NAME": "Ferrara", "MAX_POP10": 112516, "MAX_POP20": 112516, "MAX_POP50": 0, "MAX_POP300": 0, "MAX_POP310": 0, "MAX_NATSCA": 20, "MIN_AREAKM": 59, "MAX_AREAKM": 59, "MIN_AREAMI": 23, "MAX_AREAMI": 23, "MIN_PERKM": 63, "MAX_PERKM": 63, "MIN_PERMI": 39, "MAX_PERMI": 39, "MIN_BBXMIN": 11.541667, "MAX_BBXMIN": 11.541667, "MIN_BBXMAX": 11.666667, "MAX_BBXMAX": 11.666667, "MIN_BBYMIN": 44.8, "MAX_BBYMIN": 44.8, "MIN_BBYMAX": 44.933333, "MAX_BBYMAX": 44.933333, "MEAN_BBXC": 11.605455, "MEAN_BBYC": 44.853393, "TIMEZONE": "Europe/Rome", "UN_FID": 0, "POP1950": 0, "POP1955": 0, "POP1960": 0, "POP1965": 0, "POP1970": 0, "POP1975": 0, "POP1980": 0, "POP1985": 0, "POP1990": 0, "POP1995": 0, "POP2000": 0, "POP2005": 0, "POP2010": 0, "POP2015": 0, "POP2020": 0, "POP2025": 0, "POP2050": 0, "MIN_ZOOM": 6.7, "WIKIDATAID": "Q13362", "WOF_ID": 101752673, "CAPALT": 0, "NAME_EN": "Ferrara", "NAME_DE": "Ferrara", "NAME_ES": "Ferrara", "NAME_FR": "Ferrare", "NAME_PT": "Ferrara", "NAME_RU": "Феррара", "NAME_ZH": "费拉拉", "LABEL": null, "NAME_AR": "فيرارا", "NAME_BN": "ফেরারা", "NAME_EL": "Φερράρα", "NAME_HI": "फेरारा", "NAME_HU": "Ferrara", "NAME_ID": "Ferrara", "NAME_IT": "Ferrara", "NAME_JA": "フェラーラ", "NAME_KO": "페라라", "NAME_NL": "Ferrara", "NAME_PL": "Ferrara", "NAME_SV": "Ferrara", "NAME_TR": "Ferrara", "NAME_VI": "Ferrara", "NE_ID": 1159139455, "NAME_FA": "فرارا", "NAME_HE": "פרארה", "NAME_UK": "Феррара", "NAME_UR": "فیرارا", "NAME_ZHT": "費拉拉", "GEONAMESID": 3177090, "FCLASS_ISO": null, "FCLASS_US": null, "FCLASS_FR": null, "FCLASS_RU": null, "FCLASS_ES": null, "FCLASS_CN": null, "FCLASS_TW": null, "FCLASS_IN": null, "FCLASS_NP": null, "FCLASS_PK": null, "FCLASS_DE": null, "FCLASS_GB": null, "FCLASS_BR": null, "FCLASS_IL": null, "FCLASS_PS": null, "FCLASS_SA": null, "FCLASS_EG": null, "FCLASS_MA": null, "FCLASS_PT": null, "FCLASS_AR": null, "FCLASS_JP": null, "FCLASS_KO": null, "FCLASS_VN": null, "FCLASS_TR": null, "FCLASS_ID": null, "FCLASS_PL": null, "FCLASS_GR": null, "FCLASS_IT": null, "FCLASS_NL": null, "FCLASS_SE": null, "FCLASS_BD": null, "FCLASS_UA": null, "FCLASS_TLC": null}, "bbox": [11.609927, 44.850426, 11.609927, 44.850426], "geometry": {"type": "Point", "coordinates": [11.609927, 44.850426]}}, {"type": "Feature", "properties": {"SCALERANK": 7, "NATSCALE": 20, "LABELRANK": 3, "FEATURECLA": "Admin-1 region capital", "NAME": "Bologna", "NAMEPAR": null, "NAMEALT": null, "NAMEASCII": "Bologna", "ADM0CAP": 0, "CAPIN": null, "WORLDCITY": 0, "MEGACITY": 0, "SOV0NAME": "Italy", "SOV_A3": "ITA", "ADM0NAME": "Italy", "ADM0_A3": "ITA", "ADM1NAME": "Emilia-Romagna", "ISO_A2": "IT", "NOTE": null, "LATITUDE": 44.500422, "LONGITUDE": 11.340021, "POP_MAX": 488172, "POP_MIN": 371217, "POP_OTHER": 467366, "RANK_MAX": 10, "RANK_MIN": 10, "MEGANAME": null, "LS_NAME": "Bologna", "MAX_POP10": 488172, "MAX_POP20": 488172, "MAX_POP50": 0, "MAX_POP300": 0, "MAX_POP310": 0, "MAX_NATSCA": 20, "MIN_AREAKM": 223, "MAX_AREAKM": 223, "MIN_AREAMI": 86, "MAX_AREAMI": 86, "MIN_PERKM": 207, "MAX_PERKM": 207, "MIN_PERMI": 129, "MAX_PERMI": 129, "MIN_BBXMIN": 11.208333, "MAX_BBXMIN": 11.208333, "MIN_BBXMAX": 11.475, "MAX_BBXMAX": 11.475, "MIN_BBYMIN": 44.366667, "MAX_BBYMIN": 44.366667, "MIN_BBYMAX": 44.658333, "MAX_BBYMAX": 44.658333, "MEAN_BBXC": 11.343773, "MEAN_BBYC": 44.509318, "TIMEZONE": "Europe/Rome", "UN_FID": 0, "POP1950": 0, "POP1955": 0, "POP1960": 0, "POP1965": 0, "POP1970": 0, "POP1975": 0, "POP1980": 0, "POP1985": 0, "POP1990": 0, "POP1995": 0, "POP2000": 0, "POP2005": 0, "POP2010": 0, "POP2015": 0, "POP2020": 0, "POP2025": 0, "POP2050": 0, "MIN_ZOOM": 6.1, "WIKIDATAID": "Q1891", "WOF_ID": 101752665, "CAPALT": 0, "NAME_EN": "Bologna", "NAME_DE": "Bologna", "NAME_ES": "Bolonia", "NAME_FR": "Bologne", "NAME_PT": "Bolonha", "NAME_RU": "Болонья", "NAME_ZH": "波隆那", "LABEL": null, "NAME_AR": "بولونيا", "NAME_BN": "বোলোনিয়া", "NAME_EL": "Μπολόνια", "NAME_HI": "बोलोना", "NAME_HU": "Bologna", "NAME_ID": "Bologna", "NAME_IT": "Bologna", "NAME_JA": "ボローニャ", "NAME_KO": "볼로냐", "NAME_NL": "Bologna", "NAME_PL": "Bolonia", "NAME_SV": "Bologna", "NAME_TR": "Bologna", "NAME_VI": "Bologna", "NE_ID": 1159139461, "NAME_FA": "بولونیا", "NAME_HE": "בולוניה", "NAME_UK": "Болонья", "NAME_UR": "بلونیا", "NAME_ZHT": "波隆那", "GEONAMESID": 3181928, "FCLASS_ISO": null, "FCLASS_US": null, "FCLASS_FR": null, "FCLASS_RU": null, "FCLASS_ES": null, "FCLASS_CN": null, "FCLASS_TW": null, "FCLASS_IN": null, "FCLASS_NP": null, "FCLASS_PK": null, "FCLASS_DE": null, "FCLASS_GB": null, "FCLASS_BR": null, "FCLASS_IL": null, "FCLASS_PS": null, "FCLASS_SA": null, "FCLASS_EG": null, "FCLASS_MA": null, "FCLASS_PT": null, "FCLASS_AR": null, "FCLASS_JP": null, "FCLASS_KO": null, "FCLASS_VN": null, "FCLASS_TR": null, "FCLASS_ID": null, "FCLASS_PL": null, "FCLASS_GR": null, "FCLASS_IT": null, "FCLASS_NL": null, "FCLASS_SE": null, "FCLASS_BD": null, "FCLASS_UA": null, "FCLASS_TLC": null}, "bbox": [11.340021, 44.500422, 11.340021, 44.500422], "geometry": {"type": "Point", "coordinates": [11.340021, 44.500422]}}, {"type": "Feature", "properties": {"SCALERANK": 7, "NATSCALE": 20, "LABELRANK": 3, "FEATURECLA": "Populated place", "NAME": "Pisa", "NAMEPAR": null, "NAMEALT": null, "NAMEASCII": "Pisa", "ADM0CAP": 0, "CAPIN": null, "WORLDCITY": 0, "MEGACITY": 0, "SOV0NAME": "Italy", "SOV_A3": "ITA", "ADM0NAME": "Italy", "ADM0_A3": "ITA", "ADM1NAME": "Toscana", "ISO_A2": "IT", "NOTE": null, "LATITUDE": 43.72047, "LONGITUDE": 10.400026, "POP_MAX": 203336, "POP_MIN": 89694, "POP_OTHER": 182025, "RANK_MAX": 10, "RANK_MIN": 8, "MEGANAME": null, "LS_NAME": "Pisa", "MAX_POP10": 203336, "MAX_POP20": 203336, "MAX_POP50": 0, "MAX_POP300": 0, "MAX_POP310": 0, "MAX_NATSCA": 20, "MIN_AREAKM": 161, "MAX_AREAKM": 161, "MIN_AREAMI": 62, "MAX_AREAMI": 62, "MIN_PERKM": 217, "MAX_PERKM": 217, "MIN_PERMI": 135, "MAX_PERMI": 135, "MIN_BBXMIN": 10.341667, "MAX_BBXMIN": 10.341667, "MIN_BBXMAX": 10.683333, "MAX_BBXMAX": 10.683333, "MIN_BBYMIN": 43.591667, "MAX_BBYMIN": 43.591667, "MIN_BBYMAX": 43.783333, "MAX_BBYMAX": 43.783333, "MEAN_BBXC": 10.509025, "MEAN_BBYC": 43.692391, "TIMEZONE": "Europe/Rome", "UN_FID": 0, "POP1950": 0, "POP1955": 0, "POP1960": 0, "POP1965": 0, "POP1970": 0, "POP1975": 0, "POP1980": 0, "POP1985": 0, "POP1990": 0, "POP1995": 0, "POP2000": 0, "POP2005": 0, "POP2010": 0, "POP2015": 0, "POP2020": 0, "POP2025": 0, "POP2050": 0, "MIN_ZOOM": 6.1, "WIKIDATAID": "Q13375", "WOF_ID": 101752627, "CAPALT": 0, "NAME_EN": "Pisa", "NAME_DE": "Pisa", "NAME_ES": "Pisa", "NAME_FR": "Pise", "NAME_PT": "Pisa", "NAME_RU": "Пиза", "NAME_ZH": "比萨", "LABEL": null, "NAME_AR": "بيزا", "NAME_BN": "পিসা", "NAME_EL": "Πίζα", "NAME_HI": "पीसा", "NAME_HU": "Pisa", "NAME_ID": "Pisa", "NAME_IT": "Pisa", "NAME_JA": "ピサ", "NAME_KO": "피사", "NAME_NL": "Pisa", "NAME_PL": "Piza", "NAME_SV": "Pisa", "NAME_TR": "Pisa", "NAME_VI": "Pisa", "NE_ID": 1159139473, "NAME_FA": "پیزا", "NAME_HE": "פיזה", "NAME_UK": "Піза", "NAME_UR": "پیسا", "NAME_ZHT": "比薩", "GEONAMESID": 3170647, "FCLASS_ISO": null, "FCLASS_US": null, "FCLASS_FR": null, "FCLASS_RU": null, "FCLASS_ES": null, "FCLASS_CN": null, "FCLASS_TW": null, "FCLASS_IN": null, "FCLASS_NP": null, "FCLASS_PK": null, "FCLASS_DE": null, "FCLASS_GB": null, "FCLASS_BR": null, "FCLASS_IL": null, "FCLASS_PS": null, "FCLASS_SA": null, "FCLASS_EG": null, "FCLASS_MA": null, "FCLASS_PT": null, "FCLASS_AR": null, "FCLASS_JP": null, "FCLASS_KO": null, "FCLASS_VN": null, "FCLASS_TR": null, "FCLASS_ID": null, "FCLASS_PL": null, "FCLASS_GR": null, "FCLASS_IT": null, "FCLASS_NL": null, "FCLASS_SE": null, "FCLASS_BD": null, "FCLASS_UA": null, "FCLASS_TLC": null}, "bbox": [10.400026, 43.72047, 10.400026, 43.72047], "geometry": {"type": "Point", "coordinates": [10.400026, 43.72047]}}, {"type": "Feature", "properties": {"SCALERANK": 7, "NATSCALE": 20, "LABELRANK": 3, "FEATURECLA": "Populated place", "NAME": "Livorno", "NAMEPAR": null, "NAMEALT": null, "NAMEASCII": "Livorno", "ADM0CAP": 0, "CAPIN": null, "WORLDCITY": 0, "MEGACITY": 0, "SOV0NAME": "Italy", "SOV_A3": "ITA", "ADM0NAME": "Italy", "ADM0_A3": "ITA", "ADM1NAME": "Toscana", "ISO_A2": "IT", "NOTE": null, "LATITUDE": 43.551134, "LONGITUDE": 10.302275, "POP_MAX": 156274, "POP_MIN": 133759, "POP_OTHER": 0, "RANK_MAX": 9, "RANK_MIN": 9, "MEGANAME": null, "LS_NAME": "Livorno", "MAX_POP10": 133759, "MAX_POP20": 133759, "MAX_POP50": 0, "MAX_POP300": 0, "MAX_POP310": 0, "MAX_NATSCA": 20, "MIN_AREAKM": 65, "MAX_AREAKM": 65, "MIN_AREAMI": 25, "MAX_AREAMI": 25, "MIN_PERKM": 77, "MAX_PERKM": 77, "MIN_PERMI": 48, "MAX_PERMI": 48, "MIN_BBXMIN": 10.291667, "MAX_BBXMIN": 10.291667, "MIN_BBXMAX": 10.383333, "MAX_BBXMAX": 10.383333, "MIN_BBYMIN": 43.475, "MAX_BBYMIN": 43.475, "MIN_BBYMAX": 43.635009, "MAX_BBYMAX": 43.635009, "MEAN_BBXC": 10.333863, "MEAN_BBYC": 43.556813, "TIMEZONE": "Europe/Rome", "UN_FID": 0, "POP1950": 0, "POP1955": 0, "POP1960": 0, "POP1965": 0, "POP1970": 0, "POP1975": 0, "POP1980": 0, "POP1985": 0, "POP1990": 0, "POP1995": 0, "POP2000": 0, "POP2005": 0, "POP2010": 0, "POP2015": 0, "POP2020": 0, "POP2025": 0, "POP2050": 0, "MIN_ZOOM": 6.7, "WIKIDATAID": "Q6761", "WOF_ID": 101752619, "CAPALT": 0, "NAME_EN": "Livorno", "NAME_DE": "Livorno", "NAME_ES": "Livorno", "NAME_FR": "Livourne", "NAME_PT": "Livorno", "NAME_RU": "Ливорно", "NAME_ZH": "里窝那", "LABEL": null, "NAME_AR": "ليفورنو", "NAME_BN": "লিভোনো", "NAME_EL": "Λιβόρνο", "NAME_HI": "लिवोर्नो", "NAME_HU": "Livorno", "NAME_ID": "Livorno", "NAME_IT": "Livorno", "NAME_JA": "リヴォルノ", "NAME_KO": "리보르노", "NAME_NL": "Livorno", "NAME_PL": "Livorno", "NAME_SV": "Livorno", "NAME_TR": "Livorno", "NAME_VI": "Livorno", "NE_ID": 1159139479, "NAME_FA": "لیورنو", "NAME_HE": "ליבורנו", "NAME_UK": "Ліворно", "NAME_UR": "لیورنو", "NAME_ZHT": "利佛諾", "GEONAMESID": 3174659, "FCLASS_ISO": null, "FCLASS_US": null, "FCLASS_FR": null, "FCLASS_RU": null, "FCLASS_ES": null, "FCLASS_CN": null, "FCLASS_TW": null, "FCLASS_IN": null, "FCLASS_NP": null, "FCLASS_PK": null, "FCLASS_DE": null, "FCLASS_GB": null, "FCLASS_BR": null, "FCLASS_IL": null, "FCLASS_PS": null, "FCLASS_SA": null, "FCLASS_EG": null, "FCLASS_MA": null, "FCLASS_PT": null, "FCLASS_AR": null, "FCLASS_JP": null, "FCLASS_KO": null, "FCLASS_VN": null, "FCLASS_TR": null, "FCLASS_ID": null, "FCLASS_PL": null, "FCLASS_GR": null, "FCLASS_IT": null, "FCLASS_NL": null, "FCLASS_SE": null, "FCLASS_BD": null, "FCLASS_UA": null, "FCLASS_TLC": null}, "bbox": [10.302275, 43.551134, 10.302275, 43.551134], "geometry": {"type": "Point", "coordinates": [10.302275, 43.551134]}}, {"type": "Feature", "properties": {"SCALERANK": 7, "NATSCALE": 20, "LABELRANK": 3, "FEATURECLA": "Populated place", "NAME": "Siena", "NAMEPAR": null, "NAMEALT": null, "NAMEASCII": "Siena", "ADM0CAP": 0, "CAPIN": null, "WORLDCITY": 0, "MEGACITY": 0, "SOV0NAME": "Italy", "SOV_A3": "ITA", "ADM0NAME": "Italy", "ADM0_A3": "ITA", "ADM1NAME": "Toscana", "ISO_A2": "IT", "NOTE": null, "LATITUDE": 43.317032, "LONGITUDE": 11.349994, "POP_MAX": 52625, "POP_MIN": 44837, "POP_OTHER": 44707, "RANK_MAX": 8, "RANK_MIN": 7, "MEGANAME": null, "LS_NAME": "Siena", "MAX_POP10": 44837, "MAX_POP20": 44837, "MAX_POP50": 0, "MAX_POP300": 0, "MAX_POP310": 0, "MAX_NATSCA": 20, "MIN_AREAKM": 23, "MAX_AREAKM": 23, "MIN_AREAMI": 9, "MAX_AREAMI": 9, "MIN_PERKM": 27, "MAX_PERKM": 27, "MIN_PERMI": 17, "MAX_PERMI": 17, "MIN_BBXMIN": 11.291667, "MAX_BBXMIN": 11.291667, "MIN_BBXMAX": 11.358333, "MAX_BBXMAX": 11.358333, "MIN_BBYMIN": 43.283333, "MAX_BBYMIN": 43.283333, "MIN_BBYMAX": 43.358333, "MAX_BBYMAX": 43.358333, "MEAN_BBXC": 11.325463, "MEAN_BBYC": 43.323148, "TIMEZONE": "Europe/Rome", "UN_FID": 0, "POP1950": 0, "POP1955": 0, "POP1960": 0, "POP1965": 0, "POP1970": 0, "POP1975": 0, "POP1980": 0, "POP1985": 0, "POP1990": 0, "POP1995": 0, "POP2000": 0, "POP2005": 0, "POP2010": 0, "POP2015": 0, "POP2020": 0, "POP2025": 0, "POP2050": 0, "MIN_ZOOM": 6.1, "WIKIDATAID": "Q2751", "WOF_ID": 101836949, "CAPALT": 0, "NAME_EN": "Siena", "NAME_DE": "Siena", "NAME_ES": "Siena", "NAME_FR": "Sienne", "NAME_PT": "Siena", "NAME_RU": "Сиена", "NAME_ZH": "锡耶纳", "LABEL": null, "NAME_AR": "سيينا", "NAME_BN": "সিয়েনা", "NAME_EL": "Σιένα", "NAME_HI": "सियेना", "NAME_HU": "Siena", "NAME_ID": "Siena", "NAME_IT": "Siena", "NAME_JA": "シエーナ", "NAME_KO": "시에나", "NAME_NL": "Siena", "NAME_PL": "Siena", "NAME_SV": "Siena", "NAME_TR": "Siena", "NAME_VI": "Siena", "NE_ID": 1159139483, "NAME_FA": "سیهنا", "NAME_HE": "סיינה", "NAME_UK": "Сієна", "NAME_UR": "سئینا", "NAME_ZHT": "西恩納", "GEONAMESID": 3166548, "FCLASS_ISO": null, "FCLASS_US": null, "FCLASS_FR": null, "FCLASS_RU": null, "FCLASS_ES": null, "FCLASS_CN": null, "FCLASS_TW": null, "FCLASS_IN": null, "FCLASS_NP": null, "FCLASS_PK": null, "FCLASS_DE": null, "FCLASS_GB": null, "FCLASS_BR": null, "FCLASS_IL": null, "FCLASS_PS": null, "FCLASS_SA": null, "FCLASS_EG": null, "FCLASS_MA": null, "FCLASS_PT": null, "FCLASS_AR": null, "FCLASS_JP": null, "FCLASS_KO": null, "FCLASS_VN": null, "FCLASS_TR": null, "FCLASS_ID": null, "FCLASS_PL": null, "FCLASS_GR": null, "FCLASS_IT": null, "FCLASS_NL": null, "FCLASS_SE": null, "FCLASS_BD": null, "FCLASS_UA": null, "FCLASS_TLC": null}, "bbox": [11.349994, 43.317032, 11.349994, 43.317032], "geometry": {"type": "Point", "coordinates": [11.349994, 43.317032]}}, {"type": "Feature", "properties": {"SCALERANK": 7, "NATSCALE": 20, "LABELRANK": 3, "FEATURECLA": "Populated place", "NAME": "Arezzo", "NAMEPAR": null, "NAMEALT": null, "NAMEASCII": "Arezzo", "ADM0CAP": 0, "CAPIN": null, "WORLDCITY": 0, "MEGACITY": 0, "SOV0NAME": "Italy", "SOV_A3": "ITA", "ADM0NAME": "Italy", "ADM0_A3": "ITA", "ADM1NAME": "Toscana", "ISO_A2": "IT", "NOTE": null, "LATITUDE": 43.461726, "LONGITUDE": 11.874975, "POP_MAX": 91589, "POP_MIN": 73637, "POP_OTHER": 72950, "RANK_MAX": 8, "RANK_MIN": 8, "MEGANAME": null, "LS_NAME": "Arezzo", "MAX_POP10": 73637, "MAX_POP20": 73637, "MAX_POP50": 0, "MAX_POP300": 0, "MAX_POP310": 0, "MAX_NATSCA": 20, "MIN_AREAKM": 39, "MAX_AREAKM": 39, "MIN_AREAMI": 15, "MAX_AREAMI": 15, "MIN_PERKM": 53, "MAX_PERKM": 53, "MIN_PERMI": 33, "MAX_PERMI": 33, "MIN_BBXMIN": 11.8, "MAX_BBXMIN": 11.8, "MIN_BBXMAX": 11.916667, "MAX_BBXMAX": 11.916667, "MIN_BBYMIN": 43.425, "MAX_BBYMIN": 43.425, "MIN_BBYMAX": 43.508333, "MAX_BBYMAX": 43.508333, "MEAN_BBXC": 11.863172, "MEAN_BBYC": 43.467742, "TIMEZONE": "Europe/Rome", "UN_FID": 0, "POP1950": 0, "POP1955": 0, "POP1960": 0, "POP1965": 0, "POP1970": 0, "POP1975": 0, "POP1980": 0, "POP1985": 0, "POP1990": 0, "POP1995": 0, "POP2000": 0, "POP2005": 0, "POP2010": 0, "POP2015": 0, "POP2020": 0, "POP2025": 0, "POP2050": 0, "MIN_ZOOM": 6.7, "WIKIDATAID": "Q13378", "WOF_ID": 101752629, "CAPALT": 0, "NAME_EN": "Arezzo", "NAME_DE": "Arezzo", "NAME_ES": "Arezzo", "NAME_FR": "Arezzo", "NAME_PT": "Arezzo", "NAME_RU": "Ареццо", "NAME_ZH": "阿雷佐", "LABEL": null, "NAME_AR": "أريتسو", "NAME_BN": "আরেজ্জো", "NAME_EL": "Αρέτσο", "NAME_HI": "अरेज़ो", "NAME_HU": "Arezzo", "NAME_ID": "Arezzo", "NAME_IT": "Arezzo", "NAME_JA": "アレッツォ", "NAME_KO": "아레초", "NAME_NL": "Arezzo", "NAME_PL": "Arezzo", "NAME_SV": "Arezzo", "NAME_TR": "Arezzo", "NAME_VI": "Arezzo", "NE_ID": 1159139487, "NAME_FA": "آرتزو", "NAME_HE": "ארצו", "NAME_UK": "Ареццо", "NAME_UR": "اریزو", "NAME_ZHT": "阿雷佐", "GEONAMESID": 3182884, "FCLASS_ISO": null, "FCLASS_US": null, "FCLASS_FR": null, "FCLASS_RU": null, "FCLASS_ES": null, "FCLASS_CN": null, "FCLASS_TW": null, "FCLASS_IN": null, "FCLASS_NP": null, "FCLASS_PK": null, "FCLASS_DE": null, "FCLASS_GB": null, "FCLASS_BR": null, "FCLASS_IL": null, "FCLASS_PS": null, "FCLASS_SA": null, "FCLASS_EG": null, "FCLASS_MA": null, "FCLASS_PT": null, "FCLASS_AR": null, "FCLASS_JP": null, "FCLASS_KO": null, "FCLASS_VN": null, "FCLASS_TR": null, "FCLASS_ID": null, "FCLASS_PL": null, "FCLASS_GR": null, "FCLASS_IT": null, "FCLASS_NL": null, "FCLASS_SE": null, "FCLASS_BD": null, "FCLASS_UA": null, "FCLASS_TLC": null}, "bbox": [11.874975, 43.461726, 11.874975, 43.461726], "geometry": {"type": "Point", "coordinates": [11.874975, 43.461726]}}, {"type": "Feature", "properties": {"SCALERANK": 7, "NATSCALE": 20, "LABELRANK": 3, "FEATURECLA": "Admin-1 region capital", "NAME": "Ancona", "NAMEPAR": null, "NAMEALT": null, "NAMEASCII": "Ancona", "ADM0CAP": 0, "CAPIN": null, "WORLDCITY": 0, "MEGACITY": 0, "SOV0NAME": "Italy", "SOV_A3": "ITA", "ADM0NAME": "Italy", "ADM0_A3": "ITA", "ADM1NAME": "Marche", "ISO_A2": "IT", "NOTE": null, "LATITUDE": 43.600374, "LONGITUDE": 13.499941, "POP_MAX": 100507, "POP_MIN": 90691, "POP_OTHER": 81315, "RANK_MAX": 9, "RANK_MIN": 8, "MEGANAME": null, "LS_NAME": "Ancona", "MAX_POP10": 90691, "MAX_POP20": 90691, "MAX_POP50": 0, "MAX_POP300": 0, "MAX_POP310": 0, "MAX_NATSCA": 20, "MIN_AREAKM": 56, "MAX_AREAKM": 56, "MIN_AREAMI": 22, "MAX_AREAMI": 22, "MIN_PERKM": 91, "MAX_PERKM": 91, "MIN_PERMI": 57, "MAX_PERMI": 57, "MIN_BBXMIN": 13.466667, "MAX_BBXMIN": 13.466667, "MIN_BBXMAX": 13.575, "MAX_BBXMAX": 13.575, "MIN_BBYMIN": 43.458333, "MAX_BBYMIN": 43.458333, "MIN_BBYMAX": 43.633333, "MAX_BBYMAX": 43.633333, "MEAN_BBXC": 13.517315, "MEAN_BBYC": 43.545833, "TIMEZONE": "Europe/Rome", "UN_FID": 0, "POP1950": 0, "POP1955": 0, "POP1960": 0, "POP1965": 0, "POP1970": 0, "POP1975": 0, "POP1980": 0, "POP1985": 0, "POP1990": 0, "POP1995": 0, "POP2000": 0, "POP2005": 0, "POP2010": 0, "POP2015": 0, "POP2020": 0, "POP2025": 0, "POP2050": 0, "MIN_ZOOM": 6.1, "WIKIDATAID": "Q3415", "WOF_ID": 101752625, "CAPALT": 0, "NAME_EN": "Ancona", "NAME_DE": "Ancona", "NAME_ES": "Ancona", "NAME_FR": "Ancône", "NAME_PT": "Ancona", "NAME_RU": "Анкона", "NAME_ZH": "安科納", "LABEL": null, "NAME_AR": "أنكونا", "NAME_BN": "এনকুনা", "NAME_EL": "Ανκόνα", "NAME_HI": "एंकोना", "NAME_HU": "Ancona", "NAME_ID": "Ancona", "NAME_IT": "Ancona", "NAME_JA": "アンコーナ", "NAME_KO": "안코나", "NAME_NL": "Ancona", "NAME_PL": "Ankona", "NAME_SV": "Ancona", "NAME_TR": "Ancona", "NAME_VI": "Ancona", "NE_ID": 1159139555, "NAME_FA": "آنکونا", "NAME_HE": "אנקונה", "NAME_UK": "Анкона", "NAME_UR": "انکونا", "NAME_ZHT": "安科納", "GEONAMESID": 3183089, "FCLASS_ISO": null, "FCLASS_US": null, "FCLASS_FR": null, "FCLASS_RU": null, "FCLASS_ES": null, "FCLASS_CN": null, "FCLASS_TW": null, "FCLASS_IN": null, "FCLASS_NP": null, "FCLASS_PK": null, "FCLASS_DE": null, "FCLASS_GB": null, "FCLASS_BR": null, "FCLASS_IL": null, "FCLASS_PS": null, "FCLASS_SA": null, "FCLASS_EG": null, "FCLASS_MA": null, "FCLASS_PT": null, "FCLASS_AR": null, "FCLASS_JP": null, "FCLASS_KO": null, "FCLASS_VN": null, "FCLASS_TR": null, "FCLASS_ID": null, "FCLASS_PL": null, "FCLASS_GR": null, "FCLASS_IT": null, "FCLASS_NL": null, "FCLASS_SE": null, "FCLASS_BD": null, "FCLASS_UA": null, "FCLASS_TLC": null}, "bbox": [13.499941, 43.600374, 13.499941, 43.600374], "geometry": {"type": "Point", "coordinates": [13.499941, 43.600374]}}, {"type": "Feature", "properties": {"SCALERANK": 7, "NATSCALE": 20, "LABELRANK": 3, "FEATURECLA": "Admin-1 region capital", "NAME": "Perugia", "NAMEPAR": null, "NAMEALT": null, "NAMEASCII": "Perugia", "ADM0CAP": 0, "CAPIN": null, "WORLDCITY": 0, "MEGACITY": 0, "SOV0NAME": "Italy", "SOV_A3": "ITA", "ADM0NAME": "Italy", "ADM0_A3": "ITA", "ADM1NAME": "Umbria", "ISO_A2": "IT", "NOTE": null, "LATITUDE": 43.110378, "LONGITUDE": 12.389983, "POP_MAX": 149125, "POP_MIN": 134871, "POP_OTHER": 131874, "RANK_MAX": 9, "RANK_MIN": 9, "MEGANAME": null, "LS_NAME": "Perugia", "MAX_POP10": 134871, "MAX_POP20": 134871, "MAX_POP50": 0, "MAX_POP300": 0, "MAX_POP310": 0, "MAX_NATSCA": 20, "MIN_AREAKM": 106, "MAX_AREAKM": 106, "MIN_AREAMI": 41, "MAX_AREAMI": 41, "MIN_PERKM": 147, "MAX_PERKM": 147, "MIN_PERMI": 92, "MAX_PERMI": 92, "MIN_BBXMIN": 12.283333, "MAX_BBXMIN": 12.283333, "MIN_BBXMAX": 12.5, "MAX_BBXMAX": 12.5, "MIN_BBYMIN": 42.991667, "MAX_BBYMIN": 42.991667, "MIN_BBYMAX": 43.166667, "MAX_BBYMAX": 43.166667, "MEAN_BBXC": 12.390113, "MEAN_BBYC": 43.096672, "TIMEZONE": "Europe/Rome", "UN_FID": 0, "POP1950": 0, "POP1955": 0, "POP1960": 0, "POP1965": 0, "POP1970": 0, "POP1975": 0, "POP1980": 0, "POP1985": 0, "POP1990": 0, "POP1995": 0, "POP2000": 0, "POP2005": 0, "POP2010": 0, "POP2015": 0, "POP2020": 0, "POP2025": 0, "POP2050": 0, "MIN_ZOOM": 6.7, "WIKIDATAID": "Q3437", "WOF_ID": 101752621, "CAPALT": 0, "NAME_EN": "Perugia", "NAME_DE": "Perugia", "NAME_ES": "Perugia", "NAME_FR": "Pérouse", "NAME_PT": "Perúgia", "NAME_RU": "Перуджа", "NAME_ZH": "佩鲁贾", "LABEL": null, "NAME_AR": "بيروجيا", "NAME_BN": "পেরুজিয়া", "NAME_EL": "Περούτζα", "NAME_HI": "पेरुगिया", "NAME_HU": "Perugia", "NAME_ID": "Perugia", "NAME_IT": "Perugia", "NAME_JA": "ペルージャ", "NAME_KO": "페루자", "NAME_NL": "Perugia", "NAME_PL": "Perugia", "NAME_SV": "Perugia", "NAME_TR": "Perugia", "NAME_VI": "Perugia", "NE_ID": 1159139559, "NAME_FA": "پروجا", "NAME_HE": "פרוג'ה", "NAME_UK": "Перуджа", "NAME_UR": "پیروجا", "NAME_ZHT": "佩魯賈", "GEONAMESID": 3171180, "FCLASS_ISO": null, "FCLASS_US": null, "FCLASS_FR": null, "FCLASS_RU": null, "FCLASS_ES": null, "FCLASS_CN": null, "FCLASS_TW": null, "FCLASS_IN": null, "FCLASS_NP": null, "FCLASS_PK": null, "FCLASS_DE": null, "FCLASS_GB": null, "FCLASS_BR": null, "FCLASS_IL": null, "FCLASS_PS": null, "FCLASS_SA": null, "FCLASS_EG": null, "FCLASS_MA": null, "FCLASS_PT": null, "FCLASS_AR": null, "FCLASS_JP": null, "FCLASS_KO": null, "FCLASS_VN": null, "FCLASS_TR": null, "FCLASS_ID": null, "FCLASS_PL": null, "FCLASS_GR": null, "FCLASS_IT": null, "FCLASS_NL": null, "FCLASS_SE": null, "FCLASS_BD": null, "FCLASS_UA": null, "FCLASS_TLC": null}, "bbox": [12.389983, 43.110378, 12.389983, 43.110378], "geometry": {"type": "Point", "coordinates": [12.389983, 43.110378]}}, {"type": "Feature", "properties": {"SCALERANK": 7, "NATSCALE": 20, "LABELRANK": 3, "FEATURECLA": "Populated place", "NAME": "Bergamo", "NAMEPAR": null, "NAMEALT": null, "NAMEASCII": "Bergamo", "ADM0CAP": 0, "CAPIN": null, "WORLDCITY": 0, "MEGACITY": 0, "SOV0NAME": "Italy", "SOV_A3": "ITA", "ADM0NAME": "Italy", "ADM0_A3": "ITA", "ADM1NAME": "Lombardia", "ISO_A2": "IT", "NOTE": null, "LATITUDE": 45.7004, "LONGITUDE": 9.669993, "POP_MAX": 200000, "POP_MIN": 121316, "POP_OTHER": 736383, "RANK_MAX": 9, "RANK_MIN": 9, "MEGANAME": null, "LS_NAME": "Bergamo", "MAX_POP10": 995257, "MAX_POP20": 1013255, "MAX_POP50": 0, "MAX_POP300": 0, "MAX_POP310": 0, "MAX_NATSCA": 20, "MIN_AREAKM": 704, "MAX_AREAKM": 716, "MIN_AREAMI": 272, "MAX_AREAMI": 277, "MIN_PERKM": 883, "MAX_PERKM": 903, "MIN_PERMI": 549, "MAX_PERMI": 561, "MIN_BBXMIN": 9.333333, "MAX_BBXMIN": 9.370945, "MIN_BBXMAX": 10.041667, "MAX_BBXMAX": 10.041667, "MIN_BBYMIN": 45.45, "MAX_BBYMIN": 45.45, "MIN_BBYMAX": 45.883333, "MAX_BBYMAX": 45.883333, "MEAN_BBXC": 9.653806, "MEAN_BBYC": 45.66656, "TIMEZONE": "Europe/Rome", "UN_FID": 0, "POP1950": 0, "POP1955": 0, "POP1960": 0, "POP1965": 0, "POP1970": 0, "POP1975": 0, "POP1980": 0, "POP1985": 0, "POP1990": 0, "POP1995": 0, "POP2000": 0, "POP2005": 0, "POP2010": 0, "POP2015": 0, "POP2020": 0, "POP2025": 0, "POP2050": 0, "MIN_ZOOM": 6.7, "WIKIDATAID": "Q628", "WOF_ID": 101752723, "CAPALT": 0, "NAME_EN": "Bergamo", "NAME_DE": "Bergamo", "NAME_ES": "Bérgamo", "NAME_FR": "Bergame", "NAME_PT": "Bérgamo", "NAME_RU": "Бергамо", "NAME_ZH": "贝尔加莫", "LABEL": null, "NAME_AR": "بيرغامو", "NAME_BN": "বেরগামো", "NAME_EL": "Μπέργκαμο", "NAME_HI": "बेर्गमो", "NAME_HU": "Bergamo", "NAME_ID": "Bergamo", "NAME_IT": "Bergamo", "NAME_JA": "ベルガモ", "NAME_KO": "베르가모", "NAME_NL": "Bergamo", "NAME_PL": "Bergamo", "NAME_SV": "Bergamo", "NAME_TR": "Bergamo", "NAME_VI": "Bergamo", "NE_ID": 1159139581, "NAME_FA": "برگامو", "NAME_HE": "ברגמו", "NAME_UK": "Бергамо", "NAME_UR": "بیرگامو", "NAME_ZHT": "貝爾加莫", "GEONAMESID": 3182164, "FCLASS_ISO": null, "FCLASS_US": null, "FCLASS_FR": null, "FCLASS_RU": null, "FCLASS_ES": null, "FCLASS_CN": null, "FCLASS_TW": null, "FCLASS_IN": null, "FCLASS_NP": null, "FCLASS_PK": null, "FCLASS_DE": null, "FCLASS_GB": null, "FCLASS_BR": null, "FCLASS_IL": null, "FCLASS_PS": null, "FCLASS_SA": null, "FCLASS_EG": null, "FCLASS_MA": null, "FCLASS_PT": null, "FCLASS_AR": null, "FCLASS_JP": null, "FCLASS_KO": null, "FCLASS_VN": null, "FCLASS_TR": null, "FCLASS_ID": null, "FCLASS_PL": null, "FCLASS_GR": null, "FCLASS_IT": null, "FCLASS_NL": null, "FCLASS_SE": null, "FCLASS_BD": null, "FCLASS_UA": null, "FCLASS_TLC": null}, "bbox": [9.669993, 45.7004, 9.669993, 45.7004], "geometry": {"type": "Point", "coordinates": [9.669993, 45.7004]}}, {"type": "Feature", "properties": {"SCALERANK": 7, "NATSCALE": 20, "LABELRANK": 3, "FEATURECLA": "Admin-1 region capital", "NAME": "Trieste", "NAMEPAR": null, "NAMEALT": null, "NAMEASCII": "Trieste", "ADM0CAP": 0, "CAPIN": null, "WORLDCITY": 0, "MEGACITY": 0, "SOV0NAME": "Italy", "SOV_A3": "ITA", "ADM0NAME": "Italy", "ADM0_A3": "ITA", "ADM1NAME": "Friuli-Venezia Giulia", "ISO_A2": "IT", "NOTE": null, "LATITUDE": 45.650378, "LONGITUDE": 13.800026, "POP_MAX": 216035, "POP_MIN": 211184, "POP_OTHER": 214514, "RANK_MAX": 10, "RANK_MIN": 10, "MEGANAME": null, "LS_NAME": "Trieste", "MAX_POP10": 216035, "MAX_POP20": 216035, "MAX_POP50": 0, "MAX_POP300": 0, "MAX_POP310": 0, "MAX_NATSCA": 20, "MIN_AREAKM": 61, "MAX_AREAKM": 61, "MIN_AREAMI": 23, "MAX_AREAMI": 23, "MIN_PERKM": 70, "MAX_PERKM": 70, "MIN_PERMI": 43, "MAX_PERMI": 43, "MIN_BBXMIN": 13.741667, "MAX_BBXMIN": 13.741667, "MIN_BBXMAX": 13.866667, "MAX_BBXMAX": 13.866667, "MIN_BBYMIN": 45.583333, "MAX_BBYMIN": 45.583333, "MIN_BBYMAX": 45.7, "MAX_BBYMAX": 45.7, "MEAN_BBXC": 13.801609, "MEAN_BBYC": 45.644926, "TIMEZONE": "Europe/Rome", "UN_FID": 0, "POP1950": 0, "POP1955": 0, "POP1960": 0, "POP1965": 0, "POP1970": 0, "POP1975": 0, "POP1980": 0, "POP1985": 0, "POP1990": 0, "POP1995": 0, "POP2000": 0, "POP2005": 0, "POP2010": 0, "POP2015": 0, "POP2020": 0, "POP2025": 0, "POP2050": 0, "MIN_ZOOM": 6.7, "WIKIDATAID": "Q546", "WOF_ID": 101752715, "CAPALT": 0, "NAME_EN": "Trieste", "NAME_DE": "Triest", "NAME_ES": "Trieste", "NAME_FR": "Trieste", "NAME_PT": "Trieste", "NAME_RU": "Триест", "NAME_ZH": "的里雅斯特", "LABEL": null, "NAME_AR": "ترييستي", "NAME_BN": "ত্রিয়েস্তে", "NAME_EL": "Τεργέστη", "NAME_HI": "ट्रिएस्ट", "NAME_HU": "Trieszt", "NAME_ID": "Trieste", "NAME_IT": "Trieste", "NAME_JA": "トリエステ", "NAME_KO": "트리에스테", "NAME_NL": "Triëst", "NAME_PL": "Triest", "NAME_SV": "Trieste", "NAME_TR": "Trieste", "NAME_VI": "Trieste", "NE_ID": 1159139587, "NAME_FA": "تریسته", "NAME_HE": "טריאסטה", "NAME_UK": "Трієст", "NAME_UR": "تریستے", "NAME_ZHT": "第里雅斯特", "GEONAMESID": 3165185, "FCLASS_ISO": null, "FCLASS_US": null, "FCLASS_FR": null, "FCLASS_RU": null, "FCLASS_ES": null, "FCLASS_CN": null, "FCLASS_TW": null, "FCLASS_IN": null, "FCLASS_NP": null, "FCLASS_PK": null, "FCLASS_DE": null, "FCLASS_GB": null, "FCLASS_BR": null, "FCLASS_IL": null, "FCLASS_PS": null, "FCLASS_SA": null, "FCLASS_EG": null, "FCLASS_MA": null, "FCLASS_PT": null, "FCLASS_AR": null, "FCLASS_JP": null, "FCLASS_KO": null, "FCLASS_VN": null, "FCLASS_TR": null, "FCLASS_ID": null, "FCLASS_PL": null, "FCLASS_GR": null, "FCLASS_IT": null, "FCLASS_NL": null, "FCLASS_SE": null, "FCLASS_BD": null, "FCLASS_UA": null, "FCLASS_TLC": null}, "bbox": [13.800026, 45.650378, 13.800026, 45.650378], "geometry": {"type": "Point", "coordinates": [13.800026, 45.650378]}}, {"type": "Feature", "properties": {"SCALERANK": 7, "NATSCALE": 20, "LABELRANK": 3, "FEATURECLA": "Populated place", "NAME": "Bolzano", "NAMEPAR": null, "NAMEALT": null, "NAMEASCII": "Bolzano", "ADM0CAP": 0, "CAPIN": null, "WORLDCITY": 0, "MEGACITY": 0, "SOV0NAME": "Italy", "SOV_A3": "ITA", "ADM0NAME": "Italy", "ADM0_A3": "ITA", "ADM1NAME": "Trentino-Alto Adige", "ISO_A2": "IT", "NOTE": null, "LATITUDE": 46.500429, "LONGITUDE": 11.36002, "POP_MAX": 95895, "POP_MIN": 94989, "POP_OTHER": 85664, "RANK_MAX": 8, "RANK_MIN": 8, "MEGANAME": null, "LS_NAME": "Bolzano", "MAX_POP10": 95895, "MAX_POP20": 95895, "MAX_POP50": 0, "MAX_POP300": 0, "MAX_POP310": 0, "MAX_NATSCA": 20, "MIN_AREAKM": 36, "MAX_AREAKM": 36, "MIN_AREAMI": 14, "MAX_AREAMI": 14, "MIN_PERKM": 53, "MAX_PERKM": 53, "MIN_PERMI": 33, "MAX_PERMI": 33, "MIN_BBXMIN": 11.291667, "MAX_BBXMIN": 11.291667, "MIN_BBXMAX": 11.383333, "MAX_BBXMAX": 11.383333, "MIN_BBYMIN": 46.4, "MAX_BBYMIN": 46.4, "MIN_BBYMAX": 46.525, "MAX_BBYMAX": 46.525, "MEAN_BBXC": 11.333056, "MEAN_BBYC": 46.475833, "TIMEZONE": "Europe/Rome", "UN_FID": 0, "POP1950": 0, "POP1955": 0, "POP1960": 0, "POP1965": 0, "POP1970": 0, "POP1975": 0, "POP1980": 0, "POP1985": 0, "POP1990": 0, "POP1995": 0, "POP2000": 0, "POP2005": 0, "POP2010": 0, "POP2015": 0, "POP2020": 0, "POP2025": 0, "POP2050": 0, "MIN_ZOOM": 6.7, "WIKIDATAID": "Q6526", "WOF_ID": 101751763, "CAPALT": 0, "NAME_EN": "Bolzano", "NAME_DE": "Bozen", "NAME_ES": "Bolzano", "NAME_FR": "Bolzano", "NAME_PT": "Bolzano", "NAME_RU": "Больцано", "NAME_ZH": "波尔查诺", "LABEL": null, "NAME_AR": "بولسانو", "NAME_BN": "বোলজানো", "NAME_EL": "Μπολτσάνο", "NAME_HI": "बोल्जैनो", "NAME_HU": "Bolzano", "NAME_ID": "Bolzano-Bozen", "NAME_IT": "Bolzano", "NAME_JA": "ボルツァーノ", "NAME_KO": "볼차노", "NAME_NL": "Bozen", "NAME_PL": "Bolzano", "NAME_SV": "Bolzano", "NAME_TR": "Bolzano", "NAME_VI": "Bolzano", "NE_ID": 1159139591, "NAME_FA": "بولزانو", "NAME_HE": "בולצנו", "NAME_UK": "Больцано", "NAME_UR": "بولزانو", "NAME_ZHT": "波札諾", "GEONAMESID": 3181913, "FCLASS_ISO": null, "FCLASS_US": null, "FCLASS_FR": null, "FCLASS_RU": null, "FCLASS_ES": null, "FCLASS_CN": null, "FCLASS_TW": null, "FCLASS_IN": null, "FCLASS_NP": null, "FCLASS_PK": null, "FCLASS_DE": null, "FCLASS_GB": null, "FCLASS_BR": null, "FCLASS_IL": null, "FCLASS_PS": null, "FCLASS_SA": null, "FCLASS_EG": null, "FCLASS_MA": null, "FCLASS_PT": null, "FCLASS_AR": null, "FCLASS_JP": null, "FCLASS_KO": null, "FCLASS_VN": null, "FCLASS_TR": null, "FCLASS_ID": null, "FCLASS_PL": null, "FCLASS_GR": null, "FCLASS_IT": null, "FCLASS_NL": null, "FCLASS_SE": null, "FCLASS_BD": null, "FCLASS_UA": null, "FCLASS_TLC": null}, "bbox": [11.360019, 46.500429, 11.360019, 46.500429], "geometry": {"type": "Point", "coordinates": [11.360019, 46.500429]}}, {"type": "Feature", "properties": {"SCALERANK": 7, "NATSCALE": 20, "LABELRANK": 3, "FEATURECLA": "Admin-1 region capital", "NAME": "Trento", "NAMEPAR": null, "NAMEALT": null, "NAMEASCII": "Trento", "ADM0CAP": 0, "CAPIN": null, "WORLDCITY": 0, "MEGACITY": 0, "SOV0NAME": "Italy", "SOV_A3": "ITA", "ADM0NAME": "Italy", "ADM0_A3": "ITA", "ADM1NAME": "Trentino-Alto Adige", "ISO_A2": "IT", "NOTE": null, "LATITUDE": 46.080429, "LONGITUDE": 11.119983, "POP_MAX": 107808, "POP_MIN": 104946, "POP_OTHER": 104805, "RANK_MAX": 9, "RANK_MIN": 9, "MEGANAME": null, "LS_NAME": "Trento", "MAX_POP10": 107808, "MAX_POP20": 107808, "MAX_POP50": 0, "MAX_POP300": 0, "MAX_POP310": 0, "MAX_NATSCA": 20, "MIN_AREAKM": 59, "MAX_AREAKM": 59, "MIN_AREAMI": 23, "MAX_AREAMI": 23, "MIN_PERKM": 61, "MAX_PERKM": 61, "MIN_PERMI": 38, "MAX_PERMI": 38, "MIN_BBXMIN": 11.075, "MAX_BBXMIN": 11.075, "MIN_BBXMAX": 11.166667, "MAX_BBXMAX": 11.166667, "MIN_BBYMIN": 46.025, "MAX_BBYMIN": 46.025, "MIN_BBYMAX": 46.183333, "MAX_BBYMAX": 46.183333, "MEAN_BBXC": 11.119823, "MEAN_BBYC": 46.094823, "TIMEZONE": "Europe/Rome", "UN_FID": 0, "POP1950": 0, "POP1955": 0, "POP1960": 0, "POP1965": 0, "POP1970": 0, "POP1975": 0, "POP1980": 0, "POP1985": 0, "POP1990": 0, "POP1995": 0, "POP2000": 0, "POP2005": 0, "POP2010": 0, "POP2015": 0, "POP2020": 0, "POP2025": 0, "POP2050": 0, "MIN_ZOOM": 6.1, "WIKIDATAID": "Q3376", "WOF_ID": 101752737, "CAPALT": 0, "NAME_EN": "Trento", "NAME_DE": "Trient", "NAME_ES": "Trento", "NAME_FR": "Trente", "NAME_PT": "Trento", "NAME_RU": "Тренто", "NAME_ZH": "特伦托", "LABEL": null, "NAME_AR": "ترينتو", "NAME_BN": "ট্রেন্টো", "NAME_EL": "Τρέντο", "NAME_HI": "ट्रेंटो", "NAME_HU": "Trento", "NAME_ID": "Trento", "NAME_IT": "Trento", "NAME_JA": "トレント", "NAME_KO": "트렌토", "NAME_NL": "Trente", "NAME_PL": "Trydent", "NAME_SV": "Trento", "NAME_TR": "Trento", "NAME_VI": "Trento", "NE_ID": 1159139597, "NAME_FA": "ترنتو", "NAME_HE": "טרנטו", "NAME_UK": "Тренто", "NAME_UR": "ترینتو", "NAME_ZHT": "特倫特", "GEONAMESID": 3165243, "FCLASS_ISO": null, "FCLASS_US": null, "FCLASS_FR": null, "FCLASS_RU": null, "FCLASS_ES": null, "FCLASS_CN": null, "FCLASS_TW": null, "FCLASS_IN": null, "FCLASS_NP": null, "FCLASS_PK": null, "FCLASS_DE": null, "FCLASS_GB": null, "FCLASS_BR": null, "FCLASS_IL": null, "FCLASS_PS": null, "FCLASS_SA": null, "FCLASS_EG": null, "FCLASS_MA": null, "FCLASS_PT": null, "FCLASS_AR": null, "FCLASS_JP": null, "FCLASS_KO": null, "FCLASS_VN": null, "FCLASS_TR": null, "FCLASS_ID": null, "FCLASS_PL": null, "FCLASS_GR": null, "FCLASS_IT": null, "FCLASS_NL": null, "FCLASS_SE": null, "FCLASS_BD": null, "FCLASS_UA": null, "FCLASS_TLC": null}, "bbox": [11.119983, 46.080429, 11.119983, 46.080429], "geometry": {"type": "Point", "coordinates": [11.119983, 46.080429]}}, {"type": "Feature", "properties": {"SCALERANK": 7, "NATSCALE": 20, "LABELRANK": 3, "FEATURECLA": "Populated place", "NAME": "Verona", "NAMEPAR": null, "NAMEALT": null, "NAMEASCII": "Verona", "ADM0CAP": 0, "CAPIN": null, "WORLDCITY": 0, "MEGACITY": 0, "SOV0NAME": "Italy", "SOV_A3": "ITA", "ADM0NAME": "Italy", "ADM0_A3": "ITA", "ADM1NAME": "Veneto", "ISO_A2": "IT", "NOTE": null, "LATITUDE": 45.44039, "LONGITUDE": 10.990016, "POP_MAX": 347459, "POP_MIN": 253208, "POP_OTHER": 284287, "RANK_MAX": 10, "RANK_MIN": 10, "MEGANAME": null, "LS_NAME": "Verona", "MAX_POP10": 347459, "MAX_POP20": 347459, "MAX_POP50": 0, "MAX_POP300": 0, "MAX_POP310": 0, "MAX_NATSCA": 20, "MIN_AREAKM": 241, "MAX_AREAKM": 241, "MIN_AREAMI": 93, "MAX_AREAMI": 93, "MIN_PERKM": 324, "MAX_PERKM": 324, "MIN_PERMI": 202, "MAX_PERMI": 202, "MIN_BBXMIN": 10.758333, "MAX_BBXMIN": 10.758333, "MIN_BBXMAX": 11.075, "MAX_BBXMAX": 11.075, "MIN_BBYMIN": 45.308333, "MAX_BBYMIN": 45.308333, "MIN_BBYMAX": 45.591667, "MAX_BBYMAX": 45.591667, "MEAN_BBXC": 10.931708, "MEAN_BBYC": 45.458875, "TIMEZONE": "Europe/Rome", "UN_FID": 0, "POP1950": 0, "POP1955": 0, "POP1960": 0, "POP1965": 0, "POP1970": 0, "POP1975": 0, "POP1980": 0, "POP1985": 0, "POP1990": 0, "POP1995": 0, "POP2000": 0, "POP2005": 0, "POP2010": 0, "POP2015": 0, "POP2020": 0, "POP2025": 0, "POP2050": 0, "MIN_ZOOM": 6.1, "WIKIDATAID": "Q2028", "WOF_ID": 101752711, "CAPALT": 0, "NAME_EN": "Verona", "NAME_DE": "Verona", "NAME_ES": "Verona", "NAME_FR": "Vérone", "NAME_PT": "Verona", "NAME_RU": "Верона", "NAME_ZH": "维罗纳", "LABEL": null, "NAME_AR": "فيرونا", "NAME_BN": "ভেরোনা", "NAME_EL": "Βερόνα", "NAME_HI": "वेरोना", "NAME_HU": "Verona", "NAME_ID": "Verona", "NAME_IT": "Verona", "NAME_JA": "ヴェローナ", "NAME_KO": "베로나", "NAME_NL": "Verona", "NAME_PL": "Werona", "NAME_SV": "Verona", "NAME_TR": "Verona", "NAME_VI": "Verona", "NE_ID": 1159139603, "NAME_FA": "ورونا", "NAME_HE": "ורונה", "NAME_UK": "Верона", "NAME_UR": "ویرونا", "NAME_ZHT": "維羅納", "GEONAMESID": 3164527, "FCLASS_ISO": null, "FCLASS_US": null, "FCLASS_FR": null, "FCLASS_RU": null, "FCLASS_ES": null, "FCLASS_CN": null, "FCLASS_TW": null, "FCLASS_IN": null, "FCLASS_NP": null, "FCLASS_PK": null, "FCLASS_DE": null, "FCLASS_GB": null, "FCLASS_BR": null, "FCLASS_IL": null, "FCLASS_PS": null, "FCLASS_SA": null, "FCLASS_EG": null, "FCLASS_MA": null, "FCLASS_PT": null, "FCLASS_AR": null, "FCLASS_JP": null, "FCLASS_KO": null, "FCLASS_VN": null, "FCLASS_TR": null, "FCLASS_ID": null, "FCLASS_PL": null, "FCLASS_GR": null, "FCLASS_IT": null, "FCLASS_NL": null, "FCLASS_SE": null, "FCLASS_BD": null, "FCLASS_UA": null, "FCLASS_TLC": null}, "bbox": [10.990016, 45.44039, 10.990016, 45.44039], "geometry": {"type": "Point", "coordinates": [10.990016, 45.44039]}}, {"type": "Feature", "properties": {"SCALERANK": 7, "NATSCALE": 20, "LABELRANK": 3, "FEATURECLA": "Populated place", "NAME": "Saint-Étienne", "NAMEPAR": null, "NAMEALT": null, "NAMEASCII": "Saint-Etienne", "ADM0CAP": 0, "CAPIN": null, "WORLDCITY": 0, "MEGACITY": 0, "SOV0NAME": "French Republic", "SOV_A3": "FRA", "ADM0NAME": "France", "ADM0_A3": "FRA", "ADM1NAME": "Rhône-Alpes", "ISO_A2": "FR", "NOTE": null, "LATITUDE": 45.430391, "LONGITUDE": 4.380032, "POP_MAX": 265684, "POP_MIN": 176280, "POP_OTHER": 263449, "RANK_MAX": 10, "RANK_MIN": 9, "MEGANAME": null, "LS_NAME": "Saint-Etienne", "MAX_POP10": 265684, "MAX_POP20": 265684, "MAX_POP50": 0, "MAX_POP300": 0, "MAX_POP310": 0, "MAX_NATSCA": 20, "MIN_AREAKM": 119, "MAX_AREAKM": 119, "MIN_AREAMI": 46, "MAX_AREAMI": 46, "MIN_PERKM": 121, "MAX_PERKM": 121, "MIN_PERMI": 75, "MAX_PERMI": 75, "MIN_BBXMIN": 4.25, "MAX_BBXMIN": 4.25, "MIN_BBXMAX": 4.475, "MAX_BBXMAX": 4.475, "MIN_BBYMIN": 45.358333, "MAX_BBYMIN": 45.358333, "MIN_BBYMAX": 45.508333, "MAX_BBYMAX": 45.508333, "MEAN_BBXC": 4.369141, "MEAN_BBYC": 45.436654, "TIMEZONE": "Europe/Paris", "UN_FID": 0, "POP1950": 0, "POP1955": 0, "POP1960": 0, "POP1965": 0, "POP1970": 0, "POP1975": 0, "POP1980": 0, "POP1985": 0, "POP1990": 0, "POP1995": 0, "POP2000": 0, "POP2005": 0, "POP2010": 0, "POP2015": 0, "POP2020": 0, "POP2025": 0, "POP2050": 0, "MIN_ZOOM": 6.7, "WIKIDATAID": "Q42716", "WOF_ID": 101750835, "CAPALT": 0, "NAME_EN": "Saint-Étienne", "NAME_DE": "Saint-Étienne", "NAME_ES": "Saint-Étienne", "NAME_FR": "Saint-Étienne", "NAME_PT": "Saint-Étienne", "NAME_RU": "Сент-Этьен", "NAME_ZH": "圣艾蒂安", "LABEL": null, "NAME_AR": "سانت إتيان", "NAME_BN": "সাঁতেতিয়েন", "NAME_EL": "Σαιντ-Ετιέν", "NAME_HI": "सेंट इटियेन", "NAME_HU": "Saint-Étienne", "NAME_ID": "Saint-Étienne", "NAME_IT": "Saint-Étienne", "NAME_JA": "サン＝テティエンヌ", "NAME_KO": "생테티엔", "NAME_NL": "Saint-Étienne", "NAME_PL": "Saint-Étienne", "NAME_SV": "Saint-Étienne", "NAME_TR": "Saint-Étienne", "NAME_VI": "Saint-Étienne", "NE_ID": 1159139913, "NAME_FA": "سن-اتین", "NAME_HE": "סנט אטיין", "NAME_UK": "Сент-Етьєн", "NAME_UR": "سینٹ-ایٹیینے", "NAME_ZHT": "聖德田", "GEONAMESID": 2980291, "FCLASS_ISO": null, "FCLASS_US": null, "FCLASS_FR": null, "FCLASS_RU": null, "FCLASS_ES": null, "FCLASS_CN": null, "FCLASS_TW": null, "FCLASS_IN": null, "FCLASS_NP": null, "FCLASS_PK": null, "FCLASS_DE": null, "FCLASS_GB": null, "FCLASS_BR": null, "FCLASS_IL": null, "FCLASS_PS": null, "FCLASS_SA": null, "FCLASS_EG": null, "FCLASS_MA": null, "FCLASS_PT": null, "FCLASS_AR": null, "FCLASS_JP": null, "FCLASS_KO": null, "FCLASS_VN": null, "FCLASS_TR": null, "FCLASS_ID": null, "FCLASS_PL": null, "FCLASS_GR": null, "FCLASS_IT": null, "FCLASS_NL": null, "FCLASS_SE": null, "FCLASS_BD": null, "FCLASS_UA": null, "FCLASS_TLC": null}, "bbox": [4.380032, 45.430391, 4.380032, 45.430391], "geometry": {"type": "Point", "coordinates": [4.380032, 45.430391]}}, {"type": "Feature", "properties": {"SCALERANK": 7, "NATSCALE": 20, "LABELRANK": 3, "FEATURECLA": "Populated place", "NAME": "Grenoble", "NAMEPAR": null, "NAMEALT": null, "NAMEASCII": "Grenoble", "ADM0CAP": 0, "CAPIN": null, "WORLDCITY": 0, "MEGACITY": 0, "SOV0NAME": "French Republic", "SOV_A3": "FRA", "ADM0NAME": "France", "ADM0_A3": "FRA", "ADM1NAME": "Rhône-Alpes", "ISO_A2": "FR", "NOTE": null, "LATITUDE": 45.180381, "LONGITUDE": 5.720002, "POP_MAX": 388574, "POP_MIN": 158552, "POP_OTHER": 334508, "RANK_MAX": 10, "RANK_MIN": 9, "MEGANAME": null, "LS_NAME": "Grenoble", "MAX_POP10": 388574, "MAX_POP20": 388574, "MAX_POP50": 0, "MAX_POP300": 0, "MAX_POP310": 0, "MAX_NATSCA": 20, "MIN_AREAKM": 168, "MAX_AREAKM": 168, "MIN_AREAMI": 65, "MAX_AREAMI": 65, "MIN_PERKM": 174, "MAX_PERKM": 174, "MIN_PERMI": 108, "MAX_PERMI": 108, "MIN_BBXMIN": 5.55, "MAX_BBXMIN": 5.55, "MIN_BBXMAX": 5.858333, "MAX_BBXMAX": 5.858333, "MIN_BBYMIN": 45.075, "MAX_BBYMIN": 45.075, "MIN_BBYMAX": 45.391667, "MAX_BBYMAX": 45.391667, "MEAN_BBXC": 5.706513, "MEAN_BBYC": 45.214486, "TIMEZONE": "Europe/Paris", "UN_FID": 0, "POP1950": 0, "POP1955": 0, "POP1960": 0, "POP1965": 0, "POP1970": 0, "POP1975": 0, "POP1980": 0, "POP1985": 0, "POP1990": 0, "POP1995": 0, "POP2000": 0, "POP2005": 0, "POP2010": 0, "POP2015": 0, "POP2020": 0, "POP2025": 0, "POP2050": 0, "MIN_ZOOM": 6.1, "WIKIDATAID": "Q1289", "WOF_ID": 101749307, "CAPALT": 0, "NAME_EN": "Grenoble", "NAME_DE": "Grenoble", "NAME_ES": "Grenoble", "NAME_FR": "Grenoble", "NAME_PT": "Grenoble", "NAME_RU": "Гренобль", "NAME_ZH": "格勒诺布尔", "LABEL": null, "NAME_AR": "غرونوبل", "NAME_BN": "গ্রনোবল", "NAME_EL": "Γκρενόμπλ", "NAME_HI": "ग्रेनोब्ल", "NAME_HU": "Grenoble", "NAME_ID": "Grenoble", "NAME_IT": "Grenoble", "NAME_JA": "グルノーブル", "NAME_KO": "그르노블", "NAME_NL": "Grenoble", "NAME_PL": "Grenoble", "NAME_SV": "Grenoble", "NAME_TR": "Grenoble", "NAME_VI": "Grenoble", "NE_ID": 1159139917, "NAME_FA": "گرونوبل", "NAME_HE": "גרנובל", "NAME_UK": "Гренобль", "NAME_UR": "گرونوبل", "NAME_ZHT": "格勒諾布爾", "GEONAMESID": 3014728, "FCLASS_ISO": null, "FCLASS_US": null, "FCLASS_FR": null, "FCLASS_RU": null, "FCLASS_ES": null, "FCLASS_CN": null, "FCLASS_TW": null, "FCLASS_IN": null, "FCLASS_NP": null, "FCLASS_PK": null, "FCLASS_DE": null, "FCLASS_GB": null, "FCLASS_BR": null, "FCLASS_IL": null, "FCLASS_PS": null, "FCLASS_SA": null, "FCLASS_EG": null, "FCLASS_MA": null, "FCLASS_PT": null, "FCLASS_AR": null, "FCLASS_JP": null, "FCLASS_KO": null, "FCLASS_VN": null, "FCLASS_TR": null, "FCLASS_ID": null, "FCLASS_PL": null, "FCLASS_GR": null, "FCLASS_IT": null, "FCLASS_NL": null, "FCLASS_SE": null, "FCLASS_BD": null, "FCLASS_UA": null, "FCLASS_TLC": null}, "bbox": [5.720002, 45.18038, 5.720002, 45.18038], "geometry": {"type": "Point", "coordinates": [5.720002, 45.18038]}}, {"type": "Feature", "properties": {"SCALERANK": 7, "NATSCALE": 20, "LABELRANK": 8, "FEATURECLA": "Admin-1 capital", "NAME": "Zadar", "NAMEPAR": null, "NAMEALT": null, "NAMEASCII": "Zadar", "ADM0CAP": 0, "CAPIN": null, "WORLDCITY": 0, "MEGACITY": 0, "SOV0NAME": "Croatia", "SOV_A3": "HRV", "ADM0NAME": "Croatia", "ADM0_A3": "HRV", "ADM1NAME": "Zadarska", "ISO_A2": "HR", "NOTE": null, "LATITUDE": 44.120135, "LONGITUDE": 15.262262, "POP_MAX": 71258, "POP_MIN": 47145, "POP_OTHER": 45341, "RANK_MAX": 8, "RANK_MIN": 7, "MEGANAME": null, "LS_NAME": "Zadar", "MAX_POP10": 47145, "MAX_POP20": 47145, "MAX_POP50": 0, "MAX_POP300": 0, "MAX_POP310": 0, "MAX_NATSCA": 20, "MIN_AREAKM": 30, "MAX_AREAKM": 30, "MIN_AREAMI": 12, "MAX_AREAMI": 12, "MIN_PERKM": 41, "MAX_PERKM": 41, "MIN_PERMI": 26, "MAX_PERMI": 26, "MIN_BBXMIN": 15.2, "MAX_BBXMIN": 15.2, "MIN_BBXMAX": 15.3, "MAX_BBXMAX": 15.3, "MIN_BBYMIN": 44.058333, "MAX_BBYMIN": 44.058333, "MIN_BBYMAX": 44.158333, "MAX_BBYMAX": 44.158333, "MEAN_BBXC": 15.249405, "MEAN_BBYC": 44.11335, "TIMEZONE": "Europe/Zagreb", "UN_FID": 0, "POP1950": 0, "POP1955": 0, "POP1960": 0, "POP1965": 0, "POP1970": 0, "POP1975": 0, "POP1980": 0, "POP1985": 0, "POP1990": 0, "POP1995": 0, "POP2000": 0, "POP2005": 0, "POP2010": 0, "POP2015": 0, "POP2020": 0, "POP2025": 0, "POP2050": 0, "MIN_ZOOM": 6.7, "WIKIDATAID": "Q3370", "WOF_ID": 101751769, "CAPALT": 0, "NAME_EN": "Zadar", "NAME_DE": "Zadar", "NAME_ES": "Zadar", "NAME_FR": "Zadar", "NAME_PT": "Zadar", "NAME_RU": "Задар", "NAME_ZH": "扎达尔", "LABEL": null, "NAME_AR": "زادار", "NAME_BN": "জাদার", "NAME_EL": "Ζάνταρ", "NAME_HI": "ज़दर", "NAME_HU": "Zára", "NAME_ID": "Zadar", "NAME_IT": "Zara", "NAME_JA": "ザダル", "NAME_KO": "자다르", "NAME_NL": "Zadar", "NAME_PL": "Zadar", "NAME_SV": "Zadar", "NAME_TR": "Zadar", "NAME_VI": "Zadar", "NE_ID": 1159140367, "NAME_FA": "زادار", "NAME_HE": "זאדאר", "NAME_UK": "Задар", "NAME_UR": "زدار", "NAME_ZHT": "札達爾", "GEONAMESID": 3186952, "FCLASS_ISO": null, "FCLASS_US": null, "FCLASS_FR": null, "FCLASS_RU": null, "FCLASS_ES": null, "FCLASS_CN": null, "FCLASS_TW": null, "FCLASS_IN": null, "FCLASS_NP": null, "FCLASS_PK": null, "FCLASS_DE": null, "FCLASS_GB": null, "FCLASS_BR": null, "FCLASS_IL": null, "FCLASS_PS": null, "FCLASS_SA": null, "FCLASS_EG": null, "FCLASS_MA": null, "FCLASS_PT": null, "FCLASS_AR": null, "FCLASS_JP": null, "FCLASS_KO": null, "FCLASS_VN": null, "FCLASS_TR": null, "FCLASS_ID": null, "FCLASS_PL": null, "FCLASS_GR": null, "FCLASS_IT": null, "FCLASS_NL": null, "FCLASS_SE": null, "FCLASS_BD": null, "FCLASS_UA": null, "FCLASS_TLC": null}, "bbox": [15.262262, 44.120135, 15.262262, 44.120135], "geometry": {"type": "Point", "coordinates": [15.262262, 44.120135]}}, {"type": "Feature", "properties": {"SCALERANK": 7, "NATSCALE": 20, "LABELRANK": 3, "FEATURECLA": "Populated place", "NAME": "Bonn", "NAMEPAR": null, "NAMEALT": null, "NAMEASCII": "Bonn", "ADM0CAP": 0, "CAPIN": null, "WORLDCITY": 0, "MEGACITY": 0, "SOV0NAME": "Germany", "SOV_A3": "DEU", "ADM0NAME": "Germany", "ADM0_A3": "DEU", "ADM1NAME": "Nordrhein-Westfalen", "ISO_A2": "DE", "NOTE": null, "LATITUDE": 50.720456, "LONGITUDE": 7.080022, "POP_MAX": 680543, "POP_MIN": 313125, "POP_OTHER": 668645, "RANK_MAX": 11, "RANK_MIN": 10, "MEGANAME": null, "LS_NAME": "Bonn", "MAX_POP10": 680543, "MAX_POP20": 680543, "MAX_POP50": 0, "MAX_POP300": 0, "MAX_POP310": 0, "MAX_NATSCA": 20, "MIN_AREAKM": 308, "MAX_AREAKM": 308, "MIN_AREAMI": 119, "MAX_AREAMI": 119, "MIN_PERKM": 249, "MAX_PERKM": 249, "MIN_PERMI": 155, "MAX_PERMI": 155, "MIN_BBXMIN": 6.908333, "MAX_BBXMIN": 6.908333, "MIN_BBXMAX": 7.316667, "MAX_BBXMAX": 7.316667, "MIN_BBYMIN": 50.591667, "MAX_BBYMIN": 50.591667, "MIN_BBYMAX": 50.883333, "MAX_BBYMAX": 50.883333, "MEAN_BBXC": 7.135802, "MEAN_BBYC": 50.742867, "TIMEZONE": "Europe/Berlin", "UN_FID": 0, "POP1950": 0, "POP1955": 0, "POP1960": 0, "POP1965": 0, "POP1970": 0, "POP1975": 0, "POP1980": 0, "POP1985": 0, "POP1990": 0, "POP1995": 0, "POP2000": 0, "POP2005": 0, "POP2010": 0, "POP2015": 0, "POP2020": 0, "POP2025": 0, "POP2050": 0, "MIN_ZOOM": 6.1, "WIKIDATAID": "Q586", "WOF_ID": 101913809, "CAPALT": 0, "NAME_EN": "Bonn", "NAME_DE": "Bonn", "NAME_ES": "Bonn", "NAME_FR": "Bonn", "NAME_PT": "Bona", "NAME_RU": "Бонн", "NAME_ZH": "波恩", "LABEL": null, "NAME_AR": "بون", "NAME_BN": "বন", "NAME_EL": "Βόννη", "NAME_HI": "बॉन", "NAME_HU": "Bonn", "NAME_ID": "Bonn", "NAME_IT": "Bonn", "NAME_JA": "ボン", "NAME_KO": "본", "NAME_NL": "Bonn", "NAME_PL": "Bonn", "NAME_SV": "Bonn", "NAME_TR": "Bonn", "NAME_VI": "Bonn", "NE_ID": 1159140541, "NAME_FA": "بن", "NAME_HE": "בון", "NAME_UK": "Бонн", "NAME_UR": "بون", "NAME_ZHT": "波恩", "GEONAMESID": 2946447, "FCLASS_ISO": null, "FCLASS_US": null, "FCLASS_FR": null, "FCLASS_RU": null, "FCLASS_ES": null, "FCLASS_CN": null, "FCLASS_TW": null, "FCLASS_IN": null, "FCLASS_NP": null, "FCLASS_PK": null, "FCLASS_DE": null, "FCLASS_GB": null, "FCLASS_BR": null, "FCLASS_IL": null, "FCLASS_PS": null, "FCLASS_SA": null, "FCLASS_EG": null, "FCLASS_MA": null, "FCLASS_PT": null, "FCLASS_AR": null, "FCLASS_JP": null, "FCLASS_KO": null, "FCLASS_VN": null, "FCLASS_TR": null, "FCLASS_ID": null, "FCLASS_PL": null, "FCLASS_GR": null, "FCLASS_IT": null, "FCLASS_NL": null, "FCLASS_SE": null, "FCLASS_BD": null, "FCLASS_UA": null, "FCLASS_TLC": null}, "bbox": [7.080022, 50.720456, 7.080022, 50.720456], "geometry": {"type": "Point", "coordinates": [7.080022, 50.720456]}}, {"type": "Feature", "properties": {"SCALERANK": 7, "NATSCALE": 20, "LABELRANK": 3, "FEATURECLA": "Populated place", "NAME": "Münster", "NAMEPAR": null, "NAMEALT": null, "NAMEASCII": "Munster", "ADM0CAP": 0, "CAPIN": null, "WORLDCITY": 0, "MEGACITY": 0, "SOV0NAME": "Germany", "SOV_A3": "DEU", "ADM0NAME": "Germany", "ADM0_A3": "DEU", "ADM1NAME": "Nordrhein-Westfalen", "ISO_A2": "DE", "NOTE": null, "LATITUDE": 51.970405, "LONGITUDE": 7.620041, "POP_MAX": 270184, "POP_MIN": 237041, "POP_OTHER": 233033, "RANK_MAX": 10, "RANK_MIN": 10, "MEGANAME": null, "LS_NAME": "M", "MAX_POP10": 237041, "MAX_POP20": 237041, "MAX_POP50": 0, "MAX_POP300": 0, "MAX_POP310": 0, "MAX_NATSCA": 20, "MIN_AREAKM": 97, "MAX_AREAKM": 97, "MIN_AREAMI": 38, "MAX_AREAMI": 38, "MIN_PERKM": 76, "MAX_PERKM": 76, "MIN_PERMI": 47, "MAX_PERMI": 47, "MIN_BBXMIN": 7.55, "MAX_BBXMIN": 7.55, "MIN_BBXMAX": 7.75, "MAX_BBXMAX": 7.75, "MIN_BBYMIN": 51.891667, "MAX_BBYMIN": 51.891667, "MIN_BBYMAX": 52.016667, "MAX_BBYMAX": 52.016667, "MEAN_BBXC": 7.638866, "MEAN_BBYC": 51.948065, "TIMEZONE": "Europe/Berlin", "UN_FID": 0, "POP1950": 0, "POP1955": 0, "POP1960": 0, "POP1965": 0, "POP1970": 0, "POP1975": 0, "POP1980": 0, "POP1985": 0, "POP1990": 0, "POP1995": 0, "POP2000": 0, "POP2005": 0, "POP2010": 0, "POP2015": 0, "POP2020": 0, "POP2025": 0, "POP2050": 0, "MIN_ZOOM": 6.1, "WIKIDATAID": "Q2742", "WOF_ID": 101913895, "CAPALT": 0, "NAME_EN": "Münster", "NAME_DE": "Münster", "NAME_ES": "Münster", "NAME_FR": "Münster", "NAME_PT": "Münster", "NAME_RU": "Мюнстер", "NAME_ZH": "明斯特", "LABEL": null, "NAME_AR": "مونستر", "NAME_BN": "মুনস্টার", "NAME_EL": "Μύνστερ", "NAME_HI": "मुंस्टर", "NAME_HU": "Münster", "NAME_ID": "Münster", "NAME_IT": "Münster", "NAME_JA": "ミュンスター", "NAME_KO": "뮌스터", "NAME_NL": "Münster", "NAME_PL": "Münster", "NAME_SV": "Münster", "NAME_TR": "Münster", "NAME_VI": "Münster", "NE_ID": 1159140543, "NAME_FA": "مونستر", "NAME_HE": "מינסטר", "NAME_UK": "Мюнстер", "NAME_UR": "میونسٹر", "NAME_ZHT": "明斯特", "GEONAMESID": 2867543, "FCLASS_ISO": null, "FCLASS_US": null, "FCLASS_FR": null, "FCLASS_RU": null, "FCLASS_ES": null, "FCLASS_CN": null, "FCLASS_TW": null, "FCLASS_IN": null, "FCLASS_NP": null, "FCLASS_PK": null, "FCLASS_DE": null, "FCLASS_GB": null, "FCLASS_BR": null, "FCLASS_IL": null, "FCLASS_PS": null, "FCLASS_SA": null, "FCLASS_EG": null, "FCLASS_MA": null, "FCLASS_PT": null, "FCLASS_AR": null, "FCLASS_JP": null, "FCLASS_KO": null, "FCLASS_VN": null, "FCLASS_TR": null, "FCLASS_ID": null, "FCLASS_PL": null, "FCLASS_GR": null, "FCLASS_IT": null, "FCLASS_NL": null, "FCLASS_SE": null, "FCLASS_BD": null, "FCLASS_UA": null, "FCLASS_TLC": null}, "bbox": [7.620041, 51.970405, 7.620041, 51.970405], "geometry": {"type": "Point", "coordinates": [7.620041, 51.970405]}}, {"type": "Feature", "properties": {"SCALERANK": 7, "NATSCALE": 20, "LABELRANK": 3, "FEATURECLA": "Admin-1 capital", "NAME": "Düsseldorf", "NAMEPAR": null, "NAMEALT": null, "NAMEASCII": "Dusseldorf", "ADM0CAP": 0, "CAPIN": null, "WORLDCITY": 0, "MEGACITY": 0, "SOV0NAME": "Germany", "SOV_A3": "DEU", "ADM0NAME": "Germany", "ADM0_A3": "DEU", "ADM1NAME": "Nordrhein-Westfalen", "ISO_A2": "DE", "NOTE": null, "LATITUDE": 51.220374, "LONGITUDE": 6.779989, "POP_MAX": 1220000, "POP_MIN": 592393, "POP_OTHER": 1319244, "RANK_MAX": 12, "RANK_MIN": 11, "MEGANAME": null, "LS_NAME": "D", "MAX_POP10": 1398501, "MAX_POP20": 4948905, "MAX_POP50": 0, "MAX_POP300": 0, "MAX_POP310": 0, "MAX_NATSCA": 20, "MIN_AREAKM": 599, "MAX_AREAKM": 1925, "MIN_AREAMI": 231, "MAX_AREAMI": 743, "MIN_PERKM": 567, "MAX_PERKM": 1363, "MIN_PERMI": 352, "MAX_PERMI": 847, "MIN_BBXMIN": 6.258333, "MAX_BBXMIN": 6.258333, "MIN_BBXMAX": 6.980886, "MAX_BBXMAX": 7.366667, "MIN_BBYMIN": 51.066667, "MAX_BBYMIN": 51.080871, "MIN_BBYMAX": 51.340683, "MAX_BBYMAX": 51.708333, "MEAN_BBXC": 6.748809, "MEAN_BBYC": 51.2941, "TIMEZONE": "Europe/Berlin", "UN_FID": 0, "POP1950": 0, "POP1955": 0, "POP1960": 0, "POP1965": 0, "POP1970": 0, "POP1975": 0, "POP1980": 0, "POP1985": 0, "POP1990": 0, "POP1995": 0, "POP2000": 0, "POP2005": 0, "POP2010": 0, "POP2015": 0, "POP2020": 0, "POP2025": 0, "POP2050": 0, "MIN_ZOOM": 5.6, "WIKIDATAID": "Q1718", "WOF_ID": 101748671, "CAPALT": 0, "NAME_EN": "Düsseldorf", "NAME_DE": "Düsseldorf", "NAME_ES": "Düsseldorf", "NAME_FR": "Düsseldorf", "NAME_PT": "Düsseldorf", "NAME_RU": "Дюссельдорф", "NAME_ZH": "杜塞道夫", "LABEL": null, "NAME_AR": "دوسلدورف", "NAME_BN": "ডুসেলডর্ফ", "NAME_EL": "Ντύσσελντορφ", "NAME_HI": "डसेलडॉर्फ़", "NAME_HU": "Düsseldorf", "NAME_ID": "Düsseldorf", "NAME_IT": "Düsseldorf", "NAME_JA": "デュッセルドルフ", "NAME_KO": "뒤셀도르프", "NAME_NL": "Düsseldorf", "NAME_PL": "Düsseldorf", "NAME_SV": "Düsseldorf", "NAME_TR": "Düsseldorf", "NAME_VI": "Düsseldorf", "NE_ID": 1159140545, "NAME_FA": "دوسلدورف", "NAME_HE": "דיסלדורף", "NAME_UK": "Дюссельдорф", "NAME_UR": "ڈسلڈورف", "NAME_ZHT": "杜塞道夫", "GEONAMESID": 2934246, "FCLASS_ISO": null, "FCLASS_US": null, "FCLASS_FR": null, "FCLASS_RU": null, "FCLASS_ES": null, "FCLASS_CN": null, "FCLASS_TW": null, "FCLASS_IN": null, "FCLASS_NP": null, "FCLASS_PK": null, "FCLASS_DE": null, "FCLASS_GB": null, "FCLASS_BR": null, "FCLASS_IL": null, "FCLASS_PS": null, "FCLASS_SA": null, "FCLASS_EG": null, "FCLASS_MA": null, "FCLASS_PT": null, "FCLASS_AR": null, "FCLASS_JP": null, "FCLASS_KO": null, "FCLASS_VN": null, "FCLASS_TR": null, "FCLASS_ID": null, "FCLASS_PL": null, "FCLASS_GR": null, "FCLASS_IT": null, "FCLASS_NL": null, "FCLASS_SE": null, "FCLASS_BD": null, "FCLASS_UA": null, "FCLASS_TLC": null}, "bbox": [6.779989, 51.220374, 6.779989, 51.220374], "geometry": {"type": "Point", "coordinates": [6.779989, 51.220374]}}, {"type": "Feature", "properties": {"SCALERANK": 7, "NATSCALE": 20, "LABELRANK": 3, "FEATURECLA": "Populated place", "NAME": "Ulm", "NAMEPAR": null, "NAMEALT": null, "NAMEASCII": "Ulm", "ADM0CAP": 0, "CAPIN": null, "WORLDCITY": 0, "MEGACITY": 0, "SOV0NAME": "Germany", "SOV_A3": "DEU", "ADM0NAME": "Germany", "ADM0_A3": "DEU", "ADM1NAME": "Baden-Württemberg", "ISO_A2": "DE", "NOTE": null, "LATITUDE": 48.400391, "LONGITUDE": 9.999999, "POP_MAX": 172955, "POP_MIN": 120451, "POP_OTHER": 163930, "RANK_MAX": 9, "RANK_MIN": 9, "MEGANAME": null, "LS_NAME": "Ulm", "MAX_POP10": 172955, "MAX_POP20": 172955, "MAX_POP50": 0, "MAX_POP300": 0, "MAX_POP310": 0, "MAX_NATSCA": 20, "MIN_AREAKM": 90, "MAX_AREAKM": 90, "MIN_AREAMI": 35, "MAX_AREAMI": 35, "MIN_PERKM": 129, "MAX_PERKM": 129, "MIN_PERMI": 80, "MAX_PERMI": 80, "MIN_BBXMIN": 9.883333, "MAX_BBXMIN": 9.883333, "MIN_BBXMAX": 10.083333, "MAX_BBXMAX": 10.083333, "MIN_BBYMIN": 48.325, "MAX_BBYMIN": 48.325, "MIN_BBYMAX": 48.475, "MAX_BBYMAX": 48.475, "MEAN_BBXC": 9.982226, "MEAN_BBYC": 48.399473, "TIMEZONE": "Europe/Berlin", "UN_FID": 0, "POP1950": 0, "POP1955": 0, "POP1960": 0, "POP1965": 0, "POP1970": 0, "POP1975": 0, "POP1980": 0, "POP1985": 0, "POP1990": 0, "POP1995": 0, "POP2000": 0, "POP2005": 0, "POP2010": 0, "POP2015": 0, "POP2020": 0, "POP2025": 0, "POP2050": 0, "MIN_ZOOM": 6.7, "WIKIDATAID": "Q3012", "WOF_ID": 101748485, "CAPALT": 0, "NAME_EN": "Ulm", "NAME_DE": "Ulm", "NAME_ES": "Ulm", "NAME_FR": "Ulm", "NAME_PT": "Ulm", "NAME_RU": "Ульм", "NAME_ZH": "乌尔姆", "LABEL": null, "NAME_AR": "أولم", "NAME_BN": "উল্ম", "NAME_EL": "Ουλμ", "NAME_HI": "ऊल्म", "NAME_HU": "Ulm", "NAME_ID": "Ulm", "NAME_IT": "Ulma", "NAME_JA": "ウルム", "NAME_KO": "울름", "NAME_NL": "Ulm", "NAME_PL": "Ulm", "NAME_SV": "Ulm", "NAME_TR": "Ulm", "NAME_VI": "Ulm", "NE_ID": 1159140547, "NAME_FA": "اولم", "NAME_HE": "אולם", "NAME_UK": "Ульм", "NAME_UR": "اولم", "NAME_ZHT": "烏爾姆", "GEONAMESID": 2820256, "FCLASS_ISO": null, "FCLASS_US": null, "FCLASS_FR": null, "FCLASS_RU": null, "FCLASS_ES": null, "FCLASS_CN": null, "FCLASS_TW": null, "FCLASS_IN": null, "FCLASS_NP": null, "FCLASS_PK": null, "FCLASS_DE": null, "FCLASS_GB": null, "FCLASS_BR": null, "FCLASS_IL": null, "FCLASS_PS": null, "FCLASS_SA": null, "FCLASS_EG": null, "FCLASS_MA": null, "FCLASS_PT": null, "FCLASS_AR": null, "FCLASS_JP": null, "FCLASS_KO": null, "FCLASS_VN": null, "FCLASS_TR": null, "FCLASS_ID": null, "FCLASS_PL": null, "FCLASS_GR": null, "FCLASS_IT": null, "FCLASS_NL": null, "FCLASS_SE": null, "FCLASS_BD": null, "FCLASS_UA": null, "FCLASS_TLC": null}, "bbox": [9.999999, 48.400391, 9.999999, 48.400391], "geometry": {"type": "Point", "coordinates": [9.999999, 48.400391]}}, {"type": "Feature", "properties": {"SCALERANK": 7, "NATSCALE": 20, "LABELRANK": 3, "FEATURECLA": "Populated place", "NAME": "Mannheim", "NAMEPAR": null, "NAMEALT": null, "NAMEASCII": "Mannheim", "ADM0CAP": 0, "CAPIN": null, "WORLDCITY": 0, "MEGACITY": 0, "SOV0NAME": "Germany", "SOV_A3": "DEU", "ADM0NAME": "Germany", "ADM0_A3": "DEU", "ADM1NAME": "Baden-Württemberg", "ISO_A2": "DE", "NOTE": null, "LATITUDE": 49.500375, "LONGITUDE": 8.470015, "POP_MAX": 2362000, "POP_MIN": 313174, "POP_OTHER": 602855, "RANK_MAX": 12, "RANK_MIN": 10, "MEGANAME": null, "LS_NAME": "Mannheim", "MAX_POP10": 691601, "MAX_POP20": 1114328, "MAX_POP50": 0, "MAX_POP300": 0, "MAX_POP310": 0, "MAX_NATSCA": 20, "MIN_AREAKM": 309, "MAX_AREAKM": 526, "MIN_AREAMI": 119, "MAX_AREAMI": 203, "MIN_PERKM": 301, "MAX_PERKM": 548, "MIN_PERMI": 187, "MAX_PERMI": 340, "MIN_BBXMIN": 8.291667, "MAX_BBXMIN": 8.291667, "MIN_BBXMAX": 8.619188, "MAX_BBXMAX": 8.775, "MIN_BBYMIN": 49.258333, "MAX_BBYMIN": 49.283333, "MIN_BBYMAX": 49.608333, "MAX_BBYMAX": 49.608333, "MEAN_BBXC": 8.503658, "MEAN_BBYC": 49.462862, "TIMEZONE": "Europe/Berlin", "UN_FID": 0, "POP1950": 0, "POP1955": 0, "POP1960": 0, "POP1965": 0, "POP1970": 0, "POP1975": 0, "POP1980": 0, "POP1985": 0, "POP1990": 0, "POP1995": 0, "POP2000": 0, "POP2005": 0, "POP2010": 0, "POP2015": 0, "POP2020": 0, "POP2025": 0, "POP2050": 0, "MIN_ZOOM": 6.1, "WIKIDATAID": "Q2119", "WOF_ID": 101748549, "CAPALT": 0, "NAME_EN": "Mannheim", "NAME_DE": "Mannheim", "NAME_ES": "Mannheim", "NAME_FR": "Mannheim", "NAME_PT": "Mannheim", "NAME_RU": "Мангейм", "NAME_ZH": "曼海姆", "LABEL": null, "NAME_AR": "مانهايم", "NAME_BN": "মানহাইম", "NAME_EL": "Μάνχαϊμ", "NAME_HI": "मैनहेम", "NAME_HU": "Mannheim", "NAME_ID": "Mannheim", "NAME_IT": "Mannheim", "NAME_JA": "マンハイム", "NAME_KO": "만하임", "NAME_NL": "Mannheim", "NAME_PL": "Mannheim", "NAME_SV": "Mannheim", "NAME_TR": "Mannheim", "NAME_VI": "Mannheim", "NE_ID": 1159140549, "NAME_FA": "مانهایم", "NAME_HE": "מנהיים", "NAME_UK": "Мангайм", "NAME_UR": "مانہایم", "NAME_ZHT": "曼海姆", "GEONAMESID": 2873891, "FCLASS_ISO": null, "FCLASS_US": null, "FCLASS_FR": null, "FCLASS_RU": null, "FCLASS_ES": null, "FCLASS_CN": null, "FCLASS_TW": null, "FCLASS_IN": null, "FCLASS_NP": null, "FCLASS_PK": null, "FCLASS_DE": null, "FCLASS_GB": null, "FCLASS_BR": null, "FCLASS_IL": null, "FCLASS_PS": null, "FCLASS_SA": null, "FCLASS_EG": null, "FCLASS_MA": null, "FCLASS_PT": null, "FCLASS_AR": null, "FCLASS_JP": null, "FCLASS_KO": null, "FCLASS_VN": null, "FCLASS_TR": null, "FCLASS_ID": null, "FCLASS_PL": null, "FCLASS_GR": null, "FCLASS_IT": null, "FCLASS_NL": null, "FCLASS_SE": null, "FCLASS_BD": null, "FCLASS_UA": null, "FCLASS_TLC": null}, "bbox": [8.470015, 49.500375, 8.470015, 49.500375], "geometry": {"type": "Point", "coordinates": [8.470015, 49.500375]}}, {"type": "Feature", "properties": {"SCALERANK": 7, "NATSCALE": 20, "LABELRANK": 3, "FEATURECLA": "Populated place", "NAME": "Freiburg", "NAMEPAR": null, "NAMEALT": null, "NAMEASCII": "Freiburg", "ADM0CAP": 0, "CAPIN": null, "WORLDCITY": 0, "MEGACITY": 0, "SOV0NAME": "Germany", "SOV_A3": "DEU", "ADM0NAME": "Germany", "ADM0_A3": "DEU", "ADM1NAME": "Baden-Württemberg", "ISO_A2": "DE", "NOTE": null, "LATITUDE": 48.000415, "LONGITUDE": 7.869948, "POP_MAX": 254889, "POP_MIN": 215966, "POP_OTHER": 238750, "RANK_MAX": 10, "RANK_MIN": 10, "MEGANAME": null, "LS_NAME": "Freiburg", "MAX_POP10": 254889, "MAX_POP20": 254889, "MAX_POP50": 0, "MAX_POP300": 0, "MAX_POP310": 0, "MAX_NATSCA": 20, "MIN_AREAKM": 90, "MAX_AREAKM": 90, "MIN_AREAMI": 35, "MAX_AREAMI": 35, "MIN_PERKM": 104, "MAX_PERKM": 104, "MIN_PERMI": 65, "MAX_PERMI": 65, "MIN_BBXMIN": 7.733333, "MAX_BBXMIN": 7.733333, "MIN_BBXMAX": 7.925, "MAX_BBXMAX": 7.925, "MIN_BBYMIN": 47.95, "MAX_BBYMIN": 47.95, "MIN_BBYMAX": 48.083333, "MAX_BBYMAX": 48.083333, "MEAN_BBXC": 7.839889, "MEAN_BBYC": 48.02078, "TIMEZONE": "Europe/Berlin", "UN_FID": 0, "POP1950": 0, "POP1955": 0, "POP1960": 0, "POP1965": 0, "POP1970": 0, "POP1975": 0, "POP1980": 0, "POP1985": 0, "POP1990": 0, "POP1995": 0, "POP2000": 0, "POP2005": 0, "POP2010": 0, "POP2015": 0, "POP2020": 0, "POP2025": 0, "POP2050": 0, "MIN_ZOOM": 6.7, "WIKIDATAID": "Q2833", "WOF_ID": 101905681, "CAPALT": 0, "NAME_EN": "Freiburg im Breisgau", "NAME_DE": "Freiburg im Breisgau", "NAME_ES": "Friburgo de Brisgovia", "NAME_FR": "Fribourg-en-Brisgau", "NAME_PT": "Freiburg im Breisgau", "NAME_RU": "Фрайбург-им-Брайсгау", "NAME_ZH": "弗赖堡", "LABEL": null, "NAME_AR": "فرايبورغ", "NAME_BN": "ফ্রাইবুর্গ ইম ব্রেইসগু", "NAME_EL": "Φράιμπουργκ", "NAME_HI": "फ्रेईबुर्ग इम ब्रेसगौ", "NAME_HU": "Freiburg im Breisgau", "NAME_ID": "Freiburg", "NAME_IT": "Friburgo in Brisgovia", "NAME_JA": "フライブルク・イム・ブライスガウ", "NAME_KO": "프라이부르크", "NAME_NL": "Freiburg im Breisgau", "NAME_PL": "Fryburg Bryzgowijski", "NAME_SV": "Freiburg im Breisgau", "NAME_TR": "Freiburg im Breisgau", "NAME_VI": "Freiburg im Breisgau", "NE_ID": 1159140553, "NAME_FA": "فرایبورگ", "NAME_HE": "פרייבורג", "NAME_UK": "Фрайбург", "NAME_UR": "فری برگ", "NAME_ZHT": "弗萊堡", "GEONAMESID": 2925177, "FCLASS_ISO": null, "FCLASS_US": null, "FCLASS_FR": null, "FCLASS_RU": null, "FCLASS_ES": null, "FCLASS_CN": null, "FCLASS_TW": null, "FCLASS_IN": null, "FCLASS_NP": null, "FCLASS_PK": null, "FCLASS_DE": null, "FCLASS_GB": null, "FCLASS_BR": null, "FCLASS_IL": null, "FCLASS_PS": null, "FCLASS_SA": null, "FCLASS_EG": null, "FCLASS_MA": null, "FCLASS_PT": null, "FCLASS_AR": null, "FCLASS_JP": null, "FCLASS_KO": null, "FCLASS_VN": null, "FCLASS_TR": null, "FCLASS_ID": null, "FCLASS_PL": null, "FCLASS_GR": null, "FCLASS_IT": null, "FCLASS_NL": null, "FCLASS_SE": null, "FCLASS_BD": null, "FCLASS_UA": null, "FCLASS_TLC": null}, "bbox": [7.869948, 48.000415, 7.869948, 48.000415], "geometry": {"type": "Point", "coordinates": [7.869948, 48.000415]}}, {"type": "Feature", "properties": {"SCALERANK": 7, "NATSCALE": 20, "LABELRANK": 3, "FEATURECLA": "Populated place", "NAME": "Gießen", "NAMEPAR": null, "NAMEALT": null, "NAMEASCII": "Giessen", "ADM0CAP": 0, "CAPIN": null, "WORLDCITY": 0, "MEGACITY": 0, "SOV0NAME": "Germany", "SOV_A3": "DEU", "ADM0NAME": "Germany", "ADM0_A3": "DEU", "ADM1NAME": "Hessen", "ISO_A2": "DE", "NOTE": null, "LATITUDE": 50.58372, "LONGITUDE": 8.650004, "POP_MAX": 82358, "POP_MIN": 74411, "POP_OTHER": 76297, "RANK_MAX": 8, "RANK_MIN": 8, "MEGANAME": null, "LS_NAME": "Giessen", "MAX_POP10": 82358, "MAX_POP20": 82358, "MAX_POP50": 0, "MAX_POP300": 0, "MAX_POP310": 0, "MAX_NATSCA": 20, "MIN_AREAKM": 56, "MAX_AREAKM": 56, "MIN_AREAMI": 22, "MAX_AREAMI": 22, "MIN_PERKM": 75, "MAX_PERKM": 75, "MIN_PERMI": 47, "MAX_PERMI": 47, "MIN_BBXMIN": 8.6, "MAX_BBXMIN": 8.6, "MIN_BBXMAX": 8.766667, "MAX_BBXMAX": 8.766667, "MIN_BBYMIN": 50.55, "MAX_BBYMIN": 50.55, "MIN_BBYMAX": 50.641667, "MAX_BBYMAX": 50.641667, "MEAN_BBXC": 8.682484, "MEAN_BBYC": 50.594377, "TIMEZONE": "Europe/Berlin", "UN_FID": 0, "POP1950": 0, "POP1955": 0, "POP1960": 0, "POP1965": 0, "POP1970": 0, "POP1975": 0, "POP1980": 0, "POP1985": 0, "POP1990": 0, "POP1995": 0, "POP2000": 0, "POP2005": 0, "POP2010": 0, "POP2015": 0, "POP2020": 0, "POP2025": 0, "POP2050": 0, "MIN_ZOOM": 6.1, "WIKIDATAID": "Q3874", "WOF_ID": 101907521, "CAPALT": 0, "NAME_EN": "Gießen", "NAME_DE": "Gießen", "NAME_ES": "Gießen", "NAME_FR": "Giessen", "NAME_PT": "Gießen", "NAME_RU": "Гисен", "NAME_ZH": "吉森", "LABEL": null, "NAME_AR": "غيسن", "NAME_BN": "গিয়েবেন", "NAME_EL": "Γκίσεν", "NAME_HI": "गाइबेन", "NAME_HU": "Gießen", "NAME_ID": "Giessen", "NAME_IT": "Gießen", "NAME_JA": "ギーセン", "NAME_KO": "기센", "NAME_NL": "Gießen", "NAME_PL": "Gießen", "NAME_SV": "Giessen", "NAME_TR": "Giessen", "NAME_VI": "Gießen", "NE_ID": 1159140559, "NAME_FA": "گیسن", "NAME_HE": "גיסן", "NAME_UK": "Гіссен", "NAME_UR": "گیبین", "NAME_ZHT": "基森", "GEONAMESID": 2920512, "FCLASS_ISO": null, "FCLASS_US": null, "FCLASS_FR": null, "FCLASS_RU": null, "FCLASS_ES": null, "FCLASS_CN": null, "FCLASS_TW": null, "FCLASS_IN": null, "FCLASS_NP": null, "FCLASS_PK": null, "FCLASS_DE": null, "FCLASS_GB": null, "FCLASS_BR": null, "FCLASS_IL": null, "FCLASS_PS": null, "FCLASS_SA": null, "FCLASS_EG": null, "FCLASS_MA": null, "FCLASS_PT": null, "FCLASS_AR": null, "FCLASS_JP": null, "FCLASS_KO": null, "FCLASS_VN": null, "FCLASS_TR": null, "FCLASS_ID": null, "FCLASS_PL": null, "FCLASS_GR": null, "FCLASS_IT": null, "FCLASS_NL": null, "FCLASS_SE": null, "FCLASS_BD": null, "FCLASS_UA": null, "FCLASS_TLC": null}, "bbox": [8.650004, 50.58372, 8.650004, 50.58372], "geometry": {"type": "Point", "coordinates": [8.650004, 50.58372]}}, {"type": "Feature", "properties": {"SCALERANK": 7, "NATSCALE": 20, "LABELRANK": 3, "FEATURECLA": "Admin-1 capital", "NAME": "Wiesbaden", "NAMEPAR": null, "NAMEALT": null, "NAMEASCII": "Wiesbaden", "ADM0CAP": 0, "CAPIN": null, "WORLDCITY": 0, "MEGACITY": 0, "SOV0NAME": "Germany", "SOV_A3": "DEU", "ADM0NAME": "Germany", "ADM0_A3": "DEU", "ADM1NAME": "Hessen", "ISO_A2": "DE", "NOTE": null, "LATITUDE": 50.080392, "LONGITUDE": 8.250028, "POP_MAX": 617126, "POP_MIN": 272432, "POP_OTHER": 619967, "RANK_MAX": 11, "RANK_MIN": 10, "MEGANAME": null, "LS_NAME": "Wiesbaden", "MAX_POP10": 617126, "MAX_POP20": 617000, "MAX_POP50": 0, "MAX_POP300": 0, "MAX_POP310": 0, "MAX_NATSCA": 20, "MIN_AREAKM": 279, "MAX_AREAKM": 280, "MIN_AREAMI": 108, "MAX_AREAMI": 108, "MIN_PERKM": 0, "MAX_PERKM": 269, "MIN_PERMI": 0, "MAX_PERMI": 167, "MIN_BBXMIN": 8.158333, "MAX_BBXMIN": 8.158333, "MIN_BBXMAX": 8.468699, "MAX_BBXMAX": 8.468699, "MIN_BBYMIN": 49.883333, "MAX_BBYMIN": 49.883333, "MIN_BBYMAX": 50.125, "MAX_BBYMAX": 50.125, "MEAN_BBXC": 8.301525, "MEAN_BBYC": 50.015724, "TIMEZONE": "Europe/Berlin", "UN_FID": 0, "POP1950": 0, "POP1955": 0, "POP1960": 0, "POP1965": 0, "POP1970": 0, "POP1975": 0, "POP1980": 0, "POP1985": 0, "POP1990": 0, "POP1995": 0, "POP2000": 0, "POP2005": 0, "POP2010": 0, "POP2015": 0, "POP2020": 0, "POP2025": 0, "POP2050": 0, "MIN_ZOOM": 6.7, "WIKIDATAID": "Q1721", "WOF_ID": 101748579, "CAPALT": 0, "NAME_EN": "Wiesbaden", "NAME_DE": "Wiesbaden", "NAME_ES": "Wiesbaden", "NAME_FR": "Wiesbaden", "NAME_PT": "Wiesbaden", "NAME_RU": "Висбаден", "NAME_ZH": "威斯巴登", "LABEL": null, "NAME_AR": "فيسبادن", "NAME_BN": "উইচবাডেন", "NAME_EL": "Βίζμπαντεν", "NAME_HI": "विसबैडेन", "NAME_HU": "Wiesbaden", "NAME_ID": "Wiesbaden", "NAME_IT": "Wiesbaden", "NAME_JA": "ヴィースバーデン", "NAME_KO": "비스바덴", "NAME_NL": "Wiesbaden", "NAME_PL": "Wiesbaden", "NAME_SV": "Wiesbaden", "NAME_TR": "Wiesbaden", "NAME_VI": "Wiesbaden", "NE_ID": 1159140563, "NAME_FA": "ویسبادن", "NAME_HE": "ויסבאדן", "NAME_UK": "Вісбаден", "NAME_UR": "وییسبادین", "NAME_ZHT": "威斯巴登", "GEONAMESID": 2809346, "FCLASS_ISO": null, "FCLASS_US": null, "FCLASS_FR": null, "FCLASS_RU": null, "FCLASS_ES": null, "FCLASS_CN": null, "FCLASS_TW": null, "FCLASS_IN": null, "FCLASS_NP": null, "FCLASS_PK": null, "FCLASS_DE": null, "FCLASS_GB": null, "FCLASS_BR": null, "FCLASS_IL": null, "FCLASS_PS": null, "FCLASS_SA": null, "FCLASS_EG": null, "FCLASS_MA": null, "FCLASS_PT": null, "FCLASS_AR": null, "FCLASS_JP": null, "FCLASS_KO": null, "FCLASS_VN": null, "FCLASS_TR": null, "FCLASS_ID": null, "FCLASS_PL": null, "FCLASS_GR": null, "FCLASS_IT": null, "FCLASS_NL": null, "FCLASS_SE": null, "FCLASS_BD": null, "FCLASS_UA": null, "FCLASS_TLC": null}, "bbox": [8.250028, 50.080391, 8.250028, 50.080391], "geometry": {"type": "Point", "coordinates": [8.250028, 50.080391]}}, {"type": "Feature", "properties": {"SCALERANK": 7, "NATSCALE": 20, "LABELRANK": 3, "FEATURECLA": "Populated place", "NAME": "Bremerhaven", "NAMEPAR": null, "NAMEALT": null, "NAMEASCII": "Bremerhaven", "ADM0CAP": 0, "CAPIN": null, "WORLDCITY": 0, "MEGACITY": 0, "SOV0NAME": "Germany", "SOV_A3": "DEU", "ADM0NAME": "Germany", "ADM0_A3": "DEU", "ADM1NAME": "Bremen", "ISO_A2": "DE", "NOTE": null, "LATITUDE": 53.550438, "LONGITUDE": 8.579983, "POP_MAX": 137751, "POP_MIN": 117446, "POP_OTHER": 136774, "RANK_MAX": 9, "RANK_MIN": 9, "MEGANAME": null, "LS_NAME": "Bremerhaven", "MAX_POP10": 137751, "MAX_POP20": 137751, "MAX_POP50": 0, "MAX_POP300": 0, "MAX_POP310": 0, "MAX_NATSCA": 20, "MIN_AREAKM": 67, "MAX_AREAKM": 67, "MIN_AREAMI": 26, "MAX_AREAMI": 26, "MIN_PERKM": 66, "MAX_PERKM": 66, "MIN_PERMI": 41, "MAX_PERMI": 41, "MIN_BBXMIN": 8.525, "MAX_BBXMIN": 8.525, "MIN_BBXMAX": 8.658333, "MAX_BBXMAX": 8.658333, "MIN_BBYMIN": 53.483333, "MAX_BBYMIN": 53.483333, "MIN_BBYMAX": 53.625, "MAX_BBYMAX": 53.625, "MEAN_BBXC": 8.596915, "MEAN_BBYC": 53.561991, "TIMEZONE": "Europe/Berlin", "UN_FID": 0, "POP1950": 0, "POP1955": 0, "POP1960": 0, "POP1965": 0, "POP1970": 0, "POP1975": 0, "POP1980": 0, "POP1985": 0, "POP1990": 0, "POP1995": 0, "POP2000": 0, "POP2005": 0, "POP2010": 0, "POP2015": 0, "POP2020": 0, "POP2025": 0, "POP2050": 0, "MIN_ZOOM": 6.7, "WIKIDATAID": "Q2706", "WOF_ID": 101748845, "CAPALT": 0, "NAME_EN": "Bremerhaven", "NAME_DE": "Bremerhaven", "NAME_ES": "Bremerhaven", "NAME_FR": "Bremerhaven", "NAME_PT": "Bremerhaven", "NAME_RU": "Бремерхафен", "NAME_ZH": "不来梅哈芬", "LABEL": null, "NAME_AR": "بريمرهافن", "NAME_BN": "ব্রেমারহ্যাভেন", "NAME_EL": "Μπρέμερχαφεν", "NAME_HI": "ब्रेमेरहेवन", "NAME_HU": "Bremerhaven", "NAME_ID": "Bremerhaven", "NAME_IT": "Bremerhaven", "NAME_JA": "ブレーマーハーフェン", "NAME_KO": "브레머하펜", "NAME_NL": "Bremerhaven", "NAME_PL": "Bremerhaven", "NAME_SV": "Bremerhaven", "NAME_TR": "Bremerhaven", "NAME_VI": "Bremerhaven", "NE_ID": 1159140567, "NAME_FA": "برمرهافن", "NAME_HE": "ברמרהאפן", "NAME_UK": "Бремергафен", "NAME_UR": "بریمیرحاوین", "NAME_ZHT": "布萊梅港", "GEONAMESID": 2944368, "FCLASS_ISO": null, "FCLASS_US": null, "FCLASS_FR": null, "FCLASS_RU": null, "FCLASS_ES": null, "FCLASS_CN": null, "FCLASS_TW": null, "FCLASS_IN": null, "FCLASS_NP": null, "FCLASS_PK": null, "FCLASS_DE": null, "FCLASS_GB": null, "FCLASS_BR": null, "FCLASS_IL": null, "FCLASS_PS": null, "FCLASS_SA": null, "FCLASS_EG": null, "FCLASS_MA": null, "FCLASS_PT": null, "FCLASS_AR": null, "FCLASS_JP": null, "FCLASS_KO": null, "FCLASS_VN": null, "FCLASS_TR": null, "FCLASS_ID": null, "FCLASS_PL": null, "FCLASS_GR": null, "FCLASS_IT": null, "FCLASS_NL": null, "FCLASS_SE": null, "FCLASS_BD": null, "FCLASS_UA": null, "FCLASS_TLC": null}, "bbox": [8.579982, 53.550438, 8.579982, 53.550438], "geometry": {"type": "Point", "coordinates": [8.579982, 53.550438]}}, {"type": "Feature", "properties": {"SCALERANK": 7, "NATSCALE": 20, "LABELRANK": 3, "FEATURECLA": "Populated place", "NAME": "Osnabrück", "NAMEPAR": null, "NAMEALT": null, "NAMEASCII": "Osnabruck", "ADM0CAP": 0, "CAPIN": null, "WORLDCITY": 0, "MEGACITY": 0, "SOV0NAME": "Germany", "SOV_A3": "DEU", "ADM0NAME": "Germany", "ADM0_A3": "DEU", "ADM1NAME": "Niedersachsen", "ISO_A2": "DE", "NOTE": null, "LATITUDE": 52.280438, "LONGITUDE": 8.049989, "POP_MAX": 231268, "POP_MIN": 166462, "POP_OTHER": 198040, "RANK_MAX": 10, "RANK_MIN": 9, "MEGANAME": null, "LS_NAME": "Osnabrhack", "MAX_POP10": 231268, "MAX_POP20": 231268, "MAX_POP50": 0, "MAX_POP300": 0, "MAX_POP310": 0, "MAX_NATSCA": 20, "MIN_AREAKM": 138, "MAX_AREAKM": 138, "MIN_AREAMI": 53, "MAX_AREAMI": 53, "MIN_PERKM": 180, "MAX_PERKM": 180, "MIN_PERMI": 112, "MAX_PERMI": 112, "MIN_BBXMIN": 7.925, "MAX_BBXMIN": 7.925, "MIN_BBXMAX": 8.158333, "MAX_BBXMAX": 8.158333, "MIN_BBYMIN": 52.183333, "MAX_BBYMIN": 52.183333, "MIN_BBYMAX": 52.366667, "MAX_BBYMAX": 52.366667, "MEAN_BBXC": 8.040267, "MEAN_BBYC": 52.2743, "TIMEZONE": "Europe/Berlin", "UN_FID": 0, "POP1950": 0, "POP1955": 0, "POP1960": 0, "POP1965": 0, "POP1970": 0, "POP1975": 0, "POP1980": 0, "POP1985": 0, "POP1990": 0, "POP1995": 0, "POP2000": 0, "POP2005": 0, "POP2010": 0, "POP2015": 0, "POP2020": 0, "POP2025": 0, "POP2050": 0, "MIN_ZOOM": 6.7, "WIKIDATAID": "Q2916", "WOF_ID": 101748795, "CAPALT": 0, "NAME_EN": "Osnabrück", "NAME_DE": "Osnabrück", "NAME_ES": "Osnabrück", "NAME_FR": "Osnabrück", "NAME_PT": "Osnabrück", "NAME_RU": "Оснабрюк", "NAME_ZH": "奥斯纳布吕克", "LABEL": null, "NAME_AR": "أوسنابروك", "NAME_BN": "ওসনাব্রুক", "NAME_EL": "Οσναμπρύκ", "NAME_HI": "ओस्नाब्रुक", "NAME_HU": "Osnabrück", "NAME_ID": "Osnabrück", "NAME_IT": "Osnabrück", "NAME_JA": "オスナブリュック", "NAME_KO": "오스나브뤼크", "NAME_NL": "Osnabrück", "NAME_PL": "Osnabrück", "NAME_SV": "Osnabrück", "NAME_TR": "Osnabrück", "NAME_VI": "Osnabruck", "NE_ID": 1159140571, "NAME_FA": "اسنابروک", "NAME_HE": "אוסנבריק", "NAME_UK": "Оснабрюк", "NAME_UR": "اوسنابرک", "NAME_ZHT": "奧斯納布魯克", "GEONAMESID": 2856883, "FCLASS_ISO": null, "FCLASS_US": null, "FCLASS_FR": null, "FCLASS_RU": null, "FCLASS_ES": null, "FCLASS_CN": null, "FCLASS_TW": null, "FCLASS_IN": null, "FCLASS_NP": null, "FCLASS_PK": null, "FCLASS_DE": null, "FCLASS_GB": null, "FCLASS_BR": null, "FCLASS_IL": null, "FCLASS_PS": null, "FCLASS_SA": null, "FCLASS_EG": null, "FCLASS_MA": null, "FCLASS_PT": null, "FCLASS_AR": null, "FCLASS_JP": null, "FCLASS_KO": null, "FCLASS_VN": null, "FCLASS_TR": null, "FCLASS_ID": null, "FCLASS_PL": null, "FCLASS_GR": null, "FCLASS_IT": null, "FCLASS_NL": null, "FCLASS_SE": null, "FCLASS_BD": null, "FCLASS_UA": null, "FCLASS_TLC": null}, "bbox": [8.049989, 52.280438, 8.049989, 52.280438], "geometry": {"type": "Point", "coordinates": [8.049989, 52.280438]}}, {"type": "Feature", "properties": {"SCALERANK": 7, "NATSCALE": 20, "LABELRANK": 3, "FEATURECLA": "Admin-1 capital", "NAME": "Hanover", "NAMEPAR": null, "NAMEALT": "Hannover", "NAMEASCII": "Hannover", "ADM0CAP": 0, "CAPIN": null, "WORLDCITY": 0, "MEGACITY": 0, "SOV0NAME": "Germany", "SOV_A3": "DEU", "ADM0NAME": "Germany", "ADM0_A3": "DEU", "ADM1NAME": "Niedersachsen", "ISO_A2": "DE", "NOTE": null, "LATITUDE": 52.36697, "LONGITUDE": 9.716657, "POP_MAX": 722490, "POP_MIN": 515140, "POP_OTHER": 684611, "RANK_MAX": 11, "RANK_MIN": 11, "MEGANAME": null, "LS_NAME": "Hannover", "MAX_POP10": 722490, "MAX_POP20": 722490, "MAX_POP50": 0, "MAX_POP300": 0, "MAX_POP310": 0, "MAX_NATSCA": 20, "MIN_AREAKM": 285, "MAX_AREAKM": 285, "MIN_AREAMI": 110, "MAX_AREAMI": 110, "MIN_PERKM": 235, "MAX_PERKM": 235, "MIN_PERMI": 146, "MAX_PERMI": 146, "MIN_BBXMIN": 9.55, "MAX_BBXMIN": 9.55, "MIN_BBXMAX": 9.891667, "MAX_BBXMAX": 9.891667, "MIN_BBYMIN": 52.208333, "MAX_BBYMIN": 52.208333, "MIN_BBYMAX": 52.491667, "MAX_BBYMAX": 52.491667, "MEAN_BBXC": 9.737716, "MEAN_BBYC": 52.388517, "TIMEZONE": "Europe/Berlin", "UN_FID": 0, "POP1950": 0, "POP1955": 0, "POP1960": 0, "POP1965": 0, "POP1970": 0, "POP1975": 0, "POP1980": 0, "POP1985": 0, "POP1990": 0, "POP1995": 0, "POP2000": 0, "POP2005": 0, "POP2010": 0, "POP2015": 0, "POP2020": 0, "POP2025": 0, "POP2050": 0, "MIN_ZOOM": 5.1, "WIKIDATAID": "Q1715", "WOF_ID": 101748819, "CAPALT": 0, "NAME_EN": "Hanover", "NAME_DE": "Hannover", "NAME_ES": "Hannover", "NAME_FR": "Hanovre", "NAME_PT": "Hanover", "NAME_RU": "Ганновер", "NAME_ZH": "汉诺威", "LABEL": null, "NAME_AR": "هانوفر", "NAME_BN": "হানোফার", "NAME_EL": "Αννόβερο", "NAME_HI": "हनोवर", "NAME_HU": "Hannover", "NAME_ID": "Hannover", "NAME_IT": "Hannover", "NAME_JA": "ハノーファー", "NAME_KO": "하노버", "NAME_NL": "Hannover", "NAME_PL": "Hanower", "NAME_SV": "Hannover", "NAME_TR": "Hannover", "NAME_VI": "Hannover", "NE_ID": 1159140577, "NAME_FA": "هانوفر", "NAME_HE": "הנובר", "NAME_UK": "Ганновер", "NAME_UR": "ہانوور", "NAME_ZHT": "漢諾威", "GEONAMESID": 2910831, "FCLASS_ISO": null, "FCLASS_US": null, "FCLASS_FR": null, "FCLASS_RU": null, "FCLASS_ES": null, "FCLASS_CN": null, "FCLASS_TW": null, "FCLASS_IN": null, "FCLASS_NP": null, "FCLASS_PK": null, "FCLASS_DE": null, "FCLASS_GB": null, "FCLASS_BR": null, "FCLASS_IL": null, "FCLASS_PS": null, "FCLASS_SA": null, "FCLASS_EG": null, "FCLASS_MA": null, "FCLASS_PT": null, "FCLASS_AR": null, "FCLASS_JP": null, "FCLASS_KO": null, "FCLASS_VN": null, "FCLASS_TR": null, "FCLASS_ID": null, "FCLASS_PL": null, "FCLASS_GR": null, "FCLASS_IT": null, "FCLASS_NL": null, "FCLASS_SE": null, "FCLASS_BD": null, "FCLASS_UA": null, "FCLASS_TLC": null}, "bbox": [9.716657, 52.36697, 9.716657, 52.36697], "geometry": {"type": "Point", "coordinates": [9.716657, 52.36697]}}, {"type": "Feature", "properties": {"SCALERANK": 7, "NATSCALE": 20, "LABELRANK": 3, "FEATURECLA": "Populated place", "NAME": "Göttingen", "NAMEPAR": null, "NAMEALT": null, "NAMEASCII": "Gottingen", "ADM0CAP": 0, "CAPIN": null, "WORLDCITY": 0, "MEGACITY": 0, "SOV0NAME": "Germany", "SOV_A3": "DEU", "ADM0NAME": "Germany", "ADM0_A3": "DEU", "ADM1NAME": "Niedersachsen", "ISO_A2": "DE", "NOTE": null, "LATITUDE": 51.520433, "LONGITUDE": 9.920004, "POP_MAX": 139419, "POP_MIN": 122149, "POP_OTHER": 134257, "RANK_MAX": 9, "RANK_MIN": 9, "MEGANAME": null, "LS_NAME": "Gottingen", "MAX_POP10": 139419, "MAX_POP20": 139419, "MAX_POP50": 0, "MAX_POP300": 0, "MAX_POP310": 0, "MAX_NATSCA": 20, "MIN_AREAKM": 62, "MAX_AREAKM": 62, "MIN_AREAMI": 24, "MAX_AREAMI": 24, "MIN_PERKM": 65, "MAX_PERKM": 65, "MIN_PERMI": 40, "MAX_PERMI": 40, "MIN_BBXMIN": 9.866667, "MAX_BBXMIN": 9.866667, "MIN_BBXMAX": 9.983333, "MAX_BBXMAX": 9.983333, "MIN_BBYMIN": 51.491667, "MAX_BBYMIN": 51.491667, "MIN_BBYMAX": 51.616667, "MAX_BBYMAX": 51.616667, "MEAN_BBXC": 9.920616, "MEAN_BBYC": 51.549384, "TIMEZONE": "Europe/Berlin", "UN_FID": 0, "POP1950": 0, "POP1955": 0, "POP1960": 0, "POP1965": 0, "POP1970": 0, "POP1975": 0, "POP1980": 0, "POP1985": 0, "POP1990": 0, "POP1995": 0, "POP2000": 0, "POP2005": 0, "POP2010": 0, "POP2015": 0, "POP2020": 0, "POP2025": 0, "POP2050": 0, "MIN_ZOOM": 6.1, "WIKIDATAID": "Q3033", "WOF_ID": 101748721, "CAPALT": 0, "NAME_EN": "Göttingen", "NAME_DE": "Göttingen", "NAME_ES": "Gotinga", "NAME_FR": "Göttingen", "NAME_PT": "Göttingen", "NAME_RU": "Гёттинген", "NAME_ZH": "哥廷根", "LABEL": null, "NAME_AR": "غوتينغن", "NAME_BN": "গোটিগেন", "NAME_EL": "Γκέτινγκεν", "NAME_HI": "गाटिंजेन", "NAME_HU": "Göttingen", "NAME_ID": "Göttingen", "NAME_IT": "Gottinga", "NAME_JA": "ゲッティンゲン", "NAME_KO": "괴팅겐", "NAME_NL": "Göttingen", "NAME_PL": "Getynga", "NAME_SV": "Göttingen", "NAME_TR": "Göttingen", "NAME_VI": "Göttingen", "NE_ID": 1159140581, "NAME_FA": "گوتینگن", "NAME_HE": "גטינגן", "NAME_UK": "Геттінген", "NAME_UR": "گوتتینجین", "NAME_ZHT": "哥廷根", "GEONAMESID": 2918632, "FCLASS_ISO": null, "FCLASS_US": null, "FCLASS_FR": null, "FCLASS_RU": null, "FCLASS_ES": null, "FCLASS_CN": null, "FCLASS_TW": null, "FCLASS_IN": null, "FCLASS_NP": null, "FCLASS_PK": null, "FCLASS_DE": null, "FCLASS_GB": null, "FCLASS_BR": null, "FCLASS_IL": null, "FCLASS_PS": null, "FCLASS_SA": null, "FCLASS_EG": null, "FCLASS_MA": null, "FCLASS_PT": null, "FCLASS_AR": null, "FCLASS_JP": null, "FCLASS_KO": null, "FCLASS_VN": null, "FCLASS_TR": null, "FCLASS_ID": null, "FCLASS_PL": null, "FCLASS_GR": null, "FCLASS_IT": null, "FCLASS_NL": null, "FCLASS_SE": null, "FCLASS_BD": null, "FCLASS_UA": null, "FCLASS_TLC": null}, "bbox": [9.920004, 51.520433, 9.920004, 51.520433], "geometry": {"type": "Point", "coordinates": [9.920004, 51.520433]}}, {"type": "Feature", "properties": {"SCALERANK": 7, "NATSCALE": 20, "LABELRANK": 3, "FEATURECLA": "Populated place", "NAME": "Gera", "NAMEPAR": null, "NAMEALT": null, "NAMEASCII": "Gera", "ADM0CAP": 0, "CAPIN": null, "WORLDCITY": 0, "MEGACITY": 0, "SOV0NAME": "Germany", "SOV_A3": "DEU", "ADM0NAME": "Germany", "ADM0_A3": "DEU", "ADM1NAME": "Thüringen", "ISO_A2": "DE", "NOTE": null, "LATITUDE": 50.870369, "LONGITUDE": 12.070002, "POP_MAX": 104659, "POP_MIN": 103055, "POP_OTHER": 101133, "RANK_MAX": 9, "RANK_MIN": 9, "MEGANAME": null, "LS_NAME": "Gera", "MAX_POP10": 103055, "MAX_POP20": 103055, "MAX_POP50": 0, "MAX_POP300": 0, "MAX_POP310": 0, "MAX_NATSCA": 20, "MIN_AREAKM": 54, "MAX_AREAKM": 54, "MIN_AREAMI": 21, "MAX_AREAMI": 21, "MIN_PERKM": 74, "MAX_PERKM": 74, "MIN_PERMI": 46, "MAX_PERMI": 46, "MIN_BBXMIN": 11.991667, "MAX_BBXMIN": 11.991667, "MIN_BBXMAX": 12.133333, "MAX_BBXMAX": 12.133333, "MIN_BBYMIN": 50.825, "MAX_BBYMIN": 50.825, "MIN_BBYMAX": 50.941667, "MAX_BBYMAX": 50.941667, "MEAN_BBXC": 12.070833, "MEAN_BBYC": 50.881417, "TIMEZONE": "Europe/Berlin", "UN_FID": 0, "POP1950": 0, "POP1955": 0, "POP1960": 0, "POP1965": 0, "POP1970": 0, "POP1975": 0, "POP1980": 0, "POP1985": 0, "POP1990": 0, "POP1995": 0, "POP2000": 0, "POP2005": 0, "POP2010": 0, "POP2015": 0, "POP2020": 0, "POP2025": 0, "POP2050": 0, "MIN_ZOOM": 6.7, "WIKIDATAID": "Q3750", "WOF_ID": 101748611, "CAPALT": 0, "NAME_EN": "Gera", "NAME_DE": "Gera", "NAME_ES": "Gera", "NAME_FR": "Gera", "NAME_PT": "Gera", "NAME_RU": "Гера", "NAME_ZH": "格拉", "LABEL": null, "NAME_AR": "غيرا", "NAME_BN": "গেরা", "NAME_EL": "Γκέρα", "NAME_HI": "गेरा", "NAME_HU": "Gera", "NAME_ID": "Gera", "NAME_IT": "Gera", "NAME_JA": "ゲーラ", "NAME_KO": "게라", "NAME_NL": "Gera", "NAME_PL": "Gera", "NAME_SV": "Gera", "NAME_TR": "Gera", "NAME_VI": "Gera", "NE_ID": 1159140585, "NAME_FA": "گرا", "NAME_HE": "גרה", "NAME_UK": "Гера", "NAME_UR": "گیرا", "NAME_ZHT": "格拉", "GEONAMESID": 2921232, "FCLASS_ISO": null, "FCLASS_US": null, "FCLASS_FR": null, "FCLASS_RU": null, "FCLASS_ES": null, "FCLASS_CN": null, "FCLASS_TW": null, "FCLASS_IN": null, "FCLASS_NP": null, "FCLASS_PK": null, "FCLASS_DE": null, "FCLASS_GB": null, "FCLASS_BR": null, "FCLASS_IL": null, "FCLASS_PS": null, "FCLASS_SA": null, "FCLASS_EG": null, "FCLASS_MA": null, "FCLASS_PT": null, "FCLASS_AR": null, "FCLASS_JP": null, "FCLASS_KO": null, "FCLASS_VN": null, "FCLASS_TR": null, "FCLASS_ID": null, "FCLASS_PL": null, "FCLASS_GR": null, "FCLASS_IT": null, "FCLASS_NL": null, "FCLASS_SE": null, "FCLASS_BD": null, "FCLASS_UA": null, "FCLASS_TLC": null}, "bbox": [12.070002, 50.870369, 12.070002, 50.870369], "geometry": {"type": "Point", "coordinates": [12.070002, 50.870369]}}, {"type": "Feature", "properties": {"SCALERANK": 7, "NATSCALE": 20, "LABELRANK": 3, "FEATURECLA": "Populated place", "NAME": "Jena", "NAMEPAR": null, "NAMEALT": null, "NAMEASCII": "Jena", "ADM0CAP": 0, "CAPIN": null, "WORLDCITY": 0, "MEGACITY": 0, "SOV0NAME": "Germany", "SOV_A3": "DEU", "ADM0NAME": "Germany", "ADM0_A3": "DEU", "ADM1NAME": "Thüringen", "ISO_A2": "DE", "NOTE": null, "LATITUDE": 50.930443, "LONGITUDE": 11.580006, "POP_MAX": 104712, "POP_MIN": 95171, "POP_OTHER": 94250, "RANK_MAX": 9, "RANK_MIN": 8, "MEGANAME": null, "LS_NAME": "Jena", "MAX_POP10": 95171, "MAX_POP20": 95171, "MAX_POP50": 0, "MAX_POP300": 0, "MAX_POP310": 0, "MAX_NATSCA": 20, "MIN_AREAKM": 47, "MAX_AREAKM": 47, "MIN_AREAMI": 18, "MAX_AREAMI": 18, "MIN_PERKM": 65, "MAX_PERKM": 65, "MIN_PERMI": 41, "MAX_PERMI": 41, "MIN_BBXMIN": 11.541667, "MAX_BBXMIN": 11.541667, "MIN_BBXMAX": 11.641667, "MAX_BBXMAX": 11.641667, "MIN_BBYMIN": 50.841667, "MAX_BBYMIN": 50.841667, "MIN_BBYMAX": 50.983333, "MAX_BBYMAX": 50.983333, "MEAN_BBXC": 11.596025, "MEAN_BBYC": 50.916044, "TIMEZONE": "Europe/Berlin", "UN_FID": 0, "POP1950": 0, "POP1955": 0, "POP1960": 0, "POP1965": 0, "POP1970": 0, "POP1975": 0, "POP1980": 0, "POP1985": 0, "POP1990": 0, "POP1995": 0, "POP2000": 0, "POP2005": 0, "POP2010": 0, "POP2015": 0, "POP2020": 0, "POP2025": 0, "POP2050": 0, "MIN_ZOOM": 6.7, "WIKIDATAID": "Q3150", "WOF_ID": 101748613, "CAPALT": 0, "NAME_EN": "Jena", "NAME_DE": "Jena", "NAME_ES": "Jena", "NAME_FR": "Iéna", "NAME_PT": "Jena", "NAME_RU": "Йена", "NAME_ZH": "耶拿", "LABEL": null, "NAME_AR": "ينا", "NAME_BN": "জেনা", "NAME_EL": "Ιένα", "NAME_HI": "जेना", "NAME_HU": "Jéna", "NAME_ID": "Jena", "NAME_IT": "Jena", "NAME_JA": "イェーナ", "NAME_KO": "예나", "NAME_NL": "Jena", "NAME_PL": "Jena", "NAME_SV": "Jena", "NAME_TR": "Jena", "NAME_VI": "Jena", "NE_ID": 1159140589, "NAME_FA": "ینا", "NAME_HE": "ינה", "NAME_UK": "Єна", "NAME_UR": "یئنا", "NAME_ZHT": "耶拿", "GEONAMESID": 2895044, "FCLASS_ISO": null, "FCLASS_US": null, "FCLASS_FR": null, "FCLASS_RU": null, "FCLASS_ES": null, "FCLASS_CN": null, "FCLASS_TW": null, "FCLASS_IN": null, "FCLASS_NP": null, "FCLASS_PK": null, "FCLASS_DE": null, "FCLASS_GB": null, "FCLASS_BR": null, "FCLASS_IL": null, "FCLASS_PS": null, "FCLASS_SA": null, "FCLASS_EG": null, "FCLASS_MA": null, "FCLASS_PT": null, "FCLASS_AR": null, "FCLASS_JP": null, "FCLASS_KO": null, "FCLASS_VN": null, "FCLASS_TR": null, "FCLASS_ID": null, "FCLASS_PL": null, "FCLASS_GR": null, "FCLASS_IT": null, "FCLASS_NL": null, "FCLASS_SE": null, "FCLASS_BD": null, "FCLASS_UA": null, "FCLASS_TLC": null}, "bbox": [11.580006, 50.930443, 11.580006, 50.930443], "geometry": {"type": "Point", "coordinates": [11.580006, 50.930443]}}, {"type": "Feature", "properties": {"SCALERANK": 7, "NATSCALE": 20, "LABELRANK": 3, "FEATURECLA": "Populated place", "NAME": "Flensburg", "NAMEPAR": null, "NAMEALT": null, "NAMEASCII": "Flensburg", "ADM0CAP": 0, "CAPIN": null, "WORLDCITY": 0, "MEGACITY": 0, "SOV0NAME": "Germany", "SOV_A3": "DEU", "ADM0NAME": "Germany", "ADM0_A3": "DEU", "ADM1NAME": "Schleswig-Holstein", "ISO_A2": "DE", "NOTE": null, "LATITUDE": 54.783748, "LONGITUDE": 9.433315, "POP_MAX": 97930, "POP_MIN": 85838, "POP_OTHER": 97168, "RANK_MAX": 8, "RANK_MIN": 8, "MEGANAME": null, "LS_NAME": "Flensburg", "MAX_POP10": 97930, "MAX_POP20": 97930, "MAX_POP50": 0, "MAX_POP300": 0, "MAX_POP310": 0, "MAX_NATSCA": 20, "MIN_AREAKM": 52, "MAX_AREAKM": 52, "MIN_AREAMI": 20, "MAX_AREAMI": 20, "MIN_PERKM": 69, "MAX_PERKM": 69, "MIN_PERMI": 43, "MAX_PERMI": 43, "MIN_BBXMIN": 9.366667, "MAX_BBXMIN": 9.366667, "MIN_BBXMAX": 9.516667, "MAX_BBXMAX": 9.516667, "MIN_BBYMIN": 54.733333, "MAX_BBYMIN": 54.733333, "MIN_BBYMAX": 54.833333, "MAX_BBYMAX": 54.833333, "MEAN_BBXC": 9.431731, "MEAN_BBYC": 54.787099, "TIMEZONE": "Europe/Berlin", "UN_FID": 0, "POP1950": 0, "POP1955": 0, "POP1960": 0, "POP1965": 0, "POP1970": 0, "POP1975": 0, "POP1980": 0, "POP1985": 0, "POP1990": 0, "POP1995": 0, "POP2000": 0, "POP2005": 0, "POP2010": 0, "POP2015": 0, "POP2020": 0, "POP2025": 0, "POP2050": 0, "MIN_ZOOM": 6.1, "WIKIDATAID": "Q3798", "WOF_ID": 101906421, "CAPALT": 0, "NAME_EN": "Flensburg", "NAME_DE": "Flensburg", "NAME_ES": "Flensburgo", "NAME_FR": "Flensbourg", "NAME_PT": "Flensburg", "NAME_RU": "Фленсбург", "NAME_ZH": "佛伦斯堡", "LABEL": null, "NAME_AR": "فلنسبورغ", "NAME_BN": "ফ্লেন্সবুর্গ", "NAME_EL": "Φλένσμπουργκ", "NAME_HI": "फ़्लेन्सबर्ग", "NAME_HU": "Flensburg", "NAME_ID": "Flensburg", "NAME_IT": "Flensburgo", "NAME_JA": "フレンスブルク", "NAME_KO": "플렌스부르크", "NAME_NL": "Flensburg", "NAME_PL": "Flensburg", "NAME_SV": "Flensburg", "NAME_TR": "Flensburg", "NAME_VI": "Flensburg", "NE_ID": 1159140595, "NAME_FA": "فلنسبورگ", "NAME_HE": "פלנסבורג", "NAME_UK": "Фленсбург", "NAME_UR": "فلینسبرگ", "NAME_ZHT": "佛倫斯堡", "GEONAMESID": 2926271, "FCLASS_ISO": null, "FCLASS_US": null, "FCLASS_FR": null, "FCLASS_RU": null, "FCLASS_ES": null, "FCLASS_CN": null, "FCLASS_TW": null, "FCLASS_IN": null, "FCLASS_NP": null, "FCLASS_PK": null, "FCLASS_DE": null, "FCLASS_GB": null, "FCLASS_BR": null, "FCLASS_IL": null, "FCLASS_PS": null, "FCLASS_SA": null, "FCLASS_EG": null, "FCLASS_MA": null, "FCLASS_PT": null, "FCLASS_AR": null, "FCLASS_JP": null, "FCLASS_KO": null, "FCLASS_VN": null, "FCLASS_TR": null, "FCLASS_ID": null, "FCLASS_PL": null, "FCLASS_GR": null, "FCLASS_IT": null, "FCLASS_NL": null, "FCLASS_SE": null, "FCLASS_BD": null, "FCLASS_UA": null, "FCLASS_TLC": null}, "bbox": [9.433315, 54.783748, 9.433315, 54.783748], "geometry": {"type": "Point", "coordinates": [9.433315, 54.783748]}}, {"type": "Feature", "properties": {"SCALERANK": 7, "NATSCALE": 20, "LABELRANK": 3, "FEATURECLA": "Populated place", "NAME": "Lübeck", "NAMEPAR": null, "NAMEALT": null, "NAMEASCII": "Lubeck", "ADM0CAP": 0, "CAPIN": null, "WORLDCITY": 0, "MEGACITY": 0, "SOV0NAME": "Germany", "SOV_A3": "DEU", "ADM0NAME": "Germany", "ADM0_A3": "DEU", "ADM1NAME": "Schleswig-Holstein", "ISO_A2": "DE", "NOTE": null, "LATITUDE": 53.870393, "LONGITUDE": 10.669984, "POP_MAX": 235390, "POP_MIN": 212207, "POP_OTHER": 227982, "RANK_MAX": 10, "RANK_MIN": 10, "MEGANAME": null, "LS_NAME": "Lubeck", "MAX_POP10": 235390, "MAX_POP20": 235390, "MAX_POP50": 0, "MAX_POP300": 0, "MAX_POP310": 0, "MAX_NATSCA": 20, "MIN_AREAKM": 126, "MAX_AREAKM": 126, "MIN_AREAMI": 49, "MAX_AREAMI": 49, "MIN_PERKM": 134, "MAX_PERKM": 134, "MIN_PERMI": 83, "MAX_PERMI": 83, "MIN_BBXMIN": 10.591667, "MAX_BBXMIN": 10.591667, "MIN_BBXMAX": 10.833333, "MAX_BBXMAX": 10.833333, "MIN_BBYMIN": 53.791667, "MAX_BBYMIN": 53.791667, "MIN_BBYMAX": 53.966667, "MAX_BBYMAX": 53.966667, "MEAN_BBXC": 10.699126, "MEAN_BBYC": 53.879402, "TIMEZONE": "Europe/Berlin", "UN_FID": 0, "POP1950": 0, "POP1955": 0, "POP1960": 0, "POP1965": 0, "POP1970": 0, "POP1975": 0, "POP1980": 0, "POP1985": 0, "POP1990": 0, "POP1995": 0, "POP2000": 0, "POP2005": 0, "POP2010": 0, "POP2015": 0, "POP2020": 0, "POP2025": 0, "POP2050": 0, "MIN_ZOOM": 6.1, "WIKIDATAID": "Q2843", "WOF_ID": 101748855, "CAPALT": 0, "NAME_EN": "Lübeck", "NAME_DE": "Lübeck", "NAME_ES": "Lübeck", "NAME_FR": "Lübeck", "NAME_PT": "Lübeck", "NAME_RU": "Любек", "NAME_ZH": "吕贝克", "LABEL": null, "NAME_AR": "لوبيك", "NAME_BN": "লুবেক", "NAME_EL": "Λύμπεκ", "NAME_HI": "ल्यूबेक", "NAME_HU": "Lübeck", "NAME_ID": "Lübeck", "NAME_IT": "Lubecca", "NAME_JA": "リューベック", "NAME_KO": "뤼베크", "NAME_NL": "Lübeck", "NAME_PL": "Lubeka", "NAME_SV": "Lübeck", "NAME_TR": "Lübeck", "NAME_VI": "Lübeck", "NE_ID": 1159140599, "NAME_FA": "لوبک", "NAME_HE": "ליבק", "NAME_UK": "Любек", "NAME_UR": "لوبیک", "NAME_ZHT": "呂北克", "GEONAMESID": 2875601, "FCLASS_ISO": null, "FCLASS_US": null, "FCLASS_FR": null, "FCLASS_RU": null, "FCLASS_ES": null, "FCLASS_CN": null, "FCLASS_TW": null, "FCLASS_IN": null, "FCLASS_NP": null, "FCLASS_PK": null, "FCLASS_DE": null, "FCLASS_GB": null, "FCLASS_BR": null, "FCLASS_IL": null, "FCLASS_PS": null, "FCLASS_SA": null, "FCLASS_EG": null, "FCLASS_MA": null, "FCLASS_PT": null, "FCLASS_AR": null, "FCLASS_JP": null, "FCLASS_KO": null, "FCLASS_VN": null, "FCLASS_TR": null, "FCLASS_ID": null, "FCLASS_PL": null, "FCLASS_GR": null, "FCLASS_IT": null, "FCLASS_NL": null, "FCLASS_SE": null, "FCLASS_BD": null, "FCLASS_UA": null, "FCLASS_TLC": null}, "bbox": [10.669984, 53.870393, 10.669984, 53.870393], "geometry": {"type": "Point", "coordinates": [10.669984, 53.870393]}}, {"type": "Feature", "properties": {"SCALERANK": 7, "NATSCALE": 20, "LABELRANK": 3, "FEATURECLA": "Admin-1 capital", "NAME": "Kiel", "NAMEPAR": null, "NAMEALT": null, "NAMEASCII": "Kiel", "ADM0CAP": 0, "CAPIN": null, "WORLDCITY": 0, "MEGACITY": 0, "SOV0NAME": "Germany", "SOV_A3": "DEU", "ADM0NAME": "Germany", "ADM0_A3": "DEU", "ADM1NAME": "Schleswig-Holstein", "ISO_A2": "DE", "NOTE": null, "LATITUDE": 54.33039, "LONGITUDE": 10.130017, "POP_MAX": 269427, "POP_MIN": 232758, "POP_OTHER": 263862, "RANK_MAX": 10, "RANK_MIN": 10, "MEGANAME": null, "LS_NAME": "Kiel", "MAX_POP10": 269427, "MAX_POP20": 269427, "MAX_POP50": 0, "MAX_POP300": 0, "MAX_POP310": 0, "MAX_NATSCA": 20, "MIN_AREAKM": 127, "MAX_AREAKM": 127, "MIN_AREAMI": 49, "MAX_AREAMI": 49, "MIN_PERKM": 143, "MAX_PERKM": 143, "MIN_PERMI": 89, "MAX_PERMI": 89, "MIN_BBXMIN": 10.016667, "MAX_BBXMIN": 10.016667, "MIN_BBXMAX": 10.266667, "MAX_BBXMAX": 10.266667, "MIN_BBYMIN": 54.258333, "MAX_BBYMIN": 54.258333, "MIN_BBYMAX": 54.433333, "MAX_BBYMAX": 54.433333, "MEAN_BBXC": 10.136874, "MEAN_BBYC": 54.322908, "TIMEZONE": "Europe/Berlin", "UN_FID": 0, "POP1950": 0, "POP1955": 0, "POP1960": 0, "POP1965": 0, "POP1970": 0, "POP1975": 0, "POP1980": 0, "POP1985": 0, "POP1990": 0, "POP1995": 0, "POP2000": 0, "POP2005": 0, "POP2010": 0, "POP2015": 0, "POP2020": 0, "POP2025": 0, "POP2050": 0, "MIN_ZOOM": 6.7, "WIKIDATAID": "Q1707", "WOF_ID": 101748869, "CAPALT": 0, "NAME_EN": "Kiel", "NAME_DE": "Kiel", "NAME_ES": "Kiel", "NAME_FR": "Kiel", "NAME_PT": "Kiel", "NAME_RU": "Киль", "NAME_ZH": "基尔", "LABEL": null, "NAME_AR": "كيل", "NAME_BN": "কিল", "NAME_EL": "Κίελο", "NAME_HI": "काइल", "NAME_HU": "Kiel", "NAME_ID": "Kiel", "NAME_IT": "Kiel", "NAME_JA": "キール", "NAME_KO": "킬", "NAME_NL": "Kiel", "NAME_PL": "Kilonia", "NAME_SV": "Kiel", "NAME_TR": "Kiel", "NAME_VI": "Kiel", "NE_ID": 1159140603, "NAME_FA": "کیل", "NAME_HE": "קיל", "NAME_UK": "Кіль", "NAME_UR": "کائل", "NAME_ZHT": "基爾", "GEONAMESID": 2891122, "FCLASS_ISO": null, "FCLASS_US": null, "FCLASS_FR": null, "FCLASS_RU": null, "FCLASS_ES": null, "FCLASS_CN": null, "FCLASS_TW": null, "FCLASS_IN": null, "FCLASS_NP": null, "FCLASS_PK": null, "FCLASS_DE": null, "FCLASS_GB": null, "FCLASS_BR": null, "FCLASS_IL": null, "FCLASS_PS": null, "FCLASS_SA": null, "FCLASS_EG": null, "FCLASS_MA": null, "FCLASS_PT": null, "FCLASS_AR": null, "FCLASS_JP": null, "FCLASS_KO": null, "FCLASS_VN": null, "FCLASS_TR": null, "FCLASS_ID": null, "FCLASS_PL": null, "FCLASS_GR": null, "FCLASS_IT": null, "FCLASS_NL": null, "FCLASS_SE": null, "FCLASS_BD": null, "FCLASS_UA": null, "FCLASS_TLC": null}, "bbox": [10.130017, 54.33039, 10.130017, 54.33039], "geometry": {"type": "Point", "coordinates": [10.130017, 54.33039]}}, {"type": "Feature", "properties": {"SCALERANK": 7, "NATSCALE": 20, "LABELRANK": 3, "FEATURECLA": "Populated place", "NAME": "Koblenz", "NAMEPAR": null, "NAMEALT": null, "NAMEASCII": "Koblenz", "ADM0CAP": 0, "CAPIN": null, "WORLDCITY": 0, "MEGACITY": 0, "SOV0NAME": "Germany", "SOV_A3": "DEU", "ADM0NAME": "Germany", "ADM0_A3": "DEU", "ADM1NAME": "Rheinland-Pfalz", "ISO_A2": "DE", "NOTE": null, "LATITUDE": 50.350478, "LONGITUDE": 7.599991, "POP_MAX": 312633, "POP_MIN": 107319, "POP_OTHER": 183629, "RANK_MAX": 10, "RANK_MIN": 9, "MEGANAME": null, "LS_NAME": "Koblenz", "MAX_POP10": 312633, "MAX_POP20": 312633, "MAX_POP50": 0, "MAX_POP300": 0, "MAX_POP310": 0, "MAX_NATSCA": 20, "MIN_AREAKM": 201, "MAX_AREAKM": 201, "MIN_AREAMI": 78, "MAX_AREAMI": 78, "MIN_PERKM": 217, "MAX_PERKM": 217, "MIN_PERMI": 135, "MAX_PERMI": 135, "MIN_BBXMIN": 7.316667, "MAX_BBXMIN": 7.316667, "MIN_BBXMAX": 7.666667, "MAX_BBXMAX": 7.666667, "MIN_BBYMIN": 50.266667, "MAX_BBYMIN": 50.266667, "MIN_BBYMAX": 50.491667, "MAX_BBYMAX": 50.491667, "MEAN_BBXC": 7.520059, "MEAN_BBYC": 50.397199, "TIMEZONE": "Europe/Berlin", "UN_FID": 0, "POP1950": 0, "POP1955": 0, "POP1960": 0, "POP1965": 0, "POP1970": 0, "POP1975": 0, "POP1980": 0, "POP1985": 0, "POP1990": 0, "POP1995": 0, "POP2000": 0, "POP2005": 0, "POP2010": 0, "POP2015": 0, "POP2020": 0, "POP2025": 0, "POP2050": 0, "MIN_ZOOM": 6.7, "WIKIDATAID": "Q3104", "WOF_ID": 101751761, "CAPALT": 0, "NAME_EN": "Koblenz", "NAME_DE": "Koblenz", "NAME_ES": "Coblenza", "NAME_FR": "Coblence", "NAME_PT": "Coblença", "NAME_RU": "Кобленц", "NAME_ZH": "科布伦茨", "LABEL": null, "NAME_AR": "كوبلنز", "NAME_BN": "কোবলেনৎস", "NAME_EL": "Κόμπλεντς", "NAME_HI": "कोबलेंज", "NAME_HU": "Koblenz", "NAME_ID": "Koblenz", "NAME_IT": "Coblenza", "NAME_JA": "コブレンツ", "NAME_KO": "코블렌츠", "NAME_NL": "Koblenz", "NAME_PL": "Koblencja", "NAME_SV": "Koblenz", "NAME_TR": "Koblenz", "NAME_VI": "Koblenz", "NE_ID": 1159140607, "NAME_FA": "کوبلنتس", "NAME_HE": "קובלנץ", "NAME_UK": "Кобленц", "NAME_UR": "کوبلینز", "NAME_ZHT": "科布倫茨", "GEONAMESID": 2886946, "FCLASS_ISO": null, "FCLASS_US": null, "FCLASS_FR": null, "FCLASS_RU": null, "FCLASS_ES": null, "FCLASS_CN": null, "FCLASS_TW": null, "FCLASS_IN": null, "FCLASS_NP": null, "FCLASS_PK": null, "FCLASS_DE": null, "FCLASS_GB": null, "FCLASS_BR": null, "FCLASS_IL": null, "FCLASS_PS": null, "FCLASS_SA": null, "FCLASS_EG": null, "FCLASS_MA": null, "FCLASS_PT": null, "FCLASS_AR": null, "FCLASS_JP": null, "FCLASS_KO": null, "FCLASS_VN": null, "FCLASS_TR": null, "FCLASS_ID": null, "FCLASS_PL": null, "FCLASS_GR": null, "FCLASS_IT": null, "FCLASS_NL": null, "FCLASS_SE": null, "FCLASS_BD": null, "FCLASS_UA": null, "FCLASS_TLC": null}, "bbox": [7.599991, 50.350478, 7.599991, 50.350478], "geometry": {"type": "Point", "coordinates": [7.599991, 50.350478]}}, {"type": "Feature", "properties": {"SCALERANK": 7, "NATSCALE": 20, "LABELRANK": 3, "FEATURECLA": "Admin-1 capital", "NAME": "Saarbrücken", "NAMEPAR": null, "NAMEALT": null, "NAMEASCII": "Saarbrucken", "ADM0CAP": 0, "CAPIN": null, "WORLDCITY": 0, "MEGACITY": 0, "SOV0NAME": "Germany", "SOV_A3": "DEU", "ADM0NAME": "Germany", "ADM0_A3": "DEU", "ADM1NAME": "Saarland", "ISO_A2": "DE", "NOTE": null, "LATITUDE": 49.25039, "LONGITUDE": 6.970003, "POP_MAX": 770001, "POP_MIN": 175741, "POP_OTHER": 670557, "RANK_MAX": 11, "RANK_MIN": 9, "MEGANAME": null, "LS_NAME": "Saarbrucken", "MAX_POP10": 770001, "MAX_POP20": 770001, "MAX_POP50": 0, "MAX_POP300": 0, "MAX_POP310": 0, "MAX_NATSCA": 20, "MIN_AREAKM": 572, "MAX_AREAKM": 572, "MIN_AREAMI": 221, "MAX_AREAMI": 221, "MIN_PERKM": 710, "MAX_PERKM": 710, "MIN_PERMI": 441, "MAX_PERMI": 441, "MIN_BBXMIN": 6.65, "MAX_BBXMIN": 6.65, "MIN_BBXMAX": 7.283333, "MAX_BBXMAX": 7.283333, "MIN_BBYMIN": 49.041667, "MAX_BBYMIN": 49.041667, "MIN_BBYMAX": 49.408333, "MAX_BBYMAX": 49.408333, "MEAN_BBXC": 6.948414, "MEAN_BBYC": 49.253183, "TIMEZONE": "Europe/Berlin", "UN_FID": 0, "POP1950": 0, "POP1955": 0, "POP1960": 0, "POP1965": 0, "POP1970": 0, "POP1975": 0, "POP1980": 0, "POP1985": 0, "POP1990": 0, "POP1995": 0, "POP2000": 0, "POP2005": 0, "POP2010": 0, "POP2015": 0, "POP2020": 0, "POP2025": 0, "POP2050": 0, "MIN_ZOOM": 6.1, "WIKIDATAID": "Q1724", "WOF_ID": 101905991, "CAPALT": 0, "NAME_EN": "Saarbrücken", "NAME_DE": "Saarbrücken", "NAME_ES": "Sarrebruck", "NAME_FR": "Sarrebruck", "NAME_PT": "Saarbrücken", "NAME_RU": "Саарбрюккен", "NAME_ZH": "萨尔布吕肯", "LABEL": null, "NAME_AR": "ساربروكن", "NAME_BN": "রচেস্টার", "NAME_EL": "Σααρμπρύκεν", "NAME_HI": "सारब्रुकेन", "NAME_HU": "Saarbrücken", "NAME_ID": "Saarbrücken", "NAME_IT": "Saarbrücken", "NAME_JA": "ザールブリュッケン", "NAME_KO": "자르브뤼켄", "NAME_NL": "Saarbrücken", "NAME_PL": "Saarbrücken", "NAME_SV": "Saarbrücken", "NAME_TR": "Saarbrücken", "NAME_VI": "Saarbrücken", "NE_ID": 1159140613, "NAME_FA": "زاربروکن", "NAME_HE": "זארבריקן", "NAME_UK": "Саарбрюккен", "NAME_UR": "ساربرکن", "NAME_ZHT": "薩爾布魯根", "GEONAMESID": 2842647, "FCLASS_ISO": null, "FCLASS_US": null, "FCLASS_FR": null, "FCLASS_RU": null, "FCLASS_ES": null, "FCLASS_CN": null, "FCLASS_TW": null, "FCLASS_IN": null, "FCLASS_NP": null, "FCLASS_PK": null, "FCLASS_DE": null, "FCLASS_GB": null, "FCLASS_BR": null, "FCLASS_IL": null, "FCLASS_PS": null, "FCLASS_SA": null, "FCLASS_EG": null, "FCLASS_MA": null, "FCLASS_PT": null, "FCLASS_AR": null, "FCLASS_JP": null, "FCLASS_KO": null, "FCLASS_VN": null, "FCLASS_TR": null, "FCLASS_ID": null, "FCLASS_PL": null, "FCLASS_GR": null, "FCLASS_IT": null, "FCLASS_NL": null, "FCLASS_SE": null, "FCLASS_BD": null, "FCLASS_UA": null, "FCLASS_TLC": null}, "bbox": [6.970003, 49.25039, 6.970003, 49.25039], "geometry": {"type": "Point", "coordinates": [6.970003, 49.25039]}}, {"type": "Feature", "properties": {"SCALERANK": 7, "NATSCALE": 20, "LABELRANK": 7, "FEATURECLA": "Admin-1 capital", "NAME": "Pizen", "NAMEPAR": null, "NAMEALT": "Plzen", "NAMEASCII": "Pizen", "ADM0CAP": 0, "CAPIN": null, "WORLDCITY": 0, "MEGACITY": 0, "SOV0NAME": "Czechia", "SOV_A3": "CZE", "ADM0NAME": "Czechia", "ADM0_A3": "CZE", "ADM1NAME": "Karlovarský", "ISO_A2": "CZ", "NOTE": null, "LATITUDE": 49.740438, "LONGITUDE": 13.360001, "POP_MAX": 164180, "POP_MIN": 157906, "POP_OTHER": 153918, "RANK_MAX": 9, "RANK_MIN": 9, "MEGANAME": null, "LS_NAME": "Pizen", "MAX_POP10": 157906, "MAX_POP20": 157906, "MAX_POP50": 0, "MAX_POP300": 0, "MAX_POP310": 0, "MAX_NATSCA": 20, "MIN_AREAKM": 57, "MAX_AREAKM": 57, "MIN_AREAMI": 22, "MAX_AREAMI": 22, "MIN_PERKM": 61, "MAX_PERKM": 61, "MIN_PERMI": 38, "MAX_PERMI": 38, "MIN_BBXMIN": 13.308333, "MAX_BBXMIN": 13.308333, "MIN_BBXMAX": 13.458333, "MAX_BBXMAX": 13.458333, "MIN_BBYMIN": 49.691667, "MAX_BBYMIN": 49.691667, "MIN_BBYMAX": 49.783333, "MAX_BBYMAX": 49.783333, "MEAN_BBXC": 13.385948, "MEAN_BBYC": 49.740359, "TIMEZONE": "Europe/Prague", "UN_FID": 0, "POP1950": 0, "POP1955": 0, "POP1960": 0, "POP1965": 0, "POP1970": 0, "POP1975": 0, "POP1980": 0, "POP1985": 0, "POP1990": 0, "POP1995": 0, "POP2000": 0, "POP2005": 0, "POP2010": 0, "POP2015": 0, "POP2020": 0, "POP2025": 0, "POP2050": 0, "MIN_ZOOM": 6.1, "WIKIDATAID": "Q43453", "WOF_ID": 101748111, "CAPALT": 0, "NAME_EN": "Plzeň", "NAME_DE": "Pilsen", "NAME_ES": "Pilsen", "NAME_FR": "Plzeň", "NAME_PT": "Plzeň", "NAME_RU": "Пльзень", "NAME_ZH": "比尔森", "LABEL": null, "NAME_AR": "بلزن", "NAME_BN": "পজেন", "NAME_EL": "Πίλζεν", "NAME_HI": "प्लज़ेन", "NAME_HU": "Plzeň", "NAME_ID": "Plzeň", "NAME_IT": "Plzeň", "NAME_JA": "プルゼニ", "NAME_KO": "플젠", "NAME_NL": "Pilsen", "NAME_PL": "Pilzno", "NAME_SV": "Plzeň", "NAME_TR": "Plzeň", "NAME_VI": "Pilsen", "NE_ID": 1159140617, "NAME_FA": "پلزن", "NAME_HE": "פלזן", "NAME_UK": "Пльзень", "NAME_UR": "پلزین", "NAME_ZHT": "皮爾森", "GEONAMESID": 3068160, "FCLASS_ISO": null, "FCLASS_US": null, "FCLASS_FR": null, "FCLASS_RU": null, "FCLASS_ES": null, "FCLASS_CN": null, "FCLASS_TW": null, "FCLASS_IN": null, "FCLASS_NP": null, "FCLASS_PK": null, "FCLASS_DE": null, "FCLASS_GB": null, "FCLASS_BR": null, "FCLASS_IL": null, "FCLASS_PS": null, "FCLASS_SA": null, "FCLASS_EG": null, "FCLASS_MA": null, "FCLASS_PT": null, "FCLASS_AR": null, "FCLASS_JP": null, "FCLASS_KO": null, "FCLASS_VN": null, "FCLASS_TR": null, "FCLASS_ID": null, "FCLASS_PL": null, "FCLASS_GR": null, "FCLASS_IT": null, "FCLASS_NL": null, "FCLASS_SE": null, "FCLASS_BD": null, "FCLASS_UA": null, "FCLASS_TLC": null}, "bbox": [13.360001, 49.740438, 13.360001, 49.740438], "geometry": {"type": "Point", "coordinates": [13.360001, 49.740438]}}, {"type": "Feature", "properties": {"SCALERANK": 7, "NATSCALE": 20, "LABELRANK": 3, "FEATURECLA": "Populated place", "NAME": "Regensburg", "NAMEPAR": null, "NAMEALT": null, "NAMEASCII": "Regensburg", "ADM0CAP": 0, "CAPIN": null, "WORLDCITY": 0, "MEGACITY": 0, "SOV0NAME": "Germany", "SOV_A3": "DEU", "ADM0NAME": "Germany", "ADM0_A3": "DEU", "ADM1NAME": "Bayern", "ISO_A2": "DE", "NOTE": null, "LATITUDE": 49.020405, "LONGITUDE": 12.120025, "POP_MAX": 164359, "POP_MIN": 129151, "POP_OTHER": 155365, "RANK_MAX": 9, "RANK_MIN": 9, "MEGANAME": null, "LS_NAME": "Regensburg", "MAX_POP10": 164359, "MAX_POP20": 164359, "MAX_POP50": 0, "MAX_POP300": 0, "MAX_POP310": 0, "MAX_NATSCA": 20, "MIN_AREAKM": 107, "MAX_AREAKM": 107, "MIN_AREAMI": 41, "MAX_AREAMI": 41, "MIN_PERKM": 143, "MAX_PERKM": 143, "MIN_PERMI": 89, "MAX_PERMI": 89, "MIN_BBXMIN": 12.025, "MAX_BBXMIN": 12.025, "MIN_BBXMAX": 12.225, "MAX_BBXMAX": 12.225, "MIN_BBYMIN": 48.925, "MAX_BBYMIN": 48.925, "MIN_BBYMAX": 49.083333, "MAX_BBYMAX": 49.083333, "MEAN_BBXC": 12.120044, "MEAN_BBYC": 49.011535, "TIMEZONE": "Europe/Berlin", "UN_FID": 0, "POP1950": 0, "POP1955": 0, "POP1960": 0, "POP1965": 0, "POP1970": 0, "POP1975": 0, "POP1980": 0, "POP1985": 0, "POP1990": 0, "POP1995": 0, "POP2000": 0, "POP2005": 0, "POP2010": 0, "POP2015": 0, "POP2020": 0, "POP2025": 0, "POP2050": 0, "MIN_ZOOM": 6.1, "WIKIDATAID": "Q2978", "WOF_ID": 101748525, "CAPALT": 0, "NAME_EN": "Regensburg", "NAME_DE": "Regensburg", "NAME_ES": "Ratisbona", "NAME_FR": "Ratisbonne", "NAME_PT": "Ratisbona", "NAME_RU": "Регенсбург", "NAME_ZH": "雷根斯堡", "LABEL": null, "NAME_AR": "ريغنسبورغ", "NAME_BN": "রেগেন্সবুর্গ", "NAME_EL": "Ρέγκενσμπουργκ", "NAME_HI": "रेगेन्सबुर्ग", "NAME_HU": "Regensburg", "NAME_ID": "Regensburg", "NAME_IT": "Ratisbona", "NAME_JA": "レーゲンスブルク", "NAME_KO": "레겐스부르크", "NAME_NL": "Regensburg", "NAME_PL": "Ratyzbona", "NAME_SV": "Regensburg", "NAME_TR": "Regensburg", "NAME_VI": "Regensburg", "NE_ID": 1159140621, "NAME_FA": "رگنسبورگ", "NAME_HE": "רגנסבורג", "NAME_UK": "Регенсбург", "NAME_UR": "ریجینسبورج", "NAME_ZHT": "雷根斯堡", "GEONAMESID": 2849483, "FCLASS_ISO": null, "FCLASS_US": null, "FCLASS_FR": null, "FCLASS_RU": null, "FCLASS_ES": null, "FCLASS_CN": null, "FCLASS_TW": null, "FCLASS_IN": null, "FCLASS_NP": null, "FCLASS_PK": null, "FCLASS_DE": null, "FCLASS_GB": null, "FCLASS_BR": null, "FCLASS_IL": null, "FCLASS_PS": null, "FCLASS_SA": null, "FCLASS_EG": null, "FCLASS_MA": null, "FCLASS_PT": null, "FCLASS_AR": null, "FCLASS_JP": null, "FCLASS_KO": null, "FCLASS_VN": null, "FCLASS_TR": null, "FCLASS_ID": null, "FCLASS_PL": null, "FCLASS_GR": null, "FCLASS_IT": null, "FCLASS_NL": null, "FCLASS_SE": null, "FCLASS_BD": null, "FCLASS_UA": null, "FCLASS_TLC": null}, "bbox": [12.120025, 49.020404, 12.120025, 49.020404], "geometry": {"type": "Point", "coordinates": [12.120025, 49.020404]}}, {"type": "Feature", "properties": {"SCALERANK": 7, "NATSCALE": 20, "LABELRANK": 3, "FEATURECLA": "Populated place", "NAME": "Rosenheim", "NAMEPAR": null, "NAMEALT": null, "NAMEASCII": "Rosenheim", "ADM0CAP": 0, "CAPIN": null, "WORLDCITY": 0, "MEGACITY": 0, "SOV0NAME": "Germany", "SOV_A3": "DEU", "ADM0NAME": "Germany", "ADM0_A3": "DEU", "ADM1NAME": "Bayern", "ISO_A2": "DE", "NOTE": null, "LATITUDE": 47.850347, "LONGITUDE": 12.133306, "POP_MAX": 92809, "POP_MIN": 60167, "POP_OTHER": 92071, "RANK_MAX": 8, "RANK_MIN": 8, "MEGANAME": null, "LS_NAME": "Rosenheim", "MAX_POP10": 92809, "MAX_POP20": 92809, "MAX_POP50": 0, "MAX_POP300": 0, "MAX_POP310": 0, "MAX_NATSCA": 20, "MIN_AREAKM": 46, "MAX_AREAKM": 46, "MIN_AREAMI": 18, "MAX_AREAMI": 18, "MIN_PERKM": 55, "MAX_PERKM": 55, "MIN_PERMI": 34, "MAX_PERMI": 34, "MIN_BBXMIN": 12.033333, "MAX_BBXMIN": 12.033333, "MIN_BBXMAX": 12.191667, "MAX_BBXMAX": 12.191667, "MIN_BBYMIN": 47.816667, "MAX_BBYMIN": 47.816667, "MIN_BBYMAX": 47.891667, "MAX_BBYMAX": 47.891667, "MEAN_BBXC": 12.109335, "MEAN_BBYC": 47.851424, "TIMEZONE": "Europe/Berlin", "UN_FID": 0, "POP1950": 0, "POP1955": 0, "POP1960": 0, "POP1965": 0, "POP1970": 0, "POP1975": 0, "POP1980": 0, "POP1985": 0, "POP1990": 0, "POP1995": 0, "POP2000": 0, "POP2005": 0, "POP2010": 0, "POP2015": 0, "POP2020": 0, "POP2025": 0, "POP2050": 0, "MIN_ZOOM": 6.7, "WIKIDATAID": "Q4007", "WOF_ID": 101748471, "CAPALT": 0, "NAME_EN": "Rosenheim", "NAME_DE": "Rosenheim", "NAME_ES": "Rosenheim", "NAME_FR": "Rosenheim", "NAME_PT": "Rosenheim", "NAME_RU": "Розенхайм", "NAME_ZH": "罗森海姆", "LABEL": null, "NAME_AR": "روزنهايم", "NAME_BN": "রসেনহাইম", "NAME_EL": "Ρόζενχαϊμ", "NAME_HI": "रोज़ेनहाइम", "NAME_HU": "Rosenheim", "NAME_ID": "Rosenheim", "NAME_IT": "Rosenheim", "NAME_JA": "ローゼンハイム", "NAME_KO": "로젠하임", "NAME_NL": "Rosenheim", "NAME_PL": "Rosenheim", "NAME_SV": "Rosenheim", "NAME_TR": "Rosenheim", "NAME_VI": "Rosenheim", "NE_ID": 1159140625, "NAME_FA": "رزنهایم", "NAME_HE": "רוזנהיים", "NAME_UK": "Розенгайм", "NAME_UR": "روزنہائیم", "NAME_ZHT": "羅森海姆", "GEONAMESID": 2844988, "FCLASS_ISO": null, "FCLASS_US": null, "FCLASS_FR": null, "FCLASS_RU": null, "FCLASS_ES": null, "FCLASS_CN": null, "FCLASS_TW": null, "FCLASS_IN": null, "FCLASS_NP": null, "FCLASS_PK": null, "FCLASS_DE": null, "FCLASS_GB": null, "FCLASS_BR": null, "FCLASS_IL": null, "FCLASS_PS": null, "FCLASS_SA": null, "FCLASS_EG": null, "FCLASS_MA": null, "FCLASS_PT": null, "FCLASS_AR": null, "FCLASS_JP": null, "FCLASS_KO": null, "FCLASS_VN": null, "FCLASS_TR": null, "FCLASS_ID": null, "FCLASS_PL": null, "FCLASS_GR": null, "FCLASS_IT": null, "FCLASS_NL": null, "FCLASS_SE": null, "FCLASS_BD": null, "FCLASS_UA": null, "FCLASS_TLC": null}, "bbox": [12.133306, 47.850347, 12.133306, 47.850347], "geometry": {"type": "Point", "coordinates": [12.133306, 47.850347]}}, {"type": "Feature", "properties": {"SCALERANK": 7, "NATSCALE": 20, "LABELRANK": 3, "FEATURECLA": "Populated place", "NAME": "Hof", "NAMEPAR": null, "NAMEALT": null, "NAMEASCII": "Hof", "ADM0CAP": 0, "CAPIN": null, "WORLDCITY": 0, "MEGACITY": 0, "SOV0NAME": "Germany", "SOV_A3": "DEU", "ADM0NAME": "Germany", "ADM0_A3": "DEU", "ADM1NAME": "Bayern", "ISO_A2": "DE", "NOTE": null, "LATITUDE": 50.317044, "LONGITUDE": 11.916678, "POP_MAX": 56153, "POP_MIN": 49239, "POP_OTHER": 53749, "RANK_MAX": 8, "RANK_MIN": 7, "MEGANAME": null, "LS_NAME": "Hof", "MAX_POP10": 56153, "MAX_POP20": 56153, "MAX_POP50": 0, "MAX_POP300": 0, "MAX_POP310": 0, "MAX_NATSCA": 20, "MIN_AREAKM": 41, "MAX_AREAKM": 41, "MIN_AREAMI": 16, "MAX_AREAMI": 16, "MIN_PERKM": 49, "MAX_PERKM": 49, "MIN_PERMI": 30, "MAX_PERMI": 30, "MIN_BBXMIN": 11.866667, "MAX_BBXMIN": 11.866667, "MIN_BBXMAX": 11.975, "MAX_BBXMAX": 11.975, "MIN_BBYMIN": 50.241667, "MAX_BBYMIN": 50.241667, "MIN_BBYMAX": 50.35, "MAX_BBYMAX": 50.35, "MEAN_BBXC": 11.917793, "MEAN_BBYC": 50.30214, "TIMEZONE": "Europe/Berlin", "UN_FID": 0, "POP1950": 0, "POP1955": 0, "POP1960": 0, "POP1965": 0, "POP1970": 0, "POP1975": 0, "POP1980": 0, "POP1985": 0, "POP1990": 0, "POP1995": 0, "POP2000": 0, "POP2005": 0, "POP2010": 0, "POP2015": 0, "POP2020": 0, "POP2025": 0, "POP2050": 0, "MIN_ZOOM": 6.1, "WIKIDATAID": "Q6938", "WOF_ID": 101841157, "CAPALT": 0, "NAME_EN": "Hof", "NAME_DE": "Hof", "NAME_ES": "Hof", "NAME_FR": "Hof-sur-Saale", "NAME_PT": "Hof", "NAME_RU": "Хоф", "NAME_ZH": "霍夫", "LABEL": null, "NAME_AR": "هوف", "NAME_BN": "হফ", "NAME_EL": "Χοφ", "NAME_HI": "होफ", "NAME_HU": "Hof", "NAME_ID": "Hof", "NAME_IT": "Hof", "NAME_JA": "ホーフ", "NAME_KO": "호프", "NAME_NL": "Hof", "NAME_PL": "Hof", "NAME_SV": "Hof", "NAME_TR": "Hof", "NAME_VI": "Hof", "NE_ID": 1159140631, "NAME_FA": "هوف", "NAME_HE": "הוף", "NAME_UK": "Гоф", "NAME_UR": "ہوف", "NAME_ZHT": "霍夫", "GEONAMESID": 2902768, "FCLASS_ISO": null, "FCLASS_US": null, "FCLASS_FR": null, "FCLASS_RU": null, "FCLASS_ES": null, "FCLASS_CN": null, "FCLASS_TW": null, "FCLASS_IN": null, "FCLASS_NP": null, "FCLASS_PK": null, "FCLASS_DE": null, "FCLASS_GB": null, "FCLASS_BR": null, "FCLASS_IL": null, "FCLASS_PS": null, "FCLASS_SA": null, "FCLASS_EG": null, "FCLASS_MA": null, "FCLASS_PT": null, "FCLASS_AR": null, "FCLASS_JP": null, "FCLASS_KO": null, "FCLASS_VN": null, "FCLASS_TR": null, "FCLASS_ID": null, "FCLASS_PL": null, "FCLASS_GR": null, "FCLASS_IT": null, "FCLASS_NL": null, "FCLASS_SE": null, "FCLASS_BD": null, "FCLASS_UA": null, "FCLASS_TLC": null}, "bbox": [11.916678, 50.317044, 11.916678, 50.317044], "geometry": {"type": "Point", "coordinates": [11.916678, 50.317044]}}, {"type": "Feature", "properties": {"SCALERANK": 7, "NATSCALE": 20, "LABELRANK": 3, "FEATURECLA": "Populated place", "NAME": "Würzburg", "NAMEPAR": null, "NAMEALT": null, "NAMEASCII": "Wurzburg", "ADM0CAP": 0, "CAPIN": null, "WORLDCITY": 0, "MEGACITY": 0, "SOV0NAME": "Germany", "SOV_A3": "DEU", "ADM0NAME": "Germany", "ADM0_A3": "DEU", "ADM1NAME": "Bayern", "ISO_A2": "DE", "NOTE": null, "LATITUDE": 49.800434, "LONGITUDE": 9.950028, "POP_MAX": 168561, "POP_MIN": 133731, "POP_OTHER": 162800, "RANK_MAX": 9, "RANK_MIN": 9, "MEGANAME": null, "LS_NAME": "Wurzburg", "MAX_POP10": 168561, "MAX_POP20": 168561, "MAX_POP50": 0, "MAX_POP300": 0, "MAX_POP310": 0, "MAX_NATSCA": 20, "MIN_AREAKM": 90, "MAX_AREAKM": 90, "MIN_AREAMI": 35, "MAX_AREAMI": 35, "MIN_PERKM": 117, "MAX_PERKM": 117, "MIN_PERMI": 73, "MAX_PERMI": 73, "MIN_BBXMIN": 9.85, "MAX_BBXMIN": 9.85, "MIN_BBXMAX": 10.05, "MAX_BBXMAX": 10.05, "MIN_BBYMIN": 49.716667, "MAX_BBYMIN": 49.716667, "MIN_BBYMAX": 49.858333, "MAX_BBYMAX": 49.858333, "MEAN_BBXC": 9.943452, "MEAN_BBYC": 49.796869, "TIMEZONE": "Europe/Berlin", "UN_FID": 0, "POP1950": 0, "POP1955": 0, "POP1960": 0, "POP1965": 0, "POP1970": 0, "POP1975": 0, "POP1980": 0, "POP1985": 0, "POP1990": 0, "POP1995": 0, "POP2000": 0, "POP2005": 0, "POP2010": 0, "POP2015": 0, "POP2020": 0, "POP2025": 0, "POP2050": 0, "MIN_ZOOM": 6.1, "WIKIDATAID": "Q2999", "WOF_ID": 101748557, "CAPALT": 0, "NAME_EN": "Würzburg", "NAME_DE": "Würzburg", "NAME_ES": "Wurzburgo", "NAME_FR": "Wurtzbourg", "NAME_PT": "Wurtzburgo", "NAME_RU": "Вюрцбург", "NAME_ZH": "维尔茨堡", "LABEL": null, "NAME_AR": "فورتسبورغ", "NAME_BN": "উর্জবার্গ", "NAME_EL": "Βύρτσμπουργκ", "NAME_HI": "वुर्जबर्ग", "NAME_HU": "Würzburg", "NAME_ID": "Würzburg", "NAME_IT": "Würzburg", "NAME_JA": "ヴュルツブルク", "NAME_KO": "뷔르츠부르크", "NAME_NL": "Würzburg", "NAME_PL": "Würzburg", "NAME_SV": "Würzburg", "NAME_TR": "Würzburg", "NAME_VI": "Würzburg", "NE_ID": 1159140635, "NAME_FA": "وورتسبورگ", "NAME_HE": "וירצבורג", "NAME_UK": "Вюрцбург", "NAME_UR": "وزبرگ", "NAME_ZHT": "符茲堡", "GEONAMESID": 2805615, "FCLASS_ISO": null, "FCLASS_US": null, "FCLASS_FR": null, "FCLASS_RU": null, "FCLASS_ES": null, "FCLASS_CN": null, "FCLASS_TW": null, "FCLASS_IN": null, "FCLASS_NP": null, "FCLASS_PK": null, "FCLASS_DE": null, "FCLASS_GB": null, "FCLASS_BR": null, "FCLASS_IL": null, "FCLASS_PS": null, "FCLASS_SA": null, "FCLASS_EG": null, "FCLASS_MA": null, "FCLASS_PT": null, "FCLASS_AR": null, "FCLASS_JP": null, "FCLASS_KO": null, "FCLASS_VN": null, "FCLASS_TR": null, "FCLASS_ID": null, "FCLASS_PL": null, "FCLASS_GR": null, "FCLASS_IT": null, "FCLASS_NL": null, "FCLASS_SE": null, "FCLASS_BD": null, "FCLASS_UA": null, "FCLASS_TLC": null}, "bbox": [9.950028, 49.800434, 9.950028, 49.800434], "geometry": {"type": "Point", "coordinates": [9.950028, 49.800434]}}, {"type": "Feature", "properties": {"SCALERANK": 7, "NATSCALE": 20, "LABELRANK": 3, "FEATURECLA": "Populated place", "NAME": "Ingolstadt", "NAMEPAR": null, "NAMEALT": null, "NAMEASCII": "Ingolstadt", "ADM0CAP": 0, "CAPIN": null, "WORLDCITY": 0, "MEGACITY": 0, "SOV0NAME": "Germany", "SOV_A3": "DEU", "ADM0NAME": "Germany", "ADM0_A3": "DEU", "ADM1NAME": "Bayern", "ISO_A2": "DE", "NOTE": null, "LATITUDE": 48.77042, "LONGITUDE": 11.449988, "POP_MAX": 163325, "POP_MIN": 120658, "POP_OTHER": 120131, "RANK_MAX": 9, "RANK_MIN": 9, "MEGANAME": null, "LS_NAME": "Ingolstadt", "MAX_POP10": 163325, "MAX_POP20": 163325, "MAX_POP50": 0, "MAX_POP300": 0, "MAX_POP310": 0, "MAX_NATSCA": 20, "MIN_AREAKM": 103, "MAX_AREAKM": 103, "MIN_AREAMI": 40, "MAX_AREAMI": 40, "MIN_PERKM": 132, "MAX_PERKM": 132, "MIN_PERMI": 82, "MAX_PERMI": 82, "MIN_BBXMIN": 11.358333, "MAX_BBXMIN": 11.358333, "MIN_BBXMAX": 11.55, "MAX_BBXMAX": 11.55, "MIN_BBYMIN": 48.65, "MAX_BBYMIN": 48.65, "MIN_BBYMAX": 48.833333, "MAX_BBYMAX": 48.833333, "MEAN_BBXC": 11.441874, "MEAN_BBYC": 48.758448, "TIMEZONE": "Europe/Berlin", "UN_FID": 0, "POP1950": 0, "POP1955": 0, "POP1960": 0, "POP1965": 0, "POP1970": 0, "POP1975": 0, "POP1980": 0, "POP1985": 0, "POP1990": 0, "POP1995": 0, "POP2000": 0, "POP2005": 0, "POP2010": 0, "POP2015": 0, "POP2020": 0, "POP2025": 0, "POP2050": 0, "MIN_ZOOM": 6.7, "WIKIDATAID": "Q3004", "WOF_ID": 101905811, "CAPALT": 0, "NAME_EN": "Ingolstadt", "NAME_DE": "Ingolstadt", "NAME_ES": "Ingolstadt", "NAME_FR": "Ingolstadt", "NAME_PT": "Ingolstadt", "NAME_RU": "Ингольштадт", "NAME_ZH": "因戈尔施塔特", "LABEL": null, "NAME_AR": "إنغولشتات", "NAME_BN": "ইঙ্গলসস্ট্যাড", "NAME_EL": "Ίνγκολστατ", "NAME_HI": "इंगोलस्टेयड", "NAME_HU": "Ingolstadt", "NAME_ID": "Ingolstadt", "NAME_IT": "Ingolstadt", "NAME_JA": "インゴルシュタット", "NAME_KO": "잉골슈타트", "NAME_NL": "Ingolstadt", "NAME_PL": "Ingolstadt", "NAME_SV": "Ingolstadt", "NAME_TR": "Ingolstadt", "NAME_VI": "Ingolstadt", "NE_ID": 1159140639, "NAME_FA": "اینگولشتات", "NAME_HE": "אינגולשטאדט", "NAME_UK": "Інгольштадт", "NAME_UR": "انجولستادت", "NAME_ZHT": "因哥爾斯塔特", "GEONAMESID": 2895992, "FCLASS_ISO": null, "FCLASS_US": null, "FCLASS_FR": null, "FCLASS_RU": null, "FCLASS_ES": null, "FCLASS_CN": null, "FCLASS_TW": null, "FCLASS_IN": null, "FCLASS_NP": null, "FCLASS_PK": null, "FCLASS_DE": null, "FCLASS_GB": null, "FCLASS_BR": null, "FCLASS_IL": null, "FCLASS_PS": null, "FCLASS_SA": null, "FCLASS_EG": null, "FCLASS_MA": null, "FCLASS_PT": null, "FCLASS_AR": null, "FCLASS_JP": null, "FCLASS_KO": null, "FCLASS_VN": null, "FCLASS_TR": null, "FCLASS_ID": null, "FCLASS_PL": null, "FCLASS_GR": null, "FCLASS_IT": null, "FCLASS_NL": null, "FCLASS_SE": null, "FCLASS_BD": null, "FCLASS_UA": null, "FCLASS_TLC": null}, "bbox": [11.449988, 48.77042, 11.449988, 48.77042], "geometry": {"type": "Point", "coordinates": [11.449988, 48.77042]}}, {"type": "Feature", "properties": {"SCALERANK": 7, "NATSCALE": 20, "LABELRANK": 8, "FEATURECLA": "Populated place", "NAME": "Pula", "NAMEPAR": null, "NAMEALT": null, "NAMEASCII": "Pula", "ADM0CAP": 0, "CAPIN": null, "WORLDCITY": 0, "MEGACITY": 0, "SOV0NAME": "Croatia", "SOV_A3": "HRV", "ADM0NAME": "Croatia", "ADM0_A3": "HRV", "ADM1NAME": "Istarska", "ISO_A2": "HR", "NOTE": null, "LATITUDE": 44.86872, "LONGITUDE": 13.848085, "POP_MAX": 61599, "POP_MIN": 59078, "POP_OTHER": 61190, "RANK_MAX": 8, "RANK_MIN": 8, "MEGANAME": null, "LS_NAME": "Pula", "MAX_POP10": 61599, "MAX_POP20": 61599, "MAX_POP50": 0, "MAX_POP300": 0, "MAX_POP310": 0, "MAX_NATSCA": 20, "MIN_AREAKM": 21, "MAX_AREAKM": 21, "MIN_AREAMI": 8, "MAX_AREAMI": 8, "MIN_PERKM": 29, "MAX_PERKM": 29, "MIN_PERMI": 18, "MAX_PERMI": 18, "MIN_BBXMIN": 13.816667, "MAX_BBXMIN": 13.816667, "MIN_BBXMAX": 13.883333, "MAX_BBXMAX": 13.883333, "MIN_BBYMIN": 44.833333, "MAX_BBYMIN": 44.833333, "MIN_BBYMAX": 44.908333, "MAX_BBYMAX": 44.908333, "MEAN_BBXC": 13.851786, "MEAN_BBYC": 44.868214, "TIMEZONE": "Europe/Zagreb", "UN_FID": 0, "POP1950": 0, "POP1955": 0, "POP1960": 0, "POP1965": 0, "POP1970": 0, "POP1975": 0, "POP1980": 0, "POP1985": 0, "POP1990": 0, "POP1995": 0, "POP2000": 0, "POP2005": 0, "POP2010": 0, "POP2015": 0, "POP2020": 0, "POP2025": 0, "POP2050": 0, "MIN_ZOOM": 6.7, "WIKIDATAID": "Q4656", "WOF_ID": 101751771, "CAPALT": 0, "NAME_EN": "Pula", "NAME_DE": "Pula", "NAME_ES": "Pula", "NAME_FR": "Pula", "NAME_PT": "Pula", "NAME_RU": "Пула", "NAME_ZH": "普拉", "LABEL": null, "NAME_AR": "بولا", "NAME_BN": "পোলা", "NAME_EL": "Πούλα", "NAME_HI": "पुला", "NAME_HU": "Póla", "NAME_ID": "Pula", "NAME_IT": "Pola", "NAME_JA": "プーラ", "NAME_KO": "풀라", "NAME_NL": "Pula", "NAME_PL": "Pula", "NAME_SV": "Pula", "NAME_TR": "Pula", "NAME_VI": "Pula", "NE_ID": 1159140643, "NAME_FA": "پولا", "NAME_HE": "פולה", "NAME_UK": "Пула", "NAME_UR": "پولا", "NAME_ZHT": "普拉", "GEONAMESID": 3192224, "FCLASS_ISO": null, "FCLASS_US": null, "FCLASS_FR": null, "FCLASS_RU": null, "FCLASS_ES": null, "FCLASS_CN": null, "FCLASS_TW": null, "FCLASS_IN": null, "FCLASS_NP": null, "FCLASS_PK": null, "FCLASS_DE": null, "FCLASS_GB": null, "FCLASS_BR": null, "FCLASS_IL": null, "FCLASS_PS": null, "FCLASS_SA": null, "FCLASS_EG": null, "FCLASS_MA": null, "FCLASS_PT": null, "FCLASS_AR": null, "FCLASS_JP": null, "FCLASS_KO": null, "FCLASS_VN": null, "FCLASS_TR": null, "FCLASS_ID": null, "FCLASS_PL": null, "FCLASS_GR": null, "FCLASS_IT": null, "FCLASS_NL": null, "FCLASS_SE": null, "FCLASS_BD": null, "FCLASS_UA": null, "FCLASS_TLC": null}, "bbox": [13.848085, 44.86872, 13.848085, 44.86872], "geometry": {"type": "Point", "coordinates": [13.848085, 44.86872]}}, {"type": "Feature", "properties": {"SCALERANK": 7, "NATSCALE": 20, "LABELRANK": 7, "FEATURECLA": "Admin-1 capital", "NAME": "Jihlava", "NAMEPAR": null, "NAMEALT": null, "NAMEASCII": "Jihlava", "ADM0CAP": 0, "CAPIN": null, "WORLDCITY": 0, "MEGACITY": 0, "SOV0NAME": "Czechia", "SOV_A3": "CZE", "ADM0NAME": "Czechia", "ADM0_A3": "CZE", "ADM1NAME": "Kraj Vysocina", "ISO_A2": "CZ", "NOTE": null, "LATITUDE": 49.400381, "LONGITUDE": 15.583328, "POP_MAX": 53921, "POP_MIN": 50100, "POP_OTHER": 53364, "RANK_MAX": 8, "RANK_MIN": 8, "MEGANAME": null, "LS_NAME": "Jihlava", "MAX_POP10": 53921, "MAX_POP20": 53921, "MAX_POP50": 0, "MAX_POP300": 0, "MAX_POP310": 0, "MAX_NATSCA": 20, "MIN_AREAKM": 19, "MAX_AREAKM": 19, "MIN_AREAMI": 7, "MAX_AREAMI": 7, "MIN_PERKM": 26, "MAX_PERKM": 26, "MIN_PERMI": 16, "MAX_PERMI": 16, "MIN_BBXMIN": 15.55, "MAX_BBXMIN": 15.55, "MIN_BBXMAX": 15.616667, "MAX_BBXMAX": 15.616667, "MIN_BBYMIN": 49.375, "MAX_BBYMIN": 49.375, "MIN_BBYMAX": 49.441667, "MAX_BBYMAX": 49.441667, "MEAN_BBXC": 15.586765, "MEAN_BBYC": 49.405147, "TIMEZONE": "Europe/Prague", "UN_FID": 0, "POP1950": 0, "POP1955": 0, "POP1960": 0, "POP1965": 0, "POP1970": 0, "POP1975": 0, "POP1980": 0, "POP1985": 0, "POP1990": 0, "POP1995": 0, "POP2000": 0, "POP2005": 0, "POP2010": 0, "POP2015": 0, "POP2020": 0, "POP2025": 0, "POP2050": 0, "MIN_ZOOM": 6.7, "WIKIDATAID": "Q183111", "WOF_ID": 101826409, "CAPALT": 0, "NAME_EN": "Jihlava", "NAME_DE": "Jihlava", "NAME_ES": "Jihlava", "NAME_FR": "Jihlava", "NAME_PT": "Jihlava", "NAME_RU": "Йиглава", "NAME_ZH": "伊赫拉瓦", "LABEL": null, "NAME_AR": "يهلافا", "NAME_BN": "জিলাভা", "NAME_EL": "Γίχλαβα", "NAME_HI": "जिहलावा", "NAME_HU": "Jihlava", "NAME_ID": "Jihlava", "NAME_IT": "Jihlava", "NAME_JA": "イフラヴァ", "NAME_KO": "이흘라바", "NAME_NL": "Jihlava", "NAME_PL": "Igława", "NAME_SV": "Jihlava", "NAME_TR": "Jihlava", "NAME_VI": "Jihlava", "NE_ID": 1159140653, "NAME_FA": "ییهلاوا", "NAME_HE": "ייהלבה", "NAME_UK": "Їглава", "NAME_UR": "ییہلاوا", "NAME_ZHT": "伊赫拉瓦", "GEONAMESID": 3074199, "FCLASS_ISO": null, "FCLASS_US": null, "FCLASS_FR": null, "FCLASS_RU": null, "FCLASS_ES": null, "FCLASS_CN": null, "FCLASS_TW": null, "FCLASS_IN": null, "FCLASS_NP": null, "FCLASS_PK": null, "FCLASS_DE": null, "FCLASS_GB": null, "FCLASS_BR": null, "FCLASS_IL": null, "FCLASS_PS": null, "FCLASS_SA": null, "FCLASS_EG": null, "FCLASS_MA": null, "FCLASS_PT": null, "FCLASS_AR": null, "FCLASS_JP": null, "FCLASS_KO": null, "FCLASS_VN": null, "FCLASS_TR": null, "FCLASS_ID": null, "FCLASS_PL": null, "FCLASS_GR": null, "FCLASS_IT": null, "FCLASS_NL": null, "FCLASS_SE": null, "FCLASS_BD": null, "FCLASS_UA": null, "FCLASS_TLC": null}, "bbox": [15.583328, 49.400381, 15.583328, 49.400381], "geometry": {"type": "Point", "coordinates": [15.583328, 49.400381]}}, {"type": "Feature", "properties": {"SCALERANK": 7, "NATSCALE": 20, "LABELRANK": 7, "FEATURECLA": "Admin-1 capital", "NAME": "Pardubice", "NAMEPAR": null, "NAMEALT": null, "NAMEASCII": "Pardubice", "ADM0CAP": 0, "CAPIN": null, "WORLDCITY": 0, "MEGACITY": 0, "SOV0NAME": "Czechia", "SOV_A3": "CZE", "ADM0NAME": "Czechia", "ADM0_A3": "CZE", "ADM1NAME": "Královéhradecký", "ISO_A2": "CZ", "NOTE": null, "LATITUDE": 50.04042, "LONGITUDE": 15.760009, "POP_MAX": 107064, "POP_MIN": 88741, "POP_OTHER": 103188, "RANK_MAX": 9, "RANK_MIN": 8, "MEGANAME": null, "LS_NAME": "Pardubice", "MAX_POP10": 107064, "MAX_POP20": 107064, "MAX_POP50": 0, "MAX_POP300": 0, "MAX_POP310": 0, "MAX_NATSCA": 20, "MIN_AREAKM": 50, "MAX_AREAKM": 50, "MIN_AREAMI": 19, "MAX_AREAMI": 19, "MIN_PERKM": 73, "MAX_PERKM": 73, "MIN_PERMI": 45, "MAX_PERMI": 45, "MIN_BBXMIN": 15.691667, "MAX_BBXMIN": 15.691667, "MIN_BBXMAX": 15.841667, "MAX_BBXMAX": 15.841667, "MIN_BBYMIN": 49.975, "MAX_BBYMIN": 49.975, "MIN_BBYMAX": 50.091667, "MAX_BBYMAX": 50.091667, "MEAN_BBXC": 15.766163, "MEAN_BBYC": 50.037317, "TIMEZONE": "Europe/Prague", "UN_FID": 0, "POP1950": 0, "POP1955": 0, "POP1960": 0, "POP1965": 0, "POP1970": 0, "POP1975": 0, "POP1980": 0, "POP1985": 0, "POP1990": 0, "POP1995": 0, "POP2000": 0, "POP2005": 0, "POP2010": 0, "POP2015": 0, "POP2020": 0, "POP2025": 0, "POP2050": 0, "MIN_ZOOM": 6.7, "WIKIDATAID": "Q36989", "WOF_ID": 101748115, "CAPALT": 0, "NAME_EN": "Pardubice", "NAME_DE": "Pardubice", "NAME_ES": "Pardubice", "NAME_FR": "Pardubice", "NAME_PT": "Pardubice", "NAME_RU": "Пардубице", "NAME_ZH": "帕尔杜比采", "LABEL": null, "NAME_AR": "باردوبيتسه", "NAME_BN": "পারেডুবিচে", "NAME_EL": "Παρντουμπίτσε", "NAME_HI": "परडुबीस", "NAME_HU": "Pardubice", "NAME_ID": "Pardubice", "NAME_IT": "Pardubice", "NAME_JA": "パルドゥビツェ", "NAME_KO": "파르두비체", "NAME_NL": "Pardubice", "NAME_PL": "Pardubice", "NAME_SV": "Pardubice", "NAME_TR": "Pardubice", "NAME_VI": "Pardubice", "NE_ID": 1159140667, "NAME_FA": "پاردوبیتسه", "NAME_HE": "פרדוביצה", "NAME_UK": "Пардубиці", "NAME_UR": "پاردوبیتسے", "NAME_ZHT": "帕爾杜比采", "GEONAMESID": 3068582, "FCLASS_ISO": null, "FCLASS_US": null, "FCLASS_FR": null, "FCLASS_RU": null, "FCLASS_ES": null, "FCLASS_CN": null, "FCLASS_TW": null, "FCLASS_IN": null, "FCLASS_NP": null, "FCLASS_PK": null, "FCLASS_DE": null, "FCLASS_GB": null, "FCLASS_BR": null, "FCLASS_IL": null, "FCLASS_PS": null, "FCLASS_SA": null, "FCLASS_EG": null, "FCLASS_MA": null, "FCLASS_PT": null, "FCLASS_AR": null, "FCLASS_JP": null, "FCLASS_KO": null, "FCLASS_VN": null, "FCLASS_TR": null, "FCLASS_ID": null, "FCLASS_PL": null, "FCLASS_GR": null, "FCLASS_IT": null, "FCLASS_NL": null, "FCLASS_SE": null, "FCLASS_BD": null, "FCLASS_UA": null, "FCLASS_TLC": null}, "bbox": [15.760009, 50.04042, 15.760009, 50.04042], "geometry": {"type": "Point", "coordinates": [15.760009, 50.04042]}}, {"type": "Feature", "properties": {"SCALERANK": 7, "NATSCALE": 20, "LABELRANK": 3, "FEATURECLA": "Populated place", "NAME": "Cottbus", "NAMEPAR": null, "NAMEALT": null, "NAMEASCII": "Cottbus", "ADM0CAP": 0, "CAPIN": null, "WORLDCITY": 0, "MEGACITY": 0, "SOV0NAME": "Germany", "SOV_A3": "DEU", "ADM0NAME": "Germany", "ADM0_A3": "DEU", "ADM1NAME": "Brandenburg", "ISO_A2": "DE", "NOTE": null, "LATITUDE": 51.770418, "LONGITUDE": 14.329967, "POP_MAX": 105067, "POP_MIN": 84754, "POP_OTHER": 101761, "RANK_MAX": 9, "RANK_MIN": 8, "MEGANAME": null, "LS_NAME": "Cottbus", "MAX_POP10": 105067, "MAX_POP20": 105067, "MAX_POP50": 0, "MAX_POP300": 0, "MAX_POP310": 0, "MAX_NATSCA": 20, "MIN_AREAKM": 62, "MAX_AREAKM": 62, "MIN_AREAMI": 24, "MAX_AREAMI": 24, "MIN_PERKM": 68, "MAX_PERKM": 68, "MIN_PERMI": 42, "MAX_PERMI": 42, "MIN_BBXMIN": 14.275, "MAX_BBXMIN": 14.275, "MIN_BBXMAX": 14.4, "MAX_BBXMAX": 14.4, "MIN_BBYMIN": 51.7, "MAX_BBYMIN": 51.7, "MIN_BBYMAX": 51.833333, "MAX_BBYMAX": 51.833333, "MEAN_BBXC": 14.335648, "MEAN_BBYC": 51.756944, "TIMEZONE": "Europe/Berlin", "UN_FID": 0, "POP1950": 0, "POP1955": 0, "POP1960": 0, "POP1965": 0, "POP1970": 0, "POP1975": 0, "POP1980": 0, "POP1985": 0, "POP1990": 0, "POP1995": 0, "POP2000": 0, "POP2005": 0, "POP2010": 0, "POP2015": 0, "POP2020": 0, "POP2025": 0, "POP2050": 0, "MIN_ZOOM": 6.7, "WIKIDATAID": "Q3214", "WOF_ID": 101748763, "CAPALT": 0, "NAME_EN": "Cottbus", "NAME_DE": "Cottbus", "NAME_ES": "Cottbus", "NAME_FR": "Cottbus", "NAME_PT": "Cottbus", "NAME_RU": "Котбус", "NAME_ZH": "科特布斯", "LABEL": null, "NAME_AR": "كوتبوس", "NAME_BN": "কতবাস", "NAME_EL": "Κότμπους", "NAME_HI": "कॉटबस", "NAME_HU": "Cottbus", "NAME_ID": "Cottbus", "NAME_IT": "Cottbus", "NAME_JA": "コトブス", "NAME_KO": "콧부스", "NAME_NL": "Cottbus", "NAME_PL": "Chociebuż", "NAME_SV": "Cottbus", "NAME_TR": "Cottbus", "NAME_VI": "Cottbus", "NE_ID": 1159140671, "NAME_FA": "کتبوس", "NAME_HE": "קוטבוס", "NAME_UK": "Котбус", "NAME_UR": "کاٹبس", "NAME_ZHT": "科特布斯", "GEONAMESID": 2939811, "FCLASS_ISO": null, "FCLASS_US": null, "FCLASS_FR": null, "FCLASS_RU": null, "FCLASS_ES": null, "FCLASS_CN": null, "FCLASS_TW": null, "FCLASS_IN": null, "FCLASS_NP": null, "FCLASS_PK": null, "FCLASS_DE": null, "FCLASS_GB": null, "FCLASS_BR": null, "FCLASS_IL": null, "FCLASS_PS": null, "FCLASS_SA": null, "FCLASS_EG": null, "FCLASS_MA": null, "FCLASS_PT": null, "FCLASS_AR": null, "FCLASS_JP": null, "FCLASS_KO": null, "FCLASS_VN": null, "FCLASS_TR": null, "FCLASS_ID": null, "FCLASS_PL": null, "FCLASS_GR": null, "FCLASS_IT": null, "FCLASS_NL": null, "FCLASS_SE": null, "FCLASS_BD": null, "FCLASS_UA": null, "FCLASS_TLC": null}, "bbox": [14.329967, 51.770418, 14.329967, 51.770418], "geometry": {"type": "Point", "coordinates": [14.329967, 51.770418]}}, {"type": "Feature", "properties": {"SCALERANK": 7, "NATSCALE": 20, "LABELRANK": 3, "FEATURECLA": "Admin-1 capital", "NAME": "Potsdam", "NAMEPAR": null, "NAMEALT": null, "NAMEASCII": "Potsdam", "ADM0CAP": 0, "CAPIN": null, "WORLDCITY": 0, "MEGACITY": 0, "SOV0NAME": "Germany", "SOV_A3": "DEU", "ADM0NAME": "Germany", "ADM0_A3": "DEU", "ADM1NAME": "Brandenburg", "ISO_A2": "DE", "NOTE": null, "LATITUDE": 52.400405, "LONGITUDE": 13.069993, "POP_MAX": 218095, "POP_MIN": 145292, "POP_OTHER": 416773, "RANK_MAX": 10, "RANK_MIN": 9, "MEGANAME": null, "LS_NAME": "Potsdam", "MAX_POP10": 218095, "MAX_POP20": 218095, "MAX_POP50": 0, "MAX_POP300": 0, "MAX_POP310": 0, "MAX_NATSCA": 20, "MIN_AREAKM": 115, "MAX_AREAKM": 115, "MIN_AREAMI": 44, "MAX_AREAMI": 44, "MIN_PERKM": 152, "MAX_PERKM": 152, "MIN_PERMI": 94, "MAX_PERMI": 94, "MIN_BBXMIN": 12.958333, "MAX_BBXMIN": 12.958333, "MIN_BBXMAX": 13.266667, "MAX_BBXMAX": 13.266667, "MIN_BBYMIN": 52.333333, "MAX_BBYMIN": 52.333333, "MIN_BBYMAX": 52.466667, "MAX_BBYMAX": 52.466667, "MEAN_BBXC": 13.12329, "MEAN_BBYC": 52.401242, "TIMEZONE": "Europe/Berlin", "UN_FID": 0, "POP1950": 0, "POP1955": 0, "POP1960": 0, "POP1965": 0, "POP1970": 0, "POP1975": 0, "POP1980": 0, "POP1985": 0, "POP1990": 0, "POP1995": 0, "POP2000": 0, "POP2005": 0, "POP2010": 0, "POP2015": 0, "POP2020": 0, "POP2025": 0, "POP2050": 0, "MIN_ZOOM": 6.7, "WIKIDATAID": "Q1711", "WOF_ID": 1141907659, "CAPALT": 0, "NAME_EN": "Potsdam", "NAME_DE": "Potsdam", "NAME_ES": "Potsdam", "NAME_FR": "Potsdam", "NAME_PT": "Potsdam", "NAME_RU": "Потсдам", "NAME_ZH": "波茨坦", "LABEL": null, "NAME_AR": "بوتسدام", "NAME_BN": "পোটসডাম", "NAME_EL": "Πότσδαμ", "NAME_HI": "पॉट्सडैम", "NAME_HU": "Potsdam", "NAME_ID": "Potsdam", "NAME_IT": "Potsdam", "NAME_JA": "ポツダム", "NAME_KO": "포츠담", "NAME_NL": "Potsdam", "NAME_PL": "Poczdam", "NAME_SV": "Potsdam", "NAME_TR": "Potsdam", "NAME_VI": "Potsdam", "NE_ID": 1159140675, "NAME_FA": "پوتسدام", "NAME_HE": "פוטסדאם", "NAME_UK": "Потсдам", "NAME_UR": "پاٹسڈیم", "NAME_ZHT": "波茨坦", "GEONAMESID": 2852458, "FCLASS_ISO": null, "FCLASS_US": null, "FCLASS_FR": null, "FCLASS_RU": null, "FCLASS_ES": null, "FCLASS_CN": null, "FCLASS_TW": null, "FCLASS_IN": null, "FCLASS_NP": null, "FCLASS_PK": null, "FCLASS_DE": null, "FCLASS_GB": null, "FCLASS_BR": null, "FCLASS_IL": null, "FCLASS_PS": null, "FCLASS_SA": null, "FCLASS_EG": null, "FCLASS_MA": null, "FCLASS_PT": null, "FCLASS_AR": null, "FCLASS_JP": null, "FCLASS_KO": null, "FCLASS_VN": null, "FCLASS_TR": null, "FCLASS_ID": null, "FCLASS_PL": null, "FCLASS_GR": null, "FCLASS_IT": null, "FCLASS_NL": null, "FCLASS_SE": null, "FCLASS_BD": null, "FCLASS_UA": null, "FCLASS_TLC": null}, "bbox": [13.069993, 52.400405, 13.069993, 52.400405], "geometry": {"type": "Point", "coordinates": [13.069993, 52.400405]}}, {"type": "Feature", "properties": {"SCALERANK": 7, "NATSCALE": 20, "LABELRANK": 3, "FEATURECLA": "Admin-1 capital", "NAME": "Magdeburg", "NAMEPAR": null, "NAMEALT": null, "NAMEASCII": "Magdeburg", "ADM0CAP": 0, "CAPIN": null, "WORLDCITY": 0, "MEGACITY": 0, "SOV0NAME": "Germany", "SOV_A3": "DEU", "ADM0NAME": "Germany", "ADM0_A3": "DEU", "ADM1NAME": "Sachsen-Anhalt", "ISO_A2": "DE", "NOTE": null, "LATITUDE": 52.130421, "LONGITUDE": 11.620004, "POP_MAX": 229826, "POP_MIN": 224931, "POP_OTHER": 216922, "RANK_MAX": 10, "RANK_MIN": 10, "MEGANAME": null, "LS_NAME": "Magdeburg", "MAX_POP10": 224931, "MAX_POP20": 224931, "MAX_POP50": 0, "MAX_POP300": 0, "MAX_POP310": 0, "MAX_NATSCA": 20, "MIN_AREAKM": 117, "MAX_AREAKM": 117, "MIN_AREAMI": 45, "MAX_AREAMI": 45, "MIN_PERKM": 119, "MAX_PERKM": 119, "MIN_PERMI": 74, "MAX_PERMI": 74, "MIN_BBXMIN": 11.55, "MAX_BBXMIN": 11.55, "MIN_BBXMAX": 11.758333, "MAX_BBXMAX": 11.758333, "MIN_BBYMIN": 52.05, "MAX_BBYMIN": 52.05, "MIN_BBYMAX": 52.216667, "MAX_BBYMAX": 52.216667, "MEAN_BBXC": 11.631607, "MEAN_BBYC": 52.131907, "TIMEZONE": "Europe/Berlin", "UN_FID": 0, "POP1950": 0, "POP1955": 0, "POP1960": 0, "POP1965": 0, "POP1970": 0, "POP1975": 0, "POP1980": 0, "POP1985": 0, "POP1990": 0, "POP1995": 0, "POP2000": 0, "POP2005": 0, "POP2010": 0, "POP2015": 0, "POP2020": 0, "POP2025": 0, "POP2050": 0, "MIN_ZOOM": 6.1, "WIKIDATAID": "Q1733", "WOF_ID": 101748781, "CAPALT": 0, "NAME_EN": "Magdeburg", "NAME_DE": "Magdeburg", "NAME_ES": "Magdeburgo", "NAME_FR": "Magdebourg", "NAME_PT": "Magdeburgo", "NAME_RU": "Магдебург", "NAME_ZH": "马格德堡", "LABEL": null, "NAME_AR": "مغدبورغ", "NAME_BN": "ম্যাগডেবার্গ", "NAME_EL": "Μαγδεβούργο", "NAME_HI": "मागदेबुर्ग", "NAME_HU": "Magdeburg", "NAME_ID": "Magdeburg", "NAME_IT": "Magdeburgo", "NAME_JA": "マクデブルク", "NAME_KO": "마그데부르크", "NAME_NL": "Magdeburg", "NAME_PL": "Magdeburg", "NAME_SV": "Magdeburg", "NAME_TR": "Magdeburg", "NAME_VI": "Magdeburg", "NE_ID": 1159140679, "NAME_FA": "ماگدبورگ", "NAME_HE": "מגדבורג", "NAME_UK": "Магдебург", "NAME_UR": "ماجدیبورج", "NAME_ZHT": "馬德堡", "GEONAMESID": 2874545, "FCLASS_ISO": null, "FCLASS_US": null, "FCLASS_FR": null, "FCLASS_RU": null, "FCLASS_ES": null, "FCLASS_CN": null, "FCLASS_TW": null, "FCLASS_IN": null, "FCLASS_NP": null, "FCLASS_PK": null, "FCLASS_DE": null, "FCLASS_GB": null, "FCLASS_BR": null, "FCLASS_IL": null, "FCLASS_PS": null, "FCLASS_SA": null, "FCLASS_EG": null, "FCLASS_MA": null, "FCLASS_PT": null, "FCLASS_AR": null, "FCLASS_JP": null, "FCLASS_KO": null, "FCLASS_VN": null, "FCLASS_TR": null, "FCLASS_ID": null, "FCLASS_PL": null, "FCLASS_GR": null, "FCLASS_IT": null, "FCLASS_NL": null, "FCLASS_SE": null, "FCLASS_BD": null, "FCLASS_UA": null, "FCLASS_TLC": null}, "bbox": [11.620004, 52.130421, 11.620004, 52.130421], "geometry": {"type": "Point", "coordinates": [11.620004, 52.130421]}}, {"type": "Feature", "properties": {"SCALERANK": 7, "NATSCALE": 20, "LABELRANK": 3, "FEATURECLA": "Populated place", "NAME": "Leipzig", "NAMEPAR": null, "NAMEALT": null, "NAMEASCII": "Leipzig", "ADM0CAP": 0, "CAPIN": null, "WORLDCITY": 0, "MEGACITY": 0, "SOV0NAME": "Germany", "SOV_A3": "DEU", "ADM0NAME": "Germany", "ADM0_A3": "DEU", "ADM1NAME": "Sachsen", "ISO_A2": "DE", "NOTE": null, "LATITUDE": 51.335405, "LONGITUDE": 12.409981, "POP_MAX": 542529, "POP_MIN": 504971, "POP_OTHER": 531934, "RANK_MAX": 11, "RANK_MIN": 11, "MEGANAME": null, "LS_NAME": "Leipzig", "MAX_POP10": 542529, "MAX_POP20": 542529, "MAX_POP50": 0, "MAX_POP300": 0, "MAX_POP310": 0, "MAX_NATSCA": 20, "MIN_AREAKM": 212, "MAX_AREAKM": 212, "MIN_AREAMI": 82, "MAX_AREAMI": 82, "MIN_PERKM": 205, "MAX_PERKM": 205, "MIN_PERMI": 127, "MAX_PERMI": 127, "MIN_BBXMIN": 12.166667, "MAX_BBXMIN": 12.166667, "MIN_BBXMAX": 12.533333, "MAX_BBXMAX": 12.533333, "MIN_BBYMIN": 51.225, "MAX_BBYMIN": 51.225, "MIN_BBYMAX": 51.416667, "MAX_BBYMAX": 51.416667, "MEAN_BBXC": 12.378255, "MEAN_BBYC": 51.337352, "TIMEZONE": "Europe/Berlin", "UN_FID": 0, "POP1950": 0, "POP1955": 0, "POP1960": 0, "POP1965": 0, "POP1970": 0, "POP1975": 0, "POP1980": 0, "POP1985": 0, "POP1990": 0, "POP1995": 0, "POP2000": 0, "POP2005": 0, "POP2010": 0, "POP2015": 0, "POP2020": 0, "POP2025": 0, "POP2050": 0, "MIN_ZOOM": 6.1, "WIKIDATAID": "Q2079", "WOF_ID": 101748685, "CAPALT": 0, "NAME_EN": "Leipzig", "NAME_DE": "Leipzig", "NAME_ES": "Leipzig", "NAME_FR": "Leipzig", "NAME_PT": "Leipzig", "NAME_RU": "Лейпциг", "NAME_ZH": "莱比锡", "LABEL": null, "NAME_AR": "لايبزيغ", "NAME_BN": "লাইপ্ৎসিশ", "NAME_EL": "Λειψία", "NAME_HI": "लिपजिग", "NAME_HU": "Lipcse", "NAME_ID": "Leipzig", "NAME_IT": "Lipsia", "NAME_JA": "ライプツィヒ", "NAME_KO": "라이프치히", "NAME_NL": "Leipzig", "NAME_PL": "Lipsk", "NAME_SV": "Leipzig", "NAME_TR": "Leipzig", "NAME_VI": "Leipzig", "NE_ID": 1159140685, "NAME_FA": "لایپزیگ", "NAME_HE": "לייפציג", "NAME_UK": "Лейпциг", "NAME_UR": "لائپزش", "NAME_ZHT": "萊比錫", "GEONAMESID": 2879139, "FCLASS_ISO": null, "FCLASS_US": null, "FCLASS_FR": null, "FCLASS_RU": null, "FCLASS_ES": null, "FCLASS_CN": null, "FCLASS_TW": null, "FCLASS_IN": null, "FCLASS_NP": null, "FCLASS_PK": null, "FCLASS_DE": null, "FCLASS_GB": null, "FCLASS_BR": null, "FCLASS_IL": null, "FCLASS_PS": null, "FCLASS_SA": null, "FCLASS_EG": null, "FCLASS_MA": null, "FCLASS_PT": null, "FCLASS_AR": null, "FCLASS_JP": null, "FCLASS_KO": null, "FCLASS_VN": null, "FCLASS_TR": null, "FCLASS_ID": null, "FCLASS_PL": null, "FCLASS_GR": null, "FCLASS_IT": null, "FCLASS_NL": null, "FCLASS_SE": null, "FCLASS_BD": null, "FCLASS_UA": null, "FCLASS_TLC": null}, "bbox": [12.409981, 51.335405, 12.409981, 51.335405], "geometry": {"type": "Point", "coordinates": [12.409981, 51.335405]}}, {"type": "Feature", "properties": {"SCALERANK": 7, "NATSCALE": 20, "LABELRANK": 3, "FEATURECLA": "Populated place", "NAME": "Cherbourg", "NAMEPAR": null, "NAMEALT": null, "NAMEASCII": "Cherbourg", "ADM0CAP": 0, "CAPIN": null, "WORLDCITY": 0, "MEGACITY": 0, "SOV0NAME": "French Republic", "SOV_A3": "FRA", "ADM0NAME": "France", "ADM0_A3": "FRA", "ADM1NAME": "Basse-Normandie", "ISO_A2": "FR", "NOTE": null, "LATITUDE": 49.650392, "LONGITUDE": -1.649987, "POP_MAX": 60991, "POP_MIN": 60991, "POP_OTHER": 60146, "RANK_MAX": 8, "RANK_MIN": 8, "MEGANAME": null, "LS_NAME": "Cherbourg", "MAX_POP10": 60991, "MAX_POP20": 60991, "MAX_POP50": 0, "MAX_POP300": 0, "MAX_POP310": 0, "MAX_NATSCA": 20, "MIN_AREAKM": 47, "MAX_AREAKM": 47, "MIN_AREAMI": 18, "MAX_AREAMI": 18, "MIN_PERKM": 56, "MAX_PERKM": 56, "MIN_PERMI": 35, "MAX_PERMI": 35, "MIN_BBXMIN": -1.716667, "MAX_BBXMIN": -1.716667, "MIN_BBXMAX": -1.55, "MAX_BBXMAX": -1.55, "MIN_BBYMIN": 49.583333, "MAX_BBYMIN": 49.583333, "MIN_BBYMAX": 49.675, "MAX_BBYMAX": 49.675, "MEAN_BBXC": -1.626687, "MEAN_BBYC": 49.635714, "TIMEZONE": null, "UN_FID": 0, "POP1950": 0, "POP1955": 0, "POP1960": 0, "POP1965": 0, "POP1970": 0, "POP1975": 0, "POP1980": 0, "POP1985": 0, "POP1990": 0, "POP1995": 0, "POP2000": 0, "POP2005": 0, "POP2010": 0, "POP2015": 0, "POP2020": 0, "POP2025": 0, "POP2050": 0, "MIN_ZOOM": 6.7, "WIKIDATAID": "Q160199", "WOF_ID": 1141907807, "CAPALT": 0, "NAME_EN": "Cherbourg-Octeville", "NAME_DE": "Cherbourg-Octeville", "NAME_ES": "Cherburgo-Octeville", "NAME_FR": "Cherbourg-Octeville", "NAME_PT": "Cherbourg-Octeville", "NAME_RU": "Шербур-Октевиль", "NAME_ZH": "瑟堡-奥克特维尔", "LABEL": null, "NAME_AR": "شيربورغ-أوكتوفيل", "NAME_BN": "শেরবুর-অক্তভিল", "NAME_EL": "Σερμπούρ-Οκτεβίλ", "NAME_HI": "शैर्बूर", "NAME_HU": "Cherbourg-Octeville", "NAME_ID": "Cherbourg-Octeville", "NAME_IT": "Cherbourg-Octeville", "NAME_JA": "シェルブール＝オクトヴィル", "NAME_KO": "셰르부르옥트빌", "NAME_NL": "Cherbourg-Octeville", "NAME_PL": "Cherbourg-Octeville", "NAME_SV": "Cherbourg-Octeville", "NAME_TR": "Cherbourg-Octeville", "NAME_VI": "Cherbourg", "NE_ID": 1159141927, "NAME_FA": "شربورگ-اکتوویل", "NAME_HE": "שרבור", "NAME_UK": "Шербур-Октевіль", "NAME_UR": "چیربورگ", "NAME_ZHT": "瑟堡-奧克特維爾", "GEONAMESID": 3025466, "FCLASS_ISO": null, "FCLASS_US": null, "FCLASS_FR": null, "FCLASS_RU": null, "FCLASS_ES": null, "FCLASS_CN": null, "FCLASS_TW": null, "FCLASS_IN": null, "FCLASS_NP": null, "FCLASS_PK": null, "FCLASS_DE": null, "FCLASS_GB": null, "FCLASS_BR": null, "FCLASS_IL": null, "FCLASS_PS": null, "FCLASS_SA": null, "FCLASS_EG": null, "FCLASS_MA": null, "FCLASS_PT": null, "FCLASS_AR": null, "FCLASS_JP": null, "FCLASS_KO": null, "FCLASS_VN": null, "FCLASS_TR": null, "FCLASS_ID": null, "FCLASS_PL": null, "FCLASS_GR": null, "FCLASS_IT": null, "FCLASS_NL": null, "FCLASS_SE": null, "FCLASS_BD": null, "FCLASS_UA": null, "FCLASS_TLC": null}, "bbox": [-1.649987, 49.650392, -1.649987, 49.650392], "geometry": {"type": "Point", "coordinates": [-1.649987, 49.650392]}}, {"type": "Feature", "properties": {"SCALERANK": 7, "NATSCALE": 20, "LABELRANK": 3, "FEATURECLA": "Admin-1 region capital", "NAME": "Caen", "NAMEPAR": null, "NAMEALT": null, "NAMEASCII": "Caen", "ADM0CAP": 0, "CAPIN": null, "WORLDCITY": 0, "MEGACITY": 0, "SOV0NAME": "French Republic", "SOV_A3": "FRA", "ADM0NAME": "France", "ADM0_A3": "FRA", "ADM1NAME": "Basse-Normandie", "ISO_A2": "FR", "NOTE": null, "LATITUDE": 49.183754, "LONGITUDE": -0.349989, "POP_MAX": 190099, "POP_MIN": 110624, "POP_OTHER": 179301, "RANK_MAX": 9, "RANK_MIN": 9, "MEGANAME": null, "LS_NAME": "Caen", "MAX_POP10": 190099, "MAX_POP20": 190099, "MAX_POP50": 0, "MAX_POP300": 0, "MAX_POP310": 0, "MAX_NATSCA": 20, "MIN_AREAKM": 142, "MAX_AREAKM": 142, "MIN_AREAMI": 55, "MAX_AREAMI": 55, "MIN_PERKM": 175, "MAX_PERKM": 175, "MIN_PERMI": 109, "MAX_PERMI": 109, "MIN_BBXMIN": -0.483333, "MAX_BBXMIN": -0.483333, "MIN_BBXMAX": -0.225, "MAX_BBXMAX": -0.225, "MIN_BBYMIN": 49.133333, "MAX_BBYMIN": 49.133333, "MIN_BBYMAX": 49.308333, "MAX_BBYMAX": 49.308333, "MEAN_BBXC": -0.345471, "MEAN_BBYC": 49.203607, "TIMEZONE": "Europe/Paris", "UN_FID": 0, "POP1950": 0, "POP1955": 0, "POP1960": 0, "POP1965": 0, "POP1970": 0, "POP1975": 0, "POP1980": 0, "POP1985": 0, "POP1990": 0, "POP1995": 0, "POP2000": 0, "POP2005": 0, "POP2010": 0, "POP2015": 0, "POP2020": 0, "POP2025": 0, "POP2050": 0, "MIN_ZOOM": 6.7, "WIKIDATAID": "Q41185", "WOF_ID": 101750149, "CAPALT": 0, "NAME_EN": "Caen", "NAME_DE": "Caen", "NAME_ES": "Caen", "NAME_FR": "Caen", "NAME_PT": "Caen", "NAME_RU": "Кан", "NAME_ZH": "卡昂", "LABEL": null, "NAME_AR": "كاين", "NAME_BN": "কঁ", "NAME_EL": "Καέν", "NAME_HI": "कौं", "NAME_HU": "Caen", "NAME_ID": "Caen", "NAME_IT": "Caen", "NAME_JA": "カーン", "NAME_KO": "캉", "NAME_NL": "Caen", "NAME_PL": "Caen", "NAME_SV": "Caen", "NAME_TR": "Caen", "NAME_VI": "Caen", "NE_ID": 1159141931, "NAME_FA": "کان", "NAME_HE": "קן", "NAME_UK": "Кан", "NAME_UR": "کان", "NAME_ZHT": "康城", "GEONAMESID": 3029241, "FCLASS_ISO": null, "FCLASS_US": null, "FCLASS_FR": null, "FCLASS_RU": null, "FCLASS_ES": null, "FCLASS_CN": null, "FCLASS_TW": null, "FCLASS_IN": null, "FCLASS_NP": null, "FCLASS_PK": null, "FCLASS_DE": null, "FCLASS_GB": null, "FCLASS_BR": null, "FCLASS_IL": null, "FCLASS_PS": null, "FCLASS_SA": null, "FCLASS_EG": null, "FCLASS_MA": null, "FCLASS_PT": null, "FCLASS_AR": null, "FCLASS_JP": null, "FCLASS_KO": null, "FCLASS_VN": null, "FCLASS_TR": null, "FCLASS_ID": null, "FCLASS_PL": null, "FCLASS_GR": null, "FCLASS_IT": null, "FCLASS_NL": null, "FCLASS_SE": null, "FCLASS_BD": null, "FCLASS_UA": null, "FCLASS_TLC": null}, "bbox": [-0.349989, 49.183754, -0.349989, 49.183754], "geometry": {"type": "Point", "coordinates": [-0.349989, 49.183754]}}, {"type": "Feature", "properties": {"SCALERANK": 7, "NATSCALE": 20, "LABELRANK": 3, "FEATURECLA": "Populated place", "NAME": "Lorient", "NAMEPAR": null, "NAMEALT": null, "NAMEASCII": "Lorient", "ADM0CAP": 0, "CAPIN": null, "WORLDCITY": 0, "MEGACITY": 0, "SOV0NAME": "French Republic", "SOV_A3": "FRA", "ADM0NAME": "France", "ADM0_A3": "FRA", "ADM1NAME": "Bretagne", "ISO_A2": "FR", "NOTE": null, "LATITUDE": 47.750405, "LONGITUDE": -3.366575, "POP_MAX": 84952, "POP_MIN": 58112, "POP_OTHER": 79569, "RANK_MAX": 8, "RANK_MIN": 8, "MEGANAME": null, "LS_NAME": "Lorient", "MAX_POP10": 84952, "MAX_POP20": 84952, "MAX_POP50": 0, "MAX_POP300": 0, "MAX_POP310": 0, "MAX_NATSCA": 20, "MIN_AREAKM": 67, "MAX_AREAKM": 67, "MIN_AREAMI": 26, "MAX_AREAMI": 26, "MIN_PERKM": 92, "MAX_PERKM": 92, "MIN_PERMI": 57, "MAX_PERMI": 57, "MIN_BBXMIN": -3.466667, "MAX_BBXMIN": -3.466667, "MIN_BBXMAX": -3.308333, "MAX_BBXMAX": -3.308333, "MIN_BBYMIN": 47.691667, "MAX_BBYMIN": 47.691667, "MIN_BBYMAX": 47.816667, "MAX_BBYMAX": 47.816667, "MEAN_BBXC": -3.384529, "MEAN_BBYC": 47.748659, "TIMEZONE": "Europe/Paris", "UN_FID": 0, "POP1950": 0, "POP1955": 0, "POP1960": 0, "POP1965": 0, "POP1970": 0, "POP1975": 0, "POP1980": 0, "POP1985": 0, "POP1990": 0, "POP1995": 0, "POP2000": 0, "POP2005": 0, "POP2010": 0, "POP2015": 0, "POP2020": 0, "POP2025": 0, "POP2050": 0, "MIN_ZOOM": 6.7, "WIKIDATAID": "Q71724", "WOF_ID": 101749615, "CAPALT": 0, "NAME_EN": "Lorient", "NAME_DE": "Lorient", "NAME_ES": "Lorient", "NAME_FR": "Lorient", "NAME_PT": "Lorient", "NAME_RU": "Лорьян", "NAME_ZH": "洛里昂", "LABEL": null, "NAME_AR": "لوريان", "NAME_BN": "লোরিয়ঁ", "NAME_EL": "Λοριάν", "NAME_HI": "लोरिएंट", "NAME_HU": "Lorient", "NAME_ID": "Lorient", "NAME_IT": "Lorient", "NAME_JA": "ロリアン", "NAME_KO": "로리앙", "NAME_NL": "Lorient", "NAME_PL": "Lorient", "NAME_SV": "Lorient", "NAME_TR": "Lorient", "NAME_VI": "Lorient", "NE_ID": 1159141935, "NAME_FA": "لوریان", "NAME_HE": "לוריאן", "NAME_UK": "Лор'ян", "NAME_UR": "لورینٹ", "NAME_ZHT": "洛里昂", "GEONAMESID": 2997577, "FCLASS_ISO": null, "FCLASS_US": null, "FCLASS_FR": null, "FCLASS_RU": null, "FCLASS_ES": null, "FCLASS_CN": null, "FCLASS_TW": null, "FCLASS_IN": null, "FCLASS_NP": null, "FCLASS_PK": null, "FCLASS_DE": null, "FCLASS_GB": null, "FCLASS_BR": null, "FCLASS_IL": null, "FCLASS_PS": null, "FCLASS_SA": null, "FCLASS_EG": null, "FCLASS_MA": null, "FCLASS_PT": null, "FCLASS_AR": null, "FCLASS_JP": null, "FCLASS_KO": null, "FCLASS_VN": null, "FCLASS_TR": null, "FCLASS_ID": null, "FCLASS_PL": null, "FCLASS_GR": null, "FCLASS_IT": null, "FCLASS_NL": null, "FCLASS_SE": null, "FCLASS_BD": null, "FCLASS_UA": null, "FCLASS_TLC": null}, "bbox": [-3.366575, 47.750405, -3.366575, 47.750405], "geometry": {"type": "Point", "coordinates": [-3.366575, 47.750405]}}, {"type": "Feature", "properties": {"SCALERANK": 7, "NATSCALE": 20, "LABELRANK": 3, "FEATURECLA": "Populated place", "NAME": "Brest", "NAMEPAR": null, "NAMEALT": null, "NAMEASCII": "Brest", "ADM0CAP": 0, "CAPIN": null, "WORLDCITY": 0, "MEGACITY": 0, "SOV0NAME": "French Republic", "SOV_A3": "FRA", "ADM0NAME": "France", "ADM0_A3": "FRA", "ADM1NAME": "Bretagne", "ISO_A2": "FR", "NOTE": null, "LATITUDE": 48.390443, "LONGITUDE": -4.495008, "POP_MAX": 144899, "POP_MIN": 140929, "POP_OTHER": 119946, "RANK_MAX": 9, "RANK_MIN": 9, "MEGANAME": null, "LS_NAME": "Brest1", "MAX_POP10": 140929, "MAX_POP20": 140929, "MAX_POP50": 0, "MAX_POP300": 0, "MAX_POP310": 0, "MAX_NATSCA": 20, "MIN_AREAKM": 99, "MAX_AREAKM": 99, "MIN_AREAMI": 38, "MAX_AREAMI": 38, "MIN_PERKM": 137, "MAX_PERKM": 137, "MIN_PERMI": 85, "MAX_PERMI": 85, "MIN_BBXMIN": -4.625, "MAX_BBXMIN": -4.625, "MIN_BBXMAX": -4.35, "MAX_BBXMAX": -4.35, "MIN_BBYMIN": 48.35, "MAX_BBYMIN": 48.35, "MIN_BBYMAX": 48.466667, "MAX_BBYMAX": 48.466667, "MEAN_BBXC": -4.473242, "MEAN_BBYC": 48.400795, "TIMEZONE": "Europe/Paris", "UN_FID": 0, "POP1950": 0, "POP1955": 0, "POP1960": 0, "POP1965": 0, "POP1970": 0, "POP1975": 0, "POP1980": 0, "POP1985": 0, "POP1990": 0, "POP1995": 0, "POP2000": 0, "POP2005": 0, "POP2010": 0, "POP2015": 0, "POP2020": 0, "POP2025": 0, "POP2050": 0, "MIN_ZOOM": 6.1, "WIKIDATAID": "Q12193", "WOF_ID": 101750111, "CAPALT": 0, "NAME_EN": "Brest", "NAME_DE": "Brest", "NAME_ES": "Brest", "NAME_FR": "Brest", "NAME_PT": "Brest", "NAME_RU": "Брест", "NAME_ZH": "布雷斯特", "LABEL": null, "NAME_AR": "بريست", "NAME_BN": "ব্রেস্ত", "NAME_EL": "Βρέστη", "NAME_HI": "ब्रैस्त", "NAME_HU": "Brest", "NAME_ID": "Brest", "NAME_IT": "Brest", "NAME_JA": "ブレスト", "NAME_KO": "브레스트", "NAME_NL": "Brest", "NAME_PL": "Brest", "NAME_SV": "Brest", "NAME_TR": "Brest", "NAME_VI": "Brest", "NE_ID": 1159141943, "NAME_FA": "برست", "NAME_HE": "ברסט", "NAME_UK": "Брест", "NAME_UR": "بریسٹ", "NAME_ZHT": "布雷斯特", "GEONAMESID": 3030300, "FCLASS_ISO": null, "FCLASS_US": null, "FCLASS_FR": null, "FCLASS_RU": null, "FCLASS_ES": null, "FCLASS_CN": null, "FCLASS_TW": null, "FCLASS_IN": null, "FCLASS_NP": null, "FCLASS_PK": null, "FCLASS_DE": null, "FCLASS_GB": null, "FCLASS_BR": null, "FCLASS_IL": null, "FCLASS_PS": null, "FCLASS_SA": null, "FCLASS_EG": null, "FCLASS_MA": null, "FCLASS_PT": null, "FCLASS_AR": null, "FCLASS_JP": null, "FCLASS_KO": null, "FCLASS_VN": null, "FCLASS_TR": null, "FCLASS_ID": null, "FCLASS_PL": null, "FCLASS_GR": null, "FCLASS_IT": null, "FCLASS_NL": null, "FCLASS_SE": null, "FCLASS_BD": null, "FCLASS_UA": null, "FCLASS_TLC": null}, "bbox": [-4.495008, 48.390443, -4.495008, 48.390443], "geometry": {"type": "Point", "coordinates": [-4.495008, 48.390443]}}, {"type": "Feature", "properties": {"SCALERANK": 7, "NATSCALE": 20, "LABELRANK": 3, "FEATURECLA": "Populated place", "NAME": "Le Mans", "NAMEPAR": null, "NAMEALT": null, "NAMEASCII": "Le Mans", "ADM0CAP": 0, "CAPIN": null, "WORLDCITY": 0, "MEGACITY": 0, "SOV0NAME": "French Republic", "SOV_A3": "FRA", "ADM0NAME": "France", "ADM0_A3": "FRA", "ADM1NAME": "Pays de la Loire", "ISO_A2": "FR", "NOTE": null, "LATITUDE": 48.000415, "LONGITUDE": 0.099983, "POP_MAX": 144515, "POP_MIN": 142270, "POP_OTHER": 0, "RANK_MAX": 9, "RANK_MIN": 9, "MEGANAME": null, "LS_NAME": "Le Mans", "MAX_POP10": 142270, "MAX_POP20": 142270, "MAX_POP50": 0, "MAX_POP300": 0, "MAX_POP310": 0, "MAX_NATSCA": 20, "MIN_AREAKM": 71, "MAX_AREAKM": 71, "MIN_AREAMI": 28, "MAX_AREAMI": 28, "MIN_PERKM": 67, "MAX_PERKM": 67, "MIN_PERMI": 42, "MAX_PERMI": 42, "MIN_BBXMIN": 0.133333, "MAX_BBXMIN": 0.133333, "MIN_BBXMAX": 0.258333, "MAX_BBXMAX": 0.258333, "MIN_BBYMIN": 47.916667, "MAX_BBYMIN": 47.916667, "MIN_BBYMAX": 48.05, "MAX_BBYMAX": 48.05, "MEAN_BBXC": 0.19207, "MEAN_BBYC": 47.987164, "TIMEZONE": "Europe/Paris", "UN_FID": 0, "POP1950": 0, "POP1955": 0, "POP1960": 0, "POP1965": 0, "POP1970": 0, "POP1975": 0, "POP1980": 0, "POP1985": 0, "POP1990": 0, "POP1995": 0, "POP2000": 0, "POP2005": 0, "POP2010": 0, "POP2015": 0, "POP2020": 0, "POP2025": 0, "POP2050": 0, "MIN_ZOOM": 6.7, "WIKIDATAID": "Q1476", "WOF_ID": 101749611, "CAPALT": 0, "NAME_EN": "Le Mans", "NAME_DE": "Le Mans", "NAME_ES": "Le Mans", "NAME_FR": "Le Mans", "NAME_PT": "Le Mans", "NAME_RU": "Ле-Ман", "NAME_ZH": "勒芒", "LABEL": null, "NAME_AR": "لو مان", "NAME_BN": "ল্য মঁস", "NAME_EL": "Λε Μαν", "NAME_HI": "ल मैंस", "NAME_HU": "Le Mans", "NAME_ID": "Le Mans", "NAME_IT": "Le Mans", "NAME_JA": "ル・マン", "NAME_KO": "르망", "NAME_NL": "Le Mans", "NAME_PL": "Le Mans", "NAME_SV": "Le Mans", "NAME_TR": "Le Mans", "NAME_VI": "Le Mans", "NE_ID": 1159141947, "NAME_FA": "لو مان", "NAME_HE": "לה מאן", "NAME_UK": "Ле-Ман", "NAME_UR": "لو مان", "NAME_ZHT": "利曼", "GEONAMESID": 3003603, "FCLASS_ISO": null, "FCLASS_US": null, "FCLASS_FR": null, "FCLASS_RU": null, "FCLASS_ES": null, "FCLASS_CN": null, "FCLASS_TW": null, "FCLASS_IN": null, "FCLASS_NP": null, "FCLASS_PK": null, "FCLASS_DE": null, "FCLASS_GB": null, "FCLASS_BR": null, "FCLASS_IL": null, "FCLASS_PS": null, "FCLASS_SA": null, "FCLASS_EG": null, "FCLASS_MA": null, "FCLASS_PT": null, "FCLASS_AR": null, "FCLASS_JP": null, "FCLASS_KO": null, "FCLASS_VN": null, "FCLASS_TR": null, "FCLASS_ID": null, "FCLASS_PL": null, "FCLASS_GR": null, "FCLASS_IT": null, "FCLASS_NL": null, "FCLASS_SE": null, "FCLASS_BD": null, "FCLASS_UA": null, "FCLASS_TLC": null}, "bbox": [0.202582, 48.004391, 0.202582, 48.004391], "geometry": {"type": "Point", "coordinates": [0.202582, 48.004391]}}, {"type": "Feature", "properties": {"SCALERANK": 7, "NATSCALE": 20, "LABELRANK": 3, "FEATURECLA": "Admin-1 region capital", "NAME": "Nantes", "NAMEPAR": null, "NAMEALT": null, "NAMEASCII": "Nantes", "ADM0CAP": 0, "CAPIN": null, "WORLDCITY": 0, "MEGACITY": 0, "SOV0NAME": "French Republic", "SOV_A3": "FRA", "ADM0NAME": "France", "ADM0_A3": "FRA", "ADM1NAME": "Pays de la Loire", "ISO_A2": "FR", "NOTE": null, "LATITUDE": 47.210386, "LONGITUDE": -1.590017, "POP_MAX": 438537, "POP_MIN": 277269, "POP_OTHER": 426481, "RANK_MAX": 10, "RANK_MIN": 10, "MEGANAME": null, "LS_NAME": "Nantes", "MAX_POP10": 438537, "MAX_POP20": 438351, "MAX_POP50": 0, "MAX_POP300": 0, "MAX_POP310": 0, "MAX_NATSCA": 20, "MIN_AREAKM": 274, "MAX_AREAKM": 275, "MIN_AREAMI": 106, "MAX_AREAMI": 106, "MIN_PERKM": 0, "MAX_PERKM": 215, "MIN_PERMI": 0, "MAX_PERMI": 133, "MIN_BBXMIN": -1.766667, "MAX_BBXMIN": -1.766667, "MIN_BBXMAX": -1.416667, "MAX_BBXMAX": -1.416667, "MIN_BBYMIN": 47.133333, "MAX_BBYMIN": 47.133333, "MIN_BBYMAX": 47.325, "MAX_BBYMAX": 47.325, "MEAN_BBXC": -1.567127, "MEAN_BBYC": 47.225079, "TIMEZONE": "Europe/Paris", "UN_FID": 0, "POP1950": 0, "POP1955": 0, "POP1960": 0, "POP1965": 0, "POP1970": 0, "POP1975": 0, "POP1980": 0, "POP1985": 0, "POP1990": 0, "POP1995": 0, "POP2000": 0, "POP2005": 0, "POP2010": 0, "POP2015": 0, "POP2020": 0, "POP2025": 0, "POP2050": 0, "MIN_ZOOM": 5.1, "WIKIDATAID": "Q12191", "WOF_ID": 101749589, "CAPALT": 0, "NAME_EN": "Nantes", "NAME_DE": "Nantes", "NAME_ES": "Nantes", "NAME_FR": "Nantes", "NAME_PT": "Nantes", "NAME_RU": "Нант", "NAME_ZH": "南特", "LABEL": null, "NAME_AR": "نانت", "NAME_BN": "নঁত", "NAME_EL": "Νάντη", "NAME_HI": "नांत", "NAME_HU": "Nantes", "NAME_ID": "Nantes", "NAME_IT": "Nantes", "NAME_JA": "ナント", "NAME_KO": "낭트", "NAME_NL": "Nantes", "NAME_PL": "Nantes", "NAME_SV": "Nantes", "NAME_TR": "Nantes", "NAME_VI": "Nantes", "NE_ID": 1159141951, "NAME_FA": "نانت", "NAME_HE": "נאנט", "NAME_UK": "Нант", "NAME_UR": "نانت", "NAME_ZHT": "南特", "GEONAMESID": 2990969, "FCLASS_ISO": null, "FCLASS_US": null, "FCLASS_FR": null, "FCLASS_RU": null, "FCLASS_ES": null, "FCLASS_CN": null, "FCLASS_TW": null, "FCLASS_IN": null, "FCLASS_NP": null, "FCLASS_PK": null, "FCLASS_DE": null, "FCLASS_GB": null, "FCLASS_BR": null, "FCLASS_IL": null, "FCLASS_PS": null, "FCLASS_SA": null, "FCLASS_EG": null, "FCLASS_MA": null, "FCLASS_PT": null, "FCLASS_AR": null, "FCLASS_JP": null, "FCLASS_KO": null, "FCLASS_VN": null, "FCLASS_TR": null, "FCLASS_ID": null, "FCLASS_PL": null, "FCLASS_GR": null, "FCLASS_IT": null, "FCLASS_NL": null, "FCLASS_SE": null, "FCLASS_BD": null, "FCLASS_UA": null, "FCLASS_TLC": null}, "bbox": [-1.590017, 47.210386, -1.590017, 47.210386], "geometry": {"type": "Point", "coordinates": [-1.590017, 47.210386]}}, {"type": "Feature", "properties": {"SCALERANK": 7, "NATSCALE": 20, "LABELRANK": 3, "FEATURECLA": "Populated place", "NAME": "Agen", "NAMEPAR": null, "NAMEALT": null, "NAMEASCII": "Agen", "ADM0CAP": 0, "CAPIN": null, "WORLDCITY": 0, "MEGACITY": 0, "SOV0NAME": "French Republic", "SOV_A3": "FRA", "ADM0NAME": "France", "ADM0_A3": "FRA", "ADM1NAME": "Aquitaine", "ISO_A2": "FR", "NOTE": null, "LATITUDE": 44.200414, "LONGITUDE": 0.633336, "POP_MAX": 58223, "POP_MIN": 34367, "POP_OTHER": 57942, "RANK_MAX": 8, "RANK_MIN": 7, "MEGANAME": null, "LS_NAME": "Agen", "MAX_POP10": 58223, "MAX_POP20": 58223, "MAX_POP50": 0, "MAX_POP300": 0, "MAX_POP310": 0, "MAX_NATSCA": 20, "MIN_AREAKM": 49, "MAX_AREAKM": 49, "MIN_AREAMI": 19, "MAX_AREAMI": 19, "MIN_PERKM": 70, "MAX_PERKM": 70, "MIN_PERMI": 44, "MAX_PERMI": 44, "MIN_BBXMIN": 0.541667, "MAX_BBXMIN": 0.541667, "MIN_BBXMAX": 0.716667, "MAX_BBXMAX": 0.716667, "MIN_BBYMIN": 44.15, "MAX_BBYMIN": 44.15, "MIN_BBYMAX": 44.25, "MAX_BBYMAX": 44.25, "MEAN_BBXC": 0.633229, "MEAN_BBYC": 44.195313, "TIMEZONE": "Europe/Paris", "UN_FID": 0, "POP1950": 0, "POP1955": 0, "POP1960": 0, "POP1965": 0, "POP1970": 0, "POP1975": 0, "POP1980": 0, "POP1985": 0, "POP1990": 0, "POP1995": 0, "POP2000": 0, "POP2005": 0, "POP2010": 0, "POP2015": 0, "POP2020": 0, "POP2025": 0, "POP2050": 0, "MIN_ZOOM": 6.7, "WIKIDATAID": "Q6625", "WOF_ID": 101831905, "CAPALT": 0, "NAME_EN": "Agen", "NAME_DE": "Agen", "NAME_ES": "Agén", "NAME_FR": "Agen", "NAME_PT": "Agen", "NAME_RU": "Ажен", "NAME_ZH": "阿让", "LABEL": null, "NAME_AR": "أجان", "NAME_BN": "আজঁ", "NAME_EL": "Αζάν", "NAME_HI": "एजेन", "NAME_HU": "Agen", "NAME_ID": "Agen", "NAME_IT": "Agen", "NAME_JA": "アジャン", "NAME_KO": "아쟁", "NAME_NL": "Agen", "NAME_PL": "Agen", "NAME_SV": "Agen", "NAME_TR": "Agen", "NAME_VI": "Agen", "NE_ID": 1159141955, "NAME_FA": "اژان", "NAME_HE": "אז'ן", "NAME_UK": "Ажен", "NAME_UR": "ایگن", "NAME_ZHT": "阿讓", "GEONAMESID": 3038634, "FCLASS_ISO": null, "FCLASS_US": null, "FCLASS_FR": null, "FCLASS_RU": null, "FCLASS_ES": null, "FCLASS_CN": null, "FCLASS_TW": null, "FCLASS_IN": null, "FCLASS_NP": null, "FCLASS_PK": null, "FCLASS_DE": null, "FCLASS_GB": null, "FCLASS_BR": null, "FCLASS_IL": null, "FCLASS_PS": null, "FCLASS_SA": null, "FCLASS_EG": null, "FCLASS_MA": null, "FCLASS_PT": null, "FCLASS_AR": null, "FCLASS_JP": null, "FCLASS_KO": null, "FCLASS_VN": null, "FCLASS_TR": null, "FCLASS_ID": null, "FCLASS_PL": null, "FCLASS_GR": null, "FCLASS_IT": null, "FCLASS_NL": null, "FCLASS_SE": null, "FCLASS_BD": null, "FCLASS_UA": null, "FCLASS_TLC": null}, "bbox": [0.633336, 44.200414, 0.633336, 44.200414], "geometry": {"type": "Point", "coordinates": [0.633336, 44.200414]}}, {"type": "Feature", "properties": {"SCALERANK": 7, "NATSCALE": 20, "LABELRANK": 3, "FEATURECLA": "Populated place", "NAME": "Toulon", "NAMEPAR": null, "NAMEALT": null, "NAMEASCII": "Toulon", "ADM0CAP": 0, "CAPIN": null, "WORLDCITY": 0, "MEGACITY": 0, "SOV0NAME": "French Republic", "SOV_A3": "FRA", "ADM0NAME": "France", "ADM0_A3": "FRA", "ADM1NAME": "Provence-Alpes-Côte-d'Azur", "ISO_A2": "FR", "NOTE": null, "LATITUDE": 43.134187, "LONGITUDE": 5.918822, "POP_MAX": 357693, "POP_MIN": 168701, "POP_OTHER": 348661, "RANK_MAX": 10, "RANK_MIN": 9, "MEGANAME": null, "LS_NAME": "Toulon", "MAX_POP10": 357693, "MAX_POP20": 357693, "MAX_POP50": 0, "MAX_POP300": 0, "MAX_POP310": 0, "MAX_NATSCA": 20, "MIN_AREAKM": 190, "MAX_AREAKM": 190, "MIN_AREAMI": 73, "MAX_AREAMI": 73, "MIN_PERKM": 197, "MAX_PERKM": 197, "MIN_PERMI": 122, "MAX_PERMI": 122, "MIN_BBXMIN": 5.725, "MAX_BBXMIN": 5.725, "MIN_BBXMAX": 6.091667, "MAX_BBXMAX": 6.091667, "MIN_BBYMIN": 43.058333, "MAX_BBYMIN": 43.058333, "MIN_BBYMAX": 43.225, "MAX_BBYMAX": 43.225, "MEAN_BBXC": 5.91525, "MEAN_BBYC": 43.125344, "TIMEZONE": "Europe/Paris", "UN_FID": 0, "POP1950": 0, "POP1955": 0, "POP1960": 0, "POP1965": 0, "POP1970": 0, "POP1975": 0, "POP1980": 0, "POP1985": 0, "POP1990": 0, "POP1995": 0, "POP2000": 0, "POP2005": 0, "POP2010": 0, "POP2015": 0, "POP2020": 0, "POP2025": 0, "POP2050": 0, "MIN_ZOOM": 6.1, "WIKIDATAID": "Q44160", "WOF_ID": 101750657, "CAPALT": 0, "NAME_EN": "Toulon", "NAME_DE": "Toulon", "NAME_ES": "Tolón", "NAME_FR": "Toulon", "NAME_PT": "Toulon", "NAME_RU": "Тулон", "NAME_ZH": "土伦", "LABEL": null, "NAME_AR": "تولون", "NAME_BN": "তুলোঁ", "NAME_EL": "Τουλόν", "NAME_HI": "तुलों", "NAME_HU": "Toulon", "NAME_ID": "Toulon", "NAME_IT": "Tolone", "NAME_JA": "トゥーロン", "NAME_KO": "툴롱", "NAME_NL": "Toulon", "NAME_PL": "Tulon", "NAME_SV": "Toulon", "NAME_TR": "Toulon", "NAME_VI": "Toulon", "NE_ID": 1159141969, "NAME_FA": "تولون", "NAME_HE": "טולון", "NAME_UK": "Тулон", "NAME_UR": "تولون", "NAME_ZHT": "土倫", "GEONAMESID": 2972328, "FCLASS_ISO": null, "FCLASS_US": null, "FCLASS_FR": null, "FCLASS_RU": null, "FCLASS_ES": null, "FCLASS_CN": null, "FCLASS_TW": null, "FCLASS_IN": null, "FCLASS_NP": null, "FCLASS_PK": null, "FCLASS_DE": null, "FCLASS_GB": null, "FCLASS_BR": null, "FCLASS_IL": null, "FCLASS_PS": null, "FCLASS_SA": null, "FCLASS_EG": null, "FCLASS_MA": null, "FCLASS_PT": null, "FCLASS_AR": null, "FCLASS_JP": null, "FCLASS_KO": null, "FCLASS_VN": null, "FCLASS_TR": null, "FCLASS_ID": null, "FCLASS_PL": null, "FCLASS_GR": null, "FCLASS_IT": null, "FCLASS_NL": null, "FCLASS_SE": null, "FCLASS_BD": null, "FCLASS_UA": null, "FCLASS_TLC": null}, "bbox": [5.918822, 43.134186, 5.918822, 43.134186], "geometry": {"type": "Point", "coordinates": [5.918822, 43.134186]}}, {"type": "Feature", "properties": {"SCALERANK": 7, "NATSCALE": 20, "LABELRANK": 3, "FEATURECLA": "Populated place", "NAME": "Béziers", "NAMEPAR": null, "NAMEALT": null, "NAMEASCII": "Beziers", "ADM0CAP": 0, "CAPIN": null, "WORLDCITY": 0, "MEGACITY": 0, "SOV0NAME": "French Republic", "SOV_A3": "FRA", "ADM0NAME": "France", "ADM0_A3": "FRA", "ADM1NAME": "Languedoc-Roussillon", "ISO_A2": "FR", "NOTE": null, "LATITUDE": 43.350492, "LONGITUDE": 3.209974, "POP_MAX": 81438, "POP_MIN": 74081, "POP_OTHER": 80719, "RANK_MAX": 8, "RANK_MIN": 8, "MEGANAME": null, "LS_NAME": "Beziers", "MAX_POP10": 81438, "MAX_POP20": 81438, "MAX_POP50": 0, "MAX_POP300": 0, "MAX_POP310": 0, "MAX_NATSCA": 20, "MIN_AREAKM": 35, "MAX_AREAKM": 35, "MIN_AREAMI": 14, "MAX_AREAMI": 14, "MIN_PERKM": 47, "MAX_PERKM": 47, "MIN_PERMI": 29, "MAX_PERMI": 29, "MIN_BBXMIN": 3.183333, "MAX_BBXMIN": 3.183333, "MIN_BBXMAX": 3.316667, "MAX_BBXMAX": 3.316667, "MIN_BBYMIN": 43.308333, "MAX_BBYMIN": 43.308333, "MIN_BBYMAX": 43.375, "MAX_BBYMAX": 43.375, "MEAN_BBXC": 3.244196, "MEAN_BBYC": 43.34122, "TIMEZONE": "Europe/Paris", "UN_FID": 0, "POP1950": 0, "POP1955": 0, "POP1960": 0, "POP1965": 0, "POP1970": 0, "POP1975": 0, "POP1980": 0, "POP1985": 0, "POP1990": 0, "POP1995": 0, "POP2000": 0, "POP2005": 0, "POP2010": 0, "POP2015": 0, "POP2020": 0, "POP2025": 0, "POP2050": 0, "MIN_ZOOM": 6.7, "WIKIDATAID": "Q174019", "WOF_ID": 101749211, "CAPALT": 0, "NAME_EN": "Béziers", "NAME_DE": "Béziers", "NAME_ES": "Béziers", "NAME_FR": "Béziers", "NAME_PT": "Béziers", "NAME_RU": "Безье", "NAME_ZH": "贝济耶", "LABEL": null, "NAME_AR": "بيزييه", "NAME_BN": "বেজিয়ে", "NAME_EL": "Μπεζιέ", "NAME_HI": "बेजियर्स", "NAME_HU": "Béziers", "NAME_ID": "Béziers", "NAME_IT": "Béziers", "NAME_JA": "ベジエ", "NAME_KO": "베지에", "NAME_NL": "Béziers", "NAME_PL": "Béziers", "NAME_SV": "Béziers", "NAME_TR": "Béziers", "NAME_VI": "Béziers", "NE_ID": 1159141973, "NAME_FA": "بزیه", "NAME_HE": "בזייה", "NAME_UK": "Безьє", "NAME_UR": "بیزائرز", "NAME_ZHT": "貝濟耶", "GEONAMESID": 3032833, "FCLASS_ISO": null, "FCLASS_US": null, "FCLASS_FR": null, "FCLASS_RU": null, "FCLASS_ES": null, "FCLASS_CN": null, "FCLASS_TW": null, "FCLASS_IN": null, "FCLASS_NP": null, "FCLASS_PK": null, "FCLASS_DE": null, "FCLASS_GB": null, "FCLASS_BR": null, "FCLASS_IL": null, "FCLASS_PS": null, "FCLASS_SA": null, "FCLASS_EG": null, "FCLASS_MA": null, "FCLASS_PT": null, "FCLASS_AR": null, "FCLASS_JP": null, "FCLASS_KO": null, "FCLASS_VN": null, "FCLASS_TR": null, "FCLASS_ID": null, "FCLASS_PL": null, "FCLASS_GR": null, "FCLASS_IT": null, "FCLASS_NL": null, "FCLASS_SE": null, "FCLASS_BD": null, "FCLASS_UA": null, "FCLASS_TLC": null}, "bbox": [3.209974, 43.350492, 3.209974, 43.350492], "geometry": {"type": "Point", "coordinates": [3.209974, 43.350492]}}, {"type": "Feature", "properties": {"SCALERANK": 7, "NATSCALE": 20, "LABELRANK": 3, "FEATURECLA": "Admin-1 region capital", "NAME": "Montpellier", "NAMEPAR": null, "NAMEALT": null, "NAMEASCII": "Montpellier", "ADM0CAP": 0, "CAPIN": null, "WORLDCITY": 0, "MEGACITY": 0, "SOV0NAME": "French Republic", "SOV_A3": "FRA", "ADM0NAME": "France", "ADM0_A3": "FRA", "ADM1NAME": "Languedoc-Roussillon", "ISO_A2": "FR", "NOTE": null, "LATITUDE": 43.610399, "LONGITUDE": 3.869986, "POP_MAX": 327254, "POP_MIN": 248252, "POP_OTHER": 318850, "RANK_MAX": 10, "RANK_MIN": 10, "MEGANAME": null, "LS_NAME": "Montpellier", "MAX_POP10": 327254, "MAX_POP20": 327254, "MAX_POP50": 0, "MAX_POP300": 0, "MAX_POP310": 0, "MAX_NATSCA": 20, "MIN_AREAKM": 163, "MAX_AREAKM": 163, "MIN_AREAMI": 63, "MAX_AREAMI": 63, "MIN_PERKM": 191, "MAX_PERKM": 191, "MIN_PERMI": 119, "MAX_PERMI": 119, "MIN_BBXMIN": 3.766667, "MAX_BBXMIN": 3.766667, "MIN_BBXMAX": 3.991667, "MAX_BBXMAX": 3.991667, "MIN_BBYMIN": 43.541667, "MAX_BBYMIN": 43.541667, "MIN_BBYMAX": 43.708333, "MAX_BBYMAX": 43.708333, "MEAN_BBXC": 3.877155, "MEAN_BBYC": 43.624824, "TIMEZONE": "Europe/Paris", "UN_FID": 0, "POP1950": 0, "POP1955": 0, "POP1960": 0, "POP1965": 0, "POP1970": 0, "POP1975": 0, "POP1980": 0, "POP1985": 0, "POP1990": 0, "POP1995": 0, "POP2000": 0, "POP2005": 0, "POP2010": 0, "POP2015": 0, "POP2020": 0, "POP2025": 0, "POP2050": 0, "MIN_ZOOM": 6.1, "WIKIDATAID": "Q6441", "WOF_ID": 101749209, "CAPALT": 0, "NAME_EN": "Montpellier", "NAME_DE": "Montpellier", "NAME_ES": "Montpellier", "NAME_FR": "Montpellier", "NAME_PT": "Montpellier", "NAME_RU": "Монпелье", "NAME_ZH": "蒙彼利埃", "LABEL": null, "NAME_AR": "مونبلييه", "NAME_BN": "মোঁপেলিয়ে", "NAME_EL": "Μονπελιέ", "NAME_HI": "मोंटपेलियर", "NAME_HU": "Montpellier", "NAME_ID": "Montpellier", "NAME_IT": "Montpellier", "NAME_JA": "モンペリエ", "NAME_KO": "몽펠리에", "NAME_NL": "Montpellier", "NAME_PL": "Montpellier", "NAME_SV": "Montpellier", "NAME_TR": "Montpellier", "NAME_VI": "Montpellier", "NE_ID": 1159141979, "NAME_FA": "مونپلیه", "NAME_HE": "מונפלייה", "NAME_UK": "Монпельє", "NAME_UR": "مونپیلیے", "NAME_ZHT": "蒙皮立", "GEONAMESID": 2992166, "FCLASS_ISO": null, "FCLASS_US": null, "FCLASS_FR": null, "FCLASS_RU": null, "FCLASS_ES": null, "FCLASS_CN": null, "FCLASS_TW": null, "FCLASS_IN": null, "FCLASS_NP": null, "FCLASS_PK": null, "FCLASS_DE": null, "FCLASS_GB": null, "FCLASS_BR": null, "FCLASS_IL": null, "FCLASS_PS": null, "FCLASS_SA": null, "FCLASS_EG": null, "FCLASS_MA": null, "FCLASS_PT": null, "FCLASS_AR": null, "FCLASS_JP": null, "FCLASS_KO": null, "FCLASS_VN": null, "FCLASS_TR": null, "FCLASS_ID": null, "FCLASS_PL": null, "FCLASS_GR": null, "FCLASS_IT": null, "FCLASS_NL": null, "FCLASS_SE": null, "FCLASS_BD": null, "FCLASS_UA": null, "FCLASS_TLC": null}, "bbox": [3.869986, 43.610399, 3.869986, 43.610399], "geometry": {"type": "Point", "coordinates": [3.869986, 43.610399]}}, {"type": "Feature", "properties": {"SCALERANK": 7, "NATSCALE": 20, "LABELRANK": 3, "FEATURECLA": "Populated place", "NAME": "Nîmes", "NAMEPAR": null, "NAMEALT": null, "NAMEASCII": "Nimes", "ADM0CAP": 0, "CAPIN": null, "WORLDCITY": 0, "MEGACITY": 0, "SOV0NAME": "French Republic", "SOV_A3": "FRA", "ADM0NAME": "France", "ADM0_A3": "FRA", "ADM1NAME": "Languedoc-Roussillon", "ISO_A2": "FR", "NOTE": null, "LATITUDE": 43.830385, "LONGITUDE": 4.350008, "POP_MAX": 169547, "POP_MIN": 148236, "POP_OTHER": 159664, "RANK_MAX": 9, "RANK_MIN": 9, "MEGANAME": null, "LS_NAME": "Nimes", "MAX_POP10": 169547, "MAX_POP20": 169547, "MAX_POP50": 0, "MAX_POP300": 0, "MAX_POP310": 0, "MAX_NATSCA": 20, "MIN_AREAKM": 92, "MAX_AREAKM": 92, "MIN_AREAMI": 35, "MAX_AREAMI": 35, "MIN_PERKM": 96, "MAX_PERKM": 96, "MIN_PERMI": 60, "MAX_PERMI": 60, "MIN_BBXMIN": 4.258333, "MAX_BBXMIN": 4.258333, "MIN_BBXMAX": 4.475, "MAX_BBXMAX": 4.475, "MIN_BBYMIN": 43.75, "MAX_BBYMIN": 43.75, "MIN_BBYMAX": 43.891667, "MAX_BBYMAX": 43.891667, "MEAN_BBXC": 4.359009, "MEAN_BBYC": 43.836374, "TIMEZONE": "Europe/Paris", "UN_FID": 0, "POP1950": 0, "POP1955": 0, "POP1960": 0, "POP1965": 0, "POP1970": 0, "POP1975": 0, "POP1980": 0, "POP1985": 0, "POP1990": 0, "POP1995": 0, "POP2000": 0, "POP2005": 0, "POP2010": 0, "POP2015": 0, "POP2020": 0, "POP2025": 0, "POP2050": 0, "MIN_ZOOM": 6.1, "WIKIDATAID": "Q42807", "WOF_ID": 101749287, "CAPALT": 0, "NAME_EN": "Nîmes", "NAME_DE": "Nîmes", "NAME_ES": "Nimes", "NAME_FR": "Nîmes", "NAME_PT": "Nîmes", "NAME_RU": "Ним", "NAME_ZH": "尼姆", "LABEL": null, "NAME_AR": "نيم", "NAME_BN": "নিম", "NAME_EL": "Νιμ", "NAME_HI": "नीम", "NAME_HU": "Nîmes", "NAME_ID": "Nîmes", "NAME_IT": "Nîmes", "NAME_JA": "ニーム", "NAME_KO": "님", "NAME_NL": "Nîmes", "NAME_PL": "Nîmes", "NAME_SV": "Nîmes", "NAME_TR": "Nîmes", "NAME_VI": "Nîmes", "NE_ID": 1159141983, "NAME_FA": "نیم", "NAME_HE": "נים", "NAME_UK": "Нім", "NAME_UR": "نیم", "NAME_ZHT": "尼姆", "GEONAMESID": 2990363, "FCLASS_ISO": null, "FCLASS_US": null, "FCLASS_FR": null, "FCLASS_RU": null, "FCLASS_ES": null, "FCLASS_CN": null, "FCLASS_TW": null, "FCLASS_IN": null, "FCLASS_NP": null, "FCLASS_PK": null, "FCLASS_DE": null, "FCLASS_GB": null, "FCLASS_BR": null, "FCLASS_IL": null, "FCLASS_PS": null, "FCLASS_SA": null, "FCLASS_EG": null, "FCLASS_MA": null, "FCLASS_PT": null, "FCLASS_AR": null, "FCLASS_JP": null, "FCLASS_KO": null, "FCLASS_VN": null, "FCLASS_TR": null, "FCLASS_ID": null, "FCLASS_PL": null, "FCLASS_GR": null, "FCLASS_IT": null, "FCLASS_NL": null, "FCLASS_SE": null, "FCLASS_BD": null, "FCLASS_UA": null, "FCLASS_TLC": null}, "bbox": [4.350008, 43.830385, 4.350008, 43.830385], "geometry": {"type": "Point", "coordinates": [4.350008, 43.830385]}}, {"type": "Feature", "properties": {"SCALERANK": 7, "NATSCALE": 20, "LABELRANK": 3, "FEATURECLA": "Populated place", "NAME": "Vichy", "NAMEPAR": null, "NAMEALT": null, "NAMEASCII": "Vichy", "ADM0CAP": 0, "CAPIN": null, "WORLDCITY": 0, "MEGACITY": 0, "SOV0NAME": "French Republic", "SOV_A3": "FRA", "ADM0NAME": "France", "ADM0_A3": "FRA", "ADM1NAME": "Auvergne", "ISO_A2": "FR", "NOTE": null, "LATITUDE": 46.117145, "LONGITUDE": 3.41668, "POP_MAX": 43158, "POP_MIN": 27019, "POP_OTHER": 38556, "RANK_MAX": 7, "RANK_MIN": 7, "MEGANAME": null, "LS_NAME": "Vichy", "MAX_POP10": 43158, "MAX_POP20": 43158, "MAX_POP50": 0, "MAX_POP300": 0, "MAX_POP310": 0, "MAX_NATSCA": 20, "MIN_AREAKM": 51, "MAX_AREAKM": 51, "MIN_AREAMI": 20, "MAX_AREAMI": 20, "MIN_PERKM": 72, "MAX_PERKM": 72, "MIN_PERMI": 45, "MAX_PERMI": 45, "MIN_BBXMIN": 3.375, "MAX_BBXMIN": 3.375, "MIN_BBXMAX": 3.483333, "MAX_BBXMAX": 3.483333, "MIN_BBYMIN": 46.075, "MAX_BBYMIN": 46.075, "MIN_BBYMAX": 46.183333, "MAX_BBYMAX": 46.183333, "MEAN_BBXC": 3.430814, "MEAN_BBYC": 46.13062, "TIMEZONE": "Europe/Paris", "UN_FID": 0, "POP1950": 0, "POP1955": 0, "POP1960": 0, "POP1965": 0, "POP1970": 0, "POP1975": 0, "POP1980": 0, "POP1985": 0, "POP1990": 0, "POP1995": 0, "POP2000": 0, "POP2005": 0, "POP2010": 0, "POP2015": 0, "POP2020": 0, "POP2025": 0, "POP2050": 0, "MIN_ZOOM": 6.7, "WIKIDATAID": "Q93351", "WOF_ID": 101829199, "CAPALT": 0, "NAME_EN": "Vichy", "NAME_DE": "Vichy", "NAME_ES": "Vichy", "NAME_FR": "Vichy", "NAME_PT": "Vichy", "NAME_RU": "Виши", "NAME_ZH": "维希", "LABEL": null, "NAME_AR": "فيشي", "NAME_BN": "ভিশি", "NAME_EL": "Βισύ", "NAME_HI": "विची", "NAME_HU": "Vichy", "NAME_ID": "Vichy", "NAME_IT": "Vichy", "NAME_JA": "ヴィシー", "NAME_KO": "비시", "NAME_NL": "Vichy", "NAME_PL": "Vichy", "NAME_SV": "Vichy", "NAME_TR": "Vichy", "NAME_VI": "Vichy", "NE_ID": 1159141987, "NAME_FA": "ویشی", "NAME_HE": "וישי", "NAME_UK": "Віші", "NAME_UR": "وچی", "NAME_ZHT": "維琪", "GEONAMESID": 2969392, "FCLASS_ISO": null, "FCLASS_US": null, "FCLASS_FR": null, "FCLASS_RU": null, "FCLASS_ES": null, "FCLASS_CN": null, "FCLASS_TW": null, "FCLASS_IN": null, "FCLASS_NP": null, "FCLASS_PK": null, "FCLASS_DE": null, "FCLASS_GB": null, "FCLASS_BR": null, "FCLASS_IL": null, "FCLASS_PS": null, "FCLASS_SA": null, "FCLASS_EG": null, "FCLASS_MA": null, "FCLASS_PT": null, "FCLASS_AR": null, "FCLASS_JP": null, "FCLASS_KO": null, "FCLASS_VN": null, "FCLASS_TR": null, "FCLASS_ID": null, "FCLASS_PL": null, "FCLASS_GR": null, "FCLASS_IT": null, "FCLASS_NL": null, "FCLASS_SE": null, "FCLASS_BD": null, "FCLASS_UA": null, "FCLASS_TLC": null}, "bbox": [3.41668, 46.117145, 3.41668, 46.117145], "geometry": {"type": "Point", "coordinates": [3.41668, 46.117145]}}, {"type": "Feature", "properties": {"SCALERANK": 7, "NATSCALE": 20, "LABELRANK": 3, "FEATURECLA": "Populated place", "NAME": "Nevers", "NAMEPAR": null, "NAMEALT": null, "NAMEASCII": "Nevers", "ADM0CAP": 0, "CAPIN": null, "WORLDCITY": 0, "MEGACITY": 0, "SOV0NAME": "French Republic", "SOV_A3": "FRA", "ADM0NAME": "France", "ADM0_A3": "FRA", "ADM1NAME": "Bourgogne", "ISO_A2": "FR", "NOTE": null, "LATITUDE": 46.983733, "LONGITUDE": 3.16667, "POP_MAX": 45929, "POP_MIN": 43988, "POP_OTHER": 43461, "RANK_MAX": 7, "RANK_MIN": 7, "MEGANAME": null, "LS_NAME": "Nevers", "MAX_POP10": 45929, "MAX_POP20": 45929, "MAX_POP50": 0, "MAX_POP300": 0, "MAX_POP310": 0, "MAX_NATSCA": 20, "MIN_AREAKM": 41, "MAX_AREAKM": 41, "MIN_AREAMI": 16, "MAX_AREAMI": 16, "MIN_PERKM": 51, "MAX_PERKM": 51, "MIN_PERMI": 32, "MAX_PERMI": 32, "MIN_BBXMIN": 3.116667, "MAX_BBXMIN": 3.116667, "MIN_BBXMAX": 3.241667, "MAX_BBXMAX": 3.241667, "MIN_BBYMIN": 46.941667, "MAX_BBYMIN": 46.941667, "MIN_BBYMAX": 47.033333, "MAX_BBYMAX": 47.033333, "MEAN_BBXC": 3.166486, "MEAN_BBYC": 46.990519, "TIMEZONE": "Europe/Paris", "UN_FID": 0, "POP1950": 0, "POP1955": 0, "POP1960": 0, "POP1965": 0, "POP1970": 0, "POP1975": 0, "POP1980": 0, "POP1985": 0, "POP1990": 0, "POP1995": 0, "POP2000": 0, "POP2005": 0, "POP2010": 0, "POP2015": 0, "POP2020": 0, "POP2025": 0, "POP2050": 0, "MIN_ZOOM": 6.7, "WIKIDATAID": "Q166997", "WOF_ID": 101829431, "CAPALT": 0, "NAME_EN": "Nevers", "NAME_DE": "Nevers", "NAME_ES": "Nevers", "NAME_FR": "Nevers", "NAME_PT": "Nevers", "NAME_RU": "Невер", "NAME_ZH": "讷韦尔", "LABEL": null, "NAME_AR": "نيفير", "NAME_BN": "নেভারস", "NAME_EL": "Νεβέρ", "NAME_HI": "नेवर्स", "NAME_HU": "Nevers", "NAME_ID": "Nevers", "NAME_IT": "Nevers", "NAME_JA": "ヌヴェール", "NAME_KO": "느베르", "NAME_NL": "Nevers", "NAME_PL": "Nevers", "NAME_SV": "Nevers", "NAME_TR": "Nevers", "NAME_VI": "Nevers", "NE_ID": 1159141991, "NAME_FA": "نورس", "NAME_HE": "נבר", "NAME_UK": "Невер", "NAME_UR": "نیورز", "NAME_ZHT": "訥韋爾", "GEONAMESID": 2990474, "FCLASS_ISO": null, "FCLASS_US": null, "FCLASS_FR": null, "FCLASS_RU": null, "FCLASS_ES": null, "FCLASS_CN": null, "FCLASS_TW": null, "FCLASS_IN": null, "FCLASS_NP": null, "FCLASS_PK": null, "FCLASS_DE": null, "FCLASS_GB": null, "FCLASS_BR": null, "FCLASS_IL": null, "FCLASS_PS": null, "FCLASS_SA": null, "FCLASS_EG": null, "FCLASS_MA": null, "FCLASS_PT": null, "FCLASS_AR": null, "FCLASS_JP": null, "FCLASS_KO": null, "FCLASS_VN": null, "FCLASS_TR": null, "FCLASS_ID": null, "FCLASS_PL": null, "FCLASS_GR": null, "FCLASS_IT": null, "FCLASS_NL": null, "FCLASS_SE": null, "FCLASS_BD": null, "FCLASS_UA": null, "FCLASS_TLC": null}, "bbox": [3.166669, 46.983733, 3.166669, 46.983733], "geometry": {"type": "Point", "coordinates": [3.166669, 46.983733]}}, {"type": "Feature", "properties": {"SCALERANK": 7, "NATSCALE": 20, "LABELRANK": 3, "FEATURECLA": "Populated place", "NAME": "Auxerre", "NAMEPAR": null, "NAMEALT": null, "NAMEASCII": "Auxerre", "ADM0CAP": 0, "CAPIN": null, "WORLDCITY": 0, "MEGACITY": 0, "SOV0NAME": "French Republic", "SOV_A3": "FRA", "ADM0NAME": "France", "ADM0_A3": "FRA", "ADM1NAME": "Bourgogne", "ISO_A2": "FR", "NOTE": null, "LATITUDE": 47.800427, "LONGITUDE": 3.566593, "POP_MAX": 41516, "POP_MIN": 34552, "POP_OTHER": 34279, "RANK_MAX": 7, "RANK_MIN": 7, "MEGANAME": null, "LS_NAME": "Auxerre", "MAX_POP10": 34552, "MAX_POP20": 34552, "MAX_POP50": 0, "MAX_POP300": 0, "MAX_POP310": 0, "MAX_NATSCA": 20, "MIN_AREAKM": 30, "MAX_AREAKM": 30, "MIN_AREAMI": 12, "MAX_AREAMI": 12, "MIN_PERKM": 41, "MAX_PERKM": 41, "MIN_PERMI": 25, "MAX_PERMI": 25, "MIN_BBXMIN": 3.525, "MAX_BBXMIN": 3.525, "MIN_BBXMAX": 3.6, "MAX_BBXMAX": 3.6, "MIN_BBYMIN": 47.775, "MAX_BBYMIN": 47.775, "MIN_BBYMAX": 47.875, "MAX_BBYMAX": 47.875, "MEAN_BBXC": 3.566667, "MEAN_BBYC": 47.816186, "TIMEZONE": "Europe/Paris", "UN_FID": 0, "POP1950": 0, "POP1955": 0, "POP1960": 0, "POP1965": 0, "POP1970": 0, "POP1975": 0, "POP1980": 0, "POP1985": 0, "POP1990": 0, "POP1995": 0, "POP2000": 0, "POP2005": 0, "POP2010": 0, "POP2015": 0, "POP2020": 0, "POP2025": 0, "POP2050": 0, "MIN_ZOOM": 6.7, "WIKIDATAID": "Q167600", "WOF_ID": 101829667, "CAPALT": 0, "NAME_EN": "Auxerre", "NAME_DE": "Auxerre", "NAME_ES": "Auxerre", "NAME_FR": "Auxerre", "NAME_PT": "Auxerre", "NAME_RU": "Осер", "NAME_ZH": "欧塞尔", "LABEL": null, "NAME_AR": "أوكسار", "NAME_BN": "ওসের", "NAME_EL": "Οσέρ", "NAME_HI": "ऑक्सेरे", "NAME_HU": "Auxerre", "NAME_ID": "Auxerre", "NAME_IT": "Auxerre", "NAME_JA": "オセール", "NAME_KO": "오세르", "NAME_NL": "Auxerre", "NAME_PL": "Auxerre", "NAME_SV": "Auxerre", "NAME_TR": "Auxerre", "NAME_VI": "Auxerre", "NE_ID": 1159141997, "NAME_FA": "اگزر", "NAME_HE": "אוסר", "NAME_UK": "Осер", "NAME_UR": "اگزر", "NAME_ZHT": "歐塞爾", "GEONAMESID": 3035843, "FCLASS_ISO": null, "FCLASS_US": null, "FCLASS_FR": null, "FCLASS_RU": null, "FCLASS_ES": null, "FCLASS_CN": null, "FCLASS_TW": null, "FCLASS_IN": null, "FCLASS_NP": null, "FCLASS_PK": null, "FCLASS_DE": null, "FCLASS_GB": null, "FCLASS_BR": null, "FCLASS_IL": null, "FCLASS_PS": null, "FCLASS_SA": null, "FCLASS_EG": null, "FCLASS_MA": null, "FCLASS_PT": null, "FCLASS_AR": null, "FCLASS_JP": null, "FCLASS_KO": null, "FCLASS_VN": null, "FCLASS_TR": null, "FCLASS_ID": null, "FCLASS_PL": null, "FCLASS_GR": null, "FCLASS_IT": null, "FCLASS_NL": null, "FCLASS_SE": null, "FCLASS_BD": null, "FCLASS_UA": null, "FCLASS_TLC": null}, "bbox": [3.566593, 47.800427, 3.566593, 47.800427], "geometry": {"type": "Point", "coordinates": [3.566593, 47.800427]}}, {"type": "Feature", "properties": {"SCALERANK": 7, "NATSCALE": 20, "LABELRANK": 3, "FEATURECLA": "Admin-1 region capital", "NAME": "Dijon", "NAMEPAR": null, "NAMEALT": null, "NAMEASCII": "Dijon", "ADM0CAP": 0, "CAPIN": null, "WORLDCITY": 0, "MEGACITY": 0, "SOV0NAME": "French Republic", "SOV_A3": "FRA", "ADM0NAME": "France", "ADM0_A3": "FRA", "ADM1NAME": "Bourgogne", "ISO_A2": "FR", "NOTE": null, "LATITUDE": 47.330404, "LONGITUDE": 5.030018, "POP_MAX": 169946, "POP_MIN": 149782, "POP_OTHER": 156405, "RANK_MAX": 9, "RANK_MIN": 9, "MEGANAME": null, "LS_NAME": "Dijon", "MAX_POP10": 169946, "MAX_POP20": 169946, "MAX_POP50": 0, "MAX_POP300": 0, "MAX_POP310": 0, "MAX_NATSCA": 20, "MIN_AREAKM": 92, "MAX_AREAKM": 92, "MIN_AREAMI": 36, "MAX_AREAMI": 36, "MIN_PERKM": 96, "MAX_PERKM": 96, "MIN_PERMI": 60, "MAX_PERMI": 60, "MIN_BBXMIN": 4.966667, "MAX_BBXMIN": 4.966667, "MIN_BBXMAX": 5.158333, "MAX_BBXMAX": 5.158333, "MIN_BBYMIN": 47.258333, "MAX_BBYMIN": 47.258333, "MIN_BBYMAX": 47.375, "MAX_BBYMAX": 47.375, "MEAN_BBXC": 5.052901, "MEAN_BBYC": 47.314715, "TIMEZONE": "Europe/Paris", "UN_FID": 0, "POP1950": 0, "POP1955": 0, "POP1960": 0, "POP1965": 0, "POP1970": 0, "POP1975": 0, "POP1980": 0, "POP1985": 0, "POP1990": 0, "POP1995": 0, "POP2000": 0, "POP2005": 0, "POP2010": 0, "POP2015": 0, "POP2020": 0, "POP2025": 0, "POP2050": 0, "MIN_ZOOM": 6, "WIKIDATAID": "Q7003", "WOF_ID": 101749549, "CAPALT": 0, "NAME_EN": "Dijon", "NAME_DE": "Dijon", "NAME_ES": "Dijon", "NAME_FR": "Dijon", "NAME_PT": "Dijon", "NAME_RU": "Дижон", "NAME_ZH": "第戎", "LABEL": null, "NAME_AR": "ديجون", "NAME_BN": "দিজোঁ", "NAME_EL": "Ντιζόν", "NAME_HI": "दीजों", "NAME_HU": "Dijon", "NAME_ID": "Dijon", "NAME_IT": "Digione", "NAME_JA": "ディジョン", "NAME_KO": "디종", "NAME_NL": "Dijon", "NAME_PL": "Dijon", "NAME_SV": "Dijon", "NAME_TR": "Dijon", "NAME_VI": "Dijon", "NE_ID": 1159142001, "NAME_FA": "دیژون", "NAME_HE": "דיז'ון", "NAME_UK": "Діжон", "NAME_UR": "دیجون", "NAME_ZHT": "第戎", "GEONAMESID": 3021372, "FCLASS_ISO": null, "FCLASS_US": null, "FCLASS_FR": null, "FCLASS_RU": null, "FCLASS_ES": null, "FCLASS_CN": null, "FCLASS_TW": null, "FCLASS_IN": null, "FCLASS_NP": null, "FCLASS_PK": null, "FCLASS_DE": null, "FCLASS_GB": null, "FCLASS_BR": null, "FCLASS_IL": null, "FCLASS_PS": null, "FCLASS_SA": null, "FCLASS_EG": null, "FCLASS_MA": null, "FCLASS_PT": null, "FCLASS_AR": null, "FCLASS_JP": null, "FCLASS_KO": null, "FCLASS_VN": null, "FCLASS_TR": null, "FCLASS_ID": null, "FCLASS_PL": null, "FCLASS_GR": null, "FCLASS_IT": null, "FCLASS_NL": null, "FCLASS_SE": null, "FCLASS_BD": null, "FCLASS_UA": null, "FCLASS_TLC": null}, "bbox": [5.030018, 47.330404, 5.030018, 47.330404], "geometry": {"type": "Point", "coordinates": [5.030018, 47.330404]}}, {"type": "Feature", "properties": {"SCALERANK": 7, "NATSCALE": 20, "LABELRANK": 3, "FEATURECLA": "Populated place", "NAME": "Bourges", "NAMEPAR": null, "NAMEALT": null, "NAMEASCII": "Bourges", "ADM0CAP": 0, "CAPIN": null, "WORLDCITY": 0, "MEGACITY": 0, "SOV0NAME": "French Republic", "SOV_A3": "FRA", "ADM0NAME": "France", "ADM0_A3": "FRA", "ADM1NAME": "Centre", "ISO_A2": "FR", "NOTE": null, "LATITUDE": 47.083727, "LONGITUDE": 2.399998, "POP_MAX": 72340, "POP_MIN": 67987, "POP_OTHER": 71306, "RANK_MAX": 8, "RANK_MIN": 8, "MEGANAME": null, "LS_NAME": "Bourges", "MAX_POP10": 72340, "MAX_POP20": 72340, "MAX_POP50": 0, "MAX_POP300": 0, "MAX_POP310": 0, "MAX_NATSCA": 20, "MIN_AREAKM": 62, "MAX_AREAKM": 62, "MIN_AREAMI": 24, "MAX_AREAMI": 24, "MIN_PERKM": 65, "MAX_PERKM": 65, "MIN_PERMI": 41, "MAX_PERMI": 41, "MIN_BBXMIN": 2.341667, "MAX_BBXMIN": 2.341667, "MIN_BBXMAX": 2.5, "MAX_BBXMAX": 2.5, "MIN_BBYMIN": 47.05, "MAX_BBYMIN": 47.05, "MIN_BBYMAX": 47.133333, "MAX_BBYMAX": 47.133333, "MEAN_BBXC": 2.405503, "MEAN_BBYC": 47.089465, "TIMEZONE": "Europe/Paris", "UN_FID": 0, "POP1950": 0, "POP1955": 0, "POP1960": 0, "POP1965": 0, "POP1970": 0, "POP1975": 0, "POP1980": 0, "POP1985": 0, "POP1990": 0, "POP1995": 0, "POP2000": 0, "POP2005": 0, "POP2010": 0, "POP2015": 0, "POP2020": 0, "POP2025": 0, "POP2050": 0, "MIN_ZOOM": 6.1, "WIKIDATAID": "Q132404", "WOF_ID": 101749013, "CAPALT": 0, "NAME_EN": "Bourges", "NAME_DE": "Bourges", "NAME_ES": "Bourges", "NAME_FR": "Bourges", "NAME_PT": "Bourges", "NAME_RU": "Бурж", "NAME_ZH": "布尔日", "LABEL": null, "NAME_AR": "بورج", "NAME_BN": "বুরগেস", "NAME_EL": "Μπουρζ", "NAME_HI": "बूर्जेस", "NAME_HU": "Bourges", "NAME_ID": "Bourges", "NAME_IT": "Bourges", "NAME_JA": "ブールジュ", "NAME_KO": "부르주", "NAME_NL": "Bourges", "NAME_PL": "Bourges", "NAME_SV": "Bourges", "NAME_TR": "Bourges", "NAME_VI": "Bourges", "NE_ID": 1159142005, "NAME_FA": "بورژ", "NAME_HE": "בורז'", "NAME_UK": "Бурж", "NAME_UR": "بوغج", "NAME_ZHT": "布爾日", "GEONAMESID": 3031005, "FCLASS_ISO": null, "FCLASS_US": null, "FCLASS_FR": null, "FCLASS_RU": null, "FCLASS_ES": null, "FCLASS_CN": null, "FCLASS_TW": null, "FCLASS_IN": null, "FCLASS_NP": null, "FCLASS_PK": null, "FCLASS_DE": null, "FCLASS_GB": null, "FCLASS_BR": null, "FCLASS_IL": null, "FCLASS_PS": null, "FCLASS_SA": null, "FCLASS_EG": null, "FCLASS_MA": null, "FCLASS_PT": null, "FCLASS_AR": null, "FCLASS_JP": null, "FCLASS_KO": null, "FCLASS_VN": null, "FCLASS_TR": null, "FCLASS_ID": null, "FCLASS_PL": null, "FCLASS_GR": null, "FCLASS_IT": null, "FCLASS_NL": null, "FCLASS_SE": null, "FCLASS_BD": null, "FCLASS_UA": null, "FCLASS_TLC": null}, "bbox": [2.399998, 47.083727, 2.399998, 47.083727], "geometry": {"type": "Point", "coordinates": [2.399998, 47.083727]}}, {"type": "Feature", "properties": {"SCALERANK": 7, "NATSCALE": 20, "LABELRANK": 3, "FEATURECLA": "Populated place", "NAME": "Tours", "NAMEPAR": null, "NAMEALT": null, "NAMEASCII": "Tours", "ADM0CAP": 0, "CAPIN": null, "WORLDCITY": 0, "MEGACITY": 0, "SOV0NAME": "French Republic", "SOV_A3": "FRA", "ADM0NAME": "France", "ADM0_A3": "FRA", "ADM1NAME": "Centre", "ISO_A2": "FR", "NOTE": null, "LATITUDE": 47.380375, "LONGITUDE": 0.699947, "POP_MAX": 236096, "POP_MIN": 141621, "POP_OTHER": 228720, "RANK_MAX": 10, "RANK_MIN": 9, "MEGANAME": null, "LS_NAME": "Tours", "MAX_POP10": 236096, "MAX_POP20": 236096, "MAX_POP50": 0, "MAX_POP300": 0, "MAX_POP310": 0, "MAX_NATSCA": 20, "MIN_AREAKM": 170, "MAX_AREAKM": 170, "MIN_AREAMI": 66, "MAX_AREAMI": 66, "MIN_PERKM": 198, "MAX_PERKM": 198, "MIN_PERMI": 123, "MAX_PERMI": 123, "MIN_BBXMIN": 0.583333, "MAX_BBXMIN": 0.583333, "MIN_BBXMAX": 0.858333, "MAX_BBXMAX": 0.858333, "MIN_BBYMIN": 47.266667, "MAX_BBYMIN": 47.266667, "MIN_BBYMAX": 47.5, "MAX_BBYMAX": 47.5, "MEAN_BBXC": 0.694831, "MEAN_BBYC": 47.381887, "TIMEZONE": "Europe/Paris", "UN_FID": 0, "POP1950": 0, "POP1955": 0, "POP1960": 0, "POP1965": 0, "POP1970": 0, "POP1975": 0, "POP1980": 0, "POP1985": 0, "POP1990": 0, "POP1995": 0, "POP2000": 0, "POP2005": 0, "POP2010": 0, "POP2015": 0, "POP2020": 0, "POP2025": 0, "POP2050": 0, "MIN_ZOOM": 6, "WIKIDATAID": "Q288", "WOF_ID": 101750899, "CAPALT": 0, "NAME_EN": "Tours", "NAME_DE": "Tours", "NAME_ES": "Tours", "NAME_FR": "Tours", "NAME_PT": "Tours", "NAME_RU": "Тур", "NAME_ZH": "图尔", "LABEL": null, "NAME_AR": "تور", "NAME_BN": "তুর", "NAME_EL": "Τουρ", "NAME_HI": "टुर", "NAME_HU": "Tours", "NAME_ID": "Tours", "NAME_IT": "Tours", "NAME_JA": "トゥール", "NAME_KO": "투르", "NAME_NL": "Tours", "NAME_PL": "Tours", "NAME_SV": "Tours", "NAME_TR": "Tours", "NAME_VI": "Tours", "NE_ID": 1159142009, "NAME_FA": "تور", "NAME_HE": "טור", "NAME_UK": "Тур", "NAME_UR": "تؤغ", "NAME_ZHT": "都爾", "GEONAMESID": 2972191, "FCLASS_ISO": null, "FCLASS_US": null, "FCLASS_FR": null, "FCLASS_RU": null, "FCLASS_ES": null, "FCLASS_CN": null, "FCLASS_TW": null, "FCLASS_IN": null, "FCLASS_NP": null, "FCLASS_PK": null, "FCLASS_DE": null, "FCLASS_GB": null, "FCLASS_BR": null, "FCLASS_IL": null, "FCLASS_PS": null, "FCLASS_SA": null, "FCLASS_EG": null, "FCLASS_MA": null, "FCLASS_PT": null, "FCLASS_AR": null, "FCLASS_JP": null, "FCLASS_KO": null, "FCLASS_VN": null, "FCLASS_TR": null, "FCLASS_ID": null, "FCLASS_PL": null, "FCLASS_GR": null, "FCLASS_IT": null, "FCLASS_NL": null, "FCLASS_SE": null, "FCLASS_BD": null, "FCLASS_UA": null, "FCLASS_TLC": null}, "bbox": [0.699947, 47.380375, 0.699947, 47.380375], "geometry": {"type": "Point", "coordinates": [0.699947, 47.380375]}}, {"type": "Feature", "properties": {"SCALERANK": 7, "NATSCALE": 20, "LABELRANK": 3, "FEATURECLA": "Admin-1 region capital", "NAME": "Orléans", "NAMEPAR": null, "NAMEALT": null, "NAMEASCII": "Orleans", "ADM0CAP": 0, "CAPIN": null, "WORLDCITY": 0, "MEGACITY": 0, "SOV0NAME": "French Republic", "SOV_A3": "FRA", "ADM0NAME": "France", "ADM0_A3": "FRA", "ADM1NAME": "Centre", "ISO_A2": "FR", "NOTE": null, "LATITUDE": 47.900421, "LONGITUDE": 1.900028, "POP_MAX": 217301, "POP_MIN": 124149, "POP_OTHER": 209122, "RANK_MAX": 10, "RANK_MIN": 9, "MEGANAME": null, "LS_NAME": "Orleans", "MAX_POP10": 217301, "MAX_POP20": 217301, "MAX_POP50": 0, "MAX_POP300": 0, "MAX_POP310": 0, "MAX_NATSCA": 20, "MIN_AREAKM": 166, "MAX_AREAKM": 166, "MIN_AREAMI": 64, "MAX_AREAMI": 64, "MIN_PERKM": 173, "MAX_PERKM": 173, "MIN_PERMI": 107, "MAX_PERMI": 107, "MIN_BBXMIN": 1.758333, "MAX_BBXMIN": 1.758333, "MIN_BBXMAX": 2.075, "MAX_BBXMAX": 2.075, "MIN_BBYMIN": 47.8, "MAX_BBYMIN": 47.8, "MIN_BBYMAX": 47.966667, "MAX_BBYMAX": 47.966667, "MEAN_BBXC": 1.908131, "MEAN_BBYC": 47.895255, "TIMEZONE": "Europe/Paris", "UN_FID": 0, "POP1950": 0, "POP1955": 0, "POP1960": 0, "POP1965": 0, "POP1970": 0, "POP1975": 0, "POP1980": 0, "POP1985": 0, "POP1990": 0, "POP1995": 0, "POP2000": 0, "POP2005": 0, "POP2010": 0, "POP2015": 0, "POP2020": 0, "POP2025": 0, "POP2050": 0, "MIN_ZOOM": 6.1, "WIKIDATAID": "Q6548", "WOF_ID": 101750945, "CAPALT": 0, "NAME_EN": "Orléans", "NAME_DE": "Orléans", "NAME_ES": "Orleans", "NAME_FR": "Orléans", "NAME_PT": "Orleães", "NAME_RU": "Орлеан", "NAME_ZH": "奥尔良", "LABEL": null, "NAME_AR": "أورليان", "NAME_BN": "অর্লেয়ঁ", "NAME_EL": "Ορλεάνη", "NAME_HI": "ऑरलियन्स", "NAME_HU": "Orléans", "NAME_ID": "Orléans", "NAME_IT": "Orléans", "NAME_JA": "オルレアン", "NAME_KO": "오를레앙", "NAME_NL": "Orléans", "NAME_PL": "Orlean", "NAME_SV": "Orléans", "NAME_TR": "Orléans", "NAME_VI": "Orléans", "NE_ID": 1159142017, "NAME_FA": "اورلئان", "NAME_HE": "אורליאן", "NAME_UK": "Орлеан", "NAME_UR": "اوغلیوں", "NAME_ZHT": "奧爾良", "GEONAMESID": 2989317, "FCLASS_ISO": null, "FCLASS_US": null, "FCLASS_FR": null, "FCLASS_RU": null, "FCLASS_ES": null, "FCLASS_CN": null, "FCLASS_TW": null, "FCLASS_IN": null, "FCLASS_NP": null, "FCLASS_PK": null, "FCLASS_DE": null, "FCLASS_GB": null, "FCLASS_BR": null, "FCLASS_IL": null, "FCLASS_PS": null, "FCLASS_SA": null, "FCLASS_EG": null, "FCLASS_MA": null, "FCLASS_PT": null, "FCLASS_AR": null, "FCLASS_JP": null, "FCLASS_KO": null, "FCLASS_VN": null, "FCLASS_TR": null, "FCLASS_ID": null, "FCLASS_PL": null, "FCLASS_GR": null, "FCLASS_IT": null, "FCLASS_NL": null, "FCLASS_SE": null, "FCLASS_BD": null, "FCLASS_UA": null, "FCLASS_TLC": null}, "bbox": [1.900028, 47.900421, 1.900028, 47.900421], "geometry": {"type": "Point", "coordinates": [1.900028, 47.900421]}}, {"type": "Feature", "properties": {"SCALERANK": 7, "NATSCALE": 20, "LABELRANK": 3, "FEATURECLA": "Populated place", "NAME": "Dieppe", "NAMEPAR": null, "NAMEALT": null, "NAMEASCII": "Dieppe", "ADM0CAP": 0, "CAPIN": null, "WORLDCITY": 0, "MEGACITY": 0, "SOV0NAME": "French Republic", "SOV_A3": "FRA", "ADM0NAME": "France", "ADM0_A3": "FRA", "ADM1NAME": "Haute-Normandie", "ISO_A2": "FR", "NOTE": null, "LATITUDE": 49.933734, "LONGITUDE": 1.083334, "POP_MAX": 42461, "POP_MIN": 35707, "POP_OTHER": 38773, "RANK_MAX": 7, "RANK_MIN": 7, "MEGANAME": null, "LS_NAME": "Dieppe", "MAX_POP10": 42461, "MAX_POP20": 42461, "MAX_POP50": 0, "MAX_POP300": 0, "MAX_POP310": 0, "MAX_NATSCA": 20, "MIN_AREAKM": 32, "MAX_AREAKM": 32, "MIN_AREAMI": 12, "MAX_AREAMI": 12, "MIN_PERKM": 45, "MAX_PERKM": 45, "MIN_PERMI": 28, "MAX_PERMI": 28, "MIN_BBXMIN": 1.041667, "MAX_BBXMIN": 1.041667, "MIN_BBXMAX": 1.158333, "MAX_BBXMAX": 1.158333, "MIN_BBYMIN": 49.875, "MAX_BBYMIN": 49.875, "MIN_BBYMAX": 49.941667, "MAX_BBYMAX": 49.941667, "MEAN_BBXC": 1.099781, "MEAN_BBYC": 49.913816, "TIMEZONE": "Europe/Paris", "UN_FID": 0, "POP1950": 0, "POP1955": 0, "POP1960": 0, "POP1965": 0, "POP1970": 0, "POP1975": 0, "POP1980": 0, "POP1985": 0, "POP1990": 0, "POP1995": 0, "POP2000": 0, "POP2005": 0, "POP2010": 0, "POP2015": 0, "POP2020": 0, "POP2025": 0, "POP2050": 0, "MIN_ZOOM": 6.7, "WIKIDATAID": "Q183557", "WOF_ID": 101813749, "CAPALT": 0, "NAME_EN": "Dieppe", "NAME_DE": "Dieppe", "NAME_ES": "Dieppe", "NAME_FR": "Dieppe", "NAME_PT": "Dieppe", "NAME_RU": "Дьеп", "NAME_ZH": "迪耶普", "LABEL": null, "NAME_AR": "دييب", "NAME_BN": "দিয়েপ্পে", "NAME_EL": "Διέππη", "NAME_HI": "डाइपी", "NAME_HU": "Dieppe", "NAME_ID": "Dieppe", "NAME_IT": "Dieppe", "NAME_JA": "ディエップ", "NAME_KO": "디에프", "NAME_NL": "Dieppe", "NAME_PL": "Dieppe", "NAME_SV": "Dieppe", "NAME_TR": "Dieppe", "NAME_VI": "Dieppe", "NE_ID": 1159142021, "NAME_FA": "دیئپ", "NAME_HE": "דייפ", "NAME_UK": "Дьєпп", "NAME_UR": "ڈئیپی", "NAME_ZHT": "迪耶普", "GEONAMESID": 3021411, "FCLASS_ISO": null, "FCLASS_US": null, "FCLASS_FR": null, "FCLASS_RU": null, "FCLASS_ES": null, "FCLASS_CN": null, "FCLASS_TW": null, "FCLASS_IN": null, "FCLASS_NP": null, "FCLASS_PK": null, "FCLASS_DE": null, "FCLASS_GB": null, "FCLASS_BR": null, "FCLASS_IL": null, "FCLASS_PS": null, "FCLASS_SA": null, "FCLASS_EG": null, "FCLASS_MA": null, "FCLASS_PT": null, "FCLASS_AR": null, "FCLASS_JP": null, "FCLASS_KO": null, "FCLASS_VN": null, "FCLASS_TR": null, "FCLASS_ID": null, "FCLASS_PL": null, "FCLASS_GR": null, "FCLASS_IT": null, "FCLASS_NL": null, "FCLASS_SE": null, "FCLASS_BD": null, "FCLASS_UA": null, "FCLASS_TLC": null}, "bbox": [1.083334, 49.933734, 1.083334, 49.933734], "geometry": {"type": "Point", "coordinates": [1.083334, 49.933734]}}, {"type": "Feature", "properties": {"SCALERANK": 7, "NATSCALE": 20, "LABELRANK": 3, "FEATURECLA": "Admin-1 region capital", "NAME": "Rouen", "NAMEPAR": null, "NAMEALT": null, "NAMEASCII": "Rouen", "ADM0CAP": 0, "CAPIN": null, "WORLDCITY": 0, "MEGACITY": 0, "SOV0NAME": "French Republic", "SOV_A3": "FRA", "ADM0NAME": "France", "ADM0_A3": "FRA", "ADM1NAME": "Haute-Normandie", "ISO_A2": "FR", "NOTE": null, "LATITUDE": 49.430405, "LONGITUDE": 1.079975, "POP_MAX": 532559, "POP_MIN": 110276, "POP_OTHER": 339054, "RANK_MAX": 11, "RANK_MIN": 9, "MEGANAME": null, "LS_NAME": "Rouen", "MAX_POP10": 348533, "MAX_POP20": 348533, "MAX_POP50": 0, "MAX_POP300": 0, "MAX_POP310": 0, "MAX_NATSCA": 20, "MIN_AREAKM": 179, "MAX_AREAKM": 179, "MIN_AREAMI": 69, "MAX_AREAMI": 69, "MIN_PERKM": 169, "MAX_PERKM": 169, "MIN_PERMI": 105, "MAX_PERMI": 105, "MIN_BBXMIN": 0.933333, "MAX_BBXMIN": 0.933333, "MIN_BBXMAX": 1.191667, "MAX_BBXMAX": 1.191667, "MIN_BBYMIN": 49.325, "MAX_BBYMIN": 49.325, "MIN_BBYMAX": 49.558333, "MAX_BBYMAX": 49.558333, "MEAN_BBXC": 1.078958, "MEAN_BBYC": 49.426328, "TIMEZONE": "Europe/Paris", "UN_FID": 0, "POP1950": 0, "POP1955": 0, "POP1960": 0, "POP1965": 0, "POP1970": 0, "POP1975": 0, "POP1980": 0, "POP1985": 0, "POP1990": 0, "POP1995": 0, "POP2000": 0, "POP2005": 0, "POP2010": 0, "POP2015": 0, "POP2020": 0, "POP2025": 0, "POP2050": 0, "MIN_ZOOM": 6, "WIKIDATAID": "Q30974", "WOF_ID": 101751447, "CAPALT": 0, "NAME_EN": "Rouen", "NAME_DE": "Rouen", "NAME_ES": "Ruan", "NAME_FR": "Rouen", "NAME_PT": "Ruão", "NAME_RU": "Руан", "NAME_ZH": "鲁昂", "LABEL": null, "NAME_AR": "روان", "NAME_BN": "রুঅঁ", "NAME_EL": "Ρουέν", "NAME_HI": "रुआं", "NAME_HU": "Rouen", "NAME_ID": "Rouen", "NAME_IT": "Rouen", "NAME_JA": "ルーアン", "NAME_KO": "루앙", "NAME_NL": "Rouen", "NAME_PL": "Rouen", "NAME_SV": "Rouen", "NAME_TR": "Rouen", "NAME_VI": "Rouen", "NE_ID": 1159142025, "NAME_FA": "روان", "NAME_HE": "רואן", "NAME_UK": "Руан", "NAME_UR": "روان", "NAME_ZHT": "盧昂", "GEONAMESID": 2982652, "FCLASS_ISO": null, "FCLASS_US": null, "FCLASS_FR": null, "FCLASS_RU": null, "FCLASS_ES": null, "FCLASS_CN": null, "FCLASS_TW": null, "FCLASS_IN": null, "FCLASS_NP": null, "FCLASS_PK": null, "FCLASS_DE": null, "FCLASS_GB": null, "FCLASS_BR": null, "FCLASS_IL": null, "FCLASS_PS": null, "FCLASS_SA": null, "FCLASS_EG": null, "FCLASS_MA": null, "FCLASS_PT": null, "FCLASS_AR": null, "FCLASS_JP": null, "FCLASS_KO": null, "FCLASS_VN": null, "FCLASS_TR": null, "FCLASS_ID": null, "FCLASS_PL": null, "FCLASS_GR": null, "FCLASS_IT": null, "FCLASS_NL": null, "FCLASS_SE": null, "FCLASS_BD": null, "FCLASS_UA": null, "FCLASS_TLC": null}, "bbox": [1.079975, 49.430405, 1.079975, 49.430405], "geometry": {"type": "Point", "coordinates": [1.079975, 49.430405]}}, {"type": "Feature", "properties": {"SCALERANK": 7, "NATSCALE": 20, "LABELRANK": 3, "FEATURECLA": "Populated place", "NAME": "Versailles", "NAMEPAR": null, "NAMEALT": null, "NAMEASCII": "Versailles", "ADM0CAP": 0, "CAPIN": null, "WORLDCITY": 0, "MEGACITY": 0, "SOV0NAME": "French Republic", "SOV_A3": "FRA", "ADM0NAME": "France", "ADM0_A3": "FRA", "ADM1NAME": "Île-de-France", "ISO_A2": "FR", "NOTE": null, "LATITUDE": 48.80047, "LONGITUDE": 2.133348, "POP_MAX": 85416, "POP_MIN": 85416, "POP_OTHER": 2006367, "RANK_MAX": 8, "RANK_MIN": 8, "MEGANAME": null, "LS_NAME": "Versailles", "MAX_POP10": 2172282, "MAX_POP20": 2172282, "MAX_POP50": 0, "MAX_POP300": 0, "MAX_POP310": 0, "MAX_NATSCA": 20, "MIN_AREAKM": 895, "MAX_AREAKM": 895, "MIN_AREAMI": 345, "MAX_AREAMI": 345, "MIN_PERKM": 939, "MAX_PERKM": 939, "MIN_PERMI": 583, "MAX_PERMI": 583, "MIN_BBXMIN": 1.658333, "MAX_BBXMIN": 1.658333, "MIN_BBXMAX": 2.325043, "MAX_BBXMAX": 2.325043, "MIN_BBYMIN": 48.541667, "MAX_BBYMIN": 48.541667, "MIN_BBYMAX": 49.091667, "MAX_BBYMAX": 49.091667, "MEAN_BBXC": 2.059303, "MEAN_BBYC": 48.850496, "TIMEZONE": "Europe/Paris", "UN_FID": 0, "POP1950": 0, "POP1955": 0, "POP1960": 0, "POP1965": 0, "POP1970": 0, "POP1975": 0, "POP1980": 0, "POP1985": 0, "POP1990": 0, "POP1995": 0, "POP2000": 0, "POP2005": 0, "POP2010": 0, "POP2015": 0, "POP2020": 0, "POP2025": 0, "POP2050": 0, "MIN_ZOOM": 6.7, "WIKIDATAID": "Q621", "WOF_ID": 101753015, "CAPALT": 0, "NAME_EN": "Versailles", "NAME_DE": "Versailles", "NAME_ES": "Versalles", "NAME_FR": "Versailles", "NAME_PT": "Versalhes", "NAME_RU": "Версаль", "NAME_ZH": "凡尔赛", "LABEL": null, "NAME_AR": "فرساي", "NAME_BN": "ভের্সাই", "NAME_EL": "Βερσαλλίες", "NAME_HI": "वर्साइ", "NAME_HU": "Versailles", "NAME_ID": "Versailles", "NAME_IT": "Versailles", "NAME_JA": "ヴェルサイユ", "NAME_KO": "베르사유", "NAME_NL": "Versailles", "NAME_PL": "Wersal", "NAME_SV": "Versailles", "NAME_TR": "Versailles", "NAME_VI": "Versailles", "NE_ID": 1159142029, "NAME_FA": "ورسای", "NAME_HE": "ורסאי", "NAME_UK": "Версаль", "NAME_UR": "ویغسای", "NAME_ZHT": "凡爾賽", "GEONAMESID": 2969679, "FCLASS_ISO": null, "FCLASS_US": null, "FCLASS_FR": null, "FCLASS_RU": null, "FCLASS_ES": null, "FCLASS_CN": null, "FCLASS_TW": null, "FCLASS_IN": null, "FCLASS_NP": null, "FCLASS_PK": null, "FCLASS_DE": null, "FCLASS_GB": null, "FCLASS_BR": null, "FCLASS_IL": null, "FCLASS_PS": null, "FCLASS_SA": null, "FCLASS_EG": null, "FCLASS_MA": null, "FCLASS_PT": null, "FCLASS_AR": null, "FCLASS_JP": null, "FCLASS_KO": null, "FCLASS_VN": null, "FCLASS_TR": null, "FCLASS_ID": null, "FCLASS_PL": null, "FCLASS_GR": null, "FCLASS_IT": null, "FCLASS_NL": null, "FCLASS_SE": null, "FCLASS_BD": null, "FCLASS_UA": null, "FCLASS_TLC": null}, "bbox": [2.133348, 48.80047, 2.133348, 48.80047], "geometry": {"type": "Point", "coordinates": [2.133348, 48.80047]}}, {"type": "Feature", "properties": {"SCALERANK": 7, "NATSCALE": 20, "LABELRANK": 3, "FEATURECLA": "Populated place", "NAME": "Brive", "NAMEPAR": null, "NAMEALT": null, "NAMEASCII": "Brive", "ADM0CAP": 0, "CAPIN": null, "WORLDCITY": 0, "MEGACITY": 0, "SOV0NAME": "French Republic", "SOV_A3": "FRA", "ADM0NAME": "France", "ADM0_A3": "FRA", "ADM1NAME": "Limousin", "ISO_A2": "FR", "NOTE": null, "LATITUDE": 45.150408, "LONGITUDE": 1.533333, "POP_MAX": 55448, "POP_MIN": 53466, "POP_OTHER": 55043, "RANK_MAX": 8, "RANK_MIN": 8, "MEGANAME": null, "LS_NAME": "Brive", "MAX_POP10": 55448, "MAX_POP20": 55448, "MAX_POP50": 0, "MAX_POP300": 0, "MAX_POP310": 0, "MAX_NATSCA": 20, "MIN_AREAKM": 45, "MAX_AREAKM": 45, "MIN_AREAMI": 17, "MAX_AREAMI": 17, "MIN_PERKM": 58, "MAX_PERKM": 58, "MIN_PERMI": 36, "MAX_PERMI": 36, "MIN_BBXMIN": 1.441667, "MAX_BBXMIN": 1.441667, "MIN_BBXMAX": 1.591667, "MAX_BBXMAX": 1.591667, "MIN_BBYMIN": 45.133333, "MAX_BBYMIN": 45.133333, "MIN_BBYMAX": 45.2, "MAX_BBYMAX": 45.2, "MEAN_BBXC": 1.519932, "MEAN_BBYC": 45.162838, "TIMEZONE": "Europe/Paris", "UN_FID": 0, "POP1950": 0, "POP1955": 0, "POP1960": 0, "POP1965": 0, "POP1970": 0, "POP1975": 0, "POP1980": 0, "POP1985": 0, "POP1990": 0, "POP1995": 0, "POP2000": 0, "POP2005": 0, "POP2010": 0, "POP2015": 0, "POP2020": 0, "POP2025": 0, "POP2050": 0, "MIN_ZOOM": 6.1, "WIKIDATAID": "Q6393", "WOF_ID": 101830659, "CAPALT": 0, "NAME_EN": "Brive-la-Gaillarde", "NAME_DE": "Brive-la-Gaillarde", "NAME_ES": "Brive-la-Gaillarde", "NAME_FR": "Brive-la-Gaillarde", "NAME_PT": "Brive-la-Gaillarde", "NAME_RU": "Брив-ла-Гайард", "NAME_ZH": "布里夫拉盖亚尔德", "LABEL": null, "NAME_AR": "بريف لا غايلارد", "NAME_BN": "ব্রাইভ", "NAME_EL": "Μπριβ-λα-Γκαγιάρντ", "NAME_HI": "ब्राइव", "NAME_HU": "Brive-la-Gaillarde", "NAME_ID": "Brive-la-Gaillarde", "NAME_IT": "Brive-la-Gaillarde", "NAME_JA": "ブリーヴ＝ラ＝ガイヤルド", "NAME_KO": "브리브라가야르드", "NAME_NL": "Brive-la-Gaillarde", "NAME_PL": "Brive-la-Gaillarde", "NAME_SV": "Brive-la-Gaillarde", "NAME_TR": "Brive-la-Gaillarde", "NAME_VI": "Brive-la-Gaillarde", "NE_ID": 1159142035, "NAME_FA": "بریو-لا-گیارد", "NAME_HE": "בריב לה גאיירד", "NAME_UK": "Брив-ла-Гаярд", "NAME_UR": "برائیو", "NAME_ZHT": "布里夫拉蓋亞爾德", "GEONAMESID": 3029974, "FCLASS_ISO": null, "FCLASS_US": null, "FCLASS_FR": null, "FCLASS_RU": null, "FCLASS_ES": null, "FCLASS_CN": null, "FCLASS_TW": null, "FCLASS_IN": null, "FCLASS_NP": null, "FCLASS_PK": null, "FCLASS_DE": null, "FCLASS_GB": null, "FCLASS_BR": null, "FCLASS_IL": null, "FCLASS_PS": null, "FCLASS_SA": null, "FCLASS_EG": null, "FCLASS_MA": null, "FCLASS_PT": null, "FCLASS_AR": null, "FCLASS_JP": null, "FCLASS_KO": null, "FCLASS_VN": null, "FCLASS_TR": null, "FCLASS_ID": null, "FCLASS_PL": null, "FCLASS_GR": null, "FCLASS_IT": null, "FCLASS_NL": null, "FCLASS_SE": null, "FCLASS_BD": null, "FCLASS_UA": null, "FCLASS_TLC": null}, "bbox": [1.533332, 45.150408, 1.533332, 45.150408], "geometry": {"type": "Point", "coordinates": [1.533332, 45.150408]}}, {"type": "Feature", "properties": {"SCALERANK": 7, "NATSCALE": 20, "LABELRANK": 3, "FEATURECLA": "Populated place", "NAME": "Troyes", "NAMEPAR": null, "NAMEALT": null, "NAMEASCII": "Troyes", "ADM0CAP": 0, "CAPIN": null, "WORLDCITY": 0, "MEGACITY": 0, "SOV0NAME": "French Republic", "SOV_A3": "FRA", "ADM0NAME": "France", "ADM0_A3": "FRA", "ADM1NAME": "Champagne-Ardenne", "ISO_A2": "FR", "NOTE": null, "LATITUDE": 48.340394, "LONGITUDE": 4.083358, "POP_MAX": 61703, "POP_MIN": 60785, "POP_OTHER": 0, "RANK_MAX": 8, "RANK_MIN": 8, "MEGANAME": null, "LS_NAME": "Troyes", "MAX_POP10": 61703, "MAX_POP20": 61703, "MAX_POP50": 0, "MAX_POP300": 0, "MAX_POP310": 0, "MAX_NATSCA": 20, "MIN_AREAKM": 67, "MAX_AREAKM": 67, "MIN_AREAMI": 26, "MAX_AREAMI": 26, "MIN_PERKM": 79, "MAX_PERKM": 79, "MIN_PERMI": 49, "MAX_PERMI": 49, "MIN_BBXMIN": 4.016667, "MAX_BBXMIN": 4.016667, "MIN_BBXMAX": 4.141667, "MAX_BBXMAX": 4.141667, "MIN_BBYMIN": 48.225, "MAX_BBYMIN": 48.225, "MIN_BBYMAX": 48.35, "MAX_BBYMAX": 48.35, "MEAN_BBXC": 4.073184, "MEAN_BBYC": 48.294195, "TIMEZONE": "Europe/Paris", "UN_FID": 0, "POP1950": 0, "POP1955": 0, "POP1960": 0, "POP1965": 0, "POP1970": 0, "POP1975": 0, "POP1980": 0, "POP1985": 0, "POP1990": 0, "POP1995": 0, "POP2000": 0, "POP2005": 0, "POP2010": 0, "POP2015": 0, "POP2020": 0, "POP2025": 0, "POP2050": 0, "MIN_ZOOM": 6.1, "WIKIDATAID": "Q5489", "WOF_ID": 101750981, "CAPALT": 0, "NAME_EN": "Troyes", "NAME_DE": "Troyes", "NAME_ES": "Troyes", "NAME_FR": "Troyes", "NAME_PT": "Troyes", "NAME_RU": "Труа", "NAME_ZH": "特鲁瓦", "LABEL": null, "NAME_AR": "تروا", "NAME_BN": "ত্রোয়া", "NAME_EL": "Τρουά", "NAME_HI": "थ्वा", "NAME_HU": "Troyes", "NAME_ID": "Troyes", "NAME_IT": "Troyes", "NAME_JA": "トロワ", "NAME_KO": "트루아", "NAME_NL": "Troyes", "NAME_PL": "Troyes", "NAME_SV": "Troyes", "NAME_TR": "Troyes", "NAME_VI": "Troyes", "NE_ID": 1159142039, "NAME_FA": "تروای", "NAME_HE": "טרואה", "NAME_UK": "Труа", "NAME_UR": "تروئے", "NAME_ZHT": "特華", "GEONAMESID": 2971549, "FCLASS_ISO": null, "FCLASS_US": null, "FCLASS_FR": null, "FCLASS_RU": null, "FCLASS_ES": null, "FCLASS_CN": null, "FCLASS_TW": null, "FCLASS_IN": null, "FCLASS_NP": null, "FCLASS_PK": null, "FCLASS_DE": null, "FCLASS_GB": null, "FCLASS_BR": null, "FCLASS_IL": null, "FCLASS_PS": null, "FCLASS_SA": null, "FCLASS_EG": null, "FCLASS_MA": null, "FCLASS_PT": null, "FCLASS_AR": null, "FCLASS_JP": null, "FCLASS_KO": null, "FCLASS_VN": null, "FCLASS_TR": null, "FCLASS_ID": null, "FCLASS_PL": null, "FCLASS_GR": null, "FCLASS_IT": null, "FCLASS_NL": null, "FCLASS_SE": null, "FCLASS_BD": null, "FCLASS_UA": null, "FCLASS_TLC": null}, "bbox": [4.083358, 48.340394, 4.083358, 48.340394], "geometry": {"type": "Point", "coordinates": [4.083358, 48.340394]}}, {"type": "Feature", "properties": {"SCALERANK": 7, "NATSCALE": 20, "LABELRANK": 3, "FEATURECLA": "Admin-1 region capital", "NAME": "Reims", "NAMEPAR": null, "NAMEALT": null, "NAMEASCII": "Reims", "ADM0CAP": 0, "CAPIN": null, "WORLDCITY": 0, "MEGACITY": 0, "SOV0NAME": "French Republic", "SOV_A3": "FRA", "ADM0NAME": "France", "ADM0_A3": "FRA", "ADM1NAME": "Champagne-Ardenne", "ISO_A2": "FR", "NOTE": null, "LATITUDE": 49.25039, "LONGITUDE": 4.029976, "POP_MAX": 196565, "POP_MIN": 159313, "POP_OTHER": 156464, "RANK_MAX": 9, "RANK_MIN": 9, "MEGANAME": null, "LS_NAME": "Reims", "MAX_POP10": 159313, "MAX_POP20": 159313, "MAX_POP50": 0, "MAX_POP300": 0, "MAX_POP310": 0, "MAX_NATSCA": 20, "MIN_AREAKM": 76, "MAX_AREAKM": 76, "MIN_AREAMI": 29, "MAX_AREAMI": 29, "MIN_PERKM": 61, "MAX_PERKM": 61, "MIN_PERMI": 38, "MAX_PERMI": 38, "MIN_BBXMIN": 3.95, "MAX_BBXMIN": 3.95, "MIN_BBXMAX": 4.116667, "MAX_BBXMAX": 4.116667, "MIN_BBYMIN": 49.191667, "MAX_BBYMIN": 49.191667, "MIN_BBYMAX": 49.3, "MAX_BBYMAX": 49.3, "MEAN_BBXC": 4.031142, "MEAN_BBYC": 49.247253, "TIMEZONE": "Europe/Paris", "UN_FID": 0, "POP1950": 0, "POP1955": 0, "POP1960": 0, "POP1965": 0, "POP1970": 0, "POP1975": 0, "POP1980": 0, "POP1985": 0, "POP1990": 0, "POP1995": 0, "POP2000": 0, "POP2005": 0, "POP2010": 0, "POP2015": 0, "POP2020": 0, "POP2025": 0, "POP2050": 0, "MIN_ZOOM": 6.1, "WIKIDATAID": "Q41876", "WOF_ID": 101751377, "CAPALT": 0, "NAME_EN": "Reims", "NAME_DE": "Reims", "NAME_ES": "Reims", "NAME_FR": "Reims", "NAME_PT": "Reims", "NAME_RU": "Реймс", "NAME_ZH": "兰斯", "LABEL": null, "NAME_AR": "رانس", "NAME_BN": "রাঁস", "NAME_EL": "Ρενς", "NAME_HI": "रिम्स", "NAME_HU": "Reims", "NAME_ID": "Reims", "NAME_IT": "Reims", "NAME_JA": "ランス", "NAME_KO": "랭스", "NAME_NL": "Reims", "NAME_PL": "Reims", "NAME_SV": "Reims", "NAME_TR": "Reims", "NAME_VI": "Reims", "NE_ID": 1159142043, "NAME_FA": "رنس", "NAME_HE": "ריימס", "NAME_UK": "Реймс", "NAME_UR": "رمس", "NAME_ZHT": "漢斯", "GEONAMESID": 2984114, "FCLASS_ISO": null, "FCLASS_US": null, "FCLASS_FR": null, "FCLASS_RU": null, "FCLASS_ES": null, "FCLASS_CN": null, "FCLASS_TW": null, "FCLASS_IN": null, "FCLASS_NP": null, "FCLASS_PK": null, "FCLASS_DE": null, "FCLASS_GB": null, "FCLASS_BR": null, "FCLASS_IL": null, "FCLASS_PS": null, "FCLASS_SA": null, "FCLASS_EG": null, "FCLASS_MA": null, "FCLASS_PT": null, "FCLASS_AR": null, "FCLASS_JP": null, "FCLASS_KO": null, "FCLASS_VN": null, "FCLASS_TR": null, "FCLASS_ID": null, "FCLASS_PL": null, "FCLASS_GR": null, "FCLASS_IT": null, "FCLASS_NL": null, "FCLASS_SE": null, "FCLASS_BD": null, "FCLASS_UA": null, "FCLASS_TLC": null}, "bbox": [4.029976, 49.25039, 4.029976, 49.25039], "geometry": {"type": "Point", "coordinates": [4.029976, 49.25039]}}, {"type": "Feature", "properties": {"SCALERANK": 7, "NATSCALE": 20, "LABELRANK": 3, "FEATURECLA": "Populated place", "NAME": "Calais", "NAMEPAR": null, "NAMEALT": null, "NAMEASCII": "Calais", "ADM0CAP": 0, "CAPIN": null, "WORLDCITY": 0, "MEGACITY": 0, "SOV0NAME": "French Republic", "SOV_A3": "FRA", "ADM0NAME": "France", "ADM0_A3": "FRA", "ADM1NAME": "Nord-Pas-de-Calais", "ISO_A2": "FR", "NOTE": null, "LATITUDE": 50.950416, "LONGITUDE": 1.833314, "POP_MAX": 92201, "POP_MIN": 74433, "POP_OTHER": 90617, "RANK_MAX": 8, "RANK_MIN": 8, "MEGANAME": null, "LS_NAME": "Calais2", "MAX_POP10": 92201, "MAX_POP20": 92201, "MAX_POP50": 0, "MAX_POP300": 0, "MAX_POP310": 0, "MAX_NATSCA": 20, "MIN_AREAKM": 55, "MAX_AREAKM": 55, "MIN_AREAMI": 21, "MAX_AREAMI": 21, "MIN_PERKM": 74, "MAX_PERKM": 74, "MIN_PERMI": 46, "MAX_PERMI": 46, "MIN_BBXMIN": 1.783333, "MAX_BBXMIN": 1.783333, "MIN_BBXMAX": 1.966667, "MAX_BBXMAX": 1.966667, "MIN_BBYMIN": 50.891667, "MAX_BBYMIN": 50.891667, "MIN_BBYMAX": 50.975, "MAX_BBYMAX": 50.975, "MEAN_BBXC": 1.866625, "MEAN_BBYC": 50.943358, "TIMEZONE": "Europe/Paris", "UN_FID": 0, "POP1950": 0, "POP1955": 0, "POP1960": 0, "POP1965": 0, "POP1970": 0, "POP1975": 0, "POP1980": 0, "POP1985": 0, "POP1990": 0, "POP1995": 0, "POP2000": 0, "POP2005": 0, "POP2010": 0, "POP2015": 0, "POP2020": 0, "POP2025": 0, "POP2050": 0, "MIN_ZOOM": 6.7, "WIKIDATAID": "Q6454", "WOF_ID": 101750223, "CAPALT": 0, "NAME_EN": "Calais", "NAME_DE": "Calais", "NAME_ES": "Calais", "NAME_FR": "Calais", "NAME_PT": "Calais", "NAME_RU": "Кале", "NAME_ZH": "加来", "LABEL": null, "NAME_AR": "كاليه", "NAME_BN": "কালে", "NAME_EL": "Καλαί", "NAME_HI": "कैले", "NAME_HU": "Calais", "NAME_ID": "Calais", "NAME_IT": "Calais", "NAME_JA": "カレー", "NAME_KO": "칼레", "NAME_NL": "Calais", "NAME_PL": "Calais", "NAME_SV": "Calais", "NAME_TR": "Calais", "NAME_VI": "Calais", "NE_ID": 1159142047, "NAME_FA": "کاله", "NAME_HE": "קאלה", "NAME_UK": "Кале", "NAME_UR": "کالایس", "NAME_ZHT": "加萊", "GEONAMESID": 3029162, "FCLASS_ISO": null, "FCLASS_US": null, "FCLASS_FR": null, "FCLASS_RU": null, "FCLASS_ES": null, "FCLASS_CN": null, "FCLASS_TW": null, "FCLASS_IN": null, "FCLASS_NP": null, "FCLASS_PK": null, "FCLASS_DE": null, "FCLASS_GB": null, "FCLASS_BR": null, "FCLASS_IL": null, "FCLASS_PS": null, "FCLASS_SA": null, "FCLASS_EG": null, "FCLASS_MA": null, "FCLASS_PT": null, "FCLASS_AR": null, "FCLASS_JP": null, "FCLASS_KO": null, "FCLASS_VN": null, "FCLASS_TR": null, "FCLASS_ID": null, "FCLASS_PL": null, "FCLASS_GR": null, "FCLASS_IT": null, "FCLASS_NL": null, "FCLASS_SE": null, "FCLASS_BD": null, "FCLASS_UA": null, "FCLASS_TLC": null}, "bbox": [1.833314, 50.950416, 1.833314, 50.950416], "geometry": {"type": "Point", "coordinates": [1.833314, 50.950416]}}, {"type": "Feature", "properties": {"SCALERANK": 7, "NATSCALE": 20, "LABELRANK": 3, "FEATURECLA": "Admin-1 region capital", "NAME": "Amiens", "NAMEPAR": null, "NAMEALT": null, "NAMEASCII": "Amiens", "ADM0CAP": 0, "CAPIN": null, "WORLDCITY": 0, "MEGACITY": 0, "SOV0NAME": "French Republic", "SOV_A3": "FRA", "ADM0NAME": "France", "ADM0_A3": "FRA", "ADM1NAME": "Picardie", "ISO_A2": "FR", "NOTE": null, "LATITUDE": 49.900377, "LONGITUDE": 2.300004, "POP_MAX": 143086, "POP_MIN": 94731, "POP_OTHER": 88717, "RANK_MAX": 9, "RANK_MIN": 8, "MEGANAME": null, "LS_NAME": "Amiens", "MAX_POP10": 94731, "MAX_POP20": 94731, "MAX_POP50": 0, "MAX_POP300": 0, "MAX_POP310": 0, "MAX_NATSCA": 20, "MIN_AREAKM": 70, "MAX_AREAKM": 70, "MIN_AREAMI": 27, "MAX_AREAMI": 27, "MIN_PERKM": 86, "MAX_PERKM": 86, "MIN_PERMI": 53, "MAX_PERMI": 53, "MIN_BBXMIN": 2.225, "MAX_BBXMIN": 2.225, "MIN_BBXMAX": 2.408333, "MAX_BBXMAX": 2.408333, "MIN_BBYMIN": 49.841667, "MAX_BBYMIN": 49.841667, "MIN_BBYMAX": 49.95, "MAX_BBYMAX": 49.95, "MEAN_BBXC": 2.300728, "MEAN_BBYC": 49.889815, "TIMEZONE": "Europe/Paris", "UN_FID": 0, "POP1950": 0, "POP1955": 0, "POP1960": 0, "POP1965": 0, "POP1970": 0, "POP1975": 0, "POP1980": 0, "POP1985": 0, "POP1990": 0, "POP1995": 0, "POP2000": 0, "POP2005": 0, "POP2010": 0, "POP2015": 0, "POP2020": 0, "POP2025": 0, "POP2050": 0, "MIN_ZOOM": 6.7, "WIKIDATAID": "Q41604", "WOF_ID": 101749133, "CAPALT": 0, "NAME_EN": "Amiens", "NAME_DE": "Amiens", "NAME_ES": "Amiens", "NAME_FR": "Amiens", "NAME_PT": "Amiens", "NAME_RU": "Амьен", "NAME_ZH": "亚眠", "LABEL": null, "NAME_AR": "أميان", "NAME_BN": "আমিয়াঁ", "NAME_EL": "Αμιένη", "NAME_HI": "अमियाँ", "NAME_HU": "Amiens", "NAME_ID": "Amiens", "NAME_IT": "Amiens", "NAME_JA": "アミアン", "NAME_KO": "아미앵", "NAME_NL": "Amiens", "NAME_PL": "Amiens", "NAME_SV": "Amiens", "NAME_TR": "Amiens", "NAME_VI": "Amiens", "NE_ID": 1159142053, "NAME_FA": "امیان", "NAME_HE": "אמיין", "NAME_UK": "Ам'єн", "NAME_UR": "امیان", "NAME_ZHT": "亞眠", "GEONAMESID": 3037854, "FCLASS_ISO": null, "FCLASS_US": null, "FCLASS_FR": null, "FCLASS_RU": null, "FCLASS_ES": null, "FCLASS_CN": null, "FCLASS_TW": null, "FCLASS_IN": null, "FCLASS_NP": null, "FCLASS_PK": null, "FCLASS_DE": null, "FCLASS_GB": null, "FCLASS_BR": null, "FCLASS_IL": null, "FCLASS_PS": null, "FCLASS_SA": null, "FCLASS_EG": null, "FCLASS_MA": null, "FCLASS_PT": null, "FCLASS_AR": null, "FCLASS_JP": null, "FCLASS_KO": null, "FCLASS_VN": null, "FCLASS_TR": null, "FCLASS_ID": null, "FCLASS_PL": null, "FCLASS_GR": null, "FCLASS_IT": null, "FCLASS_NL": null, "FCLASS_SE": null, "FCLASS_BD": null, "FCLASS_UA": null, "FCLASS_TLC": null}, "bbox": [2.300004, 49.900377, 2.300004, 49.900377], "geometry": {"type": "Point", "coordinates": [2.300004, 49.900377]}}, {"type": "Feature", "properties": {"SCALERANK": 7, "NATSCALE": 20, "LABELRANK": 3, "FEATURECLA": "Populated place", "NAME": "Mulhouse", "NAMEPAR": null, "NAMEALT": null, "NAMEASCII": "Mulhouse", "ADM0CAP": 0, "CAPIN": null, "WORLDCITY": 0, "MEGACITY": 0, "SOV0NAME": "French Republic", "SOV_A3": "FRA", "ADM0NAME": "France", "ADM0_A3": "FRA", "ADM1NAME": "Alsace", "ISO_A2": "FR", "NOTE": null, "LATITUDE": 47.750405, "LONGITUDE": 7.34998, "POP_MAX": 215454, "POP_MIN": 111430, "POP_OTHER": 194720, "RANK_MAX": 10, "RANK_MIN": 9, "MEGANAME": null, "LS_NAME": "Mulhouse", "MAX_POP10": 215454, "MAX_POP20": 215454, "MAX_POP50": 0, "MAX_POP300": 0, "MAX_POP310": 0, "MAX_NATSCA": 20, "MIN_AREAKM": 130, "MAX_AREAKM": 130, "MIN_AREAMI": 50, "MAX_AREAMI": 50, "MIN_PERKM": 139, "MAX_PERKM": 139, "MIN_PERMI": 86, "MAX_PERMI": 86, "MIN_BBXMIN": 7.208333, "MAX_BBXMIN": 7.208333, "MIN_BBXMAX": 7.441667, "MAX_BBXMAX": 7.441667, "MIN_BBYMIN": 47.708333, "MAX_BBYMIN": 47.708333, "MIN_BBYMAX": 47.841667, "MAX_BBYMAX": 47.841667, "MEAN_BBXC": 7.330722, "MEAN_BBYC": 47.775019, "TIMEZONE": "Europe/Paris", "UN_FID": 0, "POP1950": 0, "POP1955": 0, "POP1960": 0, "POP1965": 0, "POP1970": 0, "POP1975": 0, "POP1980": 0, "POP1985": 0, "POP1990": 0, "POP1995": 0, "POP2000": 0, "POP2005": 0, "POP2010": 0, "POP2015": 0, "POP2020": 0, "POP2025": 0, "POP2050": 0, "MIN_ZOOM": 6, "WIKIDATAID": "Q79815", "WOF_ID": 101749573, "CAPALT": 0, "NAME_EN": "Mulhouse", "NAME_DE": "Mülhausen", "NAME_ES": "Mulhouse", "NAME_FR": "Mulhouse", "NAME_PT": "Mulhouse", "NAME_RU": "Мюлуз", "NAME_ZH": "米卢斯", "LABEL": null, "NAME_AR": "ميلوز", "NAME_BN": "ম্যুলুজ", "NAME_EL": "Μυλούζη", "NAME_HI": "मुलहॉउस", "NAME_HU": "Mulhouse", "NAME_ID": "Mulhouse", "NAME_IT": "Mulhouse", "NAME_JA": "ミュルーズ", "NAME_KO": "뮐루즈", "NAME_NL": "Mulhouse", "NAME_PL": "Miluza", "NAME_SV": "Mulhouse", "NAME_TR": "Mulhouse", "NAME_VI": "Mulhouse", "NE_ID": 1159142057, "NAME_FA": "مولوز", "NAME_HE": "מילוז", "NAME_UK": "Мюлуз", "NAME_UR": "ملحووسی", "NAME_ZHT": "米盧斯", "GEONAMESID": 2991214, "FCLASS_ISO": null, "FCLASS_US": null, "FCLASS_FR": null, "FCLASS_RU": null, "FCLASS_ES": null, "FCLASS_CN": null, "FCLASS_TW": null, "FCLASS_IN": null, "FCLASS_NP": null, "FCLASS_PK": null, "FCLASS_DE": null, "FCLASS_GB": null, "FCLASS_BR": null, "FCLASS_IL": null, "FCLASS_PS": null, "FCLASS_SA": null, "FCLASS_EG": null, "FCLASS_MA": null, "FCLASS_PT": null, "FCLASS_AR": null, "FCLASS_JP": null, "FCLASS_KO": null, "FCLASS_VN": null, "FCLASS_TR": null, "FCLASS_ID": null, "FCLASS_PL": null, "FCLASS_GR": null, "FCLASS_IT": null, "FCLASS_NL": null, "FCLASS_SE": null, "FCLASS_BD": null, "FCLASS_UA": null, "FCLASS_TLC": null}, "bbox": [7.34998, 47.750405, 7.34998, 47.750405], "geometry": {"type": "Point", "coordinates": [7.34998, 47.750405]}}, {"type": "Feature", "properties": {"SCALERANK": 7, "NATSCALE": 20, "LABELRANK": 3, "FEATURECLA": "Admin-1 region capital", "NAME": "Nancy", "NAMEPAR": null, "NAMEALT": null, "NAMEASCII": "Nancy", "ADM0CAP": 0, "CAPIN": null, "WORLDCITY": 0, "MEGACITY": 0, "SOV0NAME": "French Republic", "SOV_A3": "FRA", "ADM0NAME": "France", "ADM0_A3": "FRA", "ADM1NAME": "Lorraine", "ISO_A2": "FR", "NOTE": null, "LATITUDE": 48.683681, "LONGITUDE": 6.200024, "POP_MAX": 268976, "POP_MIN": 105334, "POP_OTHER": 242104, "RANK_MAX": 10, "RANK_MIN": 9, "MEGANAME": null, "LS_NAME": "Nancy", "MAX_POP10": 268976, "MAX_POP20": 268976, "MAX_POP50": 0, "MAX_POP300": 0, "MAX_POP310": 0, "MAX_NATSCA": 20, "MIN_AREAKM": 140, "MAX_AREAKM": 140, "MIN_AREAMI": 54, "MAX_AREAMI": 54, "MIN_PERKM": 167, "MAX_PERKM": 167, "MIN_PERMI": 103, "MAX_PERMI": 103, "MIN_BBXMIN": 6.075, "MAX_BBXMIN": 6.075, "MIN_BBXMAX": 6.275, "MAX_BBXMAX": 6.275, "MIN_BBYMIN": 48.583333, "MAX_BBYMIN": 48.583333, "MIN_BBYMAX": 48.8, "MAX_BBYMAX": 48.8, "MEAN_BBXC": 6.171474, "MEAN_BBYC": 48.682068, "TIMEZONE": "Europe/Paris", "UN_FID": 0, "POP1950": 0, "POP1955": 0, "POP1960": 0, "POP1965": 0, "POP1970": 0, "POP1975": 0, "POP1980": 0, "POP1985": 0, "POP1990": 0, "POP1995": 0, "POP2000": 0, "POP2005": 0, "POP2010": 0, "POP2015": 0, "POP2020": 0, "POP2025": 0, "POP2050": 0, "MIN_ZOOM": 5.1, "WIKIDATAID": "Q40898", "WOF_ID": 101750135, "CAPALT": 0, "NAME_EN": "Nancy", "NAME_DE": "Nancy", "NAME_ES": "Nancy", "NAME_FR": "Nancy", "NAME_PT": "Nancy", "NAME_RU": "Нанси", "NAME_ZH": "南锡", "LABEL": null, "NAME_AR": "نانسي", "NAME_BN": "নঁসি", "NAME_EL": "Νανσύ", "NAME_HI": "नांसी", "NAME_HU": "Nancy", "NAME_ID": "Nancy", "NAME_IT": "Nancy", "NAME_JA": "ナンシー", "NAME_KO": "낭시", "NAME_NL": "Nancy", "NAME_PL": "Nancy", "NAME_SV": "Nancy", "NAME_TR": "Nancy", "NAME_VI": "Nancy", "NE_ID": 1159142061, "NAME_FA": "نانسی", "NAME_HE": "נאנסי", "NAME_UK": "Нансі", "NAME_UR": "نینسی", "NAME_ZHT": "南錫", "GEONAMESID": 2990999, "FCLASS_ISO": null, "FCLASS_US": null, "FCLASS_FR": null, "FCLASS_RU": null, "FCLASS_ES": null, "FCLASS_CN": null, "FCLASS_TW": null, "FCLASS_IN": null, "FCLASS_NP": null, "FCLASS_PK": null, "FCLASS_DE": null, "FCLASS_GB": null, "FCLASS_BR": null, "FCLASS_IL": null, "FCLASS_PS": null, "FCLASS_SA": null, "FCLASS_EG": null, "FCLASS_MA": null, "FCLASS_PT": null, "FCLASS_AR": null, "FCLASS_JP": null, "FCLASS_KO": null, "FCLASS_VN": null, "FCLASS_TR": null, "FCLASS_ID": null, "FCLASS_PL": null, "FCLASS_GR": null, "FCLASS_IT": null, "FCLASS_NL": null, "FCLASS_SE": null, "FCLASS_BD": null, "FCLASS_UA": null, "FCLASS_TLC": null}, "bbox": [6.200024, 48.683681, 6.200024, 48.683681], "geometry": {"type": "Point", "coordinates": [6.200024, 48.683681]}}, {"type": "Feature", "properties": {"SCALERANK": 7, "NATSCALE": 20, "LABELRANK": 3, "FEATURECLA": "Admin-1 capital", "NAME": "Metz", "NAMEPAR": null, "NAMEALT": null, "NAMEASCII": "Metz", "ADM0CAP": 0, "CAPIN": null, "WORLDCITY": 0, "MEGACITY": 0, "SOV0NAME": "French Republic", "SOV_A3": "FRA", "ADM0NAME": "France", "ADM0_A3": "FRA", "ADM1NAME": "Lorraine", "ISO_A2": "FR", "NOTE": null, "LATITUDE": 49.120347, "LONGITUDE": 6.180026, "POP_MAX": 409186, "POP_MIN": 123914, "POP_OTHER": 179981, "RANK_MAX": 10, "RANK_MIN": 9, "MEGANAME": null, "LS_NAME": "Metz", "MAX_POP10": 409186, "MAX_POP20": 409186, "MAX_POP50": 0, "MAX_POP300": 0, "MAX_POP310": 0, "MAX_NATSCA": 20, "MIN_AREAKM": 330, "MAX_AREAKM": 330, "MIN_AREAMI": 127, "MAX_AREAMI": 127, "MIN_PERKM": 435, "MAX_PERKM": 435, "MIN_PERMI": 270, "MAX_PERMI": 270, "MIN_BBXMIN": 5.925, "MAX_BBXMIN": 5.925, "MIN_BBXMAX": 6.283333, "MAX_BBXMAX": 6.283333, "MIN_BBYMIN": 49.016667, "MAX_BBYMIN": 49.016667, "MIN_BBYMAX": 49.374643, "MAX_BBYMAX": 49.374643, "MEAN_BBXC": 6.13873, "MEAN_BBYC": 49.209862, "TIMEZONE": "Europe/Paris", "UN_FID": 0, "POP1950": 0, "POP1955": 0, "POP1960": 0, "POP1965": 0, "POP1970": 0, "POP1975": 0, "POP1980": 0, "POP1985": 0, "POP1990": 0, "POP1995": 0, "POP2000": 0, "POP2005": 0, "POP2010": 0, "POP2015": 0, "POP2020": 0, "POP2025": 0, "POP2050": 0, "MIN_ZOOM": 6, "WIKIDATAID": "Q22690", "WOF_ID": 101750105, "CAPALT": 0, "NAME_EN": "Metz", "NAME_DE": "Metz", "NAME_ES": "Metz", "NAME_FR": "Metz", "NAME_PT": "Metz", "NAME_RU": "Мец", "NAME_ZH": "梅斯", "LABEL": null, "NAME_AR": "متز", "NAME_BN": "মেৎস", "NAME_EL": "Μετς", "NAME_HI": "मेंस/मेंत्स", "NAME_HU": "Metz", "NAME_ID": "Metz", "NAME_IT": "Metz", "NAME_JA": "メス", "NAME_KO": "메스", "NAME_NL": "Metz", "NAME_PL": "Metz", "NAME_SV": "Metz", "NAME_TR": "Metz", "NAME_VI": "Metz", "NE_ID": 1159142065, "NAME_FA": "مس", "NAME_HE": "מץ", "NAME_UK": "Мец", "NAME_UR": "میتز", "NAME_ZHT": "梅斯", "GEONAMESID": 2994160, "FCLASS_ISO": null, "FCLASS_US": null, "FCLASS_FR": null, "FCLASS_RU": null, "FCLASS_ES": null, "FCLASS_CN": null, "FCLASS_TW": null, "FCLASS_IN": null, "FCLASS_NP": null, "FCLASS_PK": null, "FCLASS_DE": null, "FCLASS_GB": null, "FCLASS_BR": null, "FCLASS_IL": null, "FCLASS_PS": null, "FCLASS_SA": null, "FCLASS_EG": null, "FCLASS_MA": null, "FCLASS_PT": null, "FCLASS_AR": null, "FCLASS_JP": null, "FCLASS_KO": null, "FCLASS_VN": null, "FCLASS_TR": null, "FCLASS_ID": null, "FCLASS_PL": null, "FCLASS_GR": null, "FCLASS_IT": null, "FCLASS_NL": null, "FCLASS_SE": null, "FCLASS_BD": null, "FCLASS_UA": null, "FCLASS_TLC": null}, "bbox": [6.180026, 49.120347, 6.180026, 49.120347], "geometry": {"type": "Point", "coordinates": [6.180026, 49.120347]}}, {"type": "Feature", "properties": {"SCALERANK": 7, "NATSCALE": 20, "LABELRANK": 3, "FEATURECLA": "Populated place", "NAME": "Stralsund", "NAMEPAR": null, "NAMEALT": null, "NAMEASCII": "Stralsund", "ADM0CAP": 0, "CAPIN": null, "WORLDCITY": 0, "MEGACITY": 0, "SOV0NAME": "Germany", "SOV_A3": "DEU", "ADM0NAME": "Germany", "ADM0_A3": "DEU", "ADM1NAME": "Mecklenburg-Vorpommern", "ISO_A2": "DE", "NOTE": null, "LATITUDE": 54.300418, "LONGITUDE": 13.100017, "POP_MAX": 61368, "POP_MIN": 58976, "POP_OTHER": 59941, "RANK_MAX": 8, "RANK_MIN": 8, "MEGANAME": null, "LS_NAME": "Stralsund", "MAX_POP10": 61368, "MAX_POP20": 61368, "MAX_POP50": 0, "MAX_POP300": 0, "MAX_POP310": 0, "MAX_NATSCA": 20, "MIN_AREAKM": 33, "MAX_AREAKM": 33, "MIN_AREAMI": 13, "MAX_AREAMI": 13, "MIN_PERKM": 56, "MAX_PERKM": 56, "MIN_PERMI": 35, "MAX_PERMI": 35, "MIN_BBXMIN": 13, "MAX_BBXMIN": 13, "MIN_BBXMAX": 13.15, "MAX_BBXMAX": 13.15, "MIN_BBYMIN": 54.258333, "MAX_BBYMIN": 54.258333, "MIN_BBYMAX": 54.341667, "MAX_BBYMAX": 54.341667, "MEAN_BBXC": 13.072222, "MEAN_BBYC": 54.300505, "TIMEZONE": "Europe/Berlin", "UN_FID": 0, "POP1950": 0, "POP1955": 0, "POP1960": 0, "POP1965": 0, "POP1970": 0, "POP1975": 0, "POP1980": 0, "POP1985": 0, "POP1990": 0, "POP1995": 0, "POP2000": 0, "POP2005": 0, "POP2010": 0, "POP2015": 0, "POP2020": 0, "POP2025": 0, "POP2050": 0, "MIN_ZOOM": 6.7, "WIKIDATAID": "Q4065", "WOF_ID": 101748867, "CAPALT": 0, "NAME_EN": "Stralsund", "NAME_DE": "Stralsund", "NAME_ES": "Stralsund", "NAME_FR": "Stralsund", "NAME_PT": "Stralsund", "NAME_RU": "Штральзунд", "NAME_ZH": "施特拉尔松德", "LABEL": null, "NAME_AR": "شترالزوند", "NAME_BN": "স্ট্রলসুন্দ", "NAME_EL": "Στράλζουντ", "NAME_HI": "स्ट्रॉलसंड", "NAME_HU": "Stralsund", "NAME_ID": "Stralsund", "NAME_IT": "Stralsund", "NAME_JA": "シュトラールズント", "NAME_KO": "슈트랄준트", "NAME_NL": "Stralsund", "NAME_PL": "Stralsund", "NAME_SV": "Stralsund", "NAME_TR": "Stralsund", "NAME_VI": "Stralsund", "NE_ID": 1159142367, "NAME_FA": "اشترالزوند", "NAME_HE": "שטרלזונד", "NAME_UK": "Штральзунд", "NAME_UR": "اسٹرالسنڈ", "NAME_ZHT": "施特拉爾松德", "GEONAMESID": 2826287, "FCLASS_ISO": null, "FCLASS_US": null, "FCLASS_FR": null, "FCLASS_RU": null, "FCLASS_ES": null, "FCLASS_CN": null, "FCLASS_TW": null, "FCLASS_IN": null, "FCLASS_NP": null, "FCLASS_PK": null, "FCLASS_DE": null, "FCLASS_GB": null, "FCLASS_BR": null, "FCLASS_IL": null, "FCLASS_PS": null, "FCLASS_SA": null, "FCLASS_EG": null, "FCLASS_MA": null, "FCLASS_PT": null, "FCLASS_AR": null, "FCLASS_JP": null, "FCLASS_KO": null, "FCLASS_VN": null, "FCLASS_TR": null, "FCLASS_ID": null, "FCLASS_PL": null, "FCLASS_GR": null, "FCLASS_IT": null, "FCLASS_NL": null, "FCLASS_SE": null, "FCLASS_BD": null, "FCLASS_UA": null, "FCLASS_TLC": null}, "bbox": [13.100017, 54.300418, 13.100017, 54.300418], "geometry": {"type": "Point", "coordinates": [13.100017, 54.300418]}}, {"type": "Feature", "properties": {"SCALERANK": 7, "NATSCALE": 20, "LABELRANK": 3, "FEATURECLA": "Populated place", "NAME": "Rostock", "NAMEPAR": null, "NAMEALT": null, "NAMEASCII": "Rostock", "ADM0CAP": 0, "CAPIN": null, "WORLDCITY": 0, "MEGACITY": 0, "SOV0NAME": "Germany", "SOV_A3": "DEU", "ADM0NAME": "Germany", "ADM0_A3": "DEU", "ADM1NAME": "Mecklenburg-Vorpommern", "ISO_A2": "DE", "NOTE": null, "LATITUDE": 54.070381, "LONGITUDE": 12.149997, "POP_MAX": 203080, "POP_MIN": 198293, "POP_OTHER": 196328, "RANK_MAX": 10, "RANK_MIN": 9, "MEGANAME": null, "LS_NAME": "Rostock", "MAX_POP10": 203080, "MAX_POP20": 203080, "MAX_POP50": 0, "MAX_POP300": 0, "MAX_POP310": 0, "MAX_NATSCA": 20, "MIN_AREAKM": 115, "MAX_AREAKM": 115, "MIN_AREAMI": 44, "MAX_AREAMI": 44, "MIN_PERKM": 150, "MAX_PERKM": 150, "MIN_PERMI": 93, "MAX_PERMI": 93, "MIN_BBXMIN": 11.991667, "MAX_BBXMIN": 11.991667, "MIN_BBXMAX": 12.233333, "MAX_BBXMAX": 12.233333, "MIN_BBYMIN": 54.058333, "MAX_BBYMIN": 54.058333, "MIN_BBYMAX": 54.183333, "MAX_BBYMAX": 54.183333, "MEAN_BBXC": 12.109269, "MEAN_BBYC": 54.111215, "TIMEZONE": "Europe/Berlin", "UN_FID": 0, "POP1950": 0, "POP1955": 0, "POP1960": 0, "POP1965": 0, "POP1970": 0, "POP1975": 0, "POP1980": 0, "POP1985": 0, "POP1990": 0, "POP1995": 0, "POP2000": 0, "POP2005": 0, "POP2010": 0, "POP2015": 0, "POP2020": 0, "POP2025": 0, "POP2050": 0, "MIN_ZOOM": 6.1, "WIKIDATAID": "Q2861", "WOF_ID": 101748865, "CAPALT": 0, "NAME_EN": "Rostock", "NAME_DE": "Rostock", "NAME_ES": "Rostock", "NAME_FR": "Rostock", "NAME_PT": "Rostock", "NAME_RU": "Росток", "NAME_ZH": "罗斯托克", "LABEL": null, "NAME_AR": "روستوك", "NAME_BN": "রসটক", "NAME_EL": "Ρόστοκ", "NAME_HI": "रोस्टॉक", "NAME_HU": "Rostock", "NAME_ID": "Rostock", "NAME_IT": "Rostock", "NAME_JA": "ロストック", "NAME_KO": "로스토크", "NAME_NL": "Rostock", "NAME_PL": "Rostock", "NAME_SV": "Rostock", "NAME_TR": "Rostock", "NAME_VI": "Rostock", "NE_ID": 1159142375, "NAME_FA": "روستوک", "NAME_HE": "רוסטוק", "NAME_UK": "Росток", "NAME_UR": "روستوک", "NAME_ZHT": "羅斯托克", "GEONAMESID": 2844588, "FCLASS_ISO": null, "FCLASS_US": null, "FCLASS_FR": null, "FCLASS_RU": null, "FCLASS_ES": null, "FCLASS_CN": null, "FCLASS_TW": null, "FCLASS_IN": null, "FCLASS_NP": null, "FCLASS_PK": null, "FCLASS_DE": null, "FCLASS_GB": null, "FCLASS_BR": null, "FCLASS_IL": null, "FCLASS_PS": null, "FCLASS_SA": null, "FCLASS_EG": null, "FCLASS_MA": null, "FCLASS_PT": null, "FCLASS_AR": null, "FCLASS_JP": null, "FCLASS_KO": null, "FCLASS_VN": null, "FCLASS_TR": null, "FCLASS_ID": null, "FCLASS_PL": null, "FCLASS_GR": null, "FCLASS_IT": null, "FCLASS_NL": null, "FCLASS_SE": null, "FCLASS_BD": null, "FCLASS_UA": null, "FCLASS_TLC": null}, "bbox": [12.149997, 54.07038, 12.149997, 54.07038], "geometry": {"type": "Point", "coordinates": [12.149997, 54.07038]}}, {"type": "Feature", "properties": {"SCALERANK": 7, "NATSCALE": 20, "LABELRANK": 8, "FEATURECLA": "Populated place", "NAME": "Svendborg", "NAMEPAR": null, "NAMEALT": null, "NAMEASCII": "Svendborg", "ADM0CAP": 0, "CAPIN": null, "WORLDCITY": 0, "MEGACITY": 0, "SOV0NAME": "Denmark", "SOV_A3": "DNK", "ADM0NAME": "Denmark", "ADM0_A3": "DNK", "ADM1NAME": "Syddanmark", "ISO_A2": "DK", "NOTE": null, "LATITUDE": 55.070423, "LONGITUDE": 10.616654, "POP_MAX": 29180, "POP_MIN": 27553, "POP_OTHER": 27380, "RANK_MAX": 7, "RANK_MIN": 7, "MEGANAME": null, "LS_NAME": "Svendborg", "MAX_POP10": 29180, "MAX_POP20": 29180, "MAX_POP50": 0, "MAX_POP300": 0, "MAX_POP310": 0, "MAX_NATSCA": 20, "MIN_AREAKM": 27, "MAX_AREAKM": 27, "MIN_AREAMI": 10, "MAX_AREAMI": 10, "MIN_PERKM": 52, "MAX_PERKM": 52, "MIN_PERMI": 32, "MAX_PERMI": 32, "MIN_BBXMIN": 10.55, "MAX_BBXMIN": 10.55, "MIN_BBXMAX": 10.65, "MAX_BBXMAX": 10.65, "MIN_BBYMIN": 55.033333, "MAX_BBYMIN": 55.033333, "MIN_BBYMAX": 55.1, "MAX_BBYMAX": 55.1, "MEAN_BBXC": 10.605247, "MEAN_BBYC": 55.068056, "TIMEZONE": "Europe/Copenhagen", "UN_FID": 0, "POP1950": 0, "POP1955": 0, "POP1960": 0, "POP1965": 0, "POP1970": 0, "POP1975": 0, "POP1980": 0, "POP1985": 0, "POP1990": 0, "POP1995": 0, "POP2000": 0, "POP2005": 0, "POP2010": 0, "POP2015": 0, "POP2020": 0, "POP2025": 0, "POP2050": 0, "MIN_ZOOM": 6.7, "WIKIDATAID": "Q28031", "WOF_ID": 101818203, "CAPALT": 0, "NAME_EN": "Svendborg", "NAME_DE": "Svendborg", "NAME_ES": "Svendborg", "NAME_FR": "Svendborg", "NAME_PT": "Svendborg", "NAME_RU": "Свеннборг", "NAME_ZH": "斯温堡", "LABEL": null, "NAME_AR": "سفينبورغ", "NAME_BN": "সভেন্ডবোর্গ", "NAME_EL": "Σβέντμποργκ", "NAME_HI": "स्वेंडबोर्ग", "NAME_HU": "Svendborg", "NAME_ID": "Svendborg", "NAME_IT": "Svendborg", "NAME_JA": "スヴェンボー", "NAME_KO": "스벤보르", "NAME_NL": "Svendborg", "NAME_PL": "Svendborg", "NAME_SV": "Svendborg", "NAME_TR": "Svendborg", "NAME_VI": "Svendborg", "NE_ID": 1159143033, "NAME_FA": "سووندبورگ", "NAME_HE": "סבנדבורג", "NAME_UK": "Свендборг", "NAME_UR": "سوینبورگ", "NAME_ZHT": "斯溫堡", "GEONAMESID": 2612045, "FCLASS_ISO": null, "FCLASS_US": null, "FCLASS_FR": null, "FCLASS_RU": null, "FCLASS_ES": null, "FCLASS_CN": null, "FCLASS_TW": null, "FCLASS_IN": null, "FCLASS_NP": null, "FCLASS_PK": null, "FCLASS_DE": null, "FCLASS_GB": null, "FCLASS_BR": null, "FCLASS_IL": null, "FCLASS_PS": null, "FCLASS_SA": null, "FCLASS_EG": null, "FCLASS_MA": null, "FCLASS_PT": null, "FCLASS_AR": null, "FCLASS_JP": null, "FCLASS_KO": null, "FCLASS_VN": null, "FCLASS_TR": null, "FCLASS_ID": null, "FCLASS_PL": null, "FCLASS_GR": null, "FCLASS_IT": null, "FCLASS_NL": null, "FCLASS_SE": null, "FCLASS_BD": null, "FCLASS_UA": null, "FCLASS_TLC": null}, "bbox": [10.616654, 55.070423, 10.616654, 55.070423], "geometry": {"type": "Point", "coordinates": [10.616654, 55.070423]}}, {"type": "Feature", "properties": {"SCALERANK": 7, "NATSCALE": 20, "LABELRANK": 8, "FEATURECLA": "Populated place", "NAME": "Odense", "NAMEPAR": null, "NAMEALT": null, "NAMEASCII": "Odense", "ADM0CAP": 0, "CAPIN": null, "WORLDCITY": 0, "MEGACITY": 0, "SOV0NAME": "Denmark", "SOV_A3": "DNK", "ADM0NAME": "Denmark", "ADM0_A3": "DNK", "ADM1NAME": "Syddanmark", "ISO_A2": "DK", "NOTE": null, "LATITUDE": 55.400377, "LONGITUDE": 10.383335, "POP_MAX": 158222, "POP_MIN": 145931, "POP_OTHER": 148665, "RANK_MAX": 9, "RANK_MIN": 9, "MEGANAME": null, "LS_NAME": "Odense", "MAX_POP10": 158222, "MAX_POP20": 158222, "MAX_POP50": 0, "MAX_POP300": 0, "MAX_POP310": 0, "MAX_NATSCA": 20, "MIN_AREAKM": 100, "MAX_AREAKM": 100, "MIN_AREAMI": 39, "MAX_AREAMI": 39, "MIN_PERKM": 93, "MAX_PERKM": 93, "MIN_PERMI": 58, "MAX_PERMI": 58, "MIN_BBXMIN": 10.291667, "MAX_BBXMIN": 10.291667, "MIN_BBXMAX": 10.475, "MAX_BBXMAX": 10.475, "MIN_BBYMIN": 55.325, "MAX_BBYMIN": 55.325, "MIN_BBYMAX": 55.45, "MAX_BBYMAX": 55.45, "MEAN_BBXC": 10.385142, "MEAN_BBYC": 55.389085, "TIMEZONE": "Europe/Copenhagen", "UN_FID": 0, "POP1950": 0, "POP1955": 0, "POP1960": 0, "POP1965": 0, "POP1970": 0, "POP1975": 0, "POP1980": 0, "POP1985": 0, "POP1990": 0, "POP1995": 0, "POP2000": 0, "POP2005": 0, "POP2010": 0, "POP2015": 0, "POP2020": 0, "POP2025": 0, "POP2050": 0, "MIN_ZOOM": 6.1, "WIKIDATAID": "Q25331", "WOF_ID": 101749151, "CAPALT": 0, "NAME_EN": "Odense", "NAME_DE": "Odense", "NAME_ES": "Odense", "NAME_FR": "Odense", "NAME_PT": "Odense", "NAME_RU": "Оденсе", "NAME_ZH": "欧登塞", "LABEL": null, "NAME_AR": "أودنسه", "NAME_BN": "ওদেন্স", "NAME_EL": "Οντένσε", "NAME_HI": "ओडिन्से", "NAME_HU": "Odense", "NAME_ID": "Odense", "NAME_IT": "Odense", "NAME_JA": "オーデンセ", "NAME_KO": "오덴세", "NAME_NL": "Odense", "NAME_PL": "Odense", "NAME_SV": "Odense", "NAME_TR": "Odense", "NAME_VI": "Odense", "NE_ID": 1159143035, "NAME_FA": "ادنسه", "NAME_HE": "אודנזה", "NAME_UK": "Оденсе", "NAME_UR": "اوڈنس", "NAME_ZHT": "歐登塞", "GEONAMESID": 2615876, "FCLASS_ISO": null, "FCLASS_US": null, "FCLASS_FR": null, "FCLASS_RU": null, "FCLASS_ES": null, "FCLASS_CN": null, "FCLASS_TW": null, "FCLASS_IN": null, "FCLASS_NP": null, "FCLASS_PK": null, "FCLASS_DE": null, "FCLASS_GB": null, "FCLASS_BR": null, "FCLASS_IL": null, "FCLASS_PS": null, "FCLASS_SA": null, "FCLASS_EG": null, "FCLASS_MA": null, "FCLASS_PT": null, "FCLASS_AR": null, "FCLASS_JP": null, "FCLASS_KO": null, "FCLASS_VN": null, "FCLASS_TR": null, "FCLASS_ID": null, "FCLASS_PL": null, "FCLASS_GR": null, "FCLASS_IT": null, "FCLASS_NL": null, "FCLASS_SE": null, "FCLASS_BD": null, "FCLASS_UA": null, "FCLASS_TLC": null}, "bbox": [10.383335, 55.400377, 10.383335, 55.400377], "geometry": {"type": "Point", "coordinates": [10.383335, 55.400377]}}, {"type": "Feature", "properties": {"SCALERANK": 7, "NATSCALE": 20, "LABELRANK": 8, "FEATURECLA": "Populated place", "NAME": "Esbjerg", "NAMEPAR": null, "NAMEALT": null, "NAMEASCII": "Esbjerg", "ADM0CAP": 0, "CAPIN": null, "WORLDCITY": 0, "MEGACITY": 0, "SOV0NAME": "Denmark", "SOV_A3": "DNK", "ADM0NAME": "Denmark", "ADM0_A3": "DNK", "ADM1NAME": "Syddanmark", "ISO_A2": "DK", "NOTE": null, "LATITUDE": 55.467039, "LONGITUDE": 8.450016, "POP_MAX": 72205, "POP_MIN": 63947, "POP_OTHER": 62020, "RANK_MAX": 8, "RANK_MIN": 8, "MEGANAME": null, "LS_NAME": "Esbjerg", "MAX_POP10": 63947, "MAX_POP20": 63947, "MAX_POP50": 0, "MAX_POP300": 0, "MAX_POP310": 0, "MAX_NATSCA": 20, "MIN_AREAKM": 46, "MAX_AREAKM": 46, "MIN_AREAMI": 18, "MAX_AREAMI": 18, "MIN_PERKM": 65, "MAX_PERKM": 65, "MIN_PERMI": 41, "MAX_PERMI": 41, "MIN_BBXMIN": 8.341667, "MAX_BBXMIN": 8.341667, "MIN_BBXMAX": 8.508333, "MAX_BBXMAX": 8.508333, "MIN_BBYMIN": 55.458333, "MAX_BBYMIN": 55.458333, "MIN_BBYMAX": 55.541667, "MAX_BBYMAX": 55.541667, "MEAN_BBXC": 8.443465, "MEAN_BBYC": 55.496974, "TIMEZONE": "Europe/Copenhagen", "UN_FID": 0, "POP1950": 0, "POP1955": 0, "POP1960": 0, "POP1965": 0, "POP1970": 0, "POP1975": 0, "POP1980": 0, "POP1985": 0, "POP1990": 0, "POP1995": 0, "POP2000": 0, "POP2005": 0, "POP2010": 0, "POP2015": 0, "POP2020": 0, "POP2025": 0, "POP2050": 0, "MIN_ZOOM": 6.1, "WIKIDATAID": "Q26234", "WOF_ID": 101749155, "CAPALT": 0, "NAME_EN": "Esbjerg", "NAME_DE": "Esbjerg", "NAME_ES": "Esbjerg", "NAME_FR": "Esbjerg", "NAME_PT": "Esbjerg", "NAME_RU": "Эсбьерг", "NAME_ZH": "埃斯比约", "LABEL": null, "NAME_AR": "إيسبيرغ", "NAME_BN": "এসবিয়ার্গ", "NAME_EL": "Έσμπιεργκ", "NAME_HI": "एसबियर्ग", "NAME_HU": "Esbjerg", "NAME_ID": "Esbjerg", "NAME_IT": "Esbjerg", "NAME_JA": "エスビャウ", "NAME_KO": "에스비에르", "NAME_NL": "Esbjerg", "NAME_PL": "Esbjerg", "NAME_SV": "Esbjerg", "NAME_TR": "Esbjerg", "NAME_VI": "Esbjerg", "NE_ID": 1159143041, "NAME_FA": "اسبیرگ", "NAME_HE": "אסביירג", "NAME_UK": "Есб'єрг", "NAME_UR": "ایسجبرگ", "NAME_ZHT": "埃斯比約", "GEONAMESID": 2622447, "FCLASS_ISO": null, "FCLASS_US": null, "FCLASS_FR": null, "FCLASS_RU": null, "FCLASS_ES": null, "FCLASS_CN": null, "FCLASS_TW": null, "FCLASS_IN": null, "FCLASS_NP": null, "FCLASS_PK": null, "FCLASS_DE": null, "FCLASS_GB": null, "FCLASS_BR": null, "FCLASS_IL": null, "FCLASS_PS": null, "FCLASS_SA": null, "FCLASS_EG": null, "FCLASS_MA": null, "FCLASS_PT": null, "FCLASS_AR": null, "FCLASS_JP": null, "FCLASS_KO": null, "FCLASS_VN": null, "FCLASS_TR": null, "FCLASS_ID": null, "FCLASS_PL": null, "FCLASS_GR": null, "FCLASS_IT": null, "FCLASS_NL": null, "FCLASS_SE": null, "FCLASS_BD": null, "FCLASS_UA": null, "FCLASS_TLC": null}, "bbox": [8.450016, 55.467039, 8.450016, 55.467039], "geometry": {"type": "Point", "coordinates": [8.450016, 55.467039]}}, {"type": "Feature", "properties": {"SCALERANK": 7, "NATSCALE": 20, "LABELRANK": 8, "FEATURECLA": "Admin-1 capital", "NAME": "Brugge", "NAMEPAR": null, "NAMEALT": "Bruges", "NAMEASCII": "Brugge", "ADM0CAP": 0, "CAPIN": null, "WORLDCITY": 0, "MEGACITY": 0, "SOV0NAME": "Belgium", "SOV_A3": "BEL", "ADM0NAME": "Belgium", "ADM0_A3": "BEL", "ADM1NAME": "Brugge", "ISO_A2": "BE", "NOTE": null, "LATITUDE": 51.220374, "LONGITUDE": 3.230025, "POP_MAX": 146469, "POP_MIN": 116709, "POP_OTHER": 143597, "RANK_MAX": 9, "RANK_MIN": 9, "MEGANAME": null, "LS_NAME": "Brugge", "MAX_POP10": 146469, "MAX_POP20": 146469, "MAX_POP50": 0, "MAX_POP300": 0, "MAX_POP310": 0, "MAX_NATSCA": 20, "MIN_AREAKM": 95, "MAX_AREAKM": 95, "MIN_AREAMI": 36, "MAX_AREAMI": 36, "MIN_PERKM": 133, "MAX_PERKM": 133, "MIN_PERMI": 83, "MAX_PERMI": 83, "MIN_BBXMIN": 3.116667, "MAX_BBXMIN": 3.116667, "MIN_BBXMAX": 3.291667, "MAX_BBXMAX": 3.291667, "MIN_BBYMIN": 51.075, "MAX_BBYMIN": 51.075, "MIN_BBYMAX": 51.275, "MAX_BBYMAX": 51.275, "MEAN_BBXC": 3.205357, "MEAN_BBYC": 51.185405, "TIMEZONE": "Europe/Brussels", "UN_FID": 0, "POP1950": 0, "POP1955": 0, "POP1960": 0, "POP1965": 0, "POP1970": 0, "POP1975": 0, "POP1980": 0, "POP1985": 0, "POP1990": 0, "POP1995": 0, "POP2000": 0, "POP2005": 0, "POP2010": 0, "POP2015": 0, "POP2020": 0, "POP2025": 0, "POP2050": 0, "MIN_ZOOM": 7, "WIKIDATAID": "Q12994", "WOF_ID": 101748097, "CAPALT": 0, "NAME_EN": "Bruges", "NAME_DE": "Brügge", "NAME_ES": "Brujas", "NAME_FR": "Bruges", "NAME_PT": "Bruges", "NAME_RU": "Брюгге", "NAME_ZH": "布鲁日", "LABEL": null, "NAME_AR": "بروج", "NAME_BN": "ব্রুস", "NAME_EL": "Μπρυζ", "NAME_HI": "ब्रुग्ज", "NAME_HU": "Brugge", "NAME_ID": "Brugge", "NAME_IT": "Bruges", "NAME_JA": "ブルッヘ", "NAME_KO": "브뤼허", "NAME_NL": "Brugge", "NAME_PL": "Brugia", "NAME_SV": "Brygge", "NAME_TR": "Brugge", "NAME_VI": "Brugge", "NE_ID": 1159144553, "NAME_FA": "بروخه", "NAME_HE": "ברוז'", "NAME_UK": "Брюгге", "NAME_UR": "بروج", "NAME_ZHT": "布魯日", "GEONAMESID": 2800931, "FCLASS_ISO": null, "FCLASS_US": null, "FCLASS_FR": null, "FCLASS_RU": null, "FCLASS_ES": null, "FCLASS_CN": null, "FCLASS_TW": null, "FCLASS_IN": null, "FCLASS_NP": null, "FCLASS_PK": null, "FCLASS_DE": null, "FCLASS_GB": null, "FCLASS_BR": null, "FCLASS_IL": null, "FCLASS_PS": null, "FCLASS_SA": null, "FCLASS_EG": null, "FCLASS_MA": null, "FCLASS_PT": null, "FCLASS_AR": null, "FCLASS_JP": null, "FCLASS_KO": null, "FCLASS_VN": null, "FCLASS_TR": null, "FCLASS_ID": null, "FCLASS_PL": null, "FCLASS_GR": null, "FCLASS_IT": null, "FCLASS_NL": null, "FCLASS_SE": null, "FCLASS_BD": null, "FCLASS_UA": null, "FCLASS_TLC": null}, "bbox": [3.230025, 51.220374, 3.230025, 51.220374], "geometry": {"type": "Point", "coordinates": [3.230025, 51.220374]}}, {"type": "Feature", "properties": {"SCALERANK": 7, "NATSCALE": 20, "LABELRANK": 8, "FEATURECLA": "Admin-1 capital", "NAME": "Namur", "NAMEPAR": null, "NAMEALT": null, "NAMEASCII": "Namur", "ADM0CAP": 0, "CAPIN": null, "WORLDCITY": 0, "MEGACITY": 0, "SOV0NAME": "Belgium", "SOV_A3": "BEL", "ADM0NAME": "Belgium", "ADM0_A3": "BEL", "ADM1NAME": "Namur", "ISO_A2": "BE", "NOTE": null, "LATITUDE": 50.470394, "LONGITUDE": 4.870028, "POP_MAX": 106284, "POP_MIN": 88027, "POP_OTHER": 86326, "RANK_MAX": 9, "RANK_MIN": 8, "MEGANAME": null, "LS_NAME": "Namur", "MAX_POP10": 88027, "MAX_POP20": 88027, "MAX_POP50": 0, "MAX_POP300": 0, "MAX_POP310": 0, "MAX_NATSCA": 20, "MIN_AREAKM": 93, "MAX_AREAKM": 93, "MIN_AREAMI": 36, "MAX_AREAMI": 36, "MIN_PERKM": 127, "MAX_PERKM": 127, "MIN_PERMI": 79, "MAX_PERMI": 79, "MIN_BBXMIN": 4.725, "MAX_BBXMIN": 4.725, "MIN_BBXMAX": 4.941667, "MAX_BBXMAX": 4.941667, "MIN_BBYMIN": 50.383333, "MAX_BBYMIN": 50.383333, "MIN_BBYMAX": 50.525, "MAX_BBYMAX": 50.525, "MEAN_BBXC": 4.847353, "MEAN_BBYC": 50.451225, "TIMEZONE": "Europe/Brussels", "UN_FID": 0, "POP1950": 0, "POP1955": 0, "POP1960": 0, "POP1965": 0, "POP1970": 0, "POP1975": 0, "POP1980": 0, "POP1985": 0, "POP1990": 0, "POP1995": 0, "POP2000": 0, "POP2005": 0, "POP2010": 0, "POP2015": 0, "POP2020": 0, "POP2025": 0, "POP2050": 0, "MIN_ZOOM": 8, "WIKIDATAID": "Q134121", "WOF_ID": 101748077, "CAPALT": 0, "NAME_EN": "Namur", "NAME_DE": "Namur", "NAME_ES": "Namur", "NAME_FR": "Namur", "NAME_PT": "Namur", "NAME_RU": "Намюр", "NAME_ZH": "那慕尔", "LABEL": null, "NAME_AR": "نامور", "NAME_BN": "নামোর", "NAME_EL": "Ναμύρ", "NAME_HI": "नामुर", "NAME_HU": "Namur", "NAME_ID": "Namur", "NAME_IT": "Namur", "NAME_JA": "ナミュール", "NAME_KO": "나무르", "NAME_NL": "Namen", "NAME_PL": "Namur", "NAME_SV": "Namur", "NAME_TR": "Namur", "NAME_VI": "Namur", "NE_ID": 1159144557, "NAME_FA": "نمور", "NAME_HE": "נאמור", "NAME_UK": "Намюр", "NAME_UR": "نامور", "NAME_ZHT": "那慕爾", "GEONAMESID": 2790471, "FCLASS_ISO": null, "FCLASS_US": null, "FCLASS_FR": null, "FCLASS_RU": null, "FCLASS_ES": null, "FCLASS_CN": null, "FCLASS_TW": null, "FCLASS_IN": null, "FCLASS_NP": null, "FCLASS_PK": null, "FCLASS_DE": null, "FCLASS_GB": null, "FCLASS_BR": null, "FCLASS_IL": null, "FCLASS_PS": null, "FCLASS_SA": null, "FCLASS_EG": null, "FCLASS_MA": null, "FCLASS_PT": null, "FCLASS_AR": null, "FCLASS_JP": null, "FCLASS_KO": null, "FCLASS_VN": null, "FCLASS_TR": null, "FCLASS_ID": null, "FCLASS_PL": null, "FCLASS_GR": null, "FCLASS_IT": null, "FCLASS_NL": null, "FCLASS_SE": null, "FCLASS_BD": null, "FCLASS_UA": null, "FCLASS_TLC": null}, "bbox": [4.870028, 50.470394, 4.870028, 50.470394], "geometry": {"type": "Point", "coordinates": [4.870028, 50.470394]}}, {"type": "Feature", "properties": {"SCALERANK": 7, "NATSCALE": 20, "LABELRANK": 8, "FEATURECLA": "Populated place", "NAME": "Charleroi", "NAMEPAR": null, "NAMEALT": null, "NAMEASCII": "Charleroi", "ADM0CAP": 0, "CAPIN": null, "WORLDCITY": 0, "MEGACITY": 0, "SOV0NAME": "Belgium", "SOV_A3": "BEL", "ADM0NAME": "Belgium", "ADM0_A3": "BEL", "ADM1NAME": "Charleroi", "ISO_A2": "BE", "NOTE": null, "LATITUDE": 50.420397, "LONGITUDE": 4.450002, "POP_MAX": 345367, "POP_MIN": 200132, "POP_OTHER": 355396, "RANK_MAX": 10, "RANK_MIN": 10, "MEGANAME": null, "LS_NAME": "Charleroi", "MAX_POP10": 345367, "MAX_POP20": 345367, "MAX_POP50": 0, "MAX_POP300": 0, "MAX_POP310": 0, "MAX_NATSCA": 20, "MIN_AREAKM": 240, "MAX_AREAKM": 240, "MIN_AREAMI": 93, "MAX_AREAMI": 93, "MIN_PERKM": 220, "MAX_PERKM": 220, "MIN_PERMI": 136, "MAX_PERMI": 136, "MIN_BBXMIN": 4.316667, "MAX_BBXMIN": 4.316667, "MIN_BBXMAX": 4.661392, "MAX_BBXMAX": 4.661392, "MIN_BBYMIN": 50.283333, "MAX_BBYMIN": 50.283333, "MIN_BBYMAX": 50.508333, "MAX_BBYMAX": 50.508333, "MEAN_BBXC": 4.474046, "MEAN_BBYC": 50.422876, "TIMEZONE": "Europe/Brussels", "UN_FID": 0, "POP1950": 0, "POP1955": 0, "POP1960": 0, "POP1965": 0, "POP1970": 0, "POP1975": 0, "POP1980": 0, "POP1985": 0, "POP1990": 0, "POP1995": 0, "POP2000": 0, "POP2005": 0, "POP2010": 0, "POP2015": 0, "POP2020": 0, "POP2025": 0, "POP2050": 0, "MIN_ZOOM": 6.7, "WIKIDATAID": "Q81046", "WOF_ID": 101748075, "CAPALT": 0, "NAME_EN": "Charleroi", "NAME_DE": "Charleroi", "NAME_ES": "Charleroi", "NAME_FR": "Charleroi", "NAME_PT": "Charleroi", "NAME_RU": "Шарлеруа", "NAME_ZH": "沙勒罗瓦", "LABEL": null, "NAME_AR": "شارلوروا", "NAME_BN": "চার্লেরোই", "NAME_EL": "Σαρλερουά", "NAME_HI": "चार्लेरोई", "NAME_HU": "Charleroi", "NAME_ID": "Charleroi", "NAME_IT": "Charleroi", "NAME_JA": "シャルルロワ", "NAME_KO": "샤를루아", "NAME_NL": "Charleroi", "NAME_PL": "Charleroi", "NAME_SV": "Charleroi", "NAME_TR": "Charleroi", "NAME_VI": "Charleroi", "NE_ID": 1159144561, "NAME_FA": "شارلروآ", "NAME_HE": "שרלרואה", "NAME_UK": "Шарлеруа", "NAME_UR": "شارلیروا", "NAME_ZHT": "夏勒哇", "GEONAMESID": 2800481, "FCLASS_ISO": null, "FCLASS_US": null, "FCLASS_FR": null, "FCLASS_RU": null, "FCLASS_ES": null, "FCLASS_CN": null, "FCLASS_TW": null, "FCLASS_IN": null, "FCLASS_NP": null, "FCLASS_PK": null, "FCLASS_DE": null, "FCLASS_GB": null, "FCLASS_BR": null, "FCLASS_IL": null, "FCLASS_PS": null, "FCLASS_SA": null, "FCLASS_EG": null, "FCLASS_MA": null, "FCLASS_PT": null, "FCLASS_AR": null, "FCLASS_JP": null, "FCLASS_KO": null, "FCLASS_VN": null, "FCLASS_TR": null, "FCLASS_ID": null, "FCLASS_PL": null, "FCLASS_GR": null, "FCLASS_IT": null, "FCLASS_NL": null, "FCLASS_SE": null, "FCLASS_BD": null, "FCLASS_UA": null, "FCLASS_TLC": null}, "bbox": [4.450002, 50.420397, 4.450002, 50.420397], "geometry": {"type": "Point", "coordinates": [4.450002, 50.420397]}}, {"type": "Feature", "properties": {"SCALERANK": 7, "NATSCALE": 20, "LABELRANK": 7, "FEATURECLA": "Admin-1 capital", "NAME": "Graz", "NAMEPAR": null, "NAMEALT": null, "NAMEASCII": "Graz", "ADM0CAP": 0, "CAPIN": null, "WORLDCITY": 0, "MEGACITY": 0, "SOV0NAME": "Austria", "SOV_A3": "AUT", "ADM0NAME": "Austria", "ADM0_A3": "AUT", "ADM1NAME": "Steiermark", "ISO_A2": "AT", "NOTE": null, "LATITUDE": 47.077758, "LONGITUDE": 15.410005, "POP_MAX": 263234, "POP_MIN": 222326, "POP_OTHER": 248342, "RANK_MAX": 10, "RANK_MIN": 10, "MEGANAME": null, "LS_NAME": "Graz", "MAX_POP10": 263234, "MAX_POP20": 263234, "MAX_POP50": 0, "MAX_POP300": 0, "MAX_POP310": 0, "MAX_NATSCA": 20, "MIN_AREAKM": 175, "MAX_AREAKM": 175, "MIN_AREAMI": 68, "MAX_AREAMI": 68, "MIN_PERKM": 154, "MAX_PERKM": 154, "MIN_PERMI": 95, "MAX_PERMI": 95, "MIN_BBXMIN": 15.366667, "MAX_BBXMIN": 15.366667, "MIN_BBXMAX": 15.558333, "MAX_BBXMAX": 15.558333, "MIN_BBYMIN": 46.875, "MAX_BBYMIN": 46.875, "MIN_BBYMAX": 47.158333, "MAX_BBYMAX": 47.158333, "MEAN_BBXC": 15.452271, "MEAN_BBYC": 47.036441, "TIMEZONE": "Europe/Vienna", "UN_FID": 0, "POP1950": 0, "POP1955": 0, "POP1960": 0, "POP1965": 0, "POP1970": 0, "POP1975": 0, "POP1980": 0, "POP1985": 0, "POP1990": 0, "POP1995": 0, "POP2000": 0, "POP2005": 0, "POP2010": 0, "POP2015": 0, "POP2020": 0, "POP2025": 0, "POP2050": 0, "MIN_ZOOM": 6.1, "WIKIDATAID": "Q13298", "WOF_ID": 101913377, "CAPALT": 0, "NAME_EN": "Graz", "NAME_DE": "Graz", "NAME_ES": "Graz", "NAME_FR": "Graz", "NAME_PT": "Graz", "NAME_RU": "Грац", "NAME_ZH": "格拉茨", "LABEL": null, "NAME_AR": "غراتس", "NAME_BN": "গ্রাজ", "NAME_EL": "Γκρατς", "NAME_HI": "ग्राज़", "NAME_HU": "Graz", "NAME_ID": "Graz", "NAME_IT": "Graz", "NAME_JA": "グラーツ", "NAME_KO": "그라츠", "NAME_NL": "Graz", "NAME_PL": "Graz", "NAME_SV": "Graz", "NAME_TR": "Graz", "NAME_VI": "Graz", "NE_ID": 1159145083, "NAME_FA": "گراتس", "NAME_HE": "גראץ", "NAME_UK": "Ґрац", "NAME_UR": "گراتز", "NAME_ZHT": "格拉茨", "GEONAMESID": 2778067, "FCLASS_ISO": null, "FCLASS_US": null, "FCLASS_FR": null, "FCLASS_RU": null, "FCLASS_ES": null, "FCLASS_CN": null, "FCLASS_TW": null, "FCLASS_IN": null, "FCLASS_NP": null, "FCLASS_PK": null, "FCLASS_DE": null, "FCLASS_GB": null, "FCLASS_BR": null, "FCLASS_IL": null, "FCLASS_PS": null, "FCLASS_SA": null, "FCLASS_EG": null, "FCLASS_MA": null, "FCLASS_PT": null, "FCLASS_AR": null, "FCLASS_JP": null, "FCLASS_KO": null, "FCLASS_VN": null, "FCLASS_TR": null, "FCLASS_ID": null, "FCLASS_PL": null, "FCLASS_GR": null, "FCLASS_IT": null, "FCLASS_NL": null, "FCLASS_SE": null, "FCLASS_BD": null, "FCLASS_UA": null, "FCLASS_TLC": null}, "bbox": [15.410005, 47.077758, 15.410005, 47.077758], "geometry": {"type": "Point", "coordinates": [15.410005, 47.077758]}}, {"type": "Feature", "properties": {"SCALERANK": 7, "NATSCALE": 20, "LABELRANK": 7, "FEATURECLA": "Admin-1 capital", "NAME": "Klagenfurt", "NAMEPAR": null, "NAMEALT": null, "NAMEASCII": "Klagenfurt", "ADM0CAP": 0, "CAPIN": null, "WORLDCITY": 0, "MEGACITY": 0, "SOV0NAME": "Austria", "SOV_A3": "AUT", "ADM0NAME": "Austria", "ADM0_A3": "AUT", "ADM1NAME": "Kärnten", "ISO_A2": "AT", "NOTE": null, "LATITUDE": 46.620344, "LONGITUDE": 14.31002, "POP_MAX": 90610, "POP_MIN": 86566, "POP_OTHER": 84897, "RANK_MAX": 8, "RANK_MIN": 8, "MEGANAME": null, "LS_NAME": "Klagenfurt", "MAX_POP10": 86566, "MAX_POP20": 86566, "MAX_POP50": 0, "MAX_POP300": 0, "MAX_POP310": 0, "MAX_NATSCA": 20, "MIN_AREAKM": 57, "MAX_AREAKM": 57, "MIN_AREAMI": 22, "MAX_AREAMI": 22, "MIN_PERKM": 74, "MAX_PERKM": 74, "MIN_PERMI": 46, "MAX_PERMI": 46, "MIN_BBXMIN": 14.25, "MAX_BBXMIN": 14.25, "MIN_BBXMAX": 14.391667, "MAX_BBXMAX": 14.391667, "MIN_BBYMIN": 46.575, "MAX_BBYMIN": 46.575, "MIN_BBYMAX": 46.675, "MAX_BBYMAX": 46.675, "MEAN_BBXC": 14.317225, "MEAN_BBYC": 46.625644, "TIMEZONE": "Europe/Vienna", "UN_FID": 0, "POP1950": 0, "POP1955": 0, "POP1960": 0, "POP1965": 0, "POP1970": 0, "POP1975": 0, "POP1980": 0, "POP1985": 0, "POP1990": 0, "POP1995": 0, "POP2000": 0, "POP2005": 0, "POP2010": 0, "POP2015": 0, "POP2020": 0, "POP2025": 0, "POP2050": 0, "MIN_ZOOM": 6.1, "WIKIDATAID": "Q41753", "WOF_ID": 101748059, "CAPALT": 0, "NAME_EN": "Klagenfurt", "NAME_DE": "Klagenfurt am Wörthersee", "NAME_ES": "Klagenfurt", "NAME_FR": "Klagenfurt", "NAME_PT": "Klagenfurt", "NAME_RU": "Клагенфурт-ам-Вёртерзе", "NAME_ZH": "克拉根福", "LABEL": null, "NAME_AR": "كلاغنفورت", "NAME_BN": "ক্লাগেনফুর্ট", "NAME_EL": "Κλάγκενφουρτ", "NAME_HI": "क्लागेनफर्ट", "NAME_HU": "Klagenfurt am Wörthersee", "NAME_ID": "Klagenfurt", "NAME_IT": "Klagenfurt am Wörthersee", "NAME_JA": "クラーゲンフルト", "NAME_KO": "클라겐푸르트", "NAME_NL": "Klagenfurt", "NAME_PL": "Klagenfurt am Wörthersee", "NAME_SV": "Klagenfurt", "NAME_TR": "Klagenfurt", "NAME_VI": "Klagenfurt", "NE_ID": 1159145087, "NAME_FA": "کلاگنفورت", "NAME_HE": "קלגנפורט", "NAME_UK": "Клагенфурт-ам-Вертерзеє", "NAME_UR": "کلیگنفرٹ", "NAME_ZHT": "克拉根福", "GEONAMESID": 2774326, "FCLASS_ISO": null, "FCLASS_US": null, "FCLASS_FR": null, "FCLASS_RU": null, "FCLASS_ES": null, "FCLASS_CN": null, "FCLASS_TW": null, "FCLASS_IN": null, "FCLASS_NP": null, "FCLASS_PK": null, "FCLASS_DE": null, "FCLASS_GB": null, "FCLASS_BR": null, "FCLASS_IL": null, "FCLASS_PS": null, "FCLASS_SA": null, "FCLASS_EG": null, "FCLASS_MA": null, "FCLASS_PT": null, "FCLASS_AR": null, "FCLASS_JP": null, "FCLASS_KO": null, "FCLASS_VN": null, "FCLASS_TR": null, "FCLASS_ID": null, "FCLASS_PL": null, "FCLASS_GR": null, "FCLASS_IT": null, "FCLASS_NL": null, "FCLASS_SE": null, "FCLASS_BD": null, "FCLASS_UA": null, "FCLASS_TLC": null}, "bbox": [14.31002, 46.620344, 14.31002, 46.620344], "geometry": {"type": "Point", "coordinates": [14.31002, 46.620344]}}, {"type": "Feature", "properties": {"SCALERANK": 7, "NATSCALE": 20, "LABELRANK": 7, "FEATURECLA": "Admin-1 capital", "NAME": "Linz", "NAMEPAR": null, "NAMEALT": null, "NAMEASCII": "Linz", "ADM0CAP": 0, "CAPIN": null, "WORLDCITY": 0, "MEGACITY": 0, "SOV0NAME": "Austria", "SOV_A3": "AUT", "ADM0NAME": "Austria", "ADM0_A3": "AUT", "ADM1NAME": "Oberösterreich", "ISO_A2": "AT", "NOTE": null, "LATITUDE": 48.319233, "LONGITUDE": 14.288781, "POP_MAX": 349161, "POP_MIN": 181162, "POP_OTHER": 257810, "RANK_MAX": 10, "RANK_MIN": 9, "MEGANAME": null, "LS_NAME": "Linz", "MAX_POP10": 349161, "MAX_POP20": 349161, "MAX_POP50": 0, "MAX_POP300": 0, "MAX_POP310": 0, "MAX_NATSCA": 20, "MIN_AREAKM": 208, "MAX_AREAKM": 208, "MIN_AREAMI": 80, "MAX_AREAMI": 80, "MIN_PERKM": 247, "MAX_PERKM": 247, "MIN_PERMI": 154, "MAX_PERMI": 154, "MIN_BBXMIN": 13.933333, "MAX_BBXMIN": 13.933333, "MIN_BBXMAX": 14.383333, "MAX_BBXMAX": 14.383333, "MIN_BBYMIN": 48.116667, "MAX_BBYMIN": 48.116667, "MIN_BBYMAX": 48.366667, "MAX_BBYMAX": 48.366667, "MEAN_BBXC": 14.210067, "MEAN_BBYC": 48.242252, "TIMEZONE": "Europe/Vienna", "UN_FID": 0, "POP1950": 0, "POP1955": 0, "POP1960": 0, "POP1965": 0, "POP1970": 0, "POP1975": 0, "POP1980": 0, "POP1985": 0, "POP1990": 0, "POP1995": 0, "POP2000": 0, "POP2005": 0, "POP2010": 0, "POP2015": 0, "POP2020": 0, "POP2025": 0, "POP2050": 0, "MIN_ZOOM": 6.1, "WIKIDATAID": "Q41329", "WOF_ID": 101748071, "CAPALT": 0, "NAME_EN": "Linz", "NAME_DE": "Linz", "NAME_ES": "Linz", "NAME_FR": "Linz", "NAME_PT": "Linz", "NAME_RU": "Линц", "NAME_ZH": "林茨", "LABEL": null, "NAME_AR": "لينتس", "NAME_BN": "লীন্জ", "NAME_EL": "Λιντς", "NAME_HI": "लिंज़", "NAME_HU": "Linz", "NAME_ID": "Linz", "NAME_IT": "Linz", "NAME_JA": "リンツ", "NAME_KO": "린츠", "NAME_NL": "Linz", "NAME_PL": "Linz", "NAME_SV": "Linz", "NAME_TR": "Linz", "NAME_VI": "Linz", "NE_ID": 1159145093, "NAME_FA": "لینتس", "NAME_HE": "לינץ", "NAME_UK": "Лінц", "NAME_UR": "لینتز", "NAME_ZHT": "林茲", "GEONAMESID": 2772400, "FCLASS_ISO": null, "FCLASS_US": null, "FCLASS_FR": null, "FCLASS_RU": null, "FCLASS_ES": null, "FCLASS_CN": null, "FCLASS_TW": null, "FCLASS_IN": null, "FCLASS_NP": null, "FCLASS_PK": null, "FCLASS_DE": null, "FCLASS_GB": null, "FCLASS_BR": null, "FCLASS_IL": null, "FCLASS_PS": null, "FCLASS_SA": null, "FCLASS_EG": null, "FCLASS_MA": null, "FCLASS_PT": null, "FCLASS_AR": null, "FCLASS_JP": null, "FCLASS_KO": null, "FCLASS_VN": null, "FCLASS_TR": null, "FCLASS_ID": null, "FCLASS_PL": null, "FCLASS_GR": null, "FCLASS_IT": null, "FCLASS_NL": null, "FCLASS_SE": null, "FCLASS_BD": null, "FCLASS_UA": null, "FCLASS_TLC": null}, "bbox": [14.288781, 48.319233, 14.288781, 48.319233], "geometry": {"type": "Point", "coordinates": [14.288781, 48.319233]}}, {"type": "Feature", "properties": {"SCALERANK": 7, "NATSCALE": 20, "LABELRANK": 7, "FEATURECLA": "Populated place", "NAME": "Passau", "NAMEPAR": null, "NAMEALT": null, "NAMEASCII": "Passau", "ADM0CAP": 0, "CAPIN": null, "WORLDCITY": 0, "MEGACITY": 0, "SOV0NAME": "Germany", "SOV_A3": "DEU", "ADM0NAME": "Germany", "ADM0_A3": "DEU", "ADM1NAME": "Bayern", "ISO_A2": "DE", "NOTE": null, "LATITUDE": 48.575462, "LONGITUDE": 13.441179, "POP_MAX": 50560, "POP_MIN": 49440, "POP_OTHER": 49019, "RANK_MAX": 8, "RANK_MIN": 7, "MEGANAME": null, "LS_NAME": "Passau", "MAX_POP10": 49440, "MAX_POP20": 49440, "MAX_POP50": 0, "MAX_POP300": 0, "MAX_POP310": 0, "MAX_NATSCA": 20, "MIN_AREAKM": 42, "MAX_AREAKM": 42, "MIN_AREAMI": 16, "MAX_AREAMI": 16, "MIN_PERKM": 57, "MAX_PERKM": 57, "MIN_PERMI": 35, "MAX_PERMI": 35, "MIN_BBXMIN": 13.35, "MAX_BBXMIN": 13.35, "MIN_BBXMAX": 13.508333, "MAX_BBXMAX": 13.508333, "MIN_BBYMIN": 48.55, "MAX_BBYMIN": 48.55, "MIN_BBYMAX": 48.641667, "MAX_BBYMAX": 48.641667, "MEAN_BBXC": 13.438851, "MEAN_BBYC": 48.581869, "TIMEZONE": "Europe/Berlin", "UN_FID": 0, "POP1950": 0, "POP1955": 0, "POP1960": 0, "POP1965": 0, "POP1970": 0, "POP1975": 0, "POP1980": 0, "POP1985": 0, "POP1990": 0, "POP1995": 0, "POP2000": 0, "POP2005": 0, "POP2010": 0, "POP2015": 0, "POP2020": 0, "POP2025": 0, "POP2050": 0, "MIN_ZOOM": 6.7, "WIKIDATAID": "Q4190", "WOF_ID": 101748495, "CAPALT": 0, "NAME_EN": "Passau", "NAME_DE": "Passau", "NAME_ES": "Passau", "NAME_FR": "Passau", "NAME_PT": "Passau", "NAME_RU": "Пассау", "NAME_ZH": "帕绍", "LABEL": null, "NAME_AR": "باساو", "NAME_BN": "পাসসাউ", "NAME_EL": "Πάσσαου", "NAME_HI": "पसाउ", "NAME_HU": "Passau", "NAME_ID": "Passau", "NAME_IT": "Passavia", "NAME_JA": "パッサウ", "NAME_KO": "파사우", "NAME_NL": "Passau", "NAME_PL": "Pasawa", "NAME_SV": "Passau", "NAME_TR": "Passau", "NAME_VI": "Passau", "NE_ID": 1159145097, "NAME_FA": "پاساو", "NAME_HE": "פסאו", "NAME_UK": "Пассау", "NAME_UR": "پاساؤ", "NAME_ZHT": "帕紹", "GEONAMESID": 2855328, "FCLASS_ISO": null, "FCLASS_US": null, "FCLASS_FR": null, "FCLASS_RU": null, "FCLASS_ES": null, "FCLASS_CN": null, "FCLASS_TW": null, "FCLASS_IN": null, "FCLASS_NP": null, "FCLASS_PK": null, "FCLASS_DE": null, "FCLASS_GB": null, "FCLASS_BR": null, "FCLASS_IL": null, "FCLASS_PS": null, "FCLASS_SA": null, "FCLASS_EG": null, "FCLASS_MA": null, "FCLASS_PT": null, "FCLASS_AR": null, "FCLASS_JP": null, "FCLASS_KO": null, "FCLASS_VN": null, "FCLASS_TR": null, "FCLASS_ID": null, "FCLASS_PL": null, "FCLASS_GR": null, "FCLASS_IT": null, "FCLASS_NL": null, "FCLASS_SE": null, "FCLASS_BD": null, "FCLASS_UA": null, "FCLASS_TLC": null}, "bbox": [13.441179, 48.575462, 13.441179, 48.575462], "geometry": {"type": "Point", "coordinates": [13.441179, 48.575462]}}, {"type": "Feature", "properties": {"SCALERANK": 7, "NATSCALE": 20, "LABELRANK": 7, "FEATURECLA": "Admin-1 capital", "NAME": "Salzburg", "NAMEPAR": null, "NAMEALT": null, "NAMEASCII": "Salzburg", "ADM0CAP": 0, "CAPIN": null, "WORLDCITY": 0, "MEGACITY": 0, "SOV0NAME": "Austria", "SOV_A3": "AUT", "ADM0NAME": "Austria", "ADM0_A3": "AUT", "ADM1NAME": "Salzburg", "ISO_A2": "AT", "NOTE": null, "LATITUDE": 47.810478, "LONGITUDE": 13.04002, "POP_MAX": 206279, "POP_MIN": 150269, "POP_OTHER": 199844, "RANK_MAX": 10, "RANK_MIN": 9, "MEGANAME": null, "LS_NAME": "Salzburg", "MAX_POP10": 206279, "MAX_POP20": 206279, "MAX_POP50": 0, "MAX_POP300": 0, "MAX_POP310": 0, "MAX_NATSCA": 20, "MIN_AREAKM": 104, "MAX_AREAKM": 104, "MIN_AREAMI": 40, "MAX_AREAMI": 40, "MIN_PERKM": 104, "MAX_PERKM": 104, "MIN_PERMI": 64, "MAX_PERMI": 64, "MIN_BBXMIN": 12.933333, "MAX_BBXMIN": 12.933333, "MIN_BBXMAX": 13.1, "MAX_BBXMAX": 13.1, "MIN_BBYMIN": 47.741667, "MAX_BBYMIN": 47.741667, "MIN_BBYMAX": 47.875, "MAX_BBYMAX": 47.875, "MEAN_BBXC": 13.021997, "MEAN_BBYC": 47.805098, "TIMEZONE": "Europe/Vienna", "UN_FID": 0, "POP1950": 0, "POP1955": 0, "POP1960": 0, "POP1965": 0, "POP1970": 0, "POP1975": 0, "POP1980": 0, "POP1985": 0, "POP1990": 0, "POP1995": 0, "POP2000": 0, "POP2005": 0, "POP2010": 0, "POP2015": 0, "POP2020": 0, "POP2025": 0, "POP2050": 0, "MIN_ZOOM": 6.1, "WIKIDATAID": "Q34713", "WOF_ID": 101913409, "CAPALT": 0, "NAME_EN": "Salzburg", "NAME_DE": "Salzburg", "NAME_ES": "Salzburgo", "NAME_FR": "Salzbourg", "NAME_PT": "Salzburgo", "NAME_RU": "Зальцбург", "NAME_ZH": "萨尔茨堡", "LABEL": null, "NAME_AR": "سالزبورغ", "NAME_BN": "জালৎস্বুর্গ", "NAME_EL": "Σάλτσμπουργκ", "NAME_HI": "साल्ज़बोर्ग", "NAME_HU": "Salzburg", "NAME_ID": "Salzburg", "NAME_IT": "Salisburgo", "NAME_JA": "ザルツブルク", "NAME_KO": "잘츠부르크", "NAME_NL": "Salzburg", "NAME_PL": "Salzburg", "NAME_SV": "Salzburg", "NAME_TR": "Salzburg", "NAME_VI": "Salzburg", "NE_ID": 1159145101, "NAME_FA": "زالتسبورگ", "NAME_HE": "זלצבורג", "NAME_UK": "Зальцбург", "NAME_UR": "سالزبرگ", "NAME_ZHT": "薩爾斯堡", "GEONAMESID": 2766824, "FCLASS_ISO": null, "FCLASS_US": null, "FCLASS_FR": null, "FCLASS_RU": null, "FCLASS_ES": null, "FCLASS_CN": null, "FCLASS_TW": null, "FCLASS_IN": null, "FCLASS_NP": null, "FCLASS_PK": null, "FCLASS_DE": null, "FCLASS_GB": null, "FCLASS_BR": null, "FCLASS_IL": null, "FCLASS_PS": null, "FCLASS_SA": null, "FCLASS_EG": null, "FCLASS_MA": null, "FCLASS_PT": null, "FCLASS_AR": null, "FCLASS_JP": null, "FCLASS_KO": null, "FCLASS_VN": null, "FCLASS_TR": null, "FCLASS_ID": null, "FCLASS_PL": null, "FCLASS_GR": null, "FCLASS_IT": null, "FCLASS_NL": null, "FCLASS_SE": null, "FCLASS_BD": null, "FCLASS_UA": null, "FCLASS_TLC": null}, "bbox": [13.04002, 47.810478, 13.04002, 47.810478], "geometry": {"type": "Point", "coordinates": [13.04002, 47.810478]}}, {"type": "Feature", "properties": {"SCALERANK": 7, "NATSCALE": 20, "LABELRANK": 7, "FEATURECLA": "Admin-1 capital", "NAME": "Innsbruck", "NAMEPAR": null, "NAMEALT": null, "NAMEASCII": "Innsbruck", "ADM0CAP": 0, "CAPIN": null, "WORLDCITY": 0, "MEGACITY": 0, "SOV0NAME": "Austria", "SOV_A3": "AUT", "ADM0NAME": "Austria", "ADM0_A3": "AUT", "ADM1NAME": "Tirol", "ISO_A2": "AT", "NOTE": null, "LATITUDE": 47.280407, "LONGITUDE": 11.409991, "POP_MAX": 155214, "POP_MIN": 112467, "POP_OTHER": 148542, "RANK_MAX": 9, "RANK_MIN": 9, "MEGANAME": null, "LS_NAME": "Innsbruck", "MAX_POP10": 155214, "MAX_POP20": 155214, "MAX_POP50": 0, "MAX_POP300": 0, "MAX_POP310": 0, "MAX_NATSCA": 20, "MIN_AREAKM": 80, "MAX_AREAKM": 80, "MIN_AREAMI": 31, "MAX_AREAMI": 31, "MIN_PERKM": 122, "MAX_PERKM": 122, "MIN_PERMI": 76, "MAX_PERMI": 76, "MIN_BBXMIN": 11.233333, "MAX_BBXMIN": 11.233333, "MIN_BBXMAX": 11.541667, "MAX_BBXMAX": 11.541667, "MIN_BBYMIN": 47.225, "MAX_BBYMIN": 47.225, "MIN_BBYMAX": 47.308333, "MAX_BBYMAX": 47.308333, "MEAN_BBXC": 11.397476, "MEAN_BBYC": 47.265481, "TIMEZONE": "Europe/Vienna", "UN_FID": 0, "POP1950": 0, "POP1955": 0, "POP1960": 0, "POP1965": 0, "POP1970": 0, "POP1975": 0, "POP1980": 0, "POP1985": 0, "POP1990": 0, "POP1995": 0, "POP2000": 0, "POP2005": 0, "POP2010": 0, "POP2015": 0, "POP2020": 0, "POP2025": 0, "POP2050": 0, "MIN_ZOOM": 6.1, "WIKIDATAID": "Q1735", "WOF_ID": 101748061, "CAPALT": 0, "NAME_EN": "Innsbruck", "NAME_DE": "Innsbruck", "NAME_ES": "Innsbruck", "NAME_FR": "Innsbruck", "NAME_PT": "Innsbruck", "NAME_RU": "Инсбрук", "NAME_ZH": "因斯布鲁克", "LABEL": null, "NAME_AR": "إنسبروك", "NAME_BN": "ইন্সব্রুক", "NAME_EL": "Ίνσμπρουκ", "NAME_HI": "इंसब्रुक", "NAME_HU": "Innsbruck", "NAME_ID": "Innsbruck", "NAME_IT": "Innsbruck", "NAME_JA": "インスブルック", "NAME_KO": "인스브루크", "NAME_NL": "Innsbruck", "NAME_PL": "Innsbruck", "NAME_SV": "Innsbruck", "NAME_TR": "İnnsbruck", "NAME_VI": "Innsbruck", "NE_ID": 1159145105, "NAME_FA": "اینسبروک", "NAME_HE": "אינסברוק", "NAME_UK": "Інсбрук", "NAME_UR": "انسبروک", "NAME_ZHT": "茵斯布魯克", "GEONAMESID": 2775220, "FCLASS_ISO": null, "FCLASS_US": null, "FCLASS_FR": null, "FCLASS_RU": null, "FCLASS_ES": null, "FCLASS_CN": null, "FCLASS_TW": null, "FCLASS_IN": null, "FCLASS_NP": null, "FCLASS_PK": null, "FCLASS_DE": null, "FCLASS_GB": null, "FCLASS_BR": null, "FCLASS_IL": null, "FCLASS_PS": null, "FCLASS_SA": null, "FCLASS_EG": null, "FCLASS_MA": null, "FCLASS_PT": null, "FCLASS_AR": null, "FCLASS_JP": null, "FCLASS_KO": null, "FCLASS_VN": null, "FCLASS_TR": null, "FCLASS_ID": null, "FCLASS_PL": null, "FCLASS_GR": null, "FCLASS_IT": null, "FCLASS_NL": null, "FCLASS_SE": null, "FCLASS_BD": null, "FCLASS_UA": null, "FCLASS_TLC": null}, "bbox": [11.409991, 47.280407, 11.409991, 47.280407], "geometry": {"type": "Point", "coordinates": [11.409991, 47.280407]}}, {"type": "Feature", "properties": {"SCALERANK": 7, "NATSCALE": 20, "LABELRANK": 0, "FEATURECLA": "Admin-0 region capital", "NAME": "Douglas", "NAMEPAR": null, "NAMEALT": null, "NAMEASCII": "Douglas", "ADM0CAP": 0, "CAPIN": null, "WORLDCITY": 0, "MEGACITY": 0, "SOV0NAME": "United Kingdom", "SOV_A3": "GBR", "ADM0NAME": "Isle of Man", "ADM0_A3": "IMN", "ADM1NAME": null, "ISO_A2": "IM", "NOTE": null, "LATITUDE": 54.150427, "LONGITUDE": -4.480021, "POP_MAX": 35854, "POP_MIN": 26218, "POP_OTHER": 13441, "RANK_MAX": 7, "RANK_MIN": 7, "MEGANAME": null, "LS_NAME": "Douglas3", "MAX_POP10": 35854, "MAX_POP20": 35854, "MAX_POP50": 0, "MAX_POP300": 0, "MAX_POP310": 0, "MAX_NATSCA": 20, "MIN_AREAKM": 14, "MAX_AREAKM": 14, "MIN_AREAMI": 5, "MAX_AREAMI": 5, "MIN_PERKM": 31, "MAX_PERKM": 31, "MIN_PERMI": 19, "MAX_PERMI": 19, "MIN_BBXMIN": -4.533333, "MAX_BBXMIN": -4.533333, "MIN_BBXMAX": -4.433333, "MAX_BBXMAX": -4.433333, "MIN_BBYMIN": 54.141667, "MAX_BBYMIN": 54.141667, "MIN_BBYMAX": 54.191667, "MAX_BBYMAX": 54.191667, "MEAN_BBXC": -4.481944, "MEAN_BBYC": 54.164352, "TIMEZONE": "Europe/London", "UN_FID": 0, "POP1950": 0, "POP1955": 0, "POP1960": 0, "POP1965": 0, "POP1970": 0, "POP1975": 0, "POP1980": 0, "POP1985": 0, "POP1990": 0, "POP1995": 0, "POP2000": 0, "POP2005": 0, "POP2010": 0, "POP2015": 0, "POP2020": 0, "POP2025": 0, "POP2050": 0, "MIN_ZOOM": 6.7, "WIKIDATAID": "Q18569", "WOF_ID": 101872443, "CAPALT": 0, "NAME_EN": "Douglas", "NAME_DE": "Douglas", "NAME_ES": "Douglas", "NAME_FR": "Douglas", "NAME_PT": "Douglas", "NAME_RU": "Дуглас", "NAME_ZH": "道格拉斯", "LABEL": null, "NAME_AR": "دوغلاس", "NAME_BN": "ডগলাস", "NAME_EL": "Ντάγκλας", "NAME_HI": "डग्लस", "NAME_HU": "Douglas", "NAME_ID": "Douglas", "NAME_IT": "Douglas", "NAME_JA": "ダグラス", "NAME_KO": "더글러스", "NAME_NL": "Douglas", "NAME_PL": "Douglas", "NAME_SV": "Douglas", "NAME_TR": "Douglas", "NAME_VI": "Douglas", "NE_ID": 1159146037, "NAME_FA": "دوگلاس", "NAME_HE": "דאגלס", "NAME_UK": "Дуглас", "NAME_UR": "ڈگلس", "NAME_ZHT": "道格拉斯", "GEONAMESID": 2651073, "FCLASS_ISO": null, "FCLASS_US": null, "FCLASS_FR": null, "FCLASS_RU": null, "FCLASS_ES": null, "FCLASS_CN": null, "FCLASS_TW": null, "FCLASS_IN": null, "FCLASS_NP": null, "FCLASS_PK": null, "FCLASS_DE": null, "FCLASS_GB": null, "FCLASS_BR": null, "FCLASS_IL": null, "FCLASS_PS": null, "FCLASS_SA": null, "FCLASS_EG": null, "FCLASS_MA": null, "FCLASS_PT": null, "FCLASS_AR": null, "FCLASS_JP": null, "FCLASS_KO": null, "FCLASS_VN": null, "FCLASS_TR": null, "FCLASS_ID": null, "FCLASS_PL": null, "FCLASS_GR": null, "FCLASS_IT": null, "FCLASS_NL": null, "FCLASS_SE": null, "FCLASS_BD": null, "FCLASS_UA": null, "FCLASS_TLC": null}, "bbox": [-4.480269, 54.149122, -4.480269, 54.149122], "geometry": {"type": "Point", "coordinates": [-4.480269, 54.149122]}}, {"type": "Feature", "properties": {"SCALERANK": 7, "NATSCALE": 20, "LABELRANK": 0, "FEATURECLA": "Admin-0 capital", "NAME": "San Marino", "NAMEPAR": null, "NAMEALT": null, "NAMEASCII": "San Marino", "ADM0CAP": 1, "CAPIN": null, "WORLDCITY": 0, "MEGACITY": 0, "SOV0NAME": "San Marino", "SOV_A3": "SMR", "ADM0NAME": "San Marino", "ADM0_A3": "SMR", "ADM1NAME": null, "ISO_A2": "SM", "NOTE": null, "LATITUDE": 43.936096, "LONGITUDE": 12.44177, "POP_MAX": 29579, "POP_MIN": 29000, "POP_OTHER": 0, "RANK_MAX": 7, "RANK_MIN": 7, "MEGANAME": null, "LS_NAME": "San Marino", "MAX_POP10": 29088, "MAX_POP20": 29579, "MAX_POP50": 0, "MAX_POP300": 0, "MAX_POP310": 0, "MAX_NATSCA": 20, "MIN_AREAKM": 30, "MAX_AREAKM": 30, "MIN_AREAMI": 11, "MAX_AREAMI": 11, "MIN_PERKM": 63, "MAX_PERKM": 63, "MIN_PERMI": 39, "MAX_PERMI": 39, "MIN_BBXMIN": 12.391667, "MAX_BBXMIN": 12.391667, "MIN_BBXMAX": 12.541667, "MAX_BBXMAX": 12.541667, "MIN_BBYMIN": 43.9, "MAX_BBYMIN": 43.9, "MIN_BBYMAX": 44, "MAX_BBYMAX": 44, "MEAN_BBXC": 12.462153, "MEAN_BBYC": 43.953472, "TIMEZONE": "Europe/San_Marino", "UN_FID": 0, "POP1950": 0, "POP1955": 0, "POP1960": 0, "POP1965": 0, "POP1970": 0, "POP1975": 0, "POP1980": 0, "POP1985": 0, "POP1990": 0, "POP1995": 0, "POP2000": 0, "POP2005": 0, "POP2010": 0, "POP2015": 0, "POP2020": 0, "POP2025": 0, "POP2050": 0, "MIN_ZOOM": 6.1, "WIKIDATAID": "Q1848", "WOF_ID": 101837381, "CAPALT": 0, "NAME_EN": "San Marino", "NAME_DE": "San Marino", "NAME_ES": "San Marino", "NAME_FR": "Saint-Marin", "NAME_PT": "San Marino", "NAME_RU": "Сан-Марино", "NAME_ZH": "圣马力诺", "LABEL": null, "NAME_AR": "مدينة سان مارينو", "NAME_BN": "সান মারিনো", "NAME_EL": "Άγιος Μαρίνος", "NAME_HI": "सैन मारिनो नगर", "NAME_HU": "San Marino", "NAME_ID": "San Marino", "NAME_IT": "Città di San Marino", "NAME_JA": "サンマリノ市", "NAME_KO": "산마리노", "NAME_NL": "San Marino", "NAME_PL": "San Marino", "NAME_SV": "San Marino", "NAME_TR": "San Marino", "NAME_VI": "Thành phố San Marino", "NE_ID": 1159146051, "NAME_FA": "سن مارینو", "NAME_HE": "סן מרינו", "NAME_UK": "Сан-Марино", "NAME_UR": "سان مارینو شہر", "NAME_ZHT": "聖馬力諾", "GEONAMESID": 3168070, "FCLASS_ISO": null, "FCLASS_US": null, "FCLASS_FR": null, "FCLASS_RU": null, "FCLASS_ES": null, "FCLASS_CN": null, "FCLASS_TW": null, "FCLASS_IN": null, "FCLASS_NP": null, "FCLASS_PK": null, "FCLASS_DE": null, "FCLASS_GB": null, "FCLASS_BR": null, "FCLASS_IL": null, "FCLASS_PS": null, "FCLASS_SA": null, "FCLASS_EG": null, "FCLASS_MA": null, "FCLASS_PT": null, "FCLASS_AR": null, "FCLASS_JP": null, "FCLASS_KO": null, "FCLASS_VN": null, "FCLASS_TR": null, "FCLASS_ID": null, "FCLASS_PL": null, "FCLASS_GR": null, "FCLASS_IT": null, "FCLASS_NL": null, "FCLASS_SE": null, "FCLASS_BD": null, "FCLASS_UA": null, "FCLASS_TLC": null}, "bbox": [12.44177, 43.936096, 12.44177, 43.936096], "geometry": {"type": "Point", "coordinates": [12.44177, 43.936096]}}, {"type": "Feature", "properties": {"SCALERANK": 7, "NATSCALE": 20, "LABELRANK": 0, "FEATURECLA": "Admin-0 capital", "NAME": "Vaduz", "NAMEPAR": null, "NAMEALT": null, "NAMEASCII": "Vaduz", "ADM0CAP": 1, "CAPIN": null, "WORLDCITY": 0, "MEGACITY": 0, "SOV0NAME": "Liechtenstein", "SOV_A3": "LIE", "ADM0NAME": "Liechtenstein", "ADM0_A3": "LIE", "ADM1NAME": null, "ISO_A2": "LI", "NOTE": null, "LATITUDE": 47.133724, "LONGITUDE": 9.51667, "POP_MAX": 36281, "POP_MIN": 5342, "POP_OTHER": 33009, "RANK_MAX": 7, "RANK_MIN": 5, "MEGANAME": null, "LS_NAME": "Vaduz", "MAX_POP10": 45442, "MAX_POP20": 45442, "MAX_POP50": 0, "MAX_POP300": 0, "MAX_POP310": 0, "MAX_NATSCA": 20, "MIN_AREAKM": 45, "MAX_AREAKM": 45, "MIN_AREAMI": 17, "MAX_AREAMI": 17, "MIN_PERKM": 90, "MAX_PERKM": 90, "MIN_PERMI": 56, "MAX_PERMI": 56, "MIN_BBXMIN": 9.433333, "MAX_BBXMIN": 9.433333, "MIN_BBXMAX": 9.558333, "MAX_BBXMAX": 9.558333, "MIN_BBYMIN": 47.091667, "MAX_BBYMIN": 47.091667, "MIN_BBYMAX": 47.233333, "MAX_BBYMAX": 47.233333, "MEAN_BBXC": 9.503734, "MEAN_BBYC": 47.167478, "TIMEZONE": "Europe/Vaduz", "UN_FID": 0, "POP1950": 0, "POP1955": 0, "POP1960": 0, "POP1965": 0, "POP1970": 0, "POP1975": 0, "POP1980": 0, "POP1985": 0, "POP1990": 0, "POP1995": 0, "POP2000": 0, "POP2005": 0, "POP2010": 0, "POP2015": 0, "POP2020": 0, "POP2025": 0, "POP2050": 0, "MIN_ZOOM": 6.7, "WIKIDATAID": "Q1844", "WOF_ID": 101828603, "CAPALT": 0, "NAME_EN": "Vaduz", "NAME_DE": "Vaduz", "NAME_ES": "Vaduz", "NAME_FR": "Vaduz", "NAME_PT": "Vaduz", "NAME_RU": "Вадуц", "NAME_ZH": "瓦都兹", "LABEL": null, "NAME_AR": "فادوتس", "NAME_BN": "ফাডুৎস", "NAME_EL": "Βαντούζ", "NAME_HI": "वादुज़", "NAME_HU": "Vaduz", "NAME_ID": "Vaduz", "NAME_IT": "Vaduz", "NAME_JA": "ファドゥーツ", "NAME_KO": "파두츠", "NAME_NL": "Vaduz", "NAME_PL": "Vaduz", "NAME_SV": "Vaduz", "NAME_TR": "Vaduz", "NAME_VI": "Vaduz", "NE_ID": 1159146061, "NAME_FA": "فادوتس", "NAME_HE": "ואדוץ", "NAME_UK": "Вадуц", "NAME_UR": "واڈوز", "NAME_ZHT": "華杜茲", "GEONAMESID": 3042030, "FCLASS_ISO": null, "FCLASS_US": null, "FCLASS_FR": null, "FCLASS_RU": null, "FCLASS_ES": null, "FCLASS_CN": null, "FCLASS_TW": null, "FCLASS_IN": null, "FCLASS_NP": null, "FCLASS_PK": null, "FCLASS_DE": null, "FCLASS_GB": null, "FCLASS_BR": null, "FCLASS_IL": null, "FCLASS_PS": null, "FCLASS_SA": null, "FCLASS_EG": null, "FCLASS_MA": null, "FCLASS_PT": null, "FCLASS_AR": null, "FCLASS_JP": null, "FCLASS_KO": null, "FCLASS_VN": null, "FCLASS_TR": null, "FCLASS_ID": null, "FCLASS_PL": null, "FCLASS_GR": null, "FCLASS_IT": null, "FCLASS_NL": null, "FCLASS_SE": null, "FCLASS_BD": null, "FCLASS_UA": null, "FCLASS_TLC": null}, "bbox": [9.51667, 47.133724, 9.51667, 47.133724], "geometry": {"type": "Point", "coordinates": [9.51667, 47.133724]}}, {"type": "Feature", "properties": {"SCALERANK": 6, "NATSCALE": 30, "LABELRANK": 5, "FEATURECLA": "Admin-0 region capital", "NAME": "Edinburgh", "NAMEPAR": null, "NAMEALT": null, "NAMEASCII": "Edinburgh", "ADM0CAP": 0, "CAPIN": null, "WORLDCITY": 0, "MEGACITY": 0, "SOV0NAME": "United Kingdom", "SOV_A3": "GBR", "ADM0NAME": "United Kingdom", "ADM0_A3": "GBR", "ADM1NAME": "Edinburgh", "ISO_A2": "GB", "NOTE": null, "LATITUDE": 55.948328, "LONGITUDE": -3.219091, "POP_MAX": 504966, "POP_MIN": 435791, "POP_OTHER": 442794, "RANK_MAX": 11, "RANK_MIN": 10, "MEGANAME": null, "LS_NAME": "Edinburgh", "MAX_POP10": 504966, "MAX_POP20": 504966, "MAX_POP50": 0, "MAX_POP300": 0, "MAX_POP310": 0, "MAX_NATSCA": 20, "MIN_AREAKM": 175, "MAX_AREAKM": 175, "MIN_AREAMI": 68, "MAX_AREAMI": 68, "MIN_PERKM": 194, "MAX_PERKM": 194, "MIN_PERMI": 121, "MAX_PERMI": 121, "MIN_BBXMIN": -3.358333, "MAX_BBXMIN": -3.358333, "MIN_BBXMAX": -3.008333, "MAX_BBXMAX": -3.008333, "MIN_BBYMIN": 55.833333, "MAX_BBYMIN": 55.833333, "MIN_BBYMAX": 55.983333, "MAX_BBYMAX": 55.983333, "MEAN_BBXC": -3.180847, "MEAN_BBYC": 55.922399, "TIMEZONE": "Europe/London", "UN_FID": 0, "POP1950": 0, "POP1955": 0, "POP1960": 0, "POP1965": 0, "POP1970": 0, "POP1975": 0, "POP1980": 0, "POP1985": 0, "POP1990": 0, "POP1995": 0, "POP2000": 0, "POP2005": 0, "POP2010": 0, "POP2015": 0, "POP2020": 0, "POP2025": 0, "POP2050": 0, "MIN_ZOOM": 5.1, "WIKIDATAID": "Q23436", "WOF_ID": 101750629, "CAPALT": 0, "NAME_EN": "Edinburgh", "NAME_DE": "Edinburgh", "NAME_ES": "Edimburgo", "NAME_FR": "Édimbourg", "NAME_PT": "Edimburgo", "NAME_RU": "Эдинбург", "NAME_ZH": "爱丁堡", "LABEL": null, "NAME_AR": "إدنبرة", "NAME_BN": "এডিনবরা", "NAME_EL": "Εδιμβούργο", "NAME_HI": "एडिनबरा", "NAME_HU": "Edinburgh", "NAME_ID": "Edinburgh", "NAME_IT": "Edimburgo", "NAME_JA": "エディンバラ", "NAME_KO": "에든버러", "NAME_NL": "Edinburgh", "NAME_PL": "Edynburg", "NAME_SV": "Edinburgh", "NAME_TR": "Edinburgh", "NAME_VI": "Edinburgh", "NE_ID": 1159146365, "NAME_FA": "ادینبرو", "NAME_HE": "אדינבורו", "NAME_UK": "Единбург", "NAME_UR": "ایڈنبرگ", "NAME_ZHT": "愛丁堡", "GEONAMESID": 2650225, "FCLASS_ISO": null, "FCLASS_US": null, "FCLASS_FR": null, "FCLASS_RU": null, "FCLASS_ES": null, "FCLASS_CN": null, "FCLASS_TW": null, "FCLASS_IN": null, "FCLASS_NP": null, "FCLASS_PK": null, "FCLASS_DE": null, "FCLASS_GB": null, "FCLASS_BR": null, "FCLASS_IL": null, "FCLASS_PS": null, "FCLASS_SA": null, "FCLASS_EG": null, "FCLASS_MA": null, "FCLASS_PT": null, "FCLASS_AR": null, "FCLASS_JP": null, "FCLASS_KO": null, "FCLASS_VN": null, "FCLASS_TR": null, "FCLASS_ID": null, "FCLASS_PL": null, "FCLASS_GR": null, "FCLASS_IT": null, "FCLASS_NL": null, "FCLASS_SE": null, "FCLASS_BD": null, "FCLASS_UA": null, "FCLASS_TLC": null}, "bbox": [-3.219091, 55.948328, -3.219091, 55.948328], "geometry": {"type": "Point", "coordinates": [-3.219091, 55.948328]}}, {"type": "Feature", "properties": {"SCALERANK": 6, "NATSCALE": 30, "LABELRANK": 5, "FEATURECLA": "Populated place", "NAME": "Newcastle", "NAMEPAR": null, "NAMEALT": "Newcastle upon Tyne", "NAMEASCII": "Newcastle", "ADM0CAP": 0, "CAPIN": null, "WORLDCITY": 0, "MEGACITY": 1, "SOV0NAME": "United Kingdom", "SOV_A3": "GBR", "ADM0NAME": "United Kingdom", "ADM0_A3": "GBR", "ADM1NAME": "Tyne and Wear", "ISO_A2": "GB", "NOTE": null, "LATITUDE": 55.002321, "LONGITUDE": -1.601936, "POP_MAX": 882000, "POP_MIN": 192382, "POP_OTHER": 660783, "RANK_MAX": 11, "RANK_MIN": 9, "MEGANAME": "Newcastle upon Tyne", "LS_NAME": "Newcastle", "MAX_POP10": 717948, "MAX_POP20": 1134616, "MAX_POP50": 273848, "MAX_POP300": 273848, "MAX_POP310": 0, "MAX_NATSCA": 100, "MIN_AREAKM": 179, "MAX_AREAKM": 479, "MIN_AREAMI": 69, "MAX_AREAMI": 185, "MIN_PERKM": 188, "MAX_PERKM": 374, "MIN_PERMI": 117, "MAX_PERMI": 233, "MIN_BBXMIN": -1.8, "MAX_BBXMIN": 151.566667, "MIN_BBXMAX": -1.451249, "MAX_BBXMAX": 151.791667, "MIN_BBYMIN": -33.041667, "MAX_BBYMIN": 54.841667, "MIN_BBYMAX": -32.866667, "MAX_BBYMAX": 55.108333, "MEAN_BBXC": 75.048749, "MEAN_BBYC": 11.007107, "TIMEZONE": "Europe/London", "UN_FID": 521, "POP1950": 909, "POP1955": 921, "POP1960": 934, "POP1965": 913, "POP1970": 886, "POP1975": 838, "POP1980": 790, "POP1985": 825, "POP1990": 877, "POP1995": 883, "POP2000": 880, "POP2005": 880, "POP2010": 882, "POP2015": 887, "POP2020": 898, "POP2025": 908, "POP2050": 918, "MIN_ZOOM": 5.1, "WIKIDATAID": "Q1425428", "WOF_ID": 101750617, "CAPALT": 0, "NAME_EN": "Newcastle upon Tyne", "NAME_DE": "Newcastle upon Tyne", "NAME_ES": "Newcastle upon Tyne", "NAME_FR": "Newcastle upon Tyne", "NAME_PT": "Newcastle upon Tyne", "NAME_RU": "Ньюкасл-апон-Тайн", "NAME_ZH": "泰恩河畔纽卡斯尔", "LABEL": null, "NAME_AR": "نيوكاسل أبون تاين", "NAME_BN": "নিউক্যাসল আপন টাইন", "NAME_EL": "Νιούκασλ", "NAME_HI": "न्यूकैसल अपॉन टाइन नोड", "NAME_HU": "Newcastle upon Tyne", "NAME_ID": "Newcastle upon Tyne", "NAME_IT": "Newcastle upon Tyne", "NAME_JA": "ニューカッスル・アポン・タイン", "NAME_KO": "뉴캐슬어폰타인", "NAME_NL": "Newcastle upon Tyne", "NAME_PL": "Newcastle upon Tyne", "NAME_SV": "Newcastle upon Tyne", "NAME_TR": "Newcastle upon Tyne", "NAME_VI": "Newcastle trên sông Tyne", "NE_ID": 1159146367, "NAME_FA": "نیوکاسل آپون تاین", "NAME_HE": "ניוקאסל", "NAME_UK": "Ньюкасл-апон-Тайн", "NAME_UR": "نیوکیسل اپون ٹائین", "NAME_ZHT": "泰恩河畔紐卡素", "GEONAMESID": 2641673, "FCLASS_ISO": null, "FCLASS_US": null, "FCLASS_FR": null, "FCLASS_RU": null, "FCLASS_ES": null, "FCLASS_CN": null, "FCLASS_TW": null, "FCLASS_IN": null, "FCLASS_NP": null, "FCLASS_PK": null, "FCLASS_DE": null, "FCLASS_GB": null, "FCLASS_BR": null, "FCLASS_IL": null, "FCLASS_PS": null, "FCLASS_SA": null, "FCLASS_EG": null, "FCLASS_MA": null, "FCLASS_PT": null, "FCLASS_AR": null, "FCLASS_JP": null, "FCLASS_KO": null, "FCLASS_VN": null, "FCLASS_TR": null, "FCLASS_ID": null, "FCLASS_PL": null, "FCLASS_GR": null, "FCLASS_IT": null, "FCLASS_NL": null, "FCLASS_SE": null, "FCLASS_BD": null, "FCLASS_UA": null, "FCLASS_TLC": null}, "bbox": [-1.611625, 54.989742, -1.611625, 54.989742], "geometry": {"type": "Point", "coordinates": [-1.611625, 54.989742]}}, {"type": "Feature", "properties": {"SCALERANK": 6, "NATSCALE": 30, "LABELRANK": 5, "FEATURECLA": "Populated place", "NAME": "Liverpool", "NAMEPAR": null, "NAMEALT": null, "NAMEASCII": "Liverpool", "ADM0CAP": 0, "CAPIN": null, "WORLDCITY": 0, "MEGACITY": 1, "SOV0NAME": "United Kingdom", "SOV_A3": "GBR", "ADM0NAME": "United Kingdom", "ADM0_A3": "GBR", "ADM1NAME": "Merseyside", "ISO_A2": "GB", "NOTE": null, "LATITUDE": 53.417948, "LONGITUDE": -2.919944, "POP_MAX": 811000, "POP_MIN": 468945, "POP_OTHER": 4331, "RANK_MAX": 11, "RANK_MIN": 10, "MEGANAME": "Liverpool", "LS_NAME": "Liverpool2", "MAX_POP10": 1300960, "MAX_POP20": 1305570, "MAX_POP50": 0, "MAX_POP300": 0, "MAX_POP310": 0, "MAX_NATSCA": 20, "MIN_AREAKM": 535, "MAX_AREAKM": 542, "MIN_AREAMI": 206, "MAX_AREAMI": 209, "MIN_PERKM": 392, "MAX_PERKM": 404, "MIN_PERMI": 244, "MAX_PERMI": 251, "MIN_BBXMIN": -3.058333, "MAX_BBXMIN": -3.058333, "MIN_BBXMAX": -2.567378, "MAX_BBXMAX": -2.567378, "MIN_BBYMIN": 53.266667, "MAX_BBYMIN": 53.305614, "MIN_BBYMAX": 53.6, "MAX_BBYMAX": 53.6, "MEAN_BBXC": -2.781569, "MEAN_BBYC": 53.443273, "TIMEZONE": "Europe/London", "UN_FID": 518, "POP1950": 1382, "POP1955": 1383, "POP1960": 1384, "POP1965": 1334, "POP1970": 1276, "POP1975": 1018, "POP1980": 784, "POP1985": 788, "POP1990": 831, "POP1995": 829, "POP2000": 818, "POP2005": 811, "POP2010": 811, "POP2015": 815, "POP2020": 825, "POP2025": 836, "POP2050": 845, "MIN_ZOOM": 6, "WIKIDATAID": "Q24826", "WOF_ID": 101750547, "CAPALT": 0, "NAME_EN": "Liverpool", "NAME_DE": "Liverpool", "NAME_ES": "Liverpool", "NAME_FR": "Liverpool", "NAME_PT": "Liverpool", "NAME_RU": "Ливерпуль", "NAME_ZH": "利物浦", "LABEL": null, "NAME_AR": "ليفربول", "NAME_BN": "লিভারপুল", "NAME_EL": "Λίβερπουλ", "NAME_HI": "लिवरपूल", "NAME_HU": "Liverpool", "NAME_ID": "Liverpool", "NAME_IT": "Liverpool", "NAME_JA": "リヴァプール", "NAME_KO": "리버풀", "NAME_NL": "Liverpool", "NAME_PL": "Liverpool", "NAME_SV": "Liverpool", "NAME_TR": "Liverpool", "NAME_VI": "Liverpool", "NE_ID": 1159146371, "NAME_FA": "لیورپول", "NAME_HE": "ליברפול", "NAME_UK": "Ліверпуль", "NAME_UR": "لیورپول", "NAME_ZHT": "利物浦", "GEONAMESID": 2644210, "FCLASS_ISO": null, "FCLASS_US": null, "FCLASS_FR": null, "FCLASS_RU": null, "FCLASS_ES": null, "FCLASS_CN": null, "FCLASS_TW": null, "FCLASS_IN": null, "FCLASS_NP": null, "FCLASS_PK": null, "FCLASS_DE": null, "FCLASS_GB": null, "FCLASS_BR": null, "FCLASS_IL": null, "FCLASS_PS": null, "FCLASS_SA": null, "FCLASS_EG": null, "FCLASS_MA": null, "FCLASS_PT": null, "FCLASS_AR": null, "FCLASS_JP": null, "FCLASS_KO": null, "FCLASS_VN": null, "FCLASS_TR": null, "FCLASS_ID": null, "FCLASS_PL": null, "FCLASS_GR": null, "FCLASS_IT": null, "FCLASS_NL": null, "FCLASS_SE": null, "FCLASS_BD": null, "FCLASS_UA": null, "FCLASS_TLC": null}, "bbox": [-2.961934, 53.405068, -2.961934, 53.405068], "geometry": {"type": "Point", "coordinates": [-2.961934, 53.405068]}}, {"type": "Feature", "properties": {"SCALERANK": 6, "NATSCALE": 30, "LABELRANK": 5, "FEATURECLA": "Admin-0 region capital", "NAME": "Cardiff", "NAMEPAR": null, "NAMEALT": null, "NAMEASCII": "Cardiff", "ADM0CAP": 0, "CAPIN": null, "WORLDCITY": 0, "MEGACITY": 0, "SOV0NAME": "United Kingdom", "SOV_A3": "GBR", "ADM0NAME": "United Kingdom", "ADM0_A3": "GBR", "ADM1NAME": "Cardiff", "ISO_A2": "GB", "NOTE": null, "LATITUDE": 51.499995, "LONGITUDE": -3.225008, "POP_MAX": 861400, "POP_MIN": 346100, "POP_OTHER": 458831, "RANK_MAX": 11, "RANK_MIN": 10, "MEGANAME": null, "LS_NAME": "Cardiff", "MAX_POP10": 527695, "MAX_POP20": 528178, "MAX_POP50": 0, "MAX_POP300": 0, "MAX_POP310": 0, "MAX_NATSCA": 20, "MIN_AREAKM": 289, "MAX_AREAKM": 290, "MIN_AREAMI": 111, "MAX_AREAMI": 112, "MIN_PERKM": 375, "MAX_PERKM": 381, "MIN_PERMI": 233, "MAX_PERMI": 237, "MIN_BBXMIN": -3.575, "MAX_BBXMIN": -3.555841, "MIN_BBXMAX": -3.058333, "MAX_BBXMAX": -3.058333, "MIN_BBYMIN": 51.416667, "MAX_BBYMIN": 51.416667, "MIN_BBYMAX": 51.758333, "MAX_BBYMAX": 51.758333, "MEAN_BBXC": -3.307035, "MEAN_BBYC": 51.571972, "TIMEZONE": "Australia/Sydney", "UN_FID": 0, "POP1950": 0, "POP1955": 0, "POP1960": 0, "POP1965": 0, "POP1970": 0, "POP1975": 0, "POP1980": 0, "POP1985": 0, "POP1990": 0, "POP1995": 0, "POP2000": 0, "POP2005": 0, "POP2010": 0, "POP2015": 0, "POP2020": 0, "POP2025": 0, "POP2050": 0, "MIN_ZOOM": 5.1, "WIKIDATAID": "Q10690", "WOF_ID": 101929817, "CAPALT": 0, "NAME_EN": "Cardiff", "NAME_DE": "Cardiff", "NAME_ES": "Cardiff", "NAME_FR": "Cardiff", "NAME_PT": "Cardiff", "NAME_RU": "Кардифф", "NAME_ZH": "加地夫", "LABEL": null, "NAME_AR": "كارديف", "NAME_BN": "কার্ডিফ", "NAME_EL": "Κάρντιφ", "NAME_HI": "कार्डिफ़", "NAME_HU": "Cardiff", "NAME_ID": "Cardiff", "NAME_IT": "Cardiff", "NAME_JA": "カーディフ", "NAME_KO": "카디프", "NAME_NL": "Cardiff", "NAME_PL": "Cardiff", "NAME_SV": "Cardiff", "NAME_TR": "Cardiff", "NAME_VI": "Cardiff", "NE_ID": 1159146373, "NAME_FA": "کاردیف", "NAME_HE": "קארדיף", "NAME_UK": "Кардіфф", "NAME_UR": "کارڈف", "NAME_ZHT": "卡地夫", "GEONAMESID": 2172349, "FCLASS_ISO": null, "FCLASS_US": null, "FCLASS_FR": null, "FCLASS_RU": null, "FCLASS_ES": null, "FCLASS_CN": null, "FCLASS_TW": null, "FCLASS_IN": null, "FCLASS_NP": null, "FCLASS_PK": null, "FCLASS_DE": null, "FCLASS_GB": null, "FCLASS_BR": null, "FCLASS_IL": null, "FCLASS_PS": null, "FCLASS_SA": null, "FCLASS_EG": null, "FCLASS_MA": null, "FCLASS_PT": null, "FCLASS_AR": null, "FCLASS_JP": null, "FCLASS_KO": null, "FCLASS_VN": null, "FCLASS_TR": null, "FCLASS_ID": null, "FCLASS_PL": null, "FCLASS_GR": null, "FCLASS_IT": null, "FCLASS_NL": null, "FCLASS_SE": null, "FCLASS_BD": null, "FCLASS_UA": null, "FCLASS_TLC": null}, "bbox": [-3.167598, 51.482619, -3.167598, 51.482619], "geometry": {"type": "Point", "coordinates": [-3.167598, 51.482619]}}, {"type": "Feature", "properties": {"SCALERANK": 6, "NATSCALE": 30, "LABELRANK": 5, "FEATURECLA": "Populated place", "NAME": "Leeds", "NAMEPAR": null, "NAMEALT": "West Yorkshire", "NAMEASCII": "Leeds", "ADM0CAP": 0, "CAPIN": null, "WORLDCITY": 0, "MEGACITY": 1, "SOV0NAME": "United Kingdom", "SOV_A3": "GBR", "ADM0NAME": "United Kingdom", "ADM0_A3": "GBR", "ADM1NAME": "West Yorkshire", "ISO_A2": "GB", "NOTE": null, "LATITUDE": 53.831953, "LONGITUDE": -1.581963, "POP_MAX": 1529000, "POP_MIN": 455123, "POP_OTHER": 770655, "RANK_MAX": 12, "RANK_MIN": 10, "MEGANAME": "West Yorkshire", "LS_NAME": "Leeds", "MAX_POP10": 810324, "MAX_POP20": 0, "MAX_POP50": 0, "MAX_POP300": 0, "MAX_POP310": 0, "MAX_NATSCA": 10, "MIN_AREAKM": 293, "MAX_AREAKM": 293, "MIN_AREAMI": 113, "MAX_AREAMI": 113, "MIN_PERKM": 231, "MAX_PERKM": 231, "MIN_PERMI": 143, "MAX_PERMI": 143, "MIN_BBXMIN": -1.675585, "MAX_BBXMIN": -1.675585, "MIN_BBXMAX": -1.425, "MAX_BBXMAX": -1.425, "MIN_BBYMIN": 53.616667, "MAX_BBYMIN": 53.616667, "MIN_BBYMAX": 53.883333, "MAX_BBYMAX": 53.883333, "MEAN_BBXC": -1.551024, "MEAN_BBYC": 53.760524, "TIMEZONE": "Europe/London", "UN_FID": 522, "POP1950": 1692, "POP1955": 1697, "POP1960": 1703, "POP1965": 1714, "POP1970": 1726, "POP1975": 1618, "POP1980": 1496, "POP1985": 1465, "POP1990": 1449, "POP1995": 1468, "POP2000": 1495, "POP2005": 1521, "POP2010": 1529, "POP2015": 1539, "POP2020": 1552, "POP2025": 1565, "POP2050": 1575, "MIN_ZOOM": 5.6, "WIKIDATAID": "Q39121", "WOF_ID": 101750579, "CAPALT": 0, "NAME_EN": "Leeds", "NAME_DE": "Leeds", "NAME_ES": "Leeds", "NAME_FR": "Leeds", "NAME_PT": "Leeds", "NAME_RU": "Лидс", "NAME_ZH": "利兹", "LABEL": null, "NAME_AR": "ليدز", "NAME_BN": "লিডস", "NAME_EL": "Ληντς", "NAME_HI": "लीड्स", "NAME_HU": "Leeds", "NAME_ID": "Leeds", "NAME_IT": "Leeds", "NAME_JA": "リーズ", "NAME_KO": "리즈", "NAME_NL": "Leeds", "NAME_PL": "Leeds", "NAME_SV": "Leeds", "NAME_TR": "Leeds", "NAME_VI": "Leeds", "NE_ID": 1159146385, "NAME_FA": "لیدز", "NAME_HE": "לידס", "NAME_UK": "Лідс", "NAME_UR": "لیڈز", "NAME_ZHT": "里茲", "GEONAMESID": 2644688, "FCLASS_ISO": null, "FCLASS_US": null, "FCLASS_FR": null, "FCLASS_RU": null, "FCLASS_ES": null, "FCLASS_CN": null, "FCLASS_TW": null, "FCLASS_IN": null, "FCLASS_NP": null, "FCLASS_PK": null, "FCLASS_DE": null, "FCLASS_GB": null, "FCLASS_BR": null, "FCLASS_IL": null, "FCLASS_PS": null, "FCLASS_SA": null, "FCLASS_EG": null, "FCLASS_MA": null, "FCLASS_PT": null, "FCLASS_AR": null, "FCLASS_JP": null, "FCLASS_KO": null, "FCLASS_VN": null, "FCLASS_TR": null, "FCLASS_ID": null, "FCLASS_PL": null, "FCLASS_GR": null, "FCLASS_IT": null, "FCLASS_NL": null, "FCLASS_SE": null, "FCLASS_BD": null, "FCLASS_UA": null, "FCLASS_TLC": null}, "bbox": [-1.551348, 53.790017, -1.551348, 53.790017], "geometry": {"type": "Point", "coordinates": [-1.551348, 53.790017]}}, {"type": "Feature", "properties": {"SCALERANK": 6, "NATSCALE": 30, "LABELRANK": 8, "FEATURECLA": "Populated place", "NAME": "Rotterdam", "NAMEPAR": null, "NAMEALT": null, "NAMEASCII": "Rotterdam", "ADM0CAP": 0, "CAPIN": null, "WORLDCITY": 0, "MEGACITY": 1, "SOV0NAME": "Kingdom of the Netherlands", "SOV_A3": "NLD", "ADM0NAME": "Netherlands", "ADM0_A3": "NLD", "ADM1NAME": "Zuid-Holland", "ISO_A2": "NL", "NOTE": null, "LATITUDE": 51.921915, "LONGITUDE": 4.478029, "POP_MAX": 1005000, "POP_MIN": 598199, "POP_OTHER": 1470385, "RANK_MAX": 12, "RANK_MIN": 11, "MEGANAME": "Rotterdam", "LS_NAME": "Rotterdam", "MAX_POP10": 1661422, "MAX_POP20": 1661422, "MAX_POP50": 0, "MAX_POP300": 0, "MAX_POP310": 0, "MAX_NATSCA": 20, "MIN_AREAKM": 528, "MAX_AREAKM": 528, "MIN_AREAMI": 204, "MAX_AREAMI": 204, "MIN_PERKM": 578, "MAX_PERKM": 578, "MIN_PERMI": 359, "MAX_PERMI": 359, "MIN_BBXMIN": 4.273344, "MAX_BBXMIN": 4.273344, "MIN_BBXMAX": 4.854368, "MAX_BBXMAX": 4.854368, "MIN_BBYMIN": 51.766667, "MAX_BBYMIN": 51.766667, "MIN_BBYMAX": 52.108333, "MAX_BBYMAX": 52.108333, "MEAN_BBXC": 4.543153, "MEAN_BBYC": 51.924888, "TIMEZONE": "Europe/Amsterdam", "UN_FID": 380, "POP1950": 764, "POP1955": 849, "POP1960": 937, "POP1965": 967, "POP1970": 967, "POP1975": 927, "POP1980": 912, "POP1985": 929, "POP1990": 951, "POP1995": 981, "POP2000": 991, "POP2005": 1000, "POP2010": 1005, "POP2015": 1014, "POP2020": 1033, "POP2025": 1046, "POP2050": 1057, "MIN_ZOOM": 6, "WIKIDATAID": "Q34370", "WOF_ID": 101751843, "CAPALT": 0, "NAME_EN": "Rotterdam", "NAME_DE": "Rotterdam", "NAME_ES": "Róterdam", "NAME_FR": "Rotterdam", "NAME_PT": "Roterdão", "NAME_RU": "Роттердам", "NAME_ZH": "鹿特丹", "LABEL": null, "NAME_AR": "روتردام", "NAME_BN": "রটার্ডাম", "NAME_EL": "Ρότερνταμ", "NAME_HI": "रॉटरडैम", "NAME_HU": "Rotterdam", "NAME_ID": "Rotterdam", "NAME_IT": "Rotterdam", "NAME_JA": "ロッテルダム", "NAME_KO": "로테르담", "NAME_NL": "Rotterdam", "NAME_PL": "Rotterdam", "NAME_SV": "Rotterdam", "NAME_TR": "Rotterdam", "NAME_VI": "Rotterdam", "NE_ID": 1159146435, "NAME_FA": "رتردام", "NAME_HE": "רוטרדם", "NAME_UK": "Роттердам", "NAME_UR": "راٹرڈیم", "NAME_ZHT": "鹿特丹", "GEONAMESID": 2747891, "FCLASS_ISO": null, "FCLASS_US": null, "FCLASS_FR": null, "FCLASS_RU": null, "FCLASS_ES": null, "FCLASS_CN": null, "FCLASS_TW": null, "FCLASS_IN": null, "FCLASS_NP": null, "FCLASS_PK": null, "FCLASS_DE": null, "FCLASS_GB": null, "FCLASS_BR": null, "FCLASS_IL": null, "FCLASS_PS": null, "FCLASS_SA": null, "FCLASS_EG": null, "FCLASS_MA": null, "FCLASS_PT": null, "FCLASS_AR": null, "FCLASS_JP": null, "FCLASS_KO": null, "FCLASS_VN": null, "FCLASS_TR": null, "FCLASS_ID": null, "FCLASS_PL": null, "FCLASS_GR": null, "FCLASS_IT": null, "FCLASS_NL": null, "FCLASS_SE": null, "FCLASS_BD": null, "FCLASS_UA": null, "FCLASS_TLC": null}, "bbox": [4.478028, 51.921915, 4.478028, 51.921915], "geometry": {"type": "Point", "coordinates": [4.478028, 51.921915]}}, {"type": "Feature", "properties": {"SCALERANK": 6, "NATSCALE": 30, "LABELRANK": 8, "FEATURECLA": "Admin-0 capital", "NAME": "Luxembourg", "NAMEPAR": null, "NAMEALT": null, "NAMEASCII": "Luxembourg", "ADM0CAP": 1, "CAPIN": null, "WORLDCITY": 0, "MEGACITY": 0, "SOV0NAME": "Luxembourg", "SOV_A3": "LUX", "ADM0NAME": "Luxembourg", "ADM0_A3": "LUX", "ADM1NAME": "Luxembourg", "ISO_A2": "LU", "NOTE": null, "LATITUDE": 49.61166, "LONGITUDE": 6.130003, "POP_MAX": 107260, "POP_MIN": 76684, "POP_OTHER": 106219, "RANK_MAX": 9, "RANK_MIN": 8, "MEGANAME": null, "LS_NAME": "Luxembourg", "MAX_POP10": 107260, "MAX_POP20": 107260, "MAX_POP50": 107260, "MAX_POP300": 0, "MAX_POP310": 0, "MAX_NATSCA": 50, "MIN_AREAKM": 60, "MAX_AREAKM": 60, "MIN_AREAMI": 23, "MAX_AREAMI": 23, "MIN_PERKM": 71, "MAX_PERKM": 71, "MIN_PERMI": 44, "MAX_PERMI": 44, "MIN_BBXMIN": 6.041667, "MAX_BBXMIN": 6.041667, "MIN_BBXMAX": 6.183333, "MAX_BBXMAX": 6.183333, "MIN_BBYMIN": 49.558333, "MAX_BBYMIN": 49.558333, "MIN_BBYMAX": 49.708333, "MAX_BBYMAX": 49.708333, "MEAN_BBXC": 6.125273, "MEAN_BBYC": 49.620833, "TIMEZONE": "Europe/Luxembourg", "UN_FID": 0, "POP1950": 0, "POP1955": 0, "POP1960": 0, "POP1965": 0, "POP1970": 0, "POP1975": 0, "POP1980": 0, "POP1985": 0, "POP1990": 0, "POP1995": 0, "POP2000": 0, "POP2005": 0, "POP2010": 0, "POP2015": 0, "POP2020": 0, "POP2025": 0, "POP2050": 0, "MIN_ZOOM": 6, "WIKIDATAID": "Q1842", "WOF_ID": 101751765, "CAPALT": 0, "NAME_EN": "Luxembourg", "NAME_DE": "Luxemburg", "NAME_ES": "Luxemburgo", "NAME_FR": "Luxembourg", "NAME_PT": "Luxemburgo", "NAME_RU": "Люксембург", "NAME_ZH": "卢森堡", "LABEL": null, "NAME_AR": "مدينة لوكسمبورغ", "NAME_BN": "লুক্সেমবুর্গ শহর", "NAME_EL": "Λουξεμβούργο", "NAME_HI": "लक्ज़मबर्ग नगर", "NAME_HU": "Luxembourg", "NAME_ID": "Luksemburg", "NAME_IT": "Lussemburgo", "NAME_JA": "ルクセンブルク市", "NAME_KO": "룩셈부르크", "NAME_NL": "Luxemburg", "NAME_PL": "Luksemburg", "NAME_SV": "Luxemburg", "NAME_TR": "Lüksemburg", "NAME_VI": "Luxembourg", "NE_ID": 1159146437, "NAME_FA": "لوکزامبورگ", "NAME_HE": "לוקסמבורג", "NAME_UK": "Люксембург", "NAME_UR": "لکسمبرگ", "NAME_ZHT": "盧森堡市", "GEONAMESID": 2960316, "FCLASS_ISO": null, "FCLASS_US": null, "FCLASS_FR": null, "FCLASS_RU": null, "FCLASS_ES": null, "FCLASS_CN": null, "FCLASS_TW": null, "FCLASS_IN": null, "FCLASS_NP": null, "FCLASS_PK": null, "FCLASS_DE": null, "FCLASS_GB": null, "FCLASS_BR": null, "FCLASS_IL": null, "FCLASS_PS": null, "FCLASS_SA": null, "FCLASS_EG": null, "FCLASS_MA": null, "FCLASS_PT": null, "FCLASS_AR": null, "FCLASS_JP": null, "FCLASS_KO": null, "FCLASS_VN": null, "FCLASS_TR": null, "FCLASS_ID": null, "FCLASS_PL": null, "FCLASS_GR": null, "FCLASS_IT": null, "FCLASS_NL": null, "FCLASS_SE": null, "FCLASS_BD": null, "FCLASS_UA": null, "FCLASS_TLC": null}, "bbox": [6.130003, 49.61166, 6.130003, 49.61166], "geometry": {"type": "Point", "coordinates": [6.130003, 49.61166]}}, {"type": "Feature", "properties": {"SCALERANK": 6, "NATSCALE": 30, "LABELRANK": 3, "FEATURECLA": "Admin-1 region capital", "NAME": "Turin", "NAMEPAR": null, "NAMEALT": "Torino", "NAMEASCII": "Turin", "ADM0CAP": 0, "CAPIN": null, "WORLDCITY": 0, "MEGACITY": 1, "SOV0NAME": "Italy", "SOV_A3": "ITA", "ADM0NAME": "Italy", "ADM0_A3": "ITA", "ADM1NAME": "Piemonte", "ISO_A2": "IT", "NOTE": null, "LATITUDE": 45.072333, "LONGITUDE": 7.668015, "POP_MAX": 1652000, "POP_MIN": 865263, "POP_OTHER": 1297994, "RANK_MAX": 12, "RANK_MIN": 11, "MEGANAME": "Torino", "LS_NAME": "Turin", "MAX_POP10": 1425256, "MAX_POP20": 1425256, "MAX_POP50": 0, "MAX_POP300": 0, "MAX_POP310": 0, "MAX_NATSCA": 20, "MIN_AREAKM": 425, "MAX_AREAKM": 425, "MIN_AREAMI": 164, "MAX_AREAMI": 164, "MIN_PERKM": 426, "MAX_PERKM": 426, "MIN_PERMI": 265, "MAX_PERMI": 265, "MIN_BBXMIN": 7.441667, "MAX_BBXMIN": 7.441667, "MIN_BBXMAX": 7.816667, "MAX_BBXMAX": 7.816667, "MIN_BBYMIN": 44.9, "MAX_BBYMIN": 44.9, "MIN_BBYMAX": 45.233333, "MAX_BBYMAX": 45.233333, "MEAN_BBXC": 7.649255, "MEAN_BBYC": 45.06554, "TIMEZONE": "Europe/Rome", "UN_FID": 309, "POP1950": 1011, "POP1955": 1149, "POP1960": 1348, "POP1965": 1547, "POP1970": 1760, "POP1975": 1838, "POP1980": 1860, "POP1985": 1827, "POP1990": 1775, "POP1995": 1733, "POP2000": 1694, "POP2005": 1660, "POP2010": 1652, "POP2015": 1647, "POP2020": 1645, "POP2025": 1645, "POP2050": 1645, "MIN_ZOOM": 6, "WIKIDATAID": "Q495", "WOF_ID": 101752697, "CAPALT": 0, "NAME_EN": "Turin", "NAME_DE": "Turin", "NAME_ES": "Turín", "NAME_FR": "Turin", "NAME_PT": "Turim", "NAME_RU": "Турин", "NAME_ZH": "都灵", "LABEL": null, "NAME_AR": "تورينو", "NAME_BN": "তুরিন", "NAME_EL": "Τορίνο", "NAME_HI": "टोरीनो", "NAME_HU": "Torino", "NAME_ID": "Turin", "NAME_IT": "Torino", "NAME_JA": "トリノ", "NAME_KO": "토리노", "NAME_NL": "Turijn", "NAME_PL": "Turyn", "NAME_SV": "Turin", "NAME_TR": "Torino", "NAME_VI": "Torino", "NE_ID": 1159146875, "NAME_FA": "تورین", "NAME_HE": "טורינו", "NAME_UK": "Турин", "NAME_UR": "ٹیورن", "NAME_ZHT": "杜林", "GEONAMESID": 3165524, "FCLASS_ISO": null, "FCLASS_US": null, "FCLASS_FR": null, "FCLASS_RU": null, "FCLASS_ES": null, "FCLASS_CN": null, "FCLASS_TW": null, "FCLASS_IN": null, "FCLASS_NP": null, "FCLASS_PK": null, "FCLASS_DE": null, "FCLASS_GB": null, "FCLASS_BR": null, "FCLASS_IL": null, "FCLASS_PS": null, "FCLASS_SA": null, "FCLASS_EG": null, "FCLASS_MA": null, "FCLASS_PT": null, "FCLASS_AR": null, "FCLASS_JP": null, "FCLASS_KO": null, "FCLASS_VN": null, "FCLASS_TR": null, "FCLASS_ID": null, "FCLASS_PL": null, "FCLASS_GR": null, "FCLASS_IT": null, "FCLASS_NL": null, "FCLASS_SE": null, "FCLASS_BD": null, "FCLASS_UA": null, "FCLASS_TLC": null}, "bbox": [7.668015, 45.072333, 7.668015, 45.072333], "geometry": {"type": "Point", "coordinates": [7.668015, 45.072333]}}, {"type": "Feature", "properties": {"SCALERANK": 6, "NATSCALE": 30, "LABELRANK": 3, "FEATURECLA": "Admin-1 capital", "NAME": "Stuttgart", "NAMEPAR": null, "NAMEALT": null, "NAMEASCII": "Stuttgart", "ADM0CAP": 0, "CAPIN": null, "WORLDCITY": 0, "MEGACITY": 0, "SOV0NAME": "Germany", "SOV_A3": "DEU", "ADM0NAME": "Germany", "ADM0_A3": "DEU", "ADM1NAME": "Baden-Württemberg", "ISO_A2": "DE", "NOTE": null, "LATITUDE": 48.77998, "LONGITUDE": 9.199996, "POP_MAX": 2944700, "POP_MIN": 606588, "POP_OTHER": 1392194, "RANK_MAX": 12, "RANK_MIN": 11, "MEGANAME": null, "LS_NAME": "Stuttgart", "MAX_POP10": 1531113, "MAX_POP20": 1531113, "MAX_POP50": 0, "MAX_POP300": 0, "MAX_POP310": 0, "MAX_NATSCA": 20, "MIN_AREAKM": 667, "MAX_AREAKM": 667, "MIN_AREAMI": 257, "MAX_AREAMI": 257, "MIN_PERKM": 644, "MAX_PERKM": 644, "MIN_PERMI": 400, "MAX_PERMI": 400, "MIN_BBXMIN": 8.983333, "MAX_BBXMIN": 8.983333, "MIN_BBXMAX": 9.483333, "MAX_BBXMAX": 9.483333, "MIN_BBYMIN": 48.575, "MAX_BBYMIN": 48.575, "MIN_BBYMAX": 49.05, "MAX_BBYMAX": 49.05, "MEAN_BBXC": 9.220535, "MEAN_BBYC": 48.800089, "TIMEZONE": "Europe/Berlin", "UN_FID": 0, "POP1950": 0, "POP1955": 0, "POP1960": 0, "POP1965": 0, "POP1970": 0, "POP1975": 0, "POP1980": 0, "POP1985": 0, "POP1990": 0, "POP1995": 0, "POP2000": 0, "POP2005": 0, "POP2010": 0, "POP2015": 0, "POP2020": 0, "POP2025": 0, "POP2050": 0, "MIN_ZOOM": 6, "WIKIDATAID": "Q1022", "WOF_ID": 101905809, "CAPALT": 0, "NAME_EN": "Stuttgart", "NAME_DE": "Stuttgart", "NAME_ES": "Stuttgart", "NAME_FR": "Stuttgart", "NAME_PT": "Estugarda", "NAME_RU": "Штутгарт", "NAME_ZH": "斯图加特", "LABEL": null, "NAME_AR": "شتوتغارت", "NAME_BN": "স্টুটগার্ট", "NAME_EL": "Στουτγκάρδη", "NAME_HI": "श्टुटगार्ट", "NAME_HU": "Stuttgart", "NAME_ID": "Stuttgart", "NAME_IT": "Stoccarda", "NAME_JA": "シュトゥットガルト", "NAME_KO": "슈투트가르트", "NAME_NL": "Stuttgart", "NAME_PL": "Stuttgart", "NAME_SV": "Stuttgart", "NAME_TR": "Stuttgart", "NAME_VI": "Stuttgart", "NE_ID": 1159146949, "NAME_FA": "اشتوتگارت", "NAME_HE": "שטוטגרט", "NAME_UK": "Штутгарт", "NAME_UR": "شٹوٹگارٹ", "NAME_ZHT": "斯圖加特", "GEONAMESID": 2825297, "FCLASS_ISO": null, "FCLASS_US": null, "FCLASS_FR": null, "FCLASS_RU": null, "FCLASS_ES": null, "FCLASS_CN": null, "FCLASS_TW": null, "FCLASS_IN": null, "FCLASS_NP": null, "FCLASS_PK": null, "FCLASS_DE": null, "FCLASS_GB": null, "FCLASS_BR": null, "FCLASS_IL": null, "FCLASS_PS": null, "FCLASS_SA": null, "FCLASS_EG": null, "FCLASS_MA": null, "FCLASS_PT": null, "FCLASS_AR": null, "FCLASS_JP": null, "FCLASS_KO": null, "FCLASS_VN": null, "FCLASS_TR": null, "FCLASS_ID": null, "FCLASS_PL": null, "FCLASS_GR": null, "FCLASS_IT": null, "FCLASS_NL": null, "FCLASS_SE": null, "FCLASS_BD": null, "FCLASS_UA": null, "FCLASS_TLC": null}, "bbox": [9.199996, 48.77998, 9.199996, 48.77998], "geometry": {"type": "Point", "coordinates": [9.199996, 48.77998]}}, {"type": "Feature", "properties": {"SCALERANK": 6, "NATSCALE": 30, "LABELRANK": 3, "FEATURECLA": "Admin-1 capital", "NAME": "Bremen", "NAMEPAR": null, "NAMEALT": null, "NAMEASCII": "Bremen", "ADM0CAP": 0, "CAPIN": null, "WORLDCITY": 0, "MEGACITY": 0, "SOV0NAME": "Germany", "SOV_A3": "DEU", "ADM0NAME": "Germany", "ADM0_A3": "DEU", "ADM1NAME": "Bremen", "ISO_A2": "DE", "NOTE": null, "LATITUDE": 53.080002, "LONGITUDE": 8.800021, "POP_MAX": 724909, "POP_MIN": 546501, "POP_OTHER": 676987, "RANK_MAX": 11, "RANK_MIN": 11, "MEGANAME": null, "LS_NAME": "Bremen", "MAX_POP10": 720655, "MAX_POP20": 724909, "MAX_POP50": 0, "MAX_POP300": 0, "MAX_POP310": 0, "MAX_NATSCA": 20, "MIN_AREAKM": 366, "MAX_AREAKM": 370, "MIN_AREAMI": 141, "MAX_AREAMI": 143, "MIN_PERKM": 404, "MAX_PERKM": 408, "MIN_PERMI": 251, "MAX_PERMI": 253, "MIN_BBXMIN": 8.5, "MAX_BBXMIN": 8.517471, "MIN_BBXMAX": 9.1, "MAX_BBXMAX": 9.1, "MIN_BBYMIN": 52.966667, "MAX_BBYMIN": 52.966667, "MIN_BBYMAX": 53.25, "MAX_BBYMAX": 53.25, "MEAN_BBXC": 8.777165, "MEAN_BBYC": 53.091527, "TIMEZONE": "Europe/Berlin", "UN_FID": 0, "POP1950": 0, "POP1955": 0, "POP1960": 0, "POP1965": 0, "POP1970": 0, "POP1975": 0, "POP1980": 0, "POP1985": 0, "POP1990": 0, "POP1995": 0, "POP2000": 0, "POP2005": 0, "POP2010": 0, "POP2015": 0, "POP2020": 0, "POP2025": 0, "POP2050": 0, "MIN_ZOOM": 6, "WIKIDATAID": "Q24879", "WOF_ID": 101913887, "CAPALT": 0, "NAME_EN": "Bremen", "NAME_DE": "Bremen", "NAME_ES": "Bremen", "NAME_FR": "Brême", "NAME_PT": "Bremen", "NAME_RU": "Бремен", "NAME_ZH": "不来梅", "LABEL": null, "NAME_AR": "بريمن", "NAME_BN": "ব্রেমেন", "NAME_EL": "Βρέμη", "NAME_HI": "ब्रेमेन", "NAME_HU": "Bréma", "NAME_ID": "Bremen", "NAME_IT": "Brema", "NAME_JA": "ブレーメン", "NAME_KO": "브레멘", "NAME_NL": "Bremen", "NAME_PL": "Brema", "NAME_SV": "Bremen", "NAME_TR": "Bremen", "NAME_VI": "Bremen", "NE_ID": 1159146951, "NAME_FA": "برمن", "NAME_HE": "ברמן", "NAME_UK": "Бремен", "NAME_UR": "بریمین", "NAME_ZHT": "布萊梅", "GEONAMESID": 2944388, "FCLASS_ISO": null, "FCLASS_US": null, "FCLASS_FR": null, "FCLASS_RU": null, "FCLASS_ES": null, "FCLASS_CN": null, "FCLASS_TW": null, "FCLASS_IN": null, "FCLASS_NP": null, "FCLASS_PK": null, "FCLASS_DE": null, "FCLASS_GB": null, "FCLASS_BR": null, "FCLASS_IL": null, "FCLASS_PS": null, "FCLASS_SA": null, "FCLASS_EG": null, "FCLASS_MA": null, "FCLASS_PT": null, "FCLASS_AR": null, "FCLASS_JP": null, "FCLASS_KO": null, "FCLASS_VN": null, "FCLASS_TR": null, "FCLASS_ID": null, "FCLASS_PL": null, "FCLASS_GR": null, "FCLASS_IT": null, "FCLASS_NL": null, "FCLASS_SE": null, "FCLASS_BD": null, "FCLASS_UA": null, "FCLASS_TLC": null}, "bbox": [8.800021, 53.080002, 8.800021, 53.080002], "geometry": {"type": "Point", "coordinates": [8.800021, 53.080002]}}, {"type": "Feature", "properties": {"SCALERANK": 6, "NATSCALE": 30, "LABELRANK": 3, "FEATURECLA": "Populated place", "NAME": "Nürnberg", "NAMEPAR": null, "NAMEALT": "Nuremberg", "NAMEASCII": "Nurnberg", "ADM0CAP": 0, "CAPIN": null, "WORLDCITY": 0, "MEGACITY": 0, "SOV0NAME": "Germany", "SOV_A3": "DEU", "ADM0NAME": "Germany", "ADM0_A3": "DEU", "ADM1NAME": "Bayern", "ISO_A2": "DE", "NOTE": null, "LATITUDE": 49.449991, "LONGITUDE": 11.079985, "POP_MAX": 737304, "POP_MIN": 499237, "POP_OTHER": 498328, "RANK_MAX": 11, "RANK_MIN": 10, "MEGANAME": null, "LS_NAME": "Nurnberg", "MAX_POP10": 529119, "MAX_POP20": 737304, "MAX_POP50": 0, "MAX_POP300": 0, "MAX_POP310": 0, "MAX_NATSCA": 20, "MIN_AREAKM": 184, "MAX_AREAKM": 293, "MIN_AREAMI": 71, "MAX_AREAMI": 113, "MIN_PERKM": 205, "MAX_PERKM": 295, "MIN_PERMI": 127, "MAX_PERMI": 183, "MIN_BBXMIN": 10.908333, "MAX_BBXMIN": 11.004092, "MIN_BBXMAX": 11.35, "MAX_BBXMAX": 11.35, "MIN_BBYMIN": 49.291667, "MAX_BBYMIN": 49.291667, "MIN_BBYMAX": 49.533333, "MAX_BBYMAX": 49.558333, "MEAN_BBXC": 11.099087, "MEAN_BBYC": 49.437202, "TIMEZONE": "Europe/Berlin", "UN_FID": 0, "POP1950": 0, "POP1955": 0, "POP1960": 0, "POP1965": 0, "POP1970": 0, "POP1975": 0, "POP1980": 0, "POP1985": 0, "POP1990": 0, "POP1995": 0, "POP2000": 0, "POP2005": 0, "POP2010": 0, "POP2015": 0, "POP2020": 0, "POP2025": 0, "POP2050": 0, "MIN_ZOOM": 6, "WIKIDATAID": "Q2090", "WOF_ID": 101748543, "CAPALT": 0, "NAME_EN": "Nuremberg", "NAME_DE": "Nürnberg", "NAME_ES": "Núremberg", "NAME_FR": "Nuremberg", "NAME_PT": "Nuremberga", "NAME_RU": "Нюрнберг", "NAME_ZH": "纽伦堡", "LABEL": null, "NAME_AR": "نورنبرغ", "NAME_BN": "নুরেমবার্গ", "NAME_EL": "Νυρεμβέργη", "NAME_HI": "नूर्नबर्ग", "NAME_HU": "Nürnberg", "NAME_ID": "Nürnberg", "NAME_IT": "Norimberga", "NAME_JA": "ニュルンベルク", "NAME_KO": "뉘른베르크", "NAME_NL": "Neurenberg", "NAME_PL": "Norymberga", "NAME_SV": "Nürnberg", "NAME_TR": "Nürnberg", "NAME_VI": "Nürnberg", "NE_ID": 1159146953, "NAME_FA": "نورنبرگ", "NAME_HE": "נירנברג", "NAME_UK": "Нюрнберг", "NAME_UR": "نورنبرگ", "NAME_ZHT": "紐倫堡", "GEONAMESID": 2861650, "FCLASS_ISO": null, "FCLASS_US": null, "FCLASS_FR": null, "FCLASS_RU": null, "FCLASS_ES": null, "FCLASS_CN": null, "FCLASS_TW": null, "FCLASS_IN": null, "FCLASS_NP": null, "FCLASS_PK": null, "FCLASS_DE": null, "FCLASS_GB": null, "FCLASS_BR": null, "FCLASS_IL": null, "FCLASS_PS": null, "FCLASS_SA": null, "FCLASS_EG": null, "FCLASS_MA": null, "FCLASS_PT": null, "FCLASS_AR": null, "FCLASS_JP": null, "FCLASS_KO": null, "FCLASS_VN": null, "FCLASS_TR": null, "FCLASS_ID": null, "FCLASS_PL": null, "FCLASS_GR": null, "FCLASS_IT": null, "FCLASS_NL": null, "FCLASS_SE": null, "FCLASS_BD": null, "FCLASS_UA": null, "FCLASS_TLC": null}, "bbox": [11.079985, 49.449991, 11.079985, 49.449991], "geometry": {"type": "Point", "coordinates": [11.079985, 49.449991]}}, {"type": "Feature", "properties": {"SCALERANK": 6, "NATSCALE": 30, "LABELRANK": 3, "FEATURECLA": "Admin-1 region capital", "NAME": "Rennes", "NAMEPAR": null, "NAMEALT": null, "NAMEASCII": "Rennes", "ADM0CAP": 0, "CAPIN": null, "WORLDCITY": 0, "MEGACITY": 0, "SOV0NAME": "French Republic", "SOV_A3": "FRA", "ADM0NAME": "France", "ADM0_A3": "FRA", "ADM1NAME": "Bretagne", "ISO_A2": "FR", "NOTE": null, "LATITUDE": 48.100021, "LONGITUDE": -1.670012, "POP_MAX": 209375, "POP_MIN": 199284, "POP_OTHER": 194723, "RANK_MAX": 10, "RANK_MIN": 9, "MEGANAME": null, "LS_NAME": "Rennes", "MAX_POP10": 199284, "MAX_POP20": 199284, "MAX_POP50": 0, "MAX_POP300": 0, "MAX_POP310": 0, "MAX_NATSCA": 20, "MIN_AREAKM": 93, "MAX_AREAKM": 93, "MIN_AREAMI": 36, "MAX_AREAMI": 36, "MIN_PERKM": 100, "MAX_PERKM": 100, "MIN_PERMI": 62, "MAX_PERMI": 62, "MIN_BBXMIN": -1.775, "MAX_BBXMIN": -1.775, "MIN_BBXMAX": -1.575, "MAX_BBXMAX": -1.575, "MIN_BBYMIN": 48.066667, "MAX_BBYMIN": 48.066667, "MIN_BBYMAX": 48.208333, "MAX_BBYMAX": 48.208333, "MEAN_BBXC": -1.673097, "MEAN_BBYC": 48.117747, "TIMEZONE": "Europe/Paris", "UN_FID": 0, "POP1950": 0, "POP1955": 0, "POP1960": 0, "POP1965": 0, "POP1970": 0, "POP1975": 0, "POP1980": 0, "POP1985": 0, "POP1990": 0, "POP1995": 0, "POP2000": 0, "POP2005": 0, "POP2010": 0, "POP2015": 0, "POP2020": 0, "POP2025": 0, "POP2050": 0, "MIN_ZOOM": 6, "WIKIDATAID": "Q647", "WOF_ID": 101751181, "CAPALT": 0, "NAME_EN": "Rennes", "NAME_DE": "Rennes", "NAME_ES": "Rennes", "NAME_FR": "Rennes", "NAME_PT": "Rennes", "NAME_RU": "Ренн", "NAME_ZH": "雷恩", "LABEL": null, "NAME_AR": "رين", "NAME_BN": "রেন", "NAME_EL": "Ρεν", "NAME_HI": "रेन्नेस", "NAME_HU": "Rennes", "NAME_ID": "Rennes", "NAME_IT": "Rennes", "NAME_JA": "レンヌ", "NAME_KO": "렌", "NAME_NL": "Rennes", "NAME_PL": "Rennes", "NAME_SV": "Rennes", "NAME_TR": "Rennes", "NAME_VI": "Rennes", "NE_ID": 1159147219, "NAME_FA": "رن", "NAME_HE": "רן", "NAME_UK": "Ренн", "NAME_UR": "رین", "NAME_ZHT": "雷恩", "GEONAMESID": 2983990, "FCLASS_ISO": null, "FCLASS_US": null, "FCLASS_FR": null, "FCLASS_RU": null, "FCLASS_ES": null, "FCLASS_CN": null, "FCLASS_TW": null, "FCLASS_IN": null, "FCLASS_NP": null, "FCLASS_PK": null, "FCLASS_DE": null, "FCLASS_GB": null, "FCLASS_BR": null, "FCLASS_IL": null, "FCLASS_PS": null, "FCLASS_SA": null, "FCLASS_EG": null, "FCLASS_MA": null, "FCLASS_PT": null, "FCLASS_AR": null, "FCLASS_JP": null, "FCLASS_KO": null, "FCLASS_VN": null, "FCLASS_TR": null, "FCLASS_ID": null, "FCLASS_PL": null, "FCLASS_GR": null, "FCLASS_IT": null, "FCLASS_NL": null, "FCLASS_SE": null, "FCLASS_BD": null, "FCLASS_UA": null, "FCLASS_TLC": null}, "bbox": [-1.670012, 48.100021, -1.670012, 48.100021], "geometry": {"type": "Point", "coordinates": [-1.670012, 48.100021]}}, {"type": "Feature", "properties": {"SCALERANK": 6, "NATSCALE": 30, "LABELRANK": 3, "FEATURECLA": "Populated place", "NAME": "Nice", "NAMEPAR": null, "NAMEALT": "Nice-Cannes", "NAMEASCII": "Nice", "ADM0CAP": 0, "CAPIN": null, "WORLDCITY": 0, "MEGACITY": 1, "SOV0NAME": "French Republic", "SOV_A3": "FRA", "ADM0NAME": "France", "ADM0_A3": "FRA", "ADM1NAME": "Provence-Alpes-Côte-d'Azur", "ISO_A2": "FR", "NOTE": null, "LATITUDE": 43.716964, "LONGITUDE": 7.263078, "POP_MAX": 927000, "POP_MIN": 338620, "POP_OTHER": 919735, "RANK_MAX": 11, "RANK_MIN": 10, "MEGANAME": "Nice-Cannes", "LS_NAME": "Nice", "MAX_POP10": 931310, "MAX_POP20": 931310, "MAX_POP50": 0, "MAX_POP300": 0, "MAX_POP310": 0, "MAX_NATSCA": 20, "MIN_AREAKM": 434, "MAX_AREAKM": 434, "MIN_AREAMI": 168, "MAX_AREAMI": 168, "MIN_PERKM": 426, "MAX_PERKM": 426, "MIN_PERMI": 265, "MAX_PERMI": 265, "MIN_BBXMIN": 6.825, "MAX_BBXMIN": 6.825, "MIN_BBXMAX": 7.344227, "MAX_BBXMAX": 7.344227, "MIN_BBYMIN": 43.483333, "MAX_BBYMIN": 43.483333, "MIN_BBYMAX": 43.825, "MAX_BBYMAX": 43.825, "MEAN_BBXC": 7.086276, "MEAN_BBYC": 43.651301, "TIMEZONE": "Europe/Paris", "UN_FID": 188, "POP1950": 400, "POP1955": 426, "POP1960": 495, "POP1965": 568, "POP1970": 637, "POP1975": 698, "POP1980": 733, "POP1985": 788, "POP1990": 854, "POP1995": 874, "POP2000": 894, "POP2005": 917, "POP2010": 927, "POP2015": 941, "POP2020": 962, "POP2025": 980, "POP2050": 997, "MIN_ZOOM": 5.1, "WIKIDATAID": "Q33959", "WOF_ID": 101749273, "CAPALT": 0, "NAME_EN": "Nice", "NAME_DE": "Nizza", "NAME_ES": "Niza", "NAME_FR": "Nice", "NAME_PT": "Nice", "NAME_RU": "Ницца", "NAME_ZH": "尼斯", "LABEL": null, "NAME_AR": "نيس", "NAME_BN": "নিস", "NAME_EL": "Νίκαια", "NAME_HI": "नीस", "NAME_HU": "Nizza", "NAME_ID": "Nice", "NAME_IT": "Nizza", "NAME_JA": "ニース", "NAME_KO": "니스", "NAME_NL": "Nice", "NAME_PL": "Nicea", "NAME_SV": "Nice", "NAME_TR": "Nice", "NAME_VI": "Nice", "NE_ID": 1159147221, "NAME_FA": "نیس", "NAME_HE": "ניס", "NAME_UK": "Ніцца", "NAME_UR": "نیس", "NAME_ZHT": "尼斯", "GEONAMESID": 2990440, "FCLASS_ISO": null, "FCLASS_US": null, "FCLASS_FR": null, "FCLASS_RU": null, "FCLASS_ES": null, "FCLASS_CN": null, "FCLASS_TW": null, "FCLASS_IN": null, "FCLASS_NP": null, "FCLASS_PK": null, "FCLASS_DE": null, "FCLASS_GB": null, "FCLASS_BR": null, "FCLASS_IL": null, "FCLASS_PS": null, "FCLASS_SA": null, "FCLASS_EG": null, "FCLASS_MA": null, "FCLASS_PT": null, "FCLASS_AR": null, "FCLASS_JP": null, "FCLASS_KO": null, "FCLASS_VN": null, "FCLASS_TR": null, "FCLASS_ID": null, "FCLASS_PL": null, "FCLASS_GR": null, "FCLASS_IT": null, "FCLASS_NL": null, "FCLASS_SE": null, "FCLASS_BD": null, "FCLASS_UA": null, "FCLASS_TLC": null}, "bbox": [7.263078, 43.716964, 7.263078, 43.716964], "geometry": {"type": "Point", "coordinates": [7.263078, 43.716964]}}, {"type": "Feature", "properties": {"SCALERANK": 6, "NATSCALE": 30, "LABELRANK": 3, "FEATURECLA": "Admin-1 region capital", "NAME": "Toulouse", "NAMEPAR": null, "NAMEALT": null, "NAMEASCII": "Toulouse", "ADM0CAP": 0, "CAPIN": null, "WORLDCITY": 0, "MEGACITY": 1, "SOV0NAME": "French Republic", "SOV_A3": "FRA", "ADM0NAME": "France", "ADM0_A3": "FRA", "ADM1NAME": "Midi-Pyrénées", "ISO_A2": "FR", "NOTE": null, "LATITUDE": 43.621905, "LONGITUDE": 1.447981, "POP_MAX": 847000, "POP_MIN": 433055, "POP_OTHER": 686333, "RANK_MAX": 11, "RANK_MIN": 10, "MEGANAME": "Toulouse", "LS_NAME": "Toulouse", "MAX_POP10": 697533, "MAX_POP20": 697533, "MAX_POP50": 0, "MAX_POP300": 0, "MAX_POP310": 0, "MAX_NATSCA": 20, "MIN_AREAKM": 405, "MAX_AREAKM": 405, "MIN_AREAMI": 156, "MAX_AREAMI": 156, "MIN_PERKM": 350, "MAX_PERKM": 350, "MIN_PERMI": 218, "MAX_PERMI": 218, "MIN_BBXMIN": 1.241667, "MAX_BBXMIN": 1.241667, "MIN_BBXMAX": 1.575, "MAX_BBXMAX": 1.575, "MIN_BBYMIN": 43.441667, "MAX_BBYMIN": 43.441667, "MIN_BBYMAX": 43.75, "MAX_BBYMAX": 43.75, "MEAN_BBXC": 1.414949, "MEAN_BBYC": 43.5975, "TIMEZONE": "Europe/Paris", "UN_FID": 190, "POP1950": 269, "POP1955": 285, "POP1960": 347, "POP1965": 411, "POP1970": 467, "POP1975": 511, "POP1980": 534, "POP1985": 584, "POP1990": 654, "POP1995": 714, "POP2000": 778, "POP2005": 832, "POP2010": 847, "POP2015": 863, "POP2020": 883, "POP2025": 900, "POP2050": 916, "MIN_ZOOM": 6, "WIKIDATAID": "Q7880", "WOF_ID": 101750691, "CAPALT": 0, "NAME_EN": "Toulouse", "NAME_DE": "Toulouse", "NAME_ES": "Toulouse", "NAME_FR": "Toulouse", "NAME_PT": "Toulouse", "NAME_RU": "Тулуза", "NAME_ZH": "图卢兹", "LABEL": null, "NAME_AR": "تولوز", "NAME_BN": "তুলুজ", "NAME_EL": "Τουλούζη", "NAME_HI": "तुलूज़", "NAME_HU": "Toulouse", "NAME_ID": "Toulouse", "NAME_IT": "Tolosa", "NAME_JA": "トゥールーズ", "NAME_KO": "툴루즈", "NAME_NL": "Toulouse", "NAME_PL": "Tuluza", "NAME_SV": "Toulouse", "NAME_TR": "Toulouse", "NAME_VI": "Toulouse", "NE_ID": 1159147223, "NAME_FA": "تولوز", "NAME_HE": "טולוז", "NAME_UK": "Тулуза", "NAME_UR": "تولوز", "NAME_ZHT": "土魯斯", "GEONAMESID": 2972315, "FCLASS_ISO": null, "FCLASS_US": null, "FCLASS_FR": null, "FCLASS_RU": null, "FCLASS_ES": null, "FCLASS_CN": null, "FCLASS_TW": null, "FCLASS_IN": null, "FCLASS_NP": null, "FCLASS_PK": null, "FCLASS_DE": null, "FCLASS_GB": null, "FCLASS_BR": null, "FCLASS_IL": null, "FCLASS_PS": null, "FCLASS_SA": null, "FCLASS_EG": null, "FCLASS_MA": null, "FCLASS_PT": null, "FCLASS_AR": null, "FCLASS_JP": null, "FCLASS_KO": null, "FCLASS_VN": null, "FCLASS_TR": null, "FCLASS_ID": null, "FCLASS_PL": null, "FCLASS_GR": null, "FCLASS_IT": null, "FCLASS_NL": null, "FCLASS_SE": null, "FCLASS_BD": null, "FCLASS_UA": null, "FCLASS_TLC": null}, "bbox": [1.447981, 43.621905, 1.447981, 43.621905], "geometry": {"type": "Point", "coordinates": [1.447981, 43.621905]}}, {"type": "Feature", "properties": {"SCALERANK": 6, "NATSCALE": 30, "LABELRANK": 3, "FEATURECLA": "Admin-1 region capital", "NAME": "Limoges", "NAMEPAR": null, "NAMEALT": null, "NAMEASCII": "Limoges", "ADM0CAP": 0, "CAPIN": null, "WORLDCITY": 0, "MEGACITY": 0, "SOV0NAME": "French Republic", "SOV_A3": "FRA", "ADM0NAME": "France", "ADM0_A3": "FRA", "ADM1NAME": "Limousin", "ISO_A2": "FR", "NOTE": null, "LATITUDE": 45.829979, "LONGITUDE": 1.249991, "POP_MAX": 152199, "POP_MIN": 141176, "POP_OTHER": 149515, "RANK_MAX": 9, "RANK_MIN": 9, "MEGANAME": null, "LS_NAME": "Limoges", "MAX_POP10": 152199, "MAX_POP20": 152199, "MAX_POP50": 0, "MAX_POP300": 0, "MAX_POP310": 0, "MAX_NATSCA": 20, "MIN_AREAKM": 111, "MAX_AREAKM": 111, "MIN_AREAMI": 43, "MAX_AREAMI": 43, "MIN_PERKM": 120, "MAX_PERKM": 120, "MIN_PERMI": 75, "MAX_PERMI": 75, "MIN_BBXMIN": 1.183333, "MAX_BBXMIN": 1.183333, "MIN_BBXMAX": 1.35, "MAX_BBXMAX": 1.35, "MIN_BBYMIN": 45.766667, "MAX_BBYMIN": 45.766667, "MIN_BBYMAX": 45.925, "MAX_BBYMAX": 45.925, "MEAN_BBXC": 1.269167, "MEAN_BBYC": 45.838851, "TIMEZONE": "Europe/Paris", "UN_FID": 0, "POP1950": 0, "POP1955": 0, "POP1960": 0, "POP1965": 0, "POP1970": 0, "POP1975": 0, "POP1980": 0, "POP1985": 0, "POP1990": 0, "POP1995": 0, "POP2000": 0, "POP2005": 0, "POP2010": 0, "POP2015": 0, "POP2020": 0, "POP2025": 0, "POP2050": 0, "MIN_ZOOM": 6.7, "WIKIDATAID": "Q45656", "WOF_ID": 101749501, "CAPALT": 0, "NAME_EN": "Limoges", "NAME_DE": "Limoges", "NAME_ES": "Limoges", "NAME_FR": "Limoges", "NAME_PT": "Limoges", "NAME_RU": "Лимож", "NAME_ZH": "利摩日", "LABEL": null, "NAME_AR": "ليموج", "NAME_BN": "লিমোজ", "NAME_EL": "Λιμόζ", "NAME_HI": "लिमोज", "NAME_HU": "Limoges", "NAME_ID": "Limoges", "NAME_IT": "Limoges", "NAME_JA": "リモージュ", "NAME_KO": "리모주", "NAME_NL": "Limoges", "NAME_PL": "Limoges", "NAME_SV": "Limoges", "NAME_TR": "Limoges", "NAME_VI": "Limoges", "NE_ID": 1159147225, "NAME_FA": "لیموژ", "NAME_HE": "לימוז'", "NAME_UK": "Лімож", "NAME_UR": "لیموژ", "NAME_ZHT": "利摩日", "GEONAMESID": 2998286, "FCLASS_ISO": null, "FCLASS_US": null, "FCLASS_FR": null, "FCLASS_RU": null, "FCLASS_ES": null, "FCLASS_CN": null, "FCLASS_TW": null, "FCLASS_IN": null, "FCLASS_NP": null, "FCLASS_PK": null, "FCLASS_DE": null, "FCLASS_GB": null, "FCLASS_BR": null, "FCLASS_IL": null, "FCLASS_PS": null, "FCLASS_SA": null, "FCLASS_EG": null, "FCLASS_MA": null, "FCLASS_PT": null, "FCLASS_AR": null, "FCLASS_JP": null, "FCLASS_KO": null, "FCLASS_VN": null, "FCLASS_TR": null, "FCLASS_ID": null, "FCLASS_PL": null, "FCLASS_GR": null, "FCLASS_IT": null, "FCLASS_NL": null, "FCLASS_SE": null, "FCLASS_BD": null, "FCLASS_UA": null, "FCLASS_TLC": null}, "bbox": [1.249991, 45.829979, 1.249991, 45.829979], "geometry": {"type": "Point", "coordinates": [1.249991, 45.829979]}}, {"type": "Feature", "properties": {"SCALERANK": 6, "NATSCALE": 30, "LABELRANK": 3, "FEATURECLA": "Admin-1 region capital", "NAME": "Lille", "NAMEPAR": null, "NAMEALT": null, "NAMEASCII": "Lille", "ADM0CAP": 0, "CAPIN": null, "WORLDCITY": 0, "MEGACITY": 1, "SOV0NAME": "French Republic", "SOV_A3": "FRA", "ADM0NAME": "France", "ADM0_A3": "FRA", "ADM1NAME": "Nord-Pas-de-Calais", "ISO_A2": "FR", "NOTE": null, "LATITUDE": 50.651915, "LONGITUDE": 3.078062, "POP_MAX": 1044000, "POP_MIN": 228328, "POP_OTHER": 1034061, "RANK_MAX": 12, "RANK_MIN": 10, "MEGANAME": "Lille", "LS_NAME": "Lille", "MAX_POP10": 1180306, "MAX_POP20": 0, "MAX_POP50": 0, "MAX_POP300": 0, "MAX_POP310": 0, "MAX_NATSCA": 10, "MIN_AREAKM": 542, "MAX_AREAKM": 542, "MIN_AREAMI": 209, "MAX_AREAMI": 209, "MIN_PERKM": 511, "MAX_PERKM": 511, "MIN_PERMI": 317, "MAX_PERMI": 317, "MIN_BBXMIN": 2.941667, "MAX_BBXMIN": 2.941667, "MIN_BBXMAX": 3.39409, "MAX_BBXMAX": 3.39409, "MIN_BBYMIN": 50.508333, "MAX_BBYMIN": 50.508333, "MIN_BBYMAX": 50.951652, "MAX_BBYMAX": 50.951652, "MEAN_BBXC": 3.153224, "MEAN_BBYC": 50.726291, "TIMEZONE": "Europe/Paris", "UN_FID": 185, "POP1950": 751, "POP1955": 767, "POP1960": 814, "POP1965": 863, "POP1970": 906, "POP1975": 936, "POP1980": 936, "POP1985": 946, "POP1990": 961, "POP1995": 984, "POP2000": 1007, "POP2005": 1033, "POP2010": 1044, "POP2015": 1059, "POP2020": 1081, "POP2025": 1102, "POP2050": 1120, "MIN_ZOOM": 6, "WIKIDATAID": "Q648", "WOF_ID": 101750277, "CAPALT": 0, "NAME_EN": "Lille", "NAME_DE": "Lille", "NAME_ES": "Lille", "NAME_FR": "Lille", "NAME_PT": "Lille", "NAME_RU": "Лилль", "NAME_ZH": "里尔", "LABEL": null, "NAME_AR": "ليل", "NAME_BN": "লিল", "NAME_EL": "Λιλ", "NAME_HI": "लील", "NAME_HU": "Lille", "NAME_ID": "Lille", "NAME_IT": "Lilla", "NAME_JA": "リール", "NAME_KO": "릴", "NAME_NL": "Rijsel", "NAME_PL": "Lille", "NAME_SV": "Lille", "NAME_TR": "Lille", "NAME_VI": "Lille", "NE_ID": 1159147227, "NAME_FA": "لیل", "NAME_HE": "ליל", "NAME_UK": "Лілль", "NAME_UR": "لیل", "NAME_ZHT": "里耳", "GEONAMESID": 2998324, "FCLASS_ISO": null, "FCLASS_US": null, "FCLASS_FR": null, "FCLASS_RU": null, "FCLASS_ES": null, "FCLASS_CN": null, "FCLASS_TW": null, "FCLASS_IN": null, "FCLASS_NP": null, "FCLASS_PK": null, "FCLASS_DE": null, "FCLASS_GB": null, "FCLASS_BR": null, "FCLASS_IL": null, "FCLASS_PS": null, "FCLASS_SA": null, "FCLASS_EG": null, "FCLASS_MA": null, "FCLASS_PT": null, "FCLASS_AR": null, "FCLASS_JP": null, "FCLASS_KO": null, "FCLASS_VN": null, "FCLASS_TR": null, "FCLASS_ID": null, "FCLASS_PL": null, "FCLASS_GR": null, "FCLASS_IT": null, "FCLASS_NL": null, "FCLASS_SE": null, "FCLASS_BD": null, "FCLASS_UA": null, "FCLASS_TLC": null}, "bbox": [3.078062, 50.651915, 3.078062, 50.651915], "geometry": {"type": "Point", "coordinates": [3.078062, 50.651915]}}, {"type": "Feature", "properties": {"SCALERANK": 6, "NATSCALE": 30, "LABELRANK": 3, "FEATURECLA": "Admin-1 region capital", "NAME": "Strasbourg", "NAMEPAR": null, "NAMEALT": null, "NAMEASCII": "Strasbourg", "ADM0CAP": 0, "CAPIN": "EU Parliment", "WORLDCITY": 0, "MEGACITY": 0, "SOV0NAME": "French Republic", "SOV_A3": "FRA", "ADM0NAME": "France", "ADM0_A3": "FRA", "ADM1NAME": "Alsace", "ISO_A2": "FR", "NOTE": null, "LATITUDE": 48.579966, "LONGITUDE": 7.750007, "POP_MAX": 439972, "POP_MIN": 274845, "POP_OTHER": 418739, "RANK_MAX": 10, "RANK_MIN": 10, "MEGANAME": null, "LS_NAME": "Strasbourg", "MAX_POP10": 439972, "MAX_POP20": 0, "MAX_POP50": 0, "MAX_POP300": 0, "MAX_POP310": 0, "MAX_NATSCA": 10, "MIN_AREAKM": 201, "MAX_AREAKM": 201, "MIN_AREAMI": 77, "MAX_AREAMI": 77, "MIN_PERKM": 231, "MAX_PERKM": 231, "MIN_PERMI": 143, "MAX_PERMI": 143, "MIN_BBXMIN": 7.641667, "MAX_BBXMIN": 7.641667, "MIN_BBXMAX": 7.925, "MAX_BBXMAX": 7.925, "MIN_BBYMIN": 48.458333, "MAX_BBYMIN": 48.458333, "MIN_BBYMAX": 48.725, "MAX_BBYMAX": 48.725, "MEAN_BBXC": 7.753812, "MEAN_BBYC": 48.57616, "TIMEZONE": "Europe/Paris", "UN_FID": 0, "POP1950": 0, "POP1955": 0, "POP1960": 0, "POP1965": 0, "POP1970": 0, "POP1975": 0, "POP1980": 0, "POP1985": 0, "POP1990": 0, "POP1995": 0, "POP2000": 0, "POP2005": 0, "POP2010": 0, "POP2015": 0, "POP2020": 0, "POP2025": 0, "POP2050": 0, "MIN_ZOOM": 6, "WIKIDATAID": "Q6602", "WOF_ID": 101751113, "CAPALT": 0, "NAME_EN": "Strasbourg", "NAME_DE": "Straßburg", "NAME_ES": "Estrasburgo", "NAME_FR": "Strasbourg", "NAME_PT": "Estrasburgo", "NAME_RU": "Страсбург", "NAME_ZH": "斯特拉斯堡", "LABEL": null, "NAME_AR": "ستراسبورغ", "NAME_BN": "স্ত্রাসবুর", "NAME_EL": "Στρασβούργο", "NAME_HI": "स्ट्रासबर्ग", "NAME_HU": "Strasbourg", "NAME_ID": "Strasbourg", "NAME_IT": "Strasburgo", "NAME_JA": "ストラスブール", "NAME_KO": "스트라스부르", "NAME_NL": "Straatsburg", "NAME_PL": "Strasburg", "NAME_SV": "Strasbourg", "NAME_TR": "Strazburg", "NAME_VI": "Strasbourg", "NE_ID": 1159147229, "NAME_FA": "استراسبورگ", "NAME_HE": "שטרסבורג", "NAME_UK": "Страсбург", "NAME_UR": "ستراسبورگ", "NAME_ZHT": "史特拉斯堡", "GEONAMESID": 2973783, "FCLASS_ISO": null, "FCLASS_US": null, "FCLASS_FR": null, "FCLASS_RU": null, "FCLASS_ES": null, "FCLASS_CN": null, "FCLASS_TW": null, "FCLASS_IN": null, "FCLASS_NP": null, "FCLASS_PK": null, "FCLASS_DE": null, "FCLASS_GB": null, "FCLASS_BR": null, "FCLASS_IL": null, "FCLASS_PS": null, "FCLASS_SA": null, "FCLASS_EG": null, "FCLASS_MA": null, "FCLASS_PT": null, "FCLASS_AR": null, "FCLASS_JP": null, "FCLASS_KO": null, "FCLASS_VN": null, "FCLASS_TR": null, "FCLASS_ID": null, "FCLASS_PL": null, "FCLASS_GR": null, "FCLASS_IT": null, "FCLASS_NL": null, "FCLASS_SE": null, "FCLASS_BD": null, "FCLASS_UA": null, "FCLASS_TLC": null}, "bbox": [7.750007, 48.579966, 7.750007, 48.579966], "geometry": {"type": "Point", "coordinates": [7.750007, 48.579966]}}, {"type": "Feature", "properties": {"SCALERANK": 6, "NATSCALE": 30, "LABELRANK": 8, "FEATURECLA": "Admin-1 capital", "NAME": "Antwerpen", "NAMEPAR": "Anvers", "NAMEALT": "Antwerp", "NAMEASCII": "Antwerpen", "ADM0CAP": 0, "CAPIN": null, "WORLDCITY": 0, "MEGACITY": 1, "SOV0NAME": "Belgium", "SOV_A3": "BEL", "ADM0NAME": "Belgium", "ADM0_A3": "BEL", "ADM1NAME": "Antwerp", "ISO_A2": "BE", "NOTE": null, "LATITUDE": 51.222319, "LONGITUDE": 4.413071, "POP_MAX": 920000, "POP_MIN": 459805, "POP_OTHER": 928302, "RANK_MAX": 11, "RANK_MIN": 10, "MEGANAME": "Antwerpen", "LS_NAME": "Antwerpen", "MAX_POP10": 1121505, "MAX_POP20": 1121172, "MAX_POP50": 0, "MAX_POP300": 0, "MAX_POP310": 0, "MAX_NATSCA": 20, "MIN_AREAKM": 737, "MAX_AREAKM": 738, "MIN_AREAMI": 285, "MAX_AREAMI": 285, "MIN_PERKM": 0, "MAX_PERKM": 940, "MIN_PERMI": 0, "MAX_PERMI": 584, "MIN_BBXMIN": 4.184805, "MAX_BBXMIN": 4.184805, "MIN_BBXMAX": 4.883333, "MAX_BBXMAX": 4.883333, "MIN_BBYMIN": 50.941667, "MAX_BBYMIN": 50.941667, "MIN_BBYMAX": 51.408333, "MAX_BBYMAX": 51.408333, "MEAN_BBXC": 4.534281, "MEAN_BBYC": 51.142275, "TIMEZONE": "Europe/Brussels", "UN_FID": 383, "POP1950": 759, "POP1955": 786, "POP1960": 813, "POP1965": 835, "POP1970": 855, "POP1975": 868, "POP1980": 880, "POP1985": 881, "POP1990": 893, "POP1995": 906, "POP2000": 912, "POP2005": 918, "POP2010": 920, "POP2015": 920, "POP2020": 920, "POP2025": 920, "POP2050": 920, "MIN_ZOOM": 6, "WIKIDATAID": "Q12892", "WOF_ID": 101748099, "CAPALT": 0, "NAME_EN": "Antwerp", "NAME_DE": "Antwerpen", "NAME_ES": "Amberes", "NAME_FR": "Anvers", "NAME_PT": "Antuérpia", "NAME_RU": "Антверпен", "NAME_ZH": "安特卫普", "LABEL": null, "NAME_AR": "أنتويرب", "NAME_BN": "আন্টভের্প", "NAME_EL": "Αμβέρσα", "NAME_HI": "एंटवर्प", "NAME_HU": "Antwerpen", "NAME_ID": "Antwerpen", "NAME_IT": "Anversa", "NAME_JA": "アントウェルペン", "NAME_KO": "안트베르펜", "NAME_NL": "Antwerpen", "NAME_PL": "Antwerpia", "NAME_SV": "Antwerpen", "NAME_TR": "Anvers", "NAME_VI": "Antwerpen", "NE_ID": 1159147705, "NAME_FA": "آنتورپ", "NAME_HE": "אנטוורפן", "NAME_UK": "Антверпен", "NAME_UR": "انتورب", "NAME_ZHT": "安特衛普", "GEONAMESID": 2803138, "FCLASS_ISO": null, "FCLASS_US": null, "FCLASS_FR": null, "FCLASS_RU": null, "FCLASS_ES": null, "FCLASS_CN": null, "FCLASS_TW": null, "FCLASS_IN": null, "FCLASS_NP": null, "FCLASS_PK": null, "FCLASS_DE": null, "FCLASS_GB": null, "FCLASS_BR": null, "FCLASS_IL": null, "FCLASS_PS": null, "FCLASS_SA": null, "FCLASS_EG": null, "FCLASS_MA": null, "FCLASS_PT": null, "FCLASS_AR": null, "FCLASS_JP": null, "FCLASS_KO": null, "FCLASS_VN": null, "FCLASS_TR": null, "FCLASS_ID": null, "FCLASS_PL": null, "FCLASS_GR": null, "FCLASS_IT": null, "FCLASS_NL": null, "FCLASS_SE": null, "FCLASS_BD": null, "FCLASS_UA": null, "FCLASS_TLC": null}, "bbox": [4.413071, 51.222319, 4.413071, 51.222319], "geometry": {"type": "Point", "coordinates": [4.413071, 51.222319]}}, {"type": "Feature", "properties": {"SCALERANK": 6, "NATSCALE": 30, "LABELRANK": 3, "FEATURECLA": "Admin-1 region capital", "NAME": "Genoa", "NAMEPAR": null, "NAMEALT": null, "NAMEASCII": "Genoa", "ADM0CAP": 0, "CAPIN": null, "WORLDCITY": 0, "MEGACITY": 0, "SOV0NAME": "Italy", "SOV_A3": "ITA", "ADM0NAME": "Italy", "ADM0_A3": "ITA", "ADM1NAME": "Liguria", "ISO_A2": "IT", "NOTE": null, "LATITUDE": 44.409988, "LONGITUDE": 8.930039, "POP_MAX": 647497, "POP_MIN": 601951, "POP_OTHER": 643470, "RANK_MAX": 11, "RANK_MIN": 11, "MEGANAME": null, "LS_NAME": "Genoa", "MAX_POP10": 647497, "MAX_POP20": 647497, "MAX_POP50": 0, "MAX_POP300": 0, "MAX_POP310": 0, "MAX_NATSCA": 20, "MIN_AREAKM": 143, "MAX_AREAKM": 143, "MIN_AREAMI": 55, "MAX_AREAMI": 55, "MIN_PERKM": 174, "MAX_PERKM": 174, "MIN_PERMI": 108, "MAX_PERMI": 108, "MIN_BBXMIN": 8.733333, "MAX_BBXMIN": 8.733333, "MIN_BBXMAX": 9.091667, "MAX_BBXMAX": 9.091667, "MIN_BBYMIN": 44.366667, "MAX_BBYMIN": 44.366667, "MIN_BBYMAX": 44.525, "MAX_BBYMAX": 44.525, "MEAN_BBXC": 8.923838, "MEAN_BBYC": 44.435604, "TIMEZONE": "Europe/Rome", "UN_FID": 0, "POP1950": 0, "POP1955": 0, "POP1960": 0, "POP1965": 0, "POP1970": 0, "POP1975": 0, "POP1980": 0, "POP1985": 0, "POP1990": 0, "POP1995": 0, "POP2000": 0, "POP2005": 0, "POP2010": 0, "POP2015": 0, "POP2020": 0, "POP2025": 0, "POP2050": 0, "MIN_ZOOM": 5.1, "WIKIDATAID": "Q1449", "WOF_ID": 101752663, "CAPALT": 0, "NAME_EN": "Genoa", "NAME_DE": "Genua", "NAME_ES": "Génova", "NAME_FR": "Gênes", "NAME_PT": "Génova", "NAME_RU": "Генуя", "NAME_ZH": "热那亚", "LABEL": null, "NAME_AR": "جنوة", "NAME_BN": "জেনোভা", "NAME_EL": "Γένοβα", "NAME_HI": "जेनोआ", "NAME_HU": "Genova", "NAME_ID": "Genova", "NAME_IT": "Genova", "NAME_JA": "ジェノヴァ", "NAME_KO": "제노바", "NAME_NL": "Genua", "NAME_PL": "Genua", "NAME_SV": "Genua", "NAME_TR": "Cenova", "NAME_VI": "Genova", "NE_ID": 1159148297, "NAME_FA": "جنوا", "NAME_HE": "ג'נובה", "NAME_UK": "Генуя", "NAME_UR": "جینوا", "NAME_ZHT": "熱那亞", "GEONAMESID": 3176219, "FCLASS_ISO": null, "FCLASS_US": null, "FCLASS_FR": null, "FCLASS_RU": null, "FCLASS_ES": null, "FCLASS_CN": null, "FCLASS_TW": null, "FCLASS_IN": null, "FCLASS_NP": null, "FCLASS_PK": null, "FCLASS_DE": null, "FCLASS_GB": null, "FCLASS_BR": null, "FCLASS_IL": null, "FCLASS_PS": null, "FCLASS_SA": null, "FCLASS_EG": null, "FCLASS_MA": null, "FCLASS_PT": null, "FCLASS_AR": null, "FCLASS_JP": null, "FCLASS_KO": null, "FCLASS_VN": null, "FCLASS_TR": null, "FCLASS_ID": null, "FCLASS_PL": null, "FCLASS_GR": null, "FCLASS_IT": null, "FCLASS_NL": null, "FCLASS_SE": null, "FCLASS_BD": null, "FCLASS_UA": null, "FCLASS_TLC": null}, "bbox": [8.930039, 44.409988, 8.930039, 44.409988], "geometry": {"type": "Point", "coordinates": [8.930039, 44.409988]}}, {"type": "Feature", "properties": {"SCALERANK": 6, "NATSCALE": 30, "LABELRANK": 3, "FEATURECLA": "Populated place", "NAME": "Cologne", "NAMEPAR": "Koln", "NAMEALT": "Koln", "NAMEASCII": "Cologne", "ADM0CAP": 0, "CAPIN": null, "WORLDCITY": 0, "MEGACITY": 1, "SOV0NAME": "Germany", "SOV_A3": "DEU", "ADM0NAME": "Germany", "ADM0_A3": "DEU", "ADM1NAME": "Nordrhein-Westfalen", "ISO_A2": "DE", "NOTE": null, "LATITUDE": 50.93195, "LONGITUDE": 6.948059, "POP_MAX": 1004000, "POP_MIN": 963395, "POP_OTHER": 1448809, "RANK_MAX": 12, "RANK_MIN": 11, "MEGANAME": "Kaln", "LS_NAME": "Koln", "MAX_POP10": 1514439, "MAX_POP20": 2052421, "MAX_POP50": 0, "MAX_POP300": 0, "MAX_POP310": 0, "MAX_NATSCA": 20, "MIN_AREAKM": 581, "MAX_AREAKM": 834, "MIN_AREAMI": 224, "MAX_AREAMI": 322, "MIN_PERKM": 483, "MAX_PERKM": 785, "MIN_PERMI": 300, "MAX_PERMI": 488, "MIN_BBXMIN": 6.741667, "MAX_BBXMIN": 6.741667, "MIN_BBXMAX": 7.208333, "MAX_BBXMAX": 7.453207, "MIN_BBYMIN": 50.758976, "MAX_BBYMIN": 50.758976, "MIN_BBYMAX": 51.141667, "MAX_BBYMAX": 51.382625, "MEAN_BBXC": 7.000312, "MEAN_BBYC": 50.995964, "TIMEZONE": "Europe/Berlin", "UN_FID": 194, "POP1950": 598, "POP1955": 683, "POP1960": 788, "POP1965": 827, "POP1970": 849, "POP1975": 908, "POP1980": 970, "POP1985": 919, "POP1990": 950, "POP1995": 965, "POP2000": 963, "POP2005": 976, "POP2010": 1004, "POP2015": 1037, "POP2020": 1059, "POP2025": 1061, "POP2050": 1061, "MIN_ZOOM": 5, "WIKIDATAID": "Q365", "WOF_ID": 101752771, "CAPALT": 0, "NAME_EN": "Cologne", "NAME_DE": "Köln", "NAME_ES": "Colonia", "NAME_FR": "Cologne", "NAME_PT": "Colónia", "NAME_RU": "Кёльн", "NAME_ZH": "科隆", "LABEL": null, "NAME_AR": "كولونيا", "NAME_BN": "কোলন", "NAME_EL": "Κολωνία", "NAME_HI": "कोलोन", "NAME_HU": "Köln", "NAME_ID": "Köln", "NAME_IT": "Colonia", "NAME_JA": "ケルン", "NAME_KO": "쾰른", "NAME_NL": "Keulen", "NAME_PL": "Kolonia", "NAME_SV": "Köln", "NAME_TR": "Köln", "NAME_VI": "Köln", "NE_ID": 1159148451, "NAME_FA": "کلن", "NAME_HE": "קלן", "NAME_UK": "Кельн", "NAME_UR": "کلن", "NAME_ZHT": "科隆", "GEONAMESID": 2886242, "FCLASS_ISO": null, "FCLASS_US": null, "FCLASS_FR": null, "FCLASS_RU": null, "FCLASS_ES": null, "FCLASS_CN": null, "FCLASS_TW": null, "FCLASS_IN": null, "FCLASS_NP": null, "FCLASS_PK": null, "FCLASS_DE": null, "FCLASS_GB": null, "FCLASS_BR": null, "FCLASS_IL": null, "FCLASS_PS": null, "FCLASS_SA": null, "FCLASS_EG": null, "FCLASS_MA": null, "FCLASS_PT": null, "FCLASS_AR": null, "FCLASS_JP": null, "FCLASS_KO": null, "FCLASS_VN": null, "FCLASS_TR": null, "FCLASS_ID": null, "FCLASS_PL": null, "FCLASS_GR": null, "FCLASS_IT": null, "FCLASS_NL": null, "FCLASS_SE": null, "FCLASS_BD": null, "FCLASS_UA": null, "FCLASS_TLC": null}, "bbox": [6.948059, 50.93195, 6.948059, 50.93195], "geometry": {"type": "Point", "coordinates": [6.948059, 50.93195]}}, {"type": "Feature", "properties": {"SCALERANK": 6, "NATSCALE": 30, "LABELRANK": 3, "FEATURECLA": "Populated place", "NAME": "La Rochelle", "NAMEPAR": null, "NAMEALT": null, "NAMEASCII": "La Rochelle", "ADM0CAP": 0, "CAPIN": null, "WORLDCITY": 0, "MEGACITY": 0, "SOV0NAME": "French Republic", "SOV_A3": "FRA", "ADM0NAME": "France", "ADM0_A3": "FRA", "ADM1NAME": "Poitou-Charentes", "ISO_A2": "FR", "NOTE": null, "LATITUDE": 46.166651, "LONGITUDE": -1.149992, "POP_MAX": 76997, "POP_MIN": 76810, "POP_OTHER": 74275, "RANK_MAX": 8, "RANK_MIN": 8, "MEGANAME": null, "LS_NAME": "La Rochelle", "MAX_POP10": 76997, "MAX_POP20": 76997, "MAX_POP50": 0, "MAX_POP300": 0, "MAX_POP310": 0, "MAX_NATSCA": 20, "MIN_AREAKM": 58, "MAX_AREAKM": 58, "MIN_AREAMI": 23, "MAX_AREAMI": 23, "MIN_PERKM": 76, "MAX_PERKM": 76, "MIN_PERMI": 47, "MAX_PERMI": 47, "MIN_BBXMIN": -1.225, "MAX_BBXMIN": -1.225, "MIN_BBXMAX": -1.041667, "MAX_BBXMAX": -1.041667, "MIN_BBYMIN": 46.125, "MAX_BBYMIN": 46.125, "MIN_BBYMAX": 46.2, "MAX_BBYMAX": 46.2, "MEAN_BBXC": -1.135714, "MEAN_BBYC": 46.162925, "TIMEZONE": "Europe/Paris", "UN_FID": 0, "POP1950": 0, "POP1955": 0, "POP1960": 0, "POP1965": 0, "POP1970": 0, "POP1975": 0, "POP1980": 0, "POP1985": 0, "POP1990": 0, "POP1995": 0, "POP2000": 0, "POP2005": 0, "POP2010": 0, "POP2015": 0, "POP2020": 0, "POP2025": 0, "POP2050": 0, "MIN_ZOOM": 6, "WIKIDATAID": "Q82185", "WOF_ID": 101749503, "CAPALT": 0, "NAME_EN": "La Rochelle", "NAME_DE": "La Rochelle", "NAME_ES": "La Rochelle", "NAME_FR": "La Rochelle", "NAME_PT": "La Rochelle", "NAME_RU": "Ла-Рошель", "NAME_ZH": "拉罗谢尔", "LABEL": null, "NAME_AR": "لا روشيل", "NAME_BN": "লা রোশেল", "NAME_EL": "Λα Ροσέλ", "NAME_HI": "ला रोशेल", "NAME_HU": "La Rochelle", "NAME_ID": "La Rochelle", "NAME_IT": "La Rochelle", "NAME_JA": "ラ・ロシェル", "NAME_KO": "라로셸", "NAME_NL": "La Rochelle", "NAME_PL": "La Rochelle", "NAME_SV": "La Rochelle", "NAME_TR": "La Rochelle", "NAME_VI": "La Rochelle", "NE_ID": 1159148537, "NAME_FA": "لا روشل", "NAME_HE": "לה רושל", "NAME_UK": "Ла-Рошель", "NAME_UR": "لا روشیل", "NAME_ZHT": "拉羅謝爾", "GEONAMESID": 3006787, "FCLASS_ISO": null, "FCLASS_US": null, "FCLASS_FR": null, "FCLASS_RU": null, "FCLASS_ES": null, "FCLASS_CN": null, "FCLASS_TW": null, "FCLASS_IN": null, "FCLASS_NP": null, "FCLASS_PK": null, "FCLASS_DE": null, "FCLASS_GB": null, "FCLASS_BR": null, "FCLASS_IL": null, "FCLASS_PS": null, "FCLASS_SA": null, "FCLASS_EG": null, "FCLASS_MA": null, "FCLASS_PT": null, "FCLASS_AR": null, "FCLASS_JP": null, "FCLASS_KO": null, "FCLASS_VN": null, "FCLASS_TR": null, "FCLASS_ID": null, "FCLASS_PL": null, "FCLASS_GR": null, "FCLASS_IT": null, "FCLASS_NL": null, "FCLASS_SE": null, "FCLASS_BD": null, "FCLASS_UA": null, "FCLASS_TLC": null}, "bbox": [-1.149992, 46.166651, -1.149992, 46.166651], "geometry": {"type": "Point", "coordinates": [-1.149992, 46.166651]}}, {"type": "Feature", "properties": {"SCALERANK": 6, "NATSCALE": 30, "LABELRANK": 8, "FEATURECLA": "Populated place", "NAME": "Århus", "NAMEPAR": null, "NAMEALT": "Arhus", "NAMEASCII": "Aarhus", "ADM0CAP": 0, "CAPIN": null, "WORLDCITY": 0, "MEGACITY": 0, "SOV0NAME": "Denmark", "SOV_A3": "DNK", "ADM0NAME": "Denmark", "ADM0_A3": "DNK", "ADM1NAME": "Midtjylland", "ISO_A2": "DK", "NOTE": null, "LATITUDE": 56.157204, "LONGITUDE": 10.210684, "POP_MAX": 237551, "POP_MIN": 227100, "POP_OTHER": 212260, "RANK_MAX": 10, "RANK_MIN": 10, "MEGANAME": null, "LS_NAME": "Aarhus", "MAX_POP10": 227100, "MAX_POP20": 227100, "MAX_POP50": 0, "MAX_POP300": 0, "MAX_POP310": 0, "MAX_NATSCA": 20, "MIN_AREAKM": 131, "MAX_AREAKM": 131, "MIN_AREAMI": 51, "MAX_AREAMI": 51, "MIN_PERKM": 135, "MAX_PERKM": 135, "MIN_PERMI": 84, "MAX_PERMI": 84, "MIN_BBXMIN": 10.058333, "MAX_BBXMIN": 10.058333, "MIN_BBXMAX": 10.35, "MAX_BBXMAX": 10.35, "MIN_BBYMIN": 56.083333, "MAX_BBYMIN": 56.083333, "MIN_BBYMAX": 56.266667, "MAX_BBYMAX": 56.266667, "MEAN_BBXC": 10.180266, "MEAN_BBYC": 56.165522, "TIMEZONE": "Europe/Copenhagen", "UN_FID": 0, "POP1950": 0, "POP1955": 0, "POP1960": 0, "POP1965": 0, "POP1970": 0, "POP1975": 0, "POP1980": 0, "POP1985": 0, "POP1990": 0, "POP1995": 0, "POP2000": 0, "POP2005": 0, "POP2010": 0, "POP2015": 0, "POP2020": 0, "POP2025": 0, "POP2050": 0, "MIN_ZOOM": 6, "WIKIDATAID": "Q25319", "WOF_ID": 101749163, "CAPALT": 0, "NAME_EN": "Aarhus", "NAME_DE": "Aarhus", "NAME_ES": "Aarhus", "NAME_FR": "Aarhus", "NAME_PT": "Aarhus", "NAME_RU": "Орхус", "NAME_ZH": "奥胡斯", "LABEL": null, "NAME_AR": "آرهوس", "NAME_BN": "আরাস্", "NAME_EL": "Ώρχους", "NAME_HI": "आरहूस", "NAME_HU": "Aarhus", "NAME_ID": "Aarhus", "NAME_IT": "Aarhus", "NAME_JA": "オーフス", "NAME_KO": "오르후스", "NAME_NL": "Aarhus", "NAME_PL": "Aarhus", "NAME_SV": "Århus", "NAME_TR": "Aarhus", "NAME_VI": "Aarhus", "NE_ID": 1159148699, "NAME_FA": "آرهوس", "NAME_HE": "אורהוס", "NAME_UK": "Орхус", "NAME_UR": "آرہس", "NAME_ZHT": "奧胡斯", "GEONAMESID": 2624652, "FCLASS_ISO": null, "FCLASS_US": null, "FCLASS_FR": null, "FCLASS_RU": null, "FCLASS_ES": null, "FCLASS_CN": null, "FCLASS_TW": null, "FCLASS_IN": null, "FCLASS_NP": null, "FCLASS_PK": null, "FCLASS_DE": null, "FCLASS_GB": null, "FCLASS_BR": null, "FCLASS_IL": null, "FCLASS_PS": null, "FCLASS_SA": null, "FCLASS_EG": null, "FCLASS_MA": null, "FCLASS_PT": null, "FCLASS_AR": null, "FCLASS_JP": null, "FCLASS_KO": null, "FCLASS_VN": null, "FCLASS_TR": null, "FCLASS_ID": null, "FCLASS_PL": null, "FCLASS_GR": null, "FCLASS_IT": null, "FCLASS_NL": null, "FCLASS_SE": null, "FCLASS_BD": null, "FCLASS_UA": null, "FCLASS_TLC": null}, "bbox": [10.210684, 56.157204, 10.210684, 56.157204], "geometry": {"type": "Point", "coordinates": [10.210684, 56.157204]}}, {"type": "Feature", "properties": {"SCALERANK": 6, "NATSCALE": 30, "LABELRANK": 0, "FEATURECLA": "Admin-0 capital", "NAME": "Monaco", "NAMEPAR": null, "NAMEALT": null, "NAMEASCII": "Monaco", "ADM0CAP": 1, "CAPIN": null, "WORLDCITY": 0, "MEGACITY": 0, "SOV0NAME": "Monaco", "SOV_A3": "MCO", "ADM0NAME": "Monaco", "ADM0_A3": "MCO", "ADM1NAME": null, "ISO_A2": "MC", "NOTE": null, "LATITUDE": 43.739646, "LONGITUDE": 7.406913, "POP_MAX": 36371, "POP_MIN": 36371, "POP_OTHER": 102371, "RANK_MAX": 7, "RANK_MIN": 7, "MEGANAME": null, "LS_NAME": "Monaco", "MAX_POP10": 108543, "MAX_POP20": 108543, "MAX_POP50": 108543, "MAX_POP300": 0, "MAX_POP310": 0, "MAX_NATSCA": 50, "MIN_AREAKM": 36, "MAX_AREAKM": 36, "MIN_AREAMI": 14, "MAX_AREAMI": 14, "MIN_PERKM": 57, "MAX_PERKM": 57, "MIN_PERMI": 35, "MAX_PERMI": 35, "MIN_BBXMIN": 7.35, "MAX_BBXMIN": 7.35, "MIN_BBXMAX": 7.533333, "MAX_BBXMAX": 7.533333, "MIN_BBYMIN": 43.716667, "MAX_BBYMIN": 43.716667, "MIN_BBYMAX": 43.8, "MAX_BBYMAX": 43.8, "MEAN_BBXC": 7.442529, "MEAN_BBYC": 43.754167, "TIMEZONE": "Europe/Monaco", "UN_FID": 0, "POP1950": 0, "POP1955": 0, "POP1960": 0, "POP1965": 0, "POP1970": 0, "POP1975": 0, "POP1980": 0, "POP1985": 0, "POP1990": 0, "POP1995": 0, "POP2000": 0, "POP2005": 0, "POP2010": 0, "POP2015": 0, "POP2020": 0, "POP2025": 0, "POP2050": 0, "MIN_ZOOM": 5.1, "WIKIDATAID": "Q235", "WOF_ID": 101831917, "CAPALT": 0, "NAME_EN": "Monaco", "NAME_DE": "Monaco", "NAME_ES": "Mónaco", "NAME_FR": "Monaco", "NAME_PT": "Mónaco", "NAME_RU": "Монако", "NAME_ZH": "摩纳哥", "LABEL": null, "NAME_AR": "موناكو", "NAME_BN": "মোনাকো", "NAME_EL": "Μονακό", "NAME_HI": "मोनैको", "NAME_HU": "Monaco", "NAME_ID": "Monako", "NAME_IT": "Principato di Monaco", "NAME_JA": "モナコ", "NAME_KO": "모나코", "NAME_NL": "Monaco", "NAME_PL": "Monako", "NAME_SV": "Monaco", "NAME_TR": "Monako", "NAME_VI": "Monaco", "NE_ID": 1159149077, "NAME_FA": "موناکو", "NAME_HE": "מונקו", "NAME_UK": "Монако", "NAME_UR": "موناکو", "NAME_ZHT": "摩納哥", "GEONAMESID": 2993458, "FCLASS_ISO": null, "FCLASS_US": null, "FCLASS_FR": null, "FCLASS_RU": null, "FCLASS_ES": null, "FCLASS_CN": null, "FCLASS_TW": null, "FCLASS_IN": null, "FCLASS_NP": null, "FCLASS_PK": null, "FCLASS_DE": null, "FCLASS_GB": null, "FCLASS_BR": null, "FCLASS_IL": null, "FCLASS_PS": null, "FCLASS_SA": null, "FCLASS_EG": null, "FCLASS_MA": null, "FCLASS_PT": null, "FCLASS_AR": null, "FCLASS_JP": null, "FCLASS_KO": null, "FCLASS_VN": null, "FCLASS_TR": null, "FCLASS_ID": null, "FCLASS_PL": null, "FCLASS_GR": null, "FCLASS_IT": null, "FCLASS_NL": null, "FCLASS_SE": null, "FCLASS_BD": null, "FCLASS_UA": null, "FCLASS_TLC": null}, "bbox": [7.406913, 43.739646, 7.406913, 43.739646], "geometry": {"type": "Point", "coordinates": [7.406913, 43.739646]}}, {"type": "Feature", "properties": {"SCALERANK": 4, "NATSCALE": 50, "LABELRANK": 5, "FEATURECLA": "Populated place", "NAME": "Manchester", "NAMEPAR": null, "NAMEALT": null, "NAMEASCII": "Manchester", "ADM0CAP": 0, "CAPIN": null, "WORLDCITY": 0, "MEGACITY": 1, "SOV0NAME": "United Kingdom", "SOV_A3": "GBR", "ADM0NAME": "United Kingdom", "ADM0_A3": "GBR", "ADM1NAME": "Manchester", "ISO_A2": "GB", "NOTE": null, "LATITUDE": 53.502361, "LONGITUDE": -2.249933, "POP_MAX": 2230000, "POP_MIN": 395515, "POP_OTHER": 142301, "RANK_MAX": 12, "RANK_MIN": 10, "MEGANAME": "Manchester", "LS_NAME": "Manchester2", "MAX_POP10": 2583902, "MAX_POP20": 2583902, "MAX_POP50": 0, "MAX_POP300": 0, "MAX_POP310": 0, "MAX_NATSCA": 20, "MIN_AREAKM": 1052, "MAX_AREAKM": 1052, "MIN_AREAMI": 406, "MAX_AREAMI": 406, "MIN_PERKM": 763, "MAX_PERKM": 763, "MIN_PERMI": 474, "MAX_PERMI": 474, "MIN_BBXMIN": -2.6, "MAX_BBXMIN": -2.6, "MIN_BBXMAX": -2.008333, "MAX_BBXMAX": -2.008333, "MIN_BBYMIN": 53.283333, "MAX_BBYMIN": 53.283333, "MIN_BBYMAX": 53.808333, "MAX_BBYMAX": 53.808333, "MEAN_BBXC": -2.294601, "MEAN_BBYC": 53.518239, "TIMEZONE": "Europe/London", "UN_FID": 520, "POP1950": 2422, "POP1955": 2425, "POP1960": 2427, "POP1965": 2413, "POP1970": 2396, "POP1975": 2370, "POP1980": 2343, "POP1985": 2313, "POP1990": 2282, "POP1995": 2262, "POP2000": 2243, "POP2005": 2230, "POP2010": 2230, "POP2015": 2235, "POP2020": 2246, "POP2025": 2258, "POP2050": 2267, "MIN_ZOOM": 5, "WIKIDATAID": "Q18125", "WOF_ID": 101750525, "CAPALT": 0, "NAME_EN": "Manchester", "NAME_DE": "Manchester", "NAME_ES": "Mánchester", "NAME_FR": "Manchester", "NAME_PT": "Manchester", "NAME_RU": "Манчестер", "NAME_ZH": "曼彻斯特", "LABEL": null, "NAME_AR": "مانشستر", "NAME_BN": "ম্যানচেস্টার", "NAME_EL": "Μάντσεστερ", "NAME_HI": "मैन्चेस्टर", "NAME_HU": "Manchester", "NAME_ID": "Manchester", "NAME_IT": "Manchester", "NAME_JA": "マンチェスター", "NAME_KO": "맨체스터", "NAME_NL": "Manchester", "NAME_PL": "Manchester", "NAME_SV": "Manchester", "NAME_TR": "Manchester", "NAME_VI": "Manchester", "NE_ID": 1159149119, "NAME_FA": "منچستر", "NAME_HE": "מנצ'סטר", "NAME_UK": "Манчестер", "NAME_UR": "مانچسٹر", "NAME_ZHT": "曼徹斯特", "GEONAMESID": 2643123, "FCLASS_ISO": null, "FCLASS_US": null, "FCLASS_FR": null, "FCLASS_RU": null, "FCLASS_ES": null, "FCLASS_CN": null, "FCLASS_TW": null, "FCLASS_IN": null, "FCLASS_NP": null, "FCLASS_PK": null, "FCLASS_DE": null, "FCLASS_GB": null, "FCLASS_BR": null, "FCLASS_IL": null, "FCLASS_PS": null, "FCLASS_SA": null, "FCLASS_EG": null, "FCLASS_MA": null, "FCLASS_PT": null, "FCLASS_AR": null, "FCLASS_JP": null, "FCLASS_KO": null, "FCLASS_VN": null, "FCLASS_TR": null, "FCLASS_ID": null, "FCLASS_PL": null, "FCLASS_GR": null, "FCLASS_IT": null, "FCLASS_NL": null, "FCLASS_SE": null, "FCLASS_BD": null, "FCLASS_UA": null, "FCLASS_TLC": null}, "bbox": [-2.248685, 53.47532, -2.248685, 53.47532], "geometry": {"type": "Point", "coordinates": [-2.248685, 53.47532]}}, {"type": "Feature", "properties": {"SCALERANK": 4, "NATSCALE": 50, "LABELRANK": 5, "FEATURECLA": "Populated place", "NAME": "Birmingham", "NAMEPAR": null, "NAMEALT": null, "NAMEASCII": "Birmingham", "ADM0CAP": 0, "CAPIN": null, "WORLDCITY": 0, "MEGACITY": 1, "SOV0NAME": "United Kingdom", "SOV_A3": "GBR", "ADM0NAME": "United Kingdom", "ADM0_A3": "GBR", "ADM1NAME": "West Midlands", "ISO_A2": "GB", "NOTE": null, "LATITUDE": 52.47692, "LONGITUDE": -1.921943, "POP_MAX": 2285000, "POP_MIN": 984333, "POP_OTHER": 631279, "RANK_MAX": 12, "RANK_MIN": 11, "MEGANAME": "Birmingham", "LS_NAME": "Birmingham2", "MAX_POP10": 2331021, "MAX_POP20": 2331021, "MAX_POP50": 2331630, "MAX_POP300": 0, "MAX_POP310": 0, "MAX_NATSCA": 50, "MIN_AREAKM": 838, "MAX_AREAKM": 842, "MIN_AREAMI": 324, "MAX_AREAMI": 325, "MIN_PERKM": 433, "MAX_PERKM": 438, "MIN_PERMI": 269, "MAX_PERMI": 272, "MIN_BBXMIN": -2.216667, "MAX_BBXMIN": -2.216667, "MIN_BBXMAX": -1.698778, "MAX_BBXMAX": -1.683333, "MIN_BBYMIN": 52.358333, "MAX_BBYMIN": 52.358333, "MIN_BBYMAX": 52.733333, "MAX_BBYMAX": 52.733333, "MEAN_BBXC": -1.964565, "MEAN_BBYC": 52.526389, "TIMEZONE": "Europe/London", "UN_FID": 516, "POP1950": 2229, "POP1955": 2283, "POP1960": 2338, "POP1965": 2357, "POP1970": 2370, "POP1975": 2365, "POP1980": 2357, "POP1985": 2330, "POP1990": 2301, "POP1995": 2291, "POP2000": 2285, "POP2005": 2283, "POP2010": 2285, "POP2015": 2291, "POP2020": 2303, "POP2025": 2315, "POP2050": 2323, "MIN_ZOOM": 5, "WIKIDATAID": "Q2256", "WOF_ID": 101750467, "CAPALT": 0, "NAME_EN": "Birmingham", "NAME_DE": "Birmingham", "NAME_ES": "Birmingham", "NAME_FR": "Birmingham", "NAME_PT": "Birmingham", "NAME_RU": "Бирмингем", "NAME_ZH": "伯明翰", "LABEL": null, "NAME_AR": "برمينغهام", "NAME_BN": "বার্মিংহাম", "NAME_EL": "Μπέρμιγχαμ", "NAME_HI": "बर्मिंघम", "NAME_HU": "Birmingham", "NAME_ID": "Birmingham", "NAME_IT": "Birmingham", "NAME_JA": "バーミンガム", "NAME_KO": "버밍엄", "NAME_NL": "Birmingham", "NAME_PL": "Birmingham", "NAME_SV": "Birmingham", "NAME_TR": "Birmingham", "NAME_VI": "Birmingham", "NE_ID": 1159149367, "NAME_FA": "بیرمنگام", "NAME_HE": "ברמינגהאם", "NAME_UK": "Бірмінгем", "NAME_UR": "برمنگھم", "NAME_ZHT": "伯明罕", "GEONAMESID": 2655603, "FCLASS_ISO": null, "FCLASS_US": null, "FCLASS_FR": null, "FCLASS_RU": null, "FCLASS_ES": null, "FCLASS_CN": null, "FCLASS_TW": null, "FCLASS_IN": null, "FCLASS_NP": null, "FCLASS_PK": null, "FCLASS_DE": null, "FCLASS_GB": null, "FCLASS_BR": null, "FCLASS_IL": null, "FCLASS_PS": null, "FCLASS_SA": null, "FCLASS_EG": null, "FCLASS_MA": null, "FCLASS_PT": null, "FCLASS_AR": null, "FCLASS_JP": null, "FCLASS_KO": null, "FCLASS_VN": null, "FCLASS_TR": null, "FCLASS_ID": null, "FCLASS_PL": null, "FCLASS_GR": null, "FCLASS_IT": null, "FCLASS_NL": null, "FCLASS_SE": null, "FCLASS_BD": null, "FCLASS_UA": null, "FCLASS_TLC": null}, "bbox": [-1.921943, 52.47692, -1.921943, 52.47692], "geometry": {"type": "Point", "coordinates": [-1.921943, 52.47692]}}, {"type": "Feature", "properties": {"SCALERANK": 4, "NATSCALE": 50, "LABELRANK": 5, "FEATURECLA": "Admin-0 region capital", "NAME": "Belfast", "NAMEPAR": null, "NAMEALT": null, "NAMEASCII": "Belfast", "ADM0CAP": 0, "CAPIN": null, "WORLDCITY": 0, "MEGACITY": 0, "SOV0NAME": "United Kingdom", "SOV_A3": "GBR", "ADM0NAME": "United Kingdom", "ADM0_A3": "GBR", "ADM1NAME": "Belfast", "ISO_A2": "GB", "NOTE": null, "LATITUDE": 54.600012, "LONGITUDE": -5.960034, "POP_MAX": 450406, "POP_MIN": 274770, "POP_OTHER": 418064, "RANK_MAX": 10, "RANK_MIN": 10, "MEGANAME": null, "LS_NAME": "Belfast", "MAX_POP10": 450406, "MAX_POP20": 450406, "MAX_POP50": 450406, "MAX_POP300": 0, "MAX_POP310": 0, "MAX_NATSCA": 50, "MIN_AREAKM": 192, "MAX_AREAKM": 192, "MIN_AREAMI": 74, "MAX_AREAMI": 74, "MIN_PERKM": 204, "MAX_PERKM": 204, "MIN_PERMI": 127, "MAX_PERMI": 127, "MIN_BBXMIN": -6.125, "MAX_BBXMIN": -6.125, "MIN_BBXMAX": -5.758333, "MAX_BBXMAX": -5.758333, "MIN_BBYMIN": 54.458333, "MAX_BBYMIN": 54.458333, "MIN_BBYMAX": 54.708333, "MAX_BBYMAX": 54.708333, "MEAN_BBXC": -5.948755, "MEAN_BBYC": 54.593128, "TIMEZONE": "Europe/London", "UN_FID": 0, "POP1950": 0, "POP1955": 0, "POP1960": 0, "POP1965": 0, "POP1970": 0, "POP1975": 0, "POP1980": 0, "POP1985": 0, "POP1990": 0, "POP1995": 0, "POP2000": 0, "POP2005": 0, "POP2010": 0, "POP2015": 0, "POP2020": 0, "POP2025": 0, "POP2050": 0, "MIN_ZOOM": 5, "WIKIDATAID": "Q10686", "WOF_ID": 101751931, "CAPALT": 0, "NAME_EN": "Belfast", "NAME_DE": "Belfast", "NAME_ES": "Belfast", "NAME_FR": "Belfast", "NAME_PT": "Belfast", "NAME_RU": "Белфаст", "NAME_ZH": "贝尔法斯特", "LABEL": null, "NAME_AR": "بلفاست", "NAME_BN": "বেলফাস্ট", "NAME_EL": "Μπέλφαστ", "NAME_HI": "बेलफ़ास्ट", "NAME_HU": "Belfast", "NAME_ID": "Belfast", "NAME_IT": "Belfast", "NAME_JA": "ベルファスト", "NAME_KO": "벨파스트", "NAME_NL": "Belfast", "NAME_PL": "Belfast", "NAME_SV": "Belfast", "NAME_TR": "Belfast", "NAME_VI": "Belfast", "NE_ID": 1159149369, "NAME_FA": "بلفاست", "NAME_HE": "בלפסט", "NAME_UK": "Белфаст", "NAME_UR": "بیلفاسٹ", "NAME_ZHT": "貝爾法斯特", "GEONAMESID": 2655984, "FCLASS_ISO": null, "FCLASS_US": null, "FCLASS_FR": null, "FCLASS_RU": null, "FCLASS_ES": null, "FCLASS_CN": null, "FCLASS_TW": null, "FCLASS_IN": null, "FCLASS_NP": null, "FCLASS_PK": null, "FCLASS_DE": null, "FCLASS_GB": null, "FCLASS_BR": null, "FCLASS_IL": null, "FCLASS_PS": null, "FCLASS_SA": null, "FCLASS_EG": null, "FCLASS_MA": null, "FCLASS_PT": null, "FCLASS_AR": null, "FCLASS_JP": null, "FCLASS_KO": null, "FCLASS_VN": null, "FCLASS_TR": null, "FCLASS_ID": null, "FCLASS_PL": null, "FCLASS_GR": null, "FCLASS_IT": null, "FCLASS_NL": null, "FCLASS_SE": null, "FCLASS_BD": null, "FCLASS_UA": null, "FCLASS_TLC": null}, "bbox": [-5.928178, 54.594245, -5.928178, 54.594245], "geometry": {"type": "Point", "coordinates": [-5.928178, 54.594245]}}, {"type": "Feature", "properties": {"SCALERANK": 4, "NATSCALE": 50, "LABELRANK": 3, "FEATURECLA": "Populated place", "NAME": "Bilbao", "NAMEPAR": null, "NAMEALT": null, "NAMEASCII": "Bilbao", "ADM0CAP": 0, "CAPIN": null, "WORLDCITY": 0, "MEGACITY": 0, "SOV0NAME": "Kingdom of Spain", "SOV_A3": "ESP", "ADM0NAME": "Spain", "ADM0_A3": "ESP", "ADM1NAME": "País Vasco", "ISO_A2": "ES", "NOTE": null, "LATITUDE": 43.249982, "LONGITUDE": -2.929987, "POP_MAX": 875552, "POP_MIN": 353187, "POP_OTHER": 870248, "RANK_MAX": 11, "RANK_MIN": 10, "MEGANAME": null, "LS_NAME": "Bilbao", "MAX_POP10": 881969, "MAX_POP20": 881969, "MAX_POP50": 881969, "MAX_POP300": 0, "MAX_POP310": 0, "MAX_NATSCA": 50, "MIN_AREAKM": 187, "MAX_AREAKM": 187, "MIN_AREAMI": 72, "MAX_AREAMI": 72, "MIN_PERKM": 203, "MAX_PERKM": 203, "MIN_PERMI": 126, "MAX_PERMI": 126, "MIN_BBXMIN": -3.091667, "MAX_BBXMIN": -3.091667, "MIN_BBXMAX": -2.766667, "MAX_BBXMAX": -2.766667, "MIN_BBYMIN": 43.175, "MAX_BBYMIN": 43.175, "MIN_BBYMAX": 43.425, "MAX_BBYMAX": 43.425, "MEAN_BBXC": -2.943576, "MEAN_BBYC": 43.293241, "TIMEZONE": "Europe/Madrid", "UN_FID": 0, "POP1950": 0, "POP1955": 0, "POP1960": 0, "POP1965": 0, "POP1970": 0, "POP1975": 0, "POP1980": 0, "POP1985": 0, "POP1990": 0, "POP1995": 0, "POP2000": 0, "POP2005": 0, "POP2010": 0, "POP2015": 0, "POP2020": 0, "POP2025": 0, "POP2050": 0, "MIN_ZOOM": 5, "WIKIDATAID": "Q8692", "WOF_ID": 101748385, "CAPALT": 0, "NAME_EN": "Bilbao", "NAME_DE": "Bilbao", "NAME_ES": "Bilbao", "NAME_FR": "Bilbao", "NAME_PT": "Bilbau", "NAME_RU": "Бильбао", "NAME_ZH": "毕尔巴鄂", "LABEL": null, "NAME_AR": "بلباو", "NAME_BN": "বিলা্বাও", "NAME_EL": "Μπιλμπάο", "NAME_HI": "बिल्बाओ", "NAME_HU": "Bilbao", "NAME_ID": "Bilbao", "NAME_IT": "Bilbao", "NAME_JA": "ビルバオ", "NAME_KO": "빌바오", "NAME_NL": "Bilbao", "NAME_PL": "Bilbao", "NAME_SV": "Bilbao", "NAME_TR": "Bilbao", "NAME_VI": "Bilbao", "NE_ID": 1159149435, "NAME_FA": "بیلبائو", "NAME_HE": "בילבאו", "NAME_UK": "Більбао", "NAME_UR": "بلباو", "NAME_ZHT": "畢爾包", "GEONAMESID": 3128026, "FCLASS_ISO": null, "FCLASS_US": null, "FCLASS_FR": null, "FCLASS_RU": null, "FCLASS_ES": null, "FCLASS_CN": null, "FCLASS_TW": null, "FCLASS_IN": null, "FCLASS_NP": null, "FCLASS_PK": null, "FCLASS_DE": null, "FCLASS_GB": null, "FCLASS_BR": null, "FCLASS_IL": null, "FCLASS_PS": null, "FCLASS_SA": null, "FCLASS_EG": null, "FCLASS_MA": null, "FCLASS_PT": null, "FCLASS_AR": null, "FCLASS_JP": null, "FCLASS_KO": null, "FCLASS_VN": null, "FCLASS_TR": null, "FCLASS_ID": null, "FCLASS_PL": null, "FCLASS_GR": null, "FCLASS_IT": null, "FCLASS_NL": null, "FCLASS_SE": null, "FCLASS_BD": null, "FCLASS_UA": null, "FCLASS_TLC": null}, "bbox": [-2.929987, 43.249981, -2.929987, 43.249981], "geometry": {"type": "Point", "coordinates": [-2.929987, 43.249981]}}, {"type": "Feature", "properties": {"SCALERANK": 4, "NATSCALE": 50, "LABELRANK": 8, "FEATURECLA": "Admin-0 capital alt", "NAME": "The Hague", "NAMEPAR": null, "NAMEALT": null, "NAMEASCII": "The Hague", "ADM0CAP": 0, "CAPIN": "Official, legis", "WORLDCITY": 0, "MEGACITY": 0, "SOV0NAME": "Kingdom of the Netherlands", "SOV_A3": "NLD", "ADM0NAME": "Netherlands", "ADM0_A3": "NLD", "ADM1NAME": "Zuid-Holland", "ISO_A2": "NL", "NOTE": null, "LATITUDE": 52.080037, "LONGITUDE": 4.269961, "POP_MAX": 1406000, "POP_MIN": 501725, "POP_OTHER": 688599, "RANK_MAX": 12, "RANK_MIN": 11, "MEGANAME": null, "LS_NAME": "The Hague", "MAX_POP10": 708489, "MAX_POP20": 708489, "MAX_POP50": 2312867, "MAX_POP300": 0, "MAX_POP310": 0, "MAX_NATSCA": 50, "MIN_AREAKM": 195, "MAX_AREAKM": 710, "MIN_AREAMI": 75, "MAX_AREAMI": 274, "MIN_PERKM": 217, "MAX_PERKM": 764, "MIN_PERMI": 135, "MAX_PERMI": 475, "MIN_BBXMIN": 4.15, "MAX_BBXMIN": 4.15, "MIN_BBXMAX": 4.45, "MAX_BBXMAX": 4.749141, "MIN_BBYMIN": 51.766667, "MAX_BBYMIN": 51.958333, "MIN_BBYMAX": 52.158333, "MAX_BBYMAX": 52.158333, "MEAN_BBXC": 4.355912, "MEAN_BBYC": 52.021475, "TIMEZONE": "Europe/Amsterdam", "UN_FID": 0, "POP1950": 0, "POP1955": 0, "POP1960": 0, "POP1965": 0, "POP1970": 0, "POP1975": 0, "POP1980": 0, "POP1985": 0, "POP1990": 0, "POP1995": 0, "POP2000": 0, "POP2005": 0, "POP2010": 0, "POP2015": 0, "POP2020": 0, "POP2025": 0, "POP2050": 0, "MIN_ZOOM": 5.6, "WIKIDATAID": "Q36600", "WOF_ID": 101752763, "CAPALT": 1, "NAME_EN": "The Hague", "NAME_DE": "Den Haag", "NAME_ES": "La Haya", "NAME_FR": "La Haye", "NAME_PT": "Haia", "NAME_RU": "Гаага", "NAME_ZH": "海牙", "LABEL": null, "NAME_AR": "لاهاي", "NAME_BN": "হেগ", "NAME_EL": "Χάγη", "NAME_HI": "हेग", "NAME_HU": "Hága", "NAME_ID": "Den Haag", "NAME_IT": "L'Aia", "NAME_JA": "ハーグ", "NAME_KO": "헤이그", "NAME_NL": "Den Haag", "NAME_PL": "Haga", "NAME_SV": "Haag", "NAME_TR": "Lahey", "NAME_VI": "Den Haag", "NE_ID": 1159149457, "NAME_FA": "لاهه", "NAME_HE": "האג", "NAME_UK": "Гаага", "NAME_UR": "ہیگ", "NAME_ZHT": "海牙", "GEONAMESID": 2747373, "FCLASS_ISO": null, "FCLASS_US": null, "FCLASS_FR": null, "FCLASS_RU": null, "FCLASS_ES": null, "FCLASS_CN": null, "FCLASS_TW": null, "FCLASS_IN": null, "FCLASS_NP": null, "FCLASS_PK": null, "FCLASS_DE": null, "FCLASS_GB": null, "FCLASS_BR": null, "FCLASS_IL": null, "FCLASS_PS": null, "FCLASS_SA": null, "FCLASS_EG": null, "FCLASS_MA": null, "FCLASS_PT": null, "FCLASS_AR": null, "FCLASS_JP": null, "FCLASS_KO": null, "FCLASS_VN": null, "FCLASS_TR": null, "FCLASS_ID": null, "FCLASS_PL": null, "FCLASS_GR": null, "FCLASS_IT": null, "FCLASS_NL": null, "FCLASS_SE": null, "FCLASS_BD": null, "FCLASS_UA": null, "FCLASS_TLC": null}, "bbox": [4.269961, 52.080037, 4.269961, 52.080037], "geometry": {"type": "Point", "coordinates": [4.269961, 52.080037]}}, {"type": "Feature", "properties": {"SCALERANK": 4, "NATSCALE": 50, "LABELRANK": 8, "FEATURECLA": "Admin-0 capital", "NAME": "Ljubljana", "NAMEPAR": null, "NAMEALT": null, "NAMEASCII": "Ljubljana", "ADM0CAP": 1, "CAPIN": null, "WORLDCITY": 0, "MEGACITY": 0, "SOV0NAME": "Slovenia", "SOV_A3": "SVN", "ADM0NAME": "Slovenia", "ADM0_A3": "SVN", "ADM1NAME": "Osrednjeslovenska", "ISO_A2": "SI", "NOTE": null, "LATITUDE": 46.055288, "LONGITUDE": 14.514969, "POP_MAX": 314807, "POP_MIN": 255115, "POP_OTHER": 256316, "RANK_MAX": 10, "RANK_MIN": 10, "MEGANAME": null, "LS_NAME": "Ljubljana", "MAX_POP10": 314807, "MAX_POP20": 314807, "MAX_POP50": 314807, "MAX_POP300": 314807, "MAX_POP310": 0, "MAX_NATSCA": 100, "MIN_AREAKM": 145, "MAX_AREAKM": 145, "MIN_AREAMI": 56, "MAX_AREAMI": 56, "MIN_PERKM": 208, "MAX_PERKM": 208, "MIN_PERMI": 129, "MAX_PERMI": 129, "MIN_BBXMIN": 14.433333, "MAX_BBXMIN": 14.433333, "MIN_BBXMAX": 14.633333, "MAX_BBXMAX": 14.633333, "MIN_BBYMIN": 46, "MAX_BBYMIN": 46, "MIN_BBYMAX": 46.241667, "MAX_BBYMAX": 46.241667, "MEAN_BBXC": 14.541032, "MEAN_BBYC": 46.091958, "TIMEZONE": "Europe/Ljubljana", "UN_FID": 0, "POP1950": 0, "POP1955": 0, "POP1960": 0, "POP1965": 0, "POP1970": 0, "POP1975": 0, "POP1980": 0, "POP1985": 0, "POP1990": 0, "POP1995": 0, "POP2000": 0, "POP2005": 0, "POP2010": 0, "POP2015": 0, "POP2020": 0, "POP2025": 0, "POP2050": 0, "MIN_ZOOM": 5.6, "WIKIDATAID": "Q437", "WOF_ID": 101752073, "CAPALT": 0, "NAME_EN": "Ljubljana", "NAME_DE": "Ljubljana", "NAME_ES": "Liubliana", "NAME_FR": "Ljubljana", "NAME_PT": "Liubliana", "NAME_RU": "Любляна", "NAME_ZH": "卢布尔雅那", "LABEL": null, "NAME_AR": "ليوبليانا", "NAME_BN": "লিউব্লিয়ানা", "NAME_EL": "Λιουμπλιάνα", "NAME_HI": "लुब्लियाना", "NAME_HU": "Ljubljana", "NAME_ID": "Ljubljana", "NAME_IT": "Lubiana", "NAME_JA": "リュブリャナ", "NAME_KO": "류블랴나", "NAME_NL": "Ljubljana", "NAME_PL": "Lublana", "NAME_SV": "Ljubljana", "NAME_TR": "Ljubljana", "NAME_VI": "Ljubljana", "NE_ID": 1159149461, "NAME_FA": "لیوبلیانا", "NAME_HE": "ליובליאנה", "NAME_UK": "Любляна", "NAME_UR": "لیوبلیانا", "NAME_ZHT": "盧比安納", "GEONAMESID": 3196359, "FCLASS_ISO": null, "FCLASS_US": null, "FCLASS_FR": null, "FCLASS_RU": null, "FCLASS_ES": null, "FCLASS_CN": null, "FCLASS_TW": null, "FCLASS_IN": null, "FCLASS_NP": null, "FCLASS_PK": null, "FCLASS_DE": null, "FCLASS_GB": null, "FCLASS_BR": null, "FCLASS_IL": null, "FCLASS_PS": null, "FCLASS_SA": null, "FCLASS_EG": null, "FCLASS_MA": null, "FCLASS_PT": null, "FCLASS_AR": null, "FCLASS_JP": null, "FCLASS_KO": null, "FCLASS_VN": null, "FCLASS_TR": null, "FCLASS_ID": null, "FCLASS_PL": null, "FCLASS_GR": null, "FCLASS_IT": null, "FCLASS_NL": null, "FCLASS_SE": null, "FCLASS_BD": null, "FCLASS_UA": null, "FCLASS_TLC": null}, "bbox": [14.514969, 46.055288, 14.514969, 46.055288], "geometry": {"type": "Point", "coordinates": [14.514969, 46.055288]}}, {"type": "Feature", "properties": {"SCALERANK": 4, "NATSCALE": 50, "LABELRANK": 7, "FEATURECLA": "Admin-0 capital", "NAME": "Bern", "NAMEPAR": null, "NAMEALT": null, "NAMEASCII": "Bern", "ADM0CAP": 1, "CAPIN": null, "WORLDCITY": 0, "MEGACITY": 0, "SOV0NAME": "Switzerland", "SOV_A3": "CHE", "ADM0NAME": "Switzerland", "ADM0_A3": "CHE", "ADM1NAME": "Bern", "ISO_A2": "CH", "NOTE": null, "LATITUDE": 46.916683, "LONGITUDE": 7.466976, "POP_MAX": 275329, "POP_MIN": 121631, "POP_OTHER": 267814, "RANK_MAX": 10, "RANK_MIN": 9, "MEGANAME": null, "LS_NAME": "Bern", "MAX_POP10": 275329, "MAX_POP20": 275329, "MAX_POP50": 275329, "MAX_POP300": 275329, "MAX_POP310": 0, "MAX_NATSCA": 100, "MIN_AREAKM": 78, "MAX_AREAKM": 78, "MIN_AREAMI": 30, "MAX_AREAMI": 30, "MIN_PERKM": 85, "MAX_PERKM": 85, "MIN_PERMI": 53, "MAX_PERMI": 53, "MIN_BBXMIN": 7.375, "MAX_BBXMIN": 7.375, "MIN_BBXMAX": 7.533333, "MAX_BBXMAX": 7.533333, "MIN_BBYMIN": 46.9, "MAX_BBYMIN": 46.9, "MIN_BBYMAX": 47.041667, "MAX_BBYMAX": 47.041667, "MEAN_BBXC": 7.453227, "MEAN_BBYC": 46.958239, "TIMEZONE": "Europe/Zurich", "UN_FID": 0, "POP1950": 0, "POP1955": 0, "POP1960": 0, "POP1965": 0, "POP1970": 0, "POP1975": 0, "POP1980": 0, "POP1985": 0, "POP1990": 0, "POP1995": 0, "POP2000": 0, "POP2005": 0, "POP2010": 0, "POP2015": 0, "POP2020": 0, "POP2025": 0, "POP2050": 0, "MIN_ZOOM": 5.6, "WIKIDATAID": "Q70", "WOF_ID": 101748453, "CAPALT": 0, "NAME_EN": "Bern", "NAME_DE": "Bern", "NAME_ES": "Berna", "NAME_FR": "Berne", "NAME_PT": "Berna", "NAME_RU": "Берн", "NAME_ZH": "伯尔尼", "LABEL": null, "NAME_AR": "برن", "NAME_BN": "বের্ন", "NAME_EL": "Βέρνη", "NAME_HI": "बर्न", "NAME_HU": "Bern", "NAME_ID": "Bern", "NAME_IT": "Berna", "NAME_JA": "ベルン", "NAME_KO": "베른", "NAME_NL": "Bern", "NAME_PL": "Berno", "NAME_SV": "Bern", "NAME_TR": "Bern", "NAME_VI": "Bern", "NE_ID": 1159149737, "NAME_FA": "برن", "NAME_HE": "ברן", "NAME_UK": "Берн", "NAME_UR": "برن", "NAME_ZHT": "伯恩", "GEONAMESID": 2661552, "FCLASS_ISO": null, "FCLASS_US": null, "FCLASS_FR": null, "FCLASS_RU": null, "FCLASS_ES": null, "FCLASS_CN": null, "FCLASS_TW": null, "FCLASS_IN": null, "FCLASS_NP": null, "FCLASS_PK": null, "FCLASS_DE": null, "FCLASS_GB": null, "FCLASS_BR": null, "FCLASS_IL": null, "FCLASS_PS": null, "FCLASS_SA": null, "FCLASS_EG": null, "FCLASS_MA": null, "FCLASS_PT": null, "FCLASS_AR": null, "FCLASS_JP": null, "FCLASS_KO": null, "FCLASS_VN": null, "FCLASS_TR": null, "FCLASS_ID": null, "FCLASS_PL": null, "FCLASS_GR": null, "FCLASS_IT": null, "FCLASS_NL": null, "FCLASS_SE": null, "FCLASS_BD": null, "FCLASS_UA": null, "FCLASS_TLC": null}, "bbox": [7.466976, 46.916683, 7.466976, 46.916683], "geometry": {"type": "Point", "coordinates": [7.466976, 46.916683]}}, {"type": "Feature", "properties": {"SCALERANK": 4, "NATSCALE": 50, "LABELRANK": 7, "FEATURECLA": "Admin-1 capital", "NAME": "Malmö", "NAMEPAR": null, "NAMEALT": null, "NAMEASCII": "Malmo", "ADM0CAP": 0, "CAPIN": null, "WORLDCITY": 0, "MEGACITY": 0, "SOV0NAME": "Sweden", "SOV_A3": "SWE", "ADM0NAME": "Sweden", "ADM0_A3": "SWE", "ADM1NAME": "Skåne", "ISO_A2": "SE", "NOTE": null, "LATITUDE": 55.583337, "LONGITUDE": 13.033302, "POP_MAX": 269349, "POP_MIN": 261548, "POP_OTHER": 260156, "RANK_MAX": 10, "RANK_MIN": 10, "MEGANAME": null, "LS_NAME": "Malmo", "MAX_POP10": 269349, "MAX_POP20": 269349, "MAX_POP50": 269349, "MAX_POP300": 0, "MAX_POP310": 0, "MAX_NATSCA": 50, "MIN_AREAKM": 118, "MAX_AREAKM": 118, "MIN_AREAMI": 46, "MAX_AREAMI": 46, "MIN_PERKM": 100, "MAX_PERKM": 100, "MIN_PERMI": 62, "MAX_PERMI": 62, "MIN_BBXMIN": 12.908333, "MAX_BBXMIN": 12.908333, "MIN_BBXMAX": 13.133333, "MAX_BBXMAX": 13.133333, "MIN_BBYMIN": 55.525, "MAX_BBYMIN": 55.525, "MIN_BBYMAX": 55.708333, "MAX_BBYMAX": 55.708333, "MEAN_BBXC": 13.039187, "MEAN_BBYC": 55.59938, "TIMEZONE": "Europe/Stockholm", "UN_FID": 0, "POP1950": 0, "POP1955": 0, "POP1960": 0, "POP1965": 0, "POP1970": 0, "POP1975": 0, "POP1980": 0, "POP1985": 0, "POP1990": 0, "POP1995": 0, "POP2000": 0, "POP2005": 0, "POP2010": 0, "POP2015": 0, "POP2020": 0, "POP2025": 0, "POP2050": 0, "MIN_ZOOM": 5.1, "WIKIDATAID": "Q2211", "WOF_ID": 101752283, "CAPALT": 0, "NAME_EN": "Malmö", "NAME_DE": "Malmö", "NAME_ES": "Malmö", "NAME_FR": "Malmö", "NAME_PT": "Malmö", "NAME_RU": "Мальмё", "NAME_ZH": "马尔默", "LABEL": null, "NAME_AR": "مالمو", "NAME_BN": "মালমো", "NAME_EL": "Μάλμε", "NAME_HI": "मालमो", "NAME_HU": "Malmö", "NAME_ID": "Malmö", "NAME_IT": "Malmö", "NAME_JA": "マルメ", "NAME_KO": "말뫼", "NAME_NL": "Malmö", "NAME_PL": "Malmö", "NAME_SV": "Malmö", "NAME_TR": "Malmö", "NAME_VI": "Malmö", "NE_ID": 1159149739, "NAME_FA": "مالمو", "NAME_HE": "מאלמה", "NAME_UK": "Мальме", "NAME_UR": "مالمو", "NAME_ZHT": "馬爾摩", "GEONAMESID": 2692969, "FCLASS_ISO": null, "FCLASS_US": null, "FCLASS_FR": null, "FCLASS_RU": null, "FCLASS_ES": null, "FCLASS_CN": null, "FCLASS_TW": null, "FCLASS_IN": null, "FCLASS_NP": null, "FCLASS_PK": null, "FCLASS_DE": null, "FCLASS_GB": null, "FCLASS_BR": null, "FCLASS_IL": null, "FCLASS_PS": null, "FCLASS_SA": null, "FCLASS_EG": null, "FCLASS_MA": null, "FCLASS_PT": null, "FCLASS_AR": null, "FCLASS_JP": null, "FCLASS_KO": null, "FCLASS_VN": null, "FCLASS_TR": null, "FCLASS_ID": null, "FCLASS_PL": null, "FCLASS_GR": null, "FCLASS_IT": null, "FCLASS_NL": null, "FCLASS_SE": null, "FCLASS_BD": null, "FCLASS_UA": null, "FCLASS_TLC": null}, "bbox": [13.02306, 55.599424, 13.02306, 55.599424], "geometry": {"type": "Point", "coordinates": [13.02306, 55.599424]}}, {"type": "Feature", "properties": {"SCALERANK": 4, "NATSCALE": 50, "LABELRANK": 3, "FEATURECLA": "Admin-1 region capital", "NAME": "Florence", "NAMEPAR": null, "NAMEALT": null, "NAMEASCII": "Florence", "ADM0CAP": 0, "CAPIN": null, "WORLDCITY": 0, "MEGACITY": 0, "SOV0NAME": "Italy", "SOV_A3": "ITA", "ADM0NAME": "Italy", "ADM0_A3": "ITA", "ADM1NAME": "Toscana", "ISO_A2": "IT", "NOTE": null, "LATITUDE": 43.780001, "LONGITUDE": 11.25, "POP_MAX": 1500000, "POP_MIN": 371517, "POP_OTHER": 44781, "RANK_MAX": 12, "RANK_MIN": 10, "MEGANAME": null, "LS_NAME": "Florence3", "MAX_POP10": 916673, "MAX_POP20": 916673, "MAX_POP50": 916673, "MAX_POP300": 0, "MAX_POP310": 0, "MAX_NATSCA": 50, "MIN_AREAKM": 383, "MAX_AREAKM": 383, "MIN_AREAMI": 148, "MAX_AREAMI": 148, "MIN_PERKM": 348, "MAX_PERKM": 348, "MIN_PERMI": 216, "MAX_PERMI": 216, "MIN_BBXMIN": 10.866667, "MAX_BBXMIN": 10.866667, "MIN_BBXMAX": 11.341667, "MAX_BBXMAX": 11.341667, "MIN_BBYMIN": 43.716667, "MAX_BBYMIN": 43.716667, "MIN_BBYMAX": 43.983333, "MAX_BBYMAX": 43.983333, "MEAN_BBXC": 11.112554, "MEAN_BBYC": 43.838189, "TIMEZONE": "Europe/Rome", "UN_FID": 0, "POP1950": 0, "POP1955": 0, "POP1960": 0, "POP1965": 0, "POP1970": 0, "POP1975": 0, "POP1980": 0, "POP1985": 0, "POP1990": 0, "POP1995": 0, "POP2000": 0, "POP2005": 0, "POP2010": 0, "POP2015": 0, "POP2020": 0, "POP2025": 0, "POP2050": 0, "MIN_ZOOM": 5.6, "WIKIDATAID": "Q2044", "WOF_ID": 101752643, "CAPALT": 0, "NAME_EN": "Florence", "NAME_DE": "Florenz", "NAME_ES": "Florencia", "NAME_FR": "Florence", "NAME_PT": "Florença", "NAME_RU": "Флоренция", "NAME_ZH": "佛罗伦萨", "LABEL": null, "NAME_AR": "فلورنسا", "NAME_BN": "ফ্লোরেন্স", "NAME_EL": "Φλωρεντία", "NAME_HI": "फ़्लोरेन्स", "NAME_HU": "Firenze", "NAME_ID": "Firenze", "NAME_IT": "Firenze", "NAME_JA": "フィレンツェ", "NAME_KO": "피렌체", "NAME_NL": "Florence", "NAME_PL": "Florencja", "NAME_SV": "Florens", "NAME_TR": "Floransa", "NAME_VI": "Firenze", "NE_ID": 1159149751, "NAME_FA": "فلورانس", "NAME_HE": "פירנצה", "NAME_UK": "Флоренція", "NAME_UR": "فلورنس", "NAME_ZHT": "佛羅倫斯", "GEONAMESID": 3176959, "FCLASS_ISO": null, "FCLASS_US": null, "FCLASS_FR": null, "FCLASS_RU": null, "FCLASS_ES": null, "FCLASS_CN": null, "FCLASS_TW": null, "FCLASS_IN": null, "FCLASS_NP": null, "FCLASS_PK": null, "FCLASS_DE": null, "FCLASS_GB": null, "FCLASS_BR": null, "FCLASS_IL": null, "FCLASS_PS": null, "FCLASS_SA": null, "FCLASS_EG": null, "FCLASS_MA": null, "FCLASS_PT": null, "FCLASS_AR": null, "FCLASS_JP": null, "FCLASS_KO": null, "FCLASS_VN": null, "FCLASS_TR": null, "FCLASS_ID": null, "FCLASS_PL": null, "FCLASS_GR": null, "FCLASS_IT": null, "FCLASS_NL": null, "FCLASS_SE": null, "FCLASS_BD": null, "FCLASS_UA": null, "FCLASS_TLC": null}, "bbox": [11.25, 43.780001, 11.25, 43.780001], "geometry": {"type": "Point", "coordinates": [11.25, 43.780001]}}, {"type": "Feature", "properties": {"SCALERANK": 4, "NATSCALE": 50, "LABELRANK": 3, "FEATURECLA": "Admin-1 capital", "NAME": "Dresden", "NAMEPAR": null, "NAMEALT": null, "NAMEASCII": "Dresden", "ADM0CAP": 0, "CAPIN": null, "WORLDCITY": 0, "MEGACITY": 0, "SOV0NAME": "Germany", "SOV_A3": "DEU", "ADM0NAME": "Germany", "ADM0_A3": "DEU", "ADM1NAME": "Sachsen", "ISO_A2": "DE", "NOTE": null, "LATITUDE": 51.049971, "LONGITUDE": 13.750003, "POP_MAX": 617515, "POP_MIN": 486854, "POP_OTHER": 558200, "RANK_MAX": 11, "RANK_MIN": 10, "MEGANAME": null, "LS_NAME": "Dresden", "MAX_POP10": 617515, "MAX_POP20": 617515, "MAX_POP50": 617515, "MAX_POP300": 0, "MAX_POP310": 0, "MAX_NATSCA": 50, "MIN_AREAKM": 370, "MAX_AREAKM": 370, "MIN_AREAMI": 143, "MAX_AREAMI": 143, "MIN_PERKM": 390, "MAX_PERKM": 390, "MIN_PERMI": 242, "MAX_PERMI": 242, "MIN_BBXMIN": 13.433333, "MAX_BBXMIN": 13.433333, "MIN_BBXMAX": 13.983333, "MAX_BBXMAX": 13.983333, "MIN_BBYMIN": 50.9, "MAX_BBYMIN": 50.9, "MIN_BBYMAX": 51.208333, "MAX_BBYMAX": 51.208333, "MEAN_BBXC": 13.721675, "MEAN_BBYC": 51.057656, "TIMEZONE": "Europe/Berlin", "UN_FID": 0, "POP1950": 0, "POP1955": 0, "POP1960": 0, "POP1965": 0, "POP1970": 0, "POP1975": 0, "POP1980": 0, "POP1985": 0, "POP1990": 0, "POP1995": 0, "POP2000": 0, "POP2005": 0, "POP2010": 0, "POP2015": 0, "POP2020": 0, "POP2025": 0, "POP2050": 0, "MIN_ZOOM": 5, "WIKIDATAID": "Q1731", "WOF_ID": 101752773, "CAPALT": 0, "NAME_EN": "Dresden", "NAME_DE": "Dresden", "NAME_ES": "Dresde", "NAME_FR": "Dresde", "NAME_PT": "Dresden", "NAME_RU": "Дрезден", "NAME_ZH": "德累斯顿", "LABEL": null, "NAME_AR": "درسدن", "NAME_BN": "ড্রেসডেন", "NAME_EL": "Δρέσδη", "NAME_HI": "ड्रेसडेन", "NAME_HU": "Drezda", "NAME_ID": "Dresden", "NAME_IT": "Dresda", "NAME_JA": "ドレスデン", "NAME_KO": "드레스덴", "NAME_NL": "Dresden", "NAME_PL": "Drezno", "NAME_SV": "Dresden", "NAME_TR": "Dresden", "NAME_VI": "Dresden", "NE_ID": 1159149871, "NAME_FA": "درسدن", "NAME_HE": "דרזדן", "NAME_UK": "Дрезден", "NAME_UR": "ڈریسڈن", "NAME_ZHT": "德累斯頓市", "GEONAMESID": 2935022, "FCLASS_ISO": null, "FCLASS_US": null, "FCLASS_FR": null, "FCLASS_RU": null, "FCLASS_ES": null, "FCLASS_CN": null, "FCLASS_TW": null, "FCLASS_IN": null, "FCLASS_NP": null, "FCLASS_PK": null, "FCLASS_DE": null, "FCLASS_GB": null, "FCLASS_BR": null, "FCLASS_IL": null, "FCLASS_PS": null, "FCLASS_SA": null, "FCLASS_EG": null, "FCLASS_MA": null, "FCLASS_PT": null, "FCLASS_AR": null, "FCLASS_JP": null, "FCLASS_KO": null, "FCLASS_VN": null, "FCLASS_TR": null, "FCLASS_ID": null, "FCLASS_PL": null, "FCLASS_GR": null, "FCLASS_IT": null, "FCLASS_NL": null, "FCLASS_SE": null, "FCLASS_BD": null, "FCLASS_UA": null, "FCLASS_TLC": null}, "bbox": [13.750003, 51.049971, 13.750003, 51.049971], "geometry": {"type": "Point", "coordinates": [13.750003, 51.049971]}}, {"type": "Feature", "properties": {"SCALERANK": 4, "NATSCALE": 50, "LABELRANK": 3, "FEATURECLA": "Admin-1 region capital", "NAME": "Bordeaux", "NAMEPAR": null, "NAMEALT": null, "NAMEASCII": "Bordeaux", "ADM0CAP": 0, "CAPIN": null, "WORLDCITY": 0, "MEGACITY": 1, "SOV0NAME": "French Republic", "SOV_A3": "FRA", "ADM0NAME": "France", "ADM0_A3": "FRA", "ADM1NAME": "Aquitaine", "ISO_A2": "FR", "NOTE": null, "LATITUDE": 44.851959, "LONGITUDE": -0.596959, "POP_MAX": 803000, "POP_MIN": 231844, "POP_OTHER": 608339, "RANK_MAX": 11, "RANK_MIN": 10, "MEGANAME": "Bordeaux", "LS_NAME": "Bordeaux", "MAX_POP10": 636724, "MAX_POP20": 636724, "MAX_POP50": 636724, "MAX_POP300": 0, "MAX_POP310": 0, "MAX_NATSCA": 50, "MIN_AREAKM": 414, "MAX_AREAKM": 414, "MIN_AREAMI": 160, "MAX_AREAMI": 160, "MIN_PERKM": 366, "MAX_PERKM": 366, "MIN_PERMI": 227, "MAX_PERMI": 227, "MIN_BBXMIN": -0.791667, "MAX_BBXMIN": -0.791667, "MIN_BBXMAX": -0.416667, "MAX_BBXMAX": -0.416667, "MIN_BBYMIN": 44.708333, "MAX_BBYMIN": 44.708333, "MIN_BBYMAX": 44.966667, "MAX_BBYMAX": 44.966667, "MEAN_BBXC": -0.603417, "MEAN_BBYC": 44.839356, "TIMEZONE": "Europe/Paris", "UN_FID": 184, "POP1950": 430, "POP1955": 447, "POP1960": 495, "POP1965": 543, "POP1970": 584, "POP1975": 614, "POP1980": 633, "POP1985": 663, "POP1990": 698, "POP1995": 730, "POP2000": 763, "POP2005": 793, "POP2010": 803, "POP2015": 817, "POP2020": 836, "POP2025": 853, "POP2050": 869, "MIN_ZOOM": 5, "WIKIDATAID": "Q1479", "WOF_ID": 101748979, "CAPALT": 0, "NAME_EN": "Bordeaux", "NAME_DE": "Bordeaux", "NAME_ES": "Burdeos", "NAME_FR": "Bordeaux", "NAME_PT": "Bordéus", "NAME_RU": "Бордо", "NAME_ZH": "波尔多", "LABEL": null, "NAME_AR": "بوردو", "NAME_BN": "বর্দো", "NAME_EL": "Μπορντώ", "NAME_HI": "बोर्दो", "NAME_HU": "Bordeaux", "NAME_ID": "Bordeaux", "NAME_IT": "Bordeaux", "NAME_JA": "ボルドー", "NAME_KO": "보르도", "NAME_NL": "Bordeaux", "NAME_PL": "Bordeaux", "NAME_SV": "Bordeaux", "NAME_TR": "Bordeaux", "NAME_VI": "Bordeaux", "NE_ID": 1159150035, "NAME_FA": "بوردو", "NAME_HE": "בורדו", "NAME_UK": "Бордо", "NAME_UR": "بورڈو", "NAME_ZHT": "波爾多", "GEONAMESID": 3031582, "FCLASS_ISO": null, "FCLASS_US": null, "FCLASS_FR": null, "FCLASS_RU": null, "FCLASS_ES": null, "FCLASS_CN": null, "FCLASS_TW": null, "FCLASS_IN": null, "FCLASS_NP": null, "FCLASS_PK": null, "FCLASS_DE": null, "FCLASS_GB": null, "FCLASS_BR": null, "FCLASS_IL": null, "FCLASS_PS": null, "FCLASS_SA": null, "FCLASS_EG": null, "FCLASS_MA": null, "FCLASS_PT": null, "FCLASS_AR": null, "FCLASS_JP": null, "FCLASS_KO": null, "FCLASS_VN": null, "FCLASS_TR": null, "FCLASS_ID": null, "FCLASS_PL": null, "FCLASS_GR": null, "FCLASS_IT": null, "FCLASS_NL": null, "FCLASS_SE": null, "FCLASS_BD": null, "FCLASS_UA": null, "FCLASS_TLC": null}, "bbox": [-0.596959, 44.851959, -0.596959, 44.851959], "geometry": {"type": "Point", "coordinates": [-0.596959, 44.851959]}}, {"type": "Feature", "properties": {"SCALERANK": 4, "NATSCALE": 50, "LABELRANK": 3, "FEATURECLA": "Admin-1 region capital", "NAME": "Marseille", "NAMEPAR": null, "NAMEALT": "Marseille-Aix-en-Provence", "NAMEASCII": "Marseille", "ADM0CAP": 0, "CAPIN": null, "WORLDCITY": 0, "MEGACITY": 1, "SOV0NAME": "French Republic", "SOV_A3": "FRA", "ADM0NAME": "France", "ADM0_A3": "FRA", "ADM1NAME": "Provence-Alpes-Côte-d'Azur", "ISO_A2": "FR", "NOTE": null, "LATITUDE": 43.291925, "LONGITUDE": 5.373064, "POP_MAX": 1400000, "POP_MIN": 794811, "POP_OTHER": 813666, "RANK_MAX": 12, "RANK_MIN": 11, "MEGANAME": "Marseille-Aix-en-Provence", "LS_NAME": "Marseille", "MAX_POP10": 946129, "MAX_POP20": 1034294, "MAX_POP50": 1034294, "MAX_POP300": 0, "MAX_POP310": 0, "MAX_NATSCA": 50, "MIN_AREAKM": 285, "MAX_AREAKM": 361, "MIN_AREAMI": 110, "MAX_AREAMI": 140, "MIN_PERKM": 237, "MAX_PERKM": 327, "MIN_PERMI": 147, "MAX_PERMI": 203, "MIN_BBXMIN": 5.158333, "MAX_BBXMIN": 5.183333, "MIN_BBXMAX": 5.633333, "MAX_BBXMAX": 5.633333, "MIN_BBYMIN": 43.216667, "MAX_BBYMIN": 43.216667, "MIN_BBYMAX": 43.466123, "MAX_BBYMAX": 43.525, "MEAN_BBXC": 5.397504, "MEAN_BBYC": 43.351337, "TIMEZONE": "Europe/Paris", "UN_FID": 187, "POP1950": 756, "POP1955": 798, "POP1960": 929, "POP1965": 1069, "POP1970": 1182, "POP1975": 1253, "POP1980": 1295, "POP1985": 1307, "POP1990": 1305, "POP1995": 1331, "POP2000": 1357, "POP2005": 1386, "POP2010": 1400, "POP2015": 1418, "POP2020": 1445, "POP2025": 1469, "POP2050": 1490, "MIN_ZOOM": 5, "WIKIDATAID": "Q23482", "WOF_ID": 101749199, "CAPALT": 0, "NAME_EN": "Marseille", "NAME_DE": "Marseille", "NAME_ES": "Marsella", "NAME_FR": "Marseille", "NAME_PT": "Marselha", "NAME_RU": "Марсель", "NAME_ZH": "马赛", "LABEL": null, "NAME_AR": "مارسيليا", "NAME_BN": "মার্সেই", "NAME_EL": "Μασσαλία", "NAME_HI": "मार्सैय", "NAME_HU": "Marseille", "NAME_ID": "Marseille", "NAME_IT": "Marsiglia", "NAME_JA": "マルセイユ", "NAME_KO": "마르세유", "NAME_NL": "Marseille", "NAME_PL": "Marsylia", "NAME_SV": "Marseille", "NAME_TR": "Marsilya", "NAME_VI": "Marseille", "NE_ID": 1159150037, "NAME_FA": "مارسی", "NAME_HE": "מרסיי", "NAME_UK": "Марсель", "NAME_UR": "مارسیلز", "NAME_ZHT": "馬賽", "GEONAMESID": 2995469, "FCLASS_ISO": null, "FCLASS_US": null, "FCLASS_FR": null, "FCLASS_RU": null, "FCLASS_ES": null, "FCLASS_CN": null, "FCLASS_TW": null, "FCLASS_IN": null, "FCLASS_NP": null, "FCLASS_PK": null, "FCLASS_DE": null, "FCLASS_GB": null, "FCLASS_BR": null, "FCLASS_IL": null, "FCLASS_PS": null, "FCLASS_SA": null, "FCLASS_EG": null, "FCLASS_MA": null, "FCLASS_PT": null, "FCLASS_AR": null, "FCLASS_JP": null, "FCLASS_KO": null, "FCLASS_VN": null, "FCLASS_TR": null, "FCLASS_ID": null, "FCLASS_PL": null, "FCLASS_GR": null, "FCLASS_IT": null, "FCLASS_NL": null, "FCLASS_SE": null, "FCLASS_BD": null, "FCLASS_UA": null, "FCLASS_TLC": null}, "bbox": [5.373064, 43.291925, 5.373064, 43.291925], "geometry": {"type": "Point", "coordinates": [5.373064, 43.291925]}}, {"type": "Feature", "properties": {"SCALERANK": 4, "NATSCALE": 50, "LABELRANK": 3, "FEATURECLA": "Populated place", "NAME": "Le Havre", "NAMEPAR": null, "NAMEALT": null, "NAMEASCII": "Le Havre", "ADM0CAP": 0, "CAPIN": null, "WORLDCITY": 0, "MEGACITY": 0, "SOV0NAME": "French Republic", "SOV_A3": "FRA", "ADM0NAME": "France", "ADM0_A3": "FRA", "ADM1NAME": "Haute-Normandie", "ISO_A2": "FR", "NOTE": null, "LATITUDE": 49.504974, "LONGITUDE": 0.10497, "POP_MAX": 242124, "POP_MIN": 185972, "POP_OTHER": 231252, "RANK_MAX": 10, "RANK_MIN": 9, "MEGANAME": null, "LS_NAME": "Le Havre", "MAX_POP10": 242124, "MAX_POP20": 242124, "MAX_POP50": 242124, "MAX_POP300": 0, "MAX_POP310": 0, "MAX_NATSCA": 50, "MIN_AREAKM": 132, "MAX_AREAKM": 132, "MIN_AREAMI": 51, "MAX_AREAMI": 51, "MIN_PERKM": 137, "MAX_PERKM": 137, "MIN_PERMI": 85, "MAX_PERMI": 85, "MIN_BBXMIN": 0.066667, "MAX_BBXMIN": 0.066667, "MIN_BBXMAX": 0.333333, "MAX_BBXMAX": 0.333333, "MIN_BBYMIN": 49.458333, "MAX_BBYMIN": 49.458333, "MIN_BBYMAX": 49.575, "MAX_BBYMAX": 49.575, "MEAN_BBXC": 0.185593, "MEAN_BBYC": 49.506532, "TIMEZONE": "Europe/Paris", "UN_FID": 0, "POP1950": 0, "POP1955": 0, "POP1960": 0, "POP1965": 0, "POP1970": 0, "POP1975": 0, "POP1980": 0, "POP1985": 0, "POP1990": 0, "POP1995": 0, "POP2000": 0, "POP2005": 0, "POP2010": 0, "POP2015": 0, "POP2020": 0, "POP2025": 0, "POP2050": 0, "MIN_ZOOM": 5, "WIKIDATAID": "Q42810", "WOF_ID": 101750183, "CAPALT": 0, "NAME_EN": "Le Havre", "NAME_DE": "Le Havre", "NAME_ES": "El Havre", "NAME_FR": "Le Havre", "NAME_PT": "Le Havre", "NAME_RU": "Гавр", "NAME_ZH": "勒阿弗尔", "LABEL": null, "NAME_AR": "لو هافر", "NAME_BN": "ল্য আভ্র", "NAME_EL": "Χάβρη", "NAME_HI": "ल हावरे", "NAME_HU": "Le Havre", "NAME_ID": "Le Havre", "NAME_IT": "Le Havre", "NAME_JA": "ル・アーヴル", "NAME_KO": "르아브르", "NAME_NL": "Le Havre", "NAME_PL": "Hawr", "NAME_SV": "Le Havre", "NAME_TR": "Le Havre", "NAME_VI": "Le Havre", "NE_ID": 1159150039, "NAME_FA": "لو اور", "NAME_HE": "לה האבר", "NAME_UK": "Гавр", "NAME_UR": "لو آور", "NAME_ZHT": "利哈佛", "GEONAMESID": 3003796, "FCLASS_ISO": null, "FCLASS_US": null, "FCLASS_FR": null, "FCLASS_RU": null, "FCLASS_ES": null, "FCLASS_CN": null, "FCLASS_TW": null, "FCLASS_IN": null, "FCLASS_NP": null, "FCLASS_PK": null, "FCLASS_DE": null, "FCLASS_GB": null, "FCLASS_BR": null, "FCLASS_IL": null, "FCLASS_PS": null, "FCLASS_SA": null, "FCLASS_EG": null, "FCLASS_MA": null, "FCLASS_PT": null, "FCLASS_AR": null, "FCLASS_JP": null, "FCLASS_KO": null, "FCLASS_VN": null, "FCLASS_TR": null, "FCLASS_ID": null, "FCLASS_PL": null, "FCLASS_GR": null, "FCLASS_IT": null, "FCLASS_NL": null, "FCLASS_SE": null, "FCLASS_BD": null, "FCLASS_UA": null, "FCLASS_TLC": null}, "bbox": [0.10497, 49.504974, 0.10497, 49.504974], "geometry": {"type": "Point", "coordinates": [0.10497, 49.504974]}}, {"type": "Feature", "properties": {"SCALERANK": 4, "NATSCALE": 50, "LABELRANK": 3, "FEATURECLA": "Admin-1 region capital", "NAME": "Venice", "NAMEPAR": null, "NAMEALT": null, "NAMEASCII": "Venice", "ADM0CAP": 0, "CAPIN": null, "WORLDCITY": 0, "MEGACITY": 0, "SOV0NAME": "Italy", "SOV_A3": "ITA", "ADM0NAME": "Italy", "ADM0_A3": "ITA", "ADM1NAME": "Veneto", "ISO_A2": "IT", "NOTE": null, "LATITUDE": 45.438659, "LONGITUDE": 12.334999, "POP_MAX": 270816, "POP_MIN": 270816, "POP_OTHER": 27445, "RANK_MAX": 10, "RANK_MIN": 10, "MEGANAME": null, "LS_NAME": "Venice", "MAX_POP10": 27861, "MAX_POP20": 27861, "MAX_POP50": 27861, "MAX_POP300": 0, "MAX_POP310": 0, "MAX_NATSCA": 50, "MIN_AREAKM": 13, "MAX_AREAKM": 13, "MIN_AREAMI": 5, "MAX_AREAMI": 5, "MIN_PERKM": 20, "MAX_PERKM": 20, "MIN_PERMI": 12, "MAX_PERMI": 12, "MIN_BBXMIN": 12.308333, "MAX_BBXMIN": 12.308333, "MIN_BBXMAX": 12.375, "MAX_BBXMAX": 12.375, "MIN_BBYMIN": 45.416667, "MAX_BBYMIN": 45.416667, "MIN_BBYMAX": 45.45, "MAX_BBYMAX": 45.45, "MEAN_BBXC": 12.335606, "MEAN_BBYC": 45.434091, "TIMEZONE": "Europe/Rome", "UN_FID": 0, "POP1950": 0, "POP1955": 0, "POP1960": 0, "POP1965": 0, "POP1970": 0, "POP1975": 0, "POP1980": 0, "POP1985": 0, "POP1990": 0, "POP1995": 0, "POP2000": 0, "POP2005": 0, "POP2010": 0, "POP2015": 0, "POP2020": 0, "POP2025": 0, "POP2050": 0, "MIN_ZOOM": 5.1, "WIKIDATAID": "Q641", "WOF_ID": 101752689, "CAPALT": 0, "NAME_EN": "Venice", "NAME_DE": "Venedig", "NAME_ES": "Venecia", "NAME_FR": "Venise", "NAME_PT": "Veneza", "NAME_RU": "Венеция", "NAME_ZH": "威尼斯", "LABEL": null, "NAME_AR": "البندقية", "NAME_BN": "ভেনিস", "NAME_EL": "Βενετία", "NAME_HI": "वेनिस", "NAME_HU": "Velence", "NAME_ID": "Venesia", "NAME_IT": "Venezia", "NAME_JA": "ヴェネツィア", "NAME_KO": "베네치아", "NAME_NL": "Venetië", "NAME_PL": "Wenecja", "NAME_SV": "Venedig", "NAME_TR": "Venedik", "NAME_VI": "Venezia", "NE_ID": 1159150277, "NAME_FA": "ونیز", "NAME_HE": "ונציה", "NAME_UK": "Венеція", "NAME_UR": "وینس", "NAME_ZHT": "威尼斯", "GEONAMESID": 3164603, "FCLASS_ISO": null, "FCLASS_US": null, "FCLASS_FR": null, "FCLASS_RU": null, "FCLASS_ES": null, "FCLASS_CN": null, "FCLASS_TW": null, "FCLASS_IN": null, "FCLASS_NP": null, "FCLASS_PK": null, "FCLASS_DE": null, "FCLASS_GB": null, "FCLASS_BR": null, "FCLASS_IL": null, "FCLASS_PS": null, "FCLASS_SA": null, "FCLASS_EG": null, "FCLASS_MA": null, "FCLASS_PT": null, "FCLASS_AR": null, "FCLASS_JP": null, "FCLASS_KO": null, "FCLASS_VN": null, "FCLASS_TR": null, "FCLASS_ID": null, "FCLASS_PL": null, "FCLASS_GR": null, "FCLASS_IT": null, "FCLASS_NL": null, "FCLASS_SE": null, "FCLASS_BD": null, "FCLASS_UA": null, "FCLASS_TLC": null}, "bbox": [12.334999, 45.438659, 12.334999, 45.438659], "geometry": {"type": "Point", "coordinates": [12.334999, 45.438659]}}, {"type": "Feature", "properties": {"SCALERANK": 3, "NATSCALE": 110, "LABELRANK": 5, "FEATURECLA": "Populated place", "NAME": "Glasgow", "NAMEPAR": null, "NAMEALT": null, "NAMEASCII": "Glasgow", "ADM0CAP": 0, "CAPIN": null, "WORLDCITY": 0, "MEGACITY": 1, "SOV0NAME": "United Kingdom", "SOV_A3": "GBR", "ADM0NAME": "United Kingdom", "ADM0_A3": "GBR", "ADM1NAME": "Glasgow", "ISO_A2": "GB", "NOTE": null, "LATITUDE": 55.876351, "LONGITUDE": -4.252653, "POP_MAX": 1160000, "POP_MIN": 610268, "POP_OTHER": 3240, "RANK_MAX": 12, "RANK_MIN": 11, "MEGANAME": "Glasgow", "LS_NAME": "Glasgow2", "MAX_POP10": 1216706, "MAX_POP20": 1233551, "MAX_POP50": 1233551, "MAX_POP300": 1233551, "MAX_POP310": 0, "MAX_NATSCA": 100, "MIN_AREAKM": 468, "MAX_AREAKM": 483, "MIN_AREAMI": 181, "MAX_AREAMI": 187, "MIN_PERKM": 377, "MAX_PERKM": 408, "MIN_PERMI": 234, "MAX_PERMI": 254, "MIN_BBXMIN": -4.558333, "MAX_BBXMIN": -4.510663, "MIN_BBXMAX": -3.858333, "MAX_BBXMAX": -3.858333, "MIN_BBYMIN": 55.733333, "MAX_BBYMIN": 55.733333, "MIN_BBYMAX": 55.958333, "MAX_BBYMAX": 55.958333, "MEAN_BBXC": -4.225184, "MEAN_BBYC": 55.843904, "TIMEZONE": "Europe/London", "UN_FID": 517, "POP1950": 1755, "POP1955": 1777, "POP1960": 1798, "POP1965": 1770, "POP1970": 1734, "POP1975": 1601, "POP1980": 1461, "POP1985": 1334, "POP1990": 1217, "POP1995": 1186, "POP2000": 1171, "POP2005": 1160, "POP2010": 1160, "POP2015": 1164, "POP2020": 1175, "POP2025": 1187, "POP2050": 1197, "MIN_ZOOM": 4, "WIKIDATAID": "Q4093", "WOF_ID": 1175612707, "CAPALT": 0, "NAME_EN": "Glasgow", "NAME_DE": "Glasgow", "NAME_ES": "Glasgow", "NAME_FR": "Glasgow", "NAME_PT": "Glasgow", "NAME_RU": "Глазго", "NAME_ZH": "格拉斯哥", "LABEL": null, "NAME_AR": "غلاسكو", "NAME_BN": "গ্লাসগো", "NAME_EL": "Γλασκώβη", "NAME_HI": "ग्लासगो", "NAME_HU": "Glasgow", "NAME_ID": "Glasgow", "NAME_IT": "Glasgow", "NAME_JA": "グラスゴー", "NAME_KO": "글래스고", "NAME_NL": "Glasgow", "NAME_PL": "Glasgow", "NAME_SV": "Glasgow", "NAME_TR": "Glasgow", "NAME_VI": "Glasgow", "NE_ID": 1159150591, "NAME_FA": "گلاسگو", "NAME_HE": "גלאזגו", "NAME_UK": "Глазго", "NAME_UR": "گلاسگو", "NAME_ZHT": "格拉斯哥", "GEONAMESID": 2648579, "FCLASS_ISO": null, "FCLASS_US": null, "FCLASS_FR": null, "FCLASS_RU": null, "FCLASS_ES": null, "FCLASS_CN": null, "FCLASS_TW": null, "FCLASS_IN": null, "FCLASS_NP": null, "FCLASS_PK": null, "FCLASS_DE": null, "FCLASS_GB": null, "FCLASS_BR": null, "FCLASS_IL": null, "FCLASS_PS": null, "FCLASS_SA": null, "FCLASS_EG": null, "FCLASS_MA": null, "FCLASS_PT": null, "FCLASS_AR": null, "FCLASS_JP": null, "FCLASS_KO": null, "FCLASS_VN": null, "FCLASS_TR": null, "FCLASS_ID": null, "FCLASS_PL": null, "FCLASS_GR": null, "FCLASS_IT": null, "FCLASS_NL": null, "FCLASS_SE": null, "FCLASS_BD": null, "FCLASS_UA": null, "FCLASS_TLC": null}, "bbox": [-4.239101, 55.86227, -4.239101, 55.86227], "geometry": {"type": "Point", "coordinates": [-4.239101, 55.86227]}}, {"type": "Feature", "properties": {"SCALERANK": 3, "NATSCALE": 110, "LABELRANK": 3, "FEATURECLA": "Admin-1 region capital", "NAME": "Lyon", "NAMEPAR": null, "NAMEALT": null, "NAMEASCII": "Lyon", "ADM0CAP": 0, "CAPIN": null, "WORLDCITY": 0, "MEGACITY": 1, "SOV0NAME": "French Republic", "SOV_A3": "FRA", "ADM0NAME": "France", "ADM0_A3": "FRA", "ADM1NAME": "Rhône-Alpes", "ISO_A2": "FR", "NOTE": null, "LATITUDE": 45.771954, "LONGITUDE": 4.828085, "POP_MAX": 1423000, "POP_MIN": 472317, "POP_OTHER": 1290131, "RANK_MAX": 12, "RANK_MIN": 10, "MEGANAME": "Lyon", "LS_NAME": "Lyon", "MAX_POP10": 1390348, "MAX_POP20": 1390348, "MAX_POP50": 1390348, "MAX_POP300": 1390348, "MAX_POP310": 0, "MAX_NATSCA": 100, "MIN_AREAKM": 656, "MAX_AREAKM": 656, "MIN_AREAMI": 253, "MAX_AREAMI": 253, "MIN_PERKM": 599, "MAX_PERKM": 599, "MIN_PERMI": 372, "MAX_PERMI": 372, "MIN_BBXMIN": 4.641667, "MAX_BBXMIN": 4.641667, "MIN_BBXMAX": 5.083333, "MAX_BBXMAX": 5.083333, "MIN_BBYMIN": 45.5, "MAX_BBYMIN": 45.5, "MIN_BBYMAX": 45.966667, "MAX_BBYMAX": 45.966667, "MEAN_BBXC": 4.839848, "MEAN_BBYC": 45.751117, "TIMEZONE": "Europe/Paris", "UN_FID": 186, "POP1950": 731, "POP1955": 768, "POP1960": 904, "POP1965": 1027, "POP1970": 1116, "POP1975": 1173, "POP1980": 1209, "POP1985": 1238, "POP1990": 1265, "POP1995": 1313, "POP2000": 1362, "POP2005": 1407, "POP2010": 1423, "POP2015": 1443, "POP2020": 1471, "POP2025": 1495, "POP2050": 1516, "MIN_ZOOM": 4.7, "WIKIDATAID": "Q456", "WOF_ID": 101749431, "CAPALT": 0, "NAME_EN": "Lyon", "NAME_DE": "Lyon", "NAME_ES": "Lyon", "NAME_FR": "Lyon", "NAME_PT": "Lyon", "NAME_RU": "Лион", "NAME_ZH": "里昂", "LABEL": null, "NAME_AR": "ليون", "NAME_BN": "লিওঁ", "NAME_EL": "Λυών", "NAME_HI": "ल्यों", "NAME_HU": "Lyon", "NAME_ID": "Lyon", "NAME_IT": "Lione", "NAME_JA": "リヨン", "NAME_KO": "리옹", "NAME_NL": "Lyon", "NAME_PL": "Lyon", "NAME_SV": "Lyon", "NAME_TR": "Lyon", "NAME_VI": "Lyon", "NE_ID": 1159150845, "NAME_FA": "لیون", "NAME_HE": "ליון", "NAME_UK": "Ліон", "NAME_UR": "لیون", "NAME_ZHT": "里昂", "GEONAMESID": 2996944, "FCLASS_ISO": null, "FCLASS_US": null, "FCLASS_FR": null, "FCLASS_RU": null, "FCLASS_ES": null, "FCLASS_CN": null, "FCLASS_TW": null, "FCLASS_IN": null, "FCLASS_NP": null, "FCLASS_PK": null, "FCLASS_DE": null, "FCLASS_GB": null, "FCLASS_BR": null, "FCLASS_IL": null, "FCLASS_PS": null, "FCLASS_SA": null, "FCLASS_EG": null, "FCLASS_MA": null, "FCLASS_PT": null, "FCLASS_AR": null, "FCLASS_JP": null, "FCLASS_KO": null, "FCLASS_VN": null, "FCLASS_TR": null, "FCLASS_ID": null, "FCLASS_PL": null, "FCLASS_GR": null, "FCLASS_IT": null, "FCLASS_NL": null, "FCLASS_SE": null, "FCLASS_BD": null, "FCLASS_UA": null, "FCLASS_TLC": null}, "bbox": [4.828085, 45.771954, 4.828085, 45.771954], "geometry": {"type": "Point", "coordinates": [4.828085, 45.771954]}}, {"type": "Feature", "properties": {"SCALERANK": 3, "NATSCALE": 110, "LABELRANK": 8, "FEATURECLA": "Admin-0 capital", "NAME": "Zagreb", "NAMEPAR": null, "NAMEALT": null, "NAMEASCII": "Zagreb", "ADM0CAP": 1, "CAPIN": null, "WORLDCITY": 0, "MEGACITY": 0, "SOV0NAME": "Croatia", "SOV_A3": "HRV", "ADM0NAME": "Croatia", "ADM0_A3": "HRV", "ADM1NAME": "Grad Zagreb", "ISO_A2": "HR", "NOTE": null, "LATITUDE": 45.800007, "LONGITUDE": 15.999995, "POP_MAX": 722526, "POP_MIN": 698966, "POP_OTHER": 690638, "RANK_MAX": 11, "RANK_MIN": 11, "MEGANAME": null, "LS_NAME": "Zagreb", "MAX_POP10": 722526, "MAX_POP20": 722526, "MAX_POP50": 722526, "MAX_POP300": 722526, "MAX_POP310": 0, "MAX_NATSCA": 100, "MIN_AREAKM": 244, "MAX_AREAKM": 244, "MIN_AREAMI": 94, "MAX_AREAMI": 94, "MIN_PERKM": 223, "MAX_PERKM": 223, "MIN_PERMI": 138, "MAX_PERMI": 138, "MIN_BBXMIN": 15.825, "MAX_BBXMIN": 15.825, "MIN_BBXMAX": 16.191667, "MAX_BBXMAX": 16.191667, "MIN_BBYMIN": 45.683333, "MAX_BBYMIN": 45.683333, "MIN_BBYMAX": 45.908333, "MAX_BBYMAX": 45.908333, "MEAN_BBXC": 16.005419, "MEAN_BBYC": 45.803305, "TIMEZONE": "Europe/Zagreb", "UN_FID": 0, "POP1950": 0, "POP1955": 0, "POP1960": 0, "POP1965": 0, "POP1970": 0, "POP1975": 0, "POP1980": 0, "POP1985": 0, "POP1990": 0, "POP1995": 0, "POP2000": 0, "POP2005": 0, "POP2010": 0, "POP2015": 0, "POP2020": 0, "POP2025": 0, "POP2050": 0, "MIN_ZOOM": 5, "WIKIDATAID": "Q1435", "WOF_ID": 101751659, "CAPALT": 0, "NAME_EN": "Zagreb", "NAME_DE": "Zagreb", "NAME_ES": "Zagreb", "NAME_FR": "Zagreb", "NAME_PT": "Zagreb", "NAME_RU": "Загреб", "NAME_ZH": "萨格勒布", "LABEL": null, "NAME_AR": "زغرب", "NAME_BN": "জাগরেব", "NAME_EL": "Ζάγκρεμπ", "NAME_HI": "ज़ाग्रेब", "NAME_HU": "Zágráb", "NAME_ID": "Zagreb", "NAME_IT": "Zagabria", "NAME_JA": "ザグレブ", "NAME_KO": "자그레브", "NAME_NL": "Zagreb", "NAME_PL": "Zagrzeb", "NAME_SV": "Zagreb", "NAME_TR": "Zagreb", "NAME_VI": "Zagreb", "NE_ID": 1159150875, "NAME_FA": "زاگرب", "NAME_HE": "זאגרב", "NAME_UK": "Загреб", "NAME_UR": "زگریب", "NAME_ZHT": "札格雷布", "GEONAMESID": 3186886, "FCLASS_ISO": null, "FCLASS_US": null, "FCLASS_FR": null, "FCLASS_RU": null, "FCLASS_ES": null, "FCLASS_CN": null, "FCLASS_TW": null, "FCLASS_IN": null, "FCLASS_NP": null, "FCLASS_PK": null, "FCLASS_DE": null, "FCLASS_GB": null, "FCLASS_BR": null, "FCLASS_IL": null, "FCLASS_PS": null, "FCLASS_SA": null, "FCLASS_EG": null, "FCLASS_MA": null, "FCLASS_PT": null, "FCLASS_AR": null, "FCLASS_JP": null, "FCLASS_KO": null, "FCLASS_VN": null, "FCLASS_TR": null, "FCLASS_ID": null, "FCLASS_PL": null, "FCLASS_GR": null, "FCLASS_IT": null, "FCLASS_NL": null, "FCLASS_SE": null, "FCLASS_BD": null, "FCLASS_UA": null, "FCLASS_TLC": null}, "bbox": [15.999995, 45.800007, 15.999995, 45.800007], "geometry": {"type": "Point", "coordinates": [15.999995, 45.800007]}}, {"type": "Feature", "properties": {"SCALERANK": 2, "NATSCALE": 200, "LABELRANK": 7, "FEATURECLA": "Admin-1 capital", "NAME": "Zürich", "NAMEPAR": null, "NAMEALT": "Zurich", "NAMEASCII": "Zurich", "ADM0CAP": 0, "CAPIN": null, "WORLDCITY": 1, "MEGACITY": 1, "SOV0NAME": "Switzerland", "SOV_A3": "CHE", "ADM0NAME": "Switzerland", "ADM0_A3": "CHE", "ADM1NAME": "Zürich", "ISO_A2": "CH", "NOTE": null, "LATITUDE": 47.381934, "LONGITUDE": 8.548064, "POP_MAX": 1108000, "POP_MIN": 341730, "POP_OTHER": 779877, "RANK_MAX": 12, "RANK_MIN": 10, "MEGANAME": "Zarich", "LS_NAME": "Zarrich", "MAX_POP10": 799231, "MAX_POP20": 799231, "MAX_POP50": 799231, "MAX_POP300": 799231, "MAX_POP310": 799231, "MAX_NATSCA": 300, "MIN_AREAKM": 253, "MAX_AREAKM": 253, "MIN_AREAMI": 97, "MAX_AREAMI": 97, "MIN_PERKM": 287, "MAX_PERKM": 287, "MIN_PERMI": 178, "MAX_PERMI": 178, "MIN_BBXMIN": 8.341667, "MAX_BBXMIN": 8.341667, "MIN_BBXMAX": 8.758333, "MAX_BBXMAX": 8.758333, "MIN_BBYMIN": 47.233333, "MAX_BBYMIN": 47.233333, "MIN_BBYMAX": 47.475, "MAX_BBYMAX": 47.475, "MEAN_BBXC": 8.559806, "MEAN_BBYC": 47.366638, "TIMEZONE": "Europe/Zurich", "UN_FID": 468, "POP1950": 494, "POP1955": 514, "POP1960": 535, "POP1965": 614, "POP1970": 711, "POP1975": 713, "POP1980": 707, "POP1985": 836, "POP1990": 1006, "POP1995": 1048, "POP2000": 1078, "POP2005": 1100, "POP2010": 1108, "POP2015": 1119, "POP2020": 1134, "POP2025": 1150, "POP2050": 1172, "MIN_ZOOM": 4.7, "WIKIDATAID": "Q72", "WOF_ID": 101748463, "CAPALT": 0, "NAME_EN": "Zürich", "NAME_DE": "Zürich", "NAME_ES": "Zúrich", "NAME_FR": "Zurich", "NAME_PT": "Zurique", "NAME_RU": "Цюрих", "NAME_ZH": "苏黎世", "LABEL": null, "NAME_AR": "زيورخ", "NAME_BN": "জুরিখ", "NAME_EL": "Ζυρίχη", "NAME_HI": "ज़्यूरिख़", "NAME_HU": "Zürich", "NAME_ID": "Zürich", "NAME_IT": "Zurigo", "NAME_JA": "チューリッヒ", "NAME_KO": "취리히", "NAME_NL": "Zürich", "NAME_PL": "Zurych", "NAME_SV": "Zürich", "NAME_TR": "Zürih", "NAME_VI": "Zürich", "NE_ID": 1159151271, "NAME_FA": "زوریخ", "NAME_HE": "ציריך", "NAME_UK": "Цюрих", "NAME_UR": "زیورخ", "NAME_ZHT": "蘇黎世", "GEONAMESID": 2657896, "FCLASS_ISO": null, "FCLASS_US": null, "FCLASS_FR": null, "FCLASS_RU": null, "FCLASS_ES": null, "FCLASS_CN": null, "FCLASS_TW": null, "FCLASS_IN": null, "FCLASS_NP": null, "FCLASS_PK": null, "FCLASS_DE": null, "FCLASS_GB": null, "FCLASS_BR": null, "FCLASS_IL": null, "FCLASS_PS": null, "FCLASS_SA": null, "FCLASS_EG": null, "FCLASS_MA": null, "FCLASS_PT": null, "FCLASS_AR": null, "FCLASS_JP": null, "FCLASS_KO": null, "FCLASS_VN": null, "FCLASS_TR": null, "FCLASS_ID": null, "FCLASS_PL": null, "FCLASS_GR": null, "FCLASS_IT": null, "FCLASS_NL": null, "FCLASS_SE": null, "FCLASS_BD": null, "FCLASS_UA": null, "FCLASS_TLC": null}, "bbox": [8.548064, 47.381934, 8.548064, 47.381934], "geometry": {"type": "Point", "coordinates": [8.548064, 47.381934]}}, {"type": "Feature", "properties": {"SCALERANK": 2, "NATSCALE": 200, "LABELRANK": 3, "FEATURECLA": "Admin-1 region capital", "NAME": "Milan", "NAMEPAR": "Milano", "NAMEALT": null, "NAMEASCII": "Milan", "ADM0CAP": 0, "CAPIN": null, "WORLDCITY": 1, "MEGACITY": 1, "SOV0NAME": "Italy", "SOV_A3": "ITA", "ADM0NAME": "Italy", "ADM0_A3": "ITA", "ADM1NAME": "Lombardia", "ISO_A2": "IT", "NOTE": null, "LATITUDE": 45.471921, "LONGITUDE": 9.203063, "POP_MAX": 2945000, "POP_MIN": 1306661, "POP_OTHER": 2857662, "RANK_MAX": 12, "RANK_MIN": 12, "MEGANAME": "Milano", "LS_NAME": "Milan", "MAX_POP10": 3056070, "MAX_POP20": 3875976, "MAX_POP50": 5677284, "MAX_POP300": 5677284, "MAX_POP310": 5677284, "MAX_NATSCA": 300, "MIN_AREAKM": 962, "MAX_AREAKM": 2825, "MIN_AREAMI": 372, "MAX_AREAMI": 1091, "MIN_PERKM": 610, "MAX_PERKM": 2510, "MIN_PERMI": 379, "MAX_PERMI": 1559, "MIN_BBXMIN": 8.591667, "MAX_BBXMIN": 8.910831, "MIN_BBXMAX": 9.475, "MAX_BBXMAX": 10.041667, "MIN_BBYMIN": 45.308333, "MAX_BBYMIN": 45.308333, "MIN_BBYMAX": 45.713229, "MAX_BBYMAX": 45.925, "MEAN_BBXC": 9.204551, "MEAN_BBYC": 45.600452, "TIMEZONE": "Europe/Rome", "UN_FID": 305, "POP1950": 1883, "POP1955": 2099, "POP1960": 2395, "POP1965": 2695, "POP1970": 3017, "POP1975": 3133, "POP1980": 3168, "POP1985": 3128, "POP1990": 3063, "POP1995": 3020, "POP2000": 2985, "POP2005": 2953, "POP2010": 2945, "POP2015": 2940, "POP2020": 2938, "POP2025": 2938, "POP2050": 2938, "MIN_ZOOM": 4.7, "WIKIDATAID": "Q490", "WOF_ID": 101752703, "CAPALT": 0, "NAME_EN": "Milan", "NAME_DE": "Mailand", "NAME_ES": "Milán", "NAME_FR": "Milan", "NAME_PT": "Milão", "NAME_RU": "Милан", "NAME_ZH": "米兰", "LABEL": null, "NAME_AR": "ميلانو", "NAME_BN": "মিলান", "NAME_EL": "Μιλάνο", "NAME_HI": "मिलानो", "NAME_HU": "Milánó", "NAME_ID": "Milan", "NAME_IT": "Milano", "NAME_JA": "ミラノ", "NAME_KO": "밀라노", "NAME_NL": "Milaan", "NAME_PL": "Mediolan", "NAME_SV": "Milano", "NAME_TR": "Milano", "NAME_VI": "Milano", "NE_ID": 1159151315, "NAME_FA": "میلان", "NAME_HE": "מילאנו", "NAME_UK": "Мілан", "NAME_UR": "میلان", "NAME_ZHT": "米蘭", "GEONAMESID": 3173435, "FCLASS_ISO": null, "FCLASS_US": null, "FCLASS_FR": null, "FCLASS_RU": null, "FCLASS_ES": null, "FCLASS_CN": null, "FCLASS_TW": null, "FCLASS_IN": null, "FCLASS_NP": null, "FCLASS_PK": null, "FCLASS_DE": null, "FCLASS_GB": null, "FCLASS_BR": null, "FCLASS_IL": null, "FCLASS_PS": null, "FCLASS_SA": null, "FCLASS_EG": null, "FCLASS_MA": null, "FCLASS_PT": null, "FCLASS_AR": null, "FCLASS_JP": null, "FCLASS_KO": null, "FCLASS_VN": null, "FCLASS_TR": null, "FCLASS_ID": null, "FCLASS_PL": null, "FCLASS_GR": null, "FCLASS_IT": null, "FCLASS_NL": null, "FCLASS_SE": null, "FCLASS_BD": null, "FCLASS_UA": null, "FCLASS_TLC": null}, "bbox": [9.203063, 45.471921, 9.203063, 45.471921], "geometry": {"type": "Point", "coordinates": [9.203063, 45.471921]}}, {"type": "Feature", "properties": {"SCALERANK": 2, "NATSCALE": 200, "LABELRANK": 3, "FEATURECLA": "Populated place", "NAME": "Frankfurt", "NAMEPAR": null, "NAMEALT": "Frankfurt am Main", "NAMEASCII": "Frankfurt", "ADM0CAP": 0, "CAPIN": null, "WORLDCITY": 1, "MEGACITY": 0, "SOV0NAME": "Germany", "SOV_A3": "DEU", "ADM0NAME": "Germany", "ADM0_A3": "DEU", "ADM1NAME": "Hessen", "ISO_A2": "DE", "NOTE": null, "LATITUDE": 50.099977, "LONGITUDE": 8.675015, "POP_MAX": 2895000, "POP_MIN": 679664, "POP_OTHER": 1336708, "RANK_MAX": 12, "RANK_MIN": 11, "MEGANAME": null, "LS_NAME": "Frankfurt", "MAX_POP10": 1413896, "MAX_POP20": 1413896, "MAX_POP50": 2067127, "MAX_POP300": 2067127, "MAX_POP310": 2067127, "MAX_NATSCA": 300, "MIN_AREAKM": 570, "MAX_AREAKM": 870, "MIN_AREAMI": 220, "MAX_AREAMI": 336, "MIN_PERKM": 504, "MAX_PERKM": 797, "MIN_PERMI": 313, "MAX_PERMI": 495, "MIN_BBXMIN": 8.158333, "MAX_BBXMIN": 8.457733, "MIN_BBXMAX": 9.058333, "MAX_BBXMAX": 9.058333, "MIN_BBYMIN": 49.883333, "MAX_BBYMIN": 49.958333, "MIN_BBYMAX": 50.283333, "MAX_BBYMAX": 50.283333, "MEAN_BBXC": 8.616273, "MEAN_BBYC": 50.101588, "TIMEZONE": "Europe/Berlin", "UN_FID": 0, "POP1950": 0, "POP1955": 0, "POP1960": 0, "POP1965": 0, "POP1970": 0, "POP1975": 0, "POP1980": 0, "POP1985": 0, "POP1990": 0, "POP1995": 0, "POP2000": 0, "POP2005": 0, "POP2010": 0, "POP2015": 0, "POP2020": 0, "POP2025": 0, "POP2050": 0, "MIN_ZOOM": 4, "WIKIDATAID": "Q1794", "WOF_ID": 85796795, "CAPALT": 0, "NAME_EN": "Frankfurt", "NAME_DE": "Frankfurt", "NAME_ES": "Fráncfort", "NAME_FR": "Francfort", "NAME_PT": "Frankfurt", "NAME_RU": "Франкфурт-на-Майне", "NAME_ZH": "美因河畔法兰克福", "LABEL": null, "NAME_AR": "فرانكفورت", "NAME_BN": "ফ্রাঙ্কফুর্ট", "NAME_EL": "Φραγκφούρτη", "NAME_HI": "फ़्रैंकफ़र्ट", "NAME_HU": "Frankfurt", "NAME_ID": "Frankfurt", "NAME_IT": "Francoforte", "NAME_JA": "フランクフルト・アム・マイン", "NAME_KO": "프랑크푸르트", "NAME_NL": "Frankfurt", "NAME_PL": "Frankfurt", "NAME_SV": "Frankfurt", "NAME_TR": "Frankfurt", "NAME_VI": "Frankfurt", "NE_ID": 1159151351, "NAME_FA": "فرانکفورت آم ماین", "NAME_HE": "פרנקפורט", "NAME_UK": "Франкфурт-на-Майні", "NAME_UR": "فرینکفرٹ", "NAME_ZHT": "美茵河畔法蘭克福", "GEONAMESID": 2925533, "FCLASS_ISO": null, "FCLASS_US": null, "FCLASS_FR": null, "FCLASS_RU": null, "FCLASS_ES": null, "FCLASS_CN": null, "FCLASS_TW": null, "FCLASS_IN": null, "FCLASS_NP": null, "FCLASS_PK": null, "FCLASS_DE": null, "FCLASS_GB": null, "FCLASS_BR": null, "FCLASS_IL": null, "FCLASS_PS": null, "FCLASS_SA": null, "FCLASS_EG": null, "FCLASS_MA": null, "FCLASS_PT": null, "FCLASS_AR": null, "FCLASS_JP": null, "FCLASS_KO": null, "FCLASS_VN": null, "FCLASS_TR": null, "FCLASS_ID": null, "FCLASS_PL": null, "FCLASS_GR": null, "FCLASS_IT": null, "FCLASS_NL": null, "FCLASS_SE": null, "FCLASS_BD": null, "FCLASS_UA": null, "FCLASS_TLC": null}, "bbox": [8.675015, 50.099977, 8.675015, 50.099977], "geometry": {"type": "Point", "coordinates": [8.675015, 50.099977]}}, {"type": "Feature", "properties": {"SCALERANK": 2, "NATSCALE": 200, "LABELRANK": 3, "FEATURECLA": "Admin-1 capital", "NAME": "Hamburg", "NAMEPAR": null, "NAMEALT": null, "NAMEASCII": "Hamburg", "ADM0CAP": 0, "CAPIN": null, "WORLDCITY": 1, "MEGACITY": 1, "SOV0NAME": "Germany", "SOV_A3": "DEU", "ADM0NAME": "Germany", "ADM0_A3": "DEU", "ADM1NAME": "Hamburg", "ISO_A2": "DE", "NOTE": null, "LATITUDE": 53.551971, "LONGITUDE": 9.998053, "POP_MAX": 1757000, "POP_MIN": 1739117, "POP_OTHER": 1845995, "RANK_MAX": 12, "RANK_MIN": 12, "MEGANAME": "Hamburg", "LS_NAME": "Hamburg", "MAX_POP10": 1978939, "MAX_POP20": 1978043, "MAX_POP50": 1978043, "MAX_POP300": 0, "MAX_POP310": 0, "MAX_NATSCA": 50, "MIN_AREAKM": 780, "MAX_AREAKM": 782, "MIN_AREAMI": 301, "MAX_AREAMI": 302, "MIN_PERKM": 0, "MAX_PERKM": 702, "MIN_PERMI": 0, "MAX_PERMI": 436, "MIN_BBXMIN": 9.683333, "MAX_BBXMIN": 9.683333, "MIN_BBXMAX": 10.333333, "MAX_BBXMAX": 10.333333, "MIN_BBYMIN": 53.291667, "MAX_BBYMIN": 53.291667, "MIN_BBYMAX": 53.85, "MAX_BBYMAX": 53.85, "MEAN_BBXC": 10.015408, "MEAN_BBYC": 53.567893, "TIMEZONE": "Europe/Berlin", "UN_FID": 193, "POP1950": 1608, "POP1955": 1703, "POP1960": 1812, "POP1965": 1815, "POP1970": 1792, "POP1975": 1721, "POP1980": 1652, "POP1985": 1586, "POP1990": 1639, "POP1995": 1707, "POP2000": 1710, "POP2005": 1739, "POP2010": 1757, "POP2015": 1777, "POP2020": 1791, "POP2025": 1792, "POP2050": 1792, "MIN_ZOOM": 5, "WIKIDATAID": "Q1055", "WOF_ID": 101748841, "CAPALT": 0, "NAME_EN": "Hamburg", "NAME_DE": "Hamburg", "NAME_ES": "Hamburgo", "NAME_FR": "Hambourg", "NAME_PT": "Hamburgo", "NAME_RU": "Гамбург", "NAME_ZH": "汉堡", "LABEL": null, "NAME_AR": "هامبورغ", "NAME_BN": "হামবুর্গ", "NAME_EL": "Αμβούργο", "NAME_HI": "हैम्बर्ग", "NAME_HU": "Hamburg", "NAME_ID": "Hamburg", "NAME_IT": "Amburgo", "NAME_JA": "ハンブルク", "NAME_KO": "함부르크", "NAME_NL": "Hamburg", "NAME_PL": "Hamburg", "NAME_SV": "Hamburg", "NAME_TR": "Hamburg", "NAME_VI": "Hamburg", "NE_ID": 1159151353, "NAME_FA": "هامبورگ", "NAME_HE": "המבורג", "NAME_UK": "Гамбург", "NAME_UR": "ہامبرگ", "NAME_ZHT": "漢堡", "GEONAMESID": 2911298, "FCLASS_ISO": null, "FCLASS_US": null, "FCLASS_FR": null, "FCLASS_RU": null, "FCLASS_ES": null, "FCLASS_CN": null, "FCLASS_TW": null, "FCLASS_IN": null, "FCLASS_NP": null, "FCLASS_PK": null, "FCLASS_DE": null, "FCLASS_GB": null, "FCLASS_BR": null, "FCLASS_IL": null, "FCLASS_PS": null, "FCLASS_SA": null, "FCLASS_EG": null, "FCLASS_MA": null, "FCLASS_PT": null, "FCLASS_AR": null, "FCLASS_JP": null, "FCLASS_KO": null, "FCLASS_VN": null, "FCLASS_TR": null, "FCLASS_ID": null, "FCLASS_PL": null, "FCLASS_GR": null, "FCLASS_IT": null, "FCLASS_NL": null, "FCLASS_SE": null, "FCLASS_BD": null, "FCLASS_UA": null, "FCLASS_TLC": null}, "bbox": [9.998053, 53.551971, 9.998053, 53.551971], "geometry": {"type": "Point", "coordinates": [9.998053, 53.551971]}}, {"type": "Feature", "properties": {"SCALERANK": 2, "NATSCALE": 200, "LABELRANK": 3, "FEATURECLA": "Admin-1 capital", "NAME": "Munich", "NAMEPAR": "Munchen", "NAMEALT": null, "NAMEASCII": "Munich", "ADM0CAP": 0, "CAPIN": null, "WORLDCITY": 1, "MEGACITY": 1, "SOV0NAME": "Germany", "SOV_A3": "DEU", "ADM0NAME": "Germany", "ADM0_A3": "DEU", "ADM1NAME": "Bayern", "ISO_A2": "DE", "NOTE": null, "LATITUDE": 48.131888, "LONGITUDE": 11.573048, "POP_MAX": 1275000, "POP_MIN": 1260391, "POP_OTHER": 1524788, "RANK_MAX": 12, "RANK_MIN": 12, "MEGANAME": "Mhnchen", "LS_NAME": "Munich", "MAX_POP10": 1567148, "MAX_POP20": 1567148, "MAX_POP50": 1567148, "MAX_POP300": 1567148, "MAX_POP310": 1567148, "MAX_NATSCA": 300, "MIN_AREAKM": 464, "MAX_AREAKM": 464, "MIN_AREAMI": 179, "MAX_AREAMI": 179, "MIN_PERKM": 336, "MAX_PERKM": 336, "MIN_PERMI": 209, "MAX_PERMI": 209, "MIN_BBXMIN": 11.308333, "MAX_BBXMIN": 11.308333, "MIN_BBXMAX": 11.808333, "MAX_BBXMAX": 11.808333, "MIN_BBYMIN": 48.008333, "MAX_BBYMIN": 48.008333, "MIN_BBYMAX": 48.3, "MAX_BBYMAX": 48.3, "MEAN_BBXC": 11.550243, "MEAN_BBYC": 48.136798, "TIMEZONE": "Europe/Berlin", "UN_FID": 195, "POP1950": 831, "POP1955": 936, "POP1960": 1060, "POP1965": 1175, "POP1970": 1294, "POP1975": 1296, "POP1980": 1299, "POP1985": 1267, "POP1990": 1218, "POP1995": 1241, "POP2000": 1202, "POP2005": 1254, "POP2010": 1275, "POP2015": 1300, "POP2020": 1317, "POP2025": 1318, "POP2050": 1318, "MIN_ZOOM": 4.7, "WIKIDATAID": "Q1726", "WOF_ID": 101748479, "CAPALT": 0, "NAME_EN": "Munich", "NAME_DE": "München", "NAME_ES": "Múnich", "NAME_FR": "Munich", "NAME_PT": "Munique", "NAME_RU": "Мюнхен", "NAME_ZH": "慕尼黑", "LABEL": null, "NAME_AR": "ميونخ", "NAME_BN": "মিউনিখ", "NAME_EL": "Μόναχο", "NAME_HI": "म्यूनिख", "NAME_HU": "München", "NAME_ID": "München", "NAME_IT": "Monaco di Baviera", "NAME_JA": "ミュンヘン", "NAME_KO": "뮌헨", "NAME_NL": "München", "NAME_PL": "Monachium", "NAME_SV": "München", "NAME_TR": "Münih", "NAME_VI": "München", "NE_ID": 1159151357, "NAME_FA": "مونیخ", "NAME_HE": "מינכן", "NAME_UK": "Мюнхен", "NAME_UR": "میونخ", "NAME_ZHT": "慕尼黑", "GEONAMESID": 2867714, "FCLASS_ISO": null, "FCLASS_US": null, "FCLASS_FR": null, "FCLASS_RU": null, "FCLASS_ES": null, "FCLASS_CN": null, "FCLASS_TW": null, "FCLASS_IN": null, "FCLASS_NP": null, "FCLASS_PK": null, "FCLASS_DE": null, "FCLASS_GB": null, "FCLASS_BR": null, "FCLASS_IL": null, "FCLASS_PS": null, "FCLASS_SA": null, "FCLASS_EG": null, "FCLASS_MA": null, "FCLASS_PT": null, "FCLASS_AR": null, "FCLASS_JP": null, "FCLASS_KO": null, "FCLASS_VN": null, "FCLASS_TR": null, "FCLASS_ID": null, "FCLASS_PL": null, "FCLASS_GR": null, "FCLASS_IT": null, "FCLASS_NL": null, "FCLASS_SE": null, "FCLASS_BD": null, "FCLASS_UA": null, "FCLASS_TLC": null}, "bbox": [11.573048, 48.131888, 11.573048, 48.131888], "geometry": {"type": "Point", "coordinates": [11.573048, 48.131888]}}, {"type": "Feature", "properties": {"SCALERANK": 2, "NATSCALE": 200, "LABELRANK": 7, "FEATURECLA": "Admin-0 capital", "NAME": "Prague", "NAMEPAR": "Praha", "NAMEALT": null, "NAMEASCII": "Prague", "ADM0CAP": 1, "CAPIN": null, "WORLDCITY": 1, "MEGACITY": 1, "SOV0NAME": "Czechia", "SOV_A3": "CZE", "ADM0NAME": "Czechia", "ADM0_A3": "CZE", "ADM1NAME": "Prague", "ISO_A2": "CZ", "NOTE": null, "LATITUDE": 50.085283, "LONGITUDE": 14.464034, "POP_MAX": 1162000, "POP_MIN": 2087, "POP_OTHER": 1088042, "RANK_MAX": 12, "RANK_MIN": 4, "MEGANAME": "Praha", "LS_NAME": "Prague", "MAX_POP10": 1115771, "MAX_POP20": 1115771, "MAX_POP50": 1115771, "MAX_POP300": 1115771, "MAX_POP310": 0, "MAX_NATSCA": 100, "MIN_AREAKM": 317, "MAX_AREAKM": 317, "MIN_AREAMI": 122, "MAX_AREAMI": 122, "MIN_PERKM": 249, "MAX_PERKM": 249, "MIN_PERMI": 155, "MAX_PERMI": 155, "MIN_BBXMIN": 14.266667, "MAX_BBXMIN": 14.266667, "MIN_BBXMAX": 14.616667, "MAX_BBXMAX": 14.616667, "MIN_BBYMIN": 49.95, "MAX_BBYMIN": 49.95, "MIN_BBYMAX": 50.183333, "MAX_BBYMAX": 50.183333, "MEAN_BBXC": 14.445557, "MEAN_BBYC": 50.073451, "TIMEZONE": "America/Chicago", "UN_FID": 173, "POP1950": 935, "POP1955": 967, "POP1960": 1001, "POP1965": 1038, "POP1970": 1076, "POP1975": 1126, "POP1980": 1179, "POP1985": 1197, "POP1990": 1212, "POP1995": 1194, "POP2000": 1172, "POP2005": 1164, "POP2010": 1162, "POP2015": 1160, "POP2020": 1159, "POP2025": 1159, "POP2050": 1159, "MIN_ZOOM": 4.7, "WIKIDATAID": "Q1085", "WOF_ID": 101748113, "CAPALT": 0, "NAME_EN": "Prague", "NAME_DE": "Prag", "NAME_ES": "Praga", "NAME_FR": "Prague", "NAME_PT": "Praga", "NAME_RU": "Прага", "NAME_ZH": "布拉格", "LABEL": null, "NAME_AR": "براغ", "NAME_BN": "প্রাগ", "NAME_EL": "Πράγα", "NAME_HI": "प्राग", "NAME_HU": "Prága", "NAME_ID": "Praha", "NAME_IT": "Praga", "NAME_JA": "プラハ", "NAME_KO": "프라하", "NAME_NL": "Praag", "NAME_PL": "Praga", "NAME_SV": "Prag", "NAME_TR": "Prag", "NAME_VI": "Praha", "NE_ID": 1159151359, "NAME_FA": "پراگ", "NAME_HE": "פראג", "NAME_UK": "Прага", "NAME_UR": "پراگ", "NAME_ZHT": "布拉格", "GEONAMESID": 4548393, "FCLASS_ISO": null, "FCLASS_US": null, "FCLASS_FR": null, "FCLASS_RU": null, "FCLASS_ES": null, "FCLASS_CN": null, "FCLASS_TW": null, "FCLASS_IN": null, "FCLASS_NP": null, "FCLASS_PK": null, "FCLASS_DE": null, "FCLASS_GB": null, "FCLASS_BR": null, "FCLASS_IL": null, "FCLASS_PS": null, "FCLASS_SA": null, "FCLASS_EG": null, "FCLASS_MA": null, "FCLASS_PT": null, "FCLASS_AR": null, "FCLASS_JP": null, "FCLASS_KO": null, "FCLASS_VN": null, "FCLASS_TR": null, "FCLASS_ID": null, "FCLASS_PL": null, "FCLASS_GR": null, "FCLASS_IT": null, "FCLASS_NL": null, "FCLASS_SE": null, "FCLASS_BD": null, "FCLASS_UA": null, "FCLASS_TLC": null}, "bbox": [14.422939, 50.086967, 14.422939, 50.086967], "geometry": {"type": "Point", "coordinates": [14.422939, 50.086967]}}, {"type": "Feature", "properties": {"SCALERANK": 2, "NATSCALE": 200, "LABELRANK": 8, "FEATURECLA": "Admin-0 capital", "NAME": "København", "NAMEPAR": "Copenhagen", "NAMEALT": null, "NAMEASCII": "Kobenhavn", "ADM0CAP": 1, "CAPIN": null, "WORLDCITY": 1, "MEGACITY": 1, "SOV0NAME": "Denmark", "SOV_A3": "DNK", "ADM0NAME": "Denmark", "ADM0_A3": "DNK", "ADM1NAME": "Hovedstaden", "ISO_A2": "DK", "NOTE": null, "LATITUDE": 55.68051, "LONGITUDE": 12.56154, "POP_MAX": 1085000, "POP_MIN": 1085000, "POP_OTHER": 1038288, "RANK_MAX": 12, "RANK_MIN": 12, "MEGANAME": "K", "LS_NAME": "Copenhagen", "MAX_POP10": 1124323, "MAX_POP20": 1230007, "MAX_POP50": 1256924, "MAX_POP300": 1256924, "MAX_POP310": 1256924, "MAX_NATSCA": 300, "MIN_AREAKM": 438, "MAX_AREAKM": 577, "MIN_AREAMI": 169, "MAX_AREAMI": 223, "MIN_PERKM": 348, "MAX_PERKM": 542, "MIN_PERMI": 216, "MAX_PERMI": 337, "MIN_BBXMIN": 12.116667, "MAX_BBXMIN": 12.316667, "MIN_BBXMAX": 12.658333, "MAX_BBXMAX": 12.658333, "MIN_BBYMIN": 55.4, "MAX_BBYMIN": 55.583333, "MIN_BBYMAX": 55.927962, "MAX_BBYMAX": 56.008333, "MEAN_BBXC": 12.437175, "MEAN_BBYC": 55.716213, "TIMEZONE": "Europe/Copenhagen", "UN_FID": 175, "POP1950": 1216, "POP1955": 1227, "POP1960": 1284, "POP1965": 1373, "POP1970": 1380, "POP1975": 1172, "POP1980": 1096, "POP1985": 1056, "POP1990": 1035, "POP1995": 1048, "POP2000": 1077, "POP2005": 1085, "POP2010": 1085, "POP2015": 1087, "POP2020": 1092, "POP2025": 1095, "POP2050": 1096, "MIN_ZOOM": 4, "WIKIDATAID": "Q1748", "WOF_ID": 101749159, "CAPALT": 0, "NAME_EN": "Copenhagen", "NAME_DE": "Kopenhagen", "NAME_ES": "Copenhague", "NAME_FR": "Copenhague", "NAME_PT": "Copenhaga", "NAME_RU": "Копенгаген", "NAME_ZH": "哥本哈根", "LABEL": null, "NAME_AR": "كوبنهاغن", "NAME_BN": "কোপেনহেগেন", "NAME_EL": "Κοπεγχάγη", "NAME_HI": "कोपनहेगन", "NAME_HU": "Koppenhága", "NAME_ID": "Kopenhagen", "NAME_IT": "Copenaghen", "NAME_JA": "コペンハーゲン", "NAME_KO": "코펜하겐", "NAME_NL": "Kopenhagen", "NAME_PL": "Kopenhaga", "NAME_SV": "Köpenhamn", "NAME_TR": "Kopenhag", "NAME_VI": "Copenhagen", "NE_ID": 1159151437, "NAME_FA": "کپنهاگ", "NAME_HE": "קופנהגן", "NAME_UK": "Копенгаген", "NAME_UR": "کوپن ہیگن", "NAME_ZHT": "哥本哈根", "GEONAMESID": 2618425, "FCLASS_ISO": null, "FCLASS_US": null, "FCLASS_FR": null, "FCLASS_RU": null, "FCLASS_ES": null, "FCLASS_CN": null, "FCLASS_TW": null, "FCLASS_IN": null, "FCLASS_NP": null, "FCLASS_PK": null, "FCLASS_DE": null, "FCLASS_GB": null, "FCLASS_BR": null, "FCLASS_IL": null, "FCLASS_PS": null, "FCLASS_SA": null, "FCLASS_EG": null, "FCLASS_MA": null, "FCLASS_PT": null, "FCLASS_AR": null, "FCLASS_JP": null, "FCLASS_KO": null, "FCLASS_VN": null, "FCLASS_TR": null, "FCLASS_ID": null, "FCLASS_PL": null, "FCLASS_GR": null, "FCLASS_IT": null, "FCLASS_NL": null, "FCLASS_SE": null, "FCLASS_BD": null, "FCLASS_UA": null, "FCLASS_TLC": null}, "bbox": [12.56154, 55.68051, 12.56154, 55.68051], "geometry": {"type": "Point", "coordinates": [12.56154, 55.68051]}}, {"type": "Feature", "properties": {"SCALERANK": 2, "NATSCALE": 200, "LABELRANK": 8, "FEATURECLA": "Admin-0 capital", "NAME": "Brussels", "NAMEPAR": null, "NAMEALT": "Bruxelles-Brussel", "NAMEASCII": "Brussels", "ADM0CAP": 1, "CAPIN": null, "WORLDCITY": 1, "MEGACITY": 1, "SOV0NAME": "Belgium", "SOV_A3": "BEL", "ADM0NAME": "Belgium", "ADM0_A3": "BEL", "ADM1NAME": "Brussels", "ISO_A2": "BE", "NOTE": null, "LATITUDE": 50.835263, "LONGITUDE": 4.331371, "POP_MAX": 1743000, "POP_MIN": 1019022, "POP_OTHER": 1490164, "RANK_MAX": 12, "RANK_MIN": 12, "MEGANAME": "Bruxelles-Brussel", "LS_NAME": "Brussels", "MAX_POP10": 1759840, "MAX_POP20": 1874437, "MAX_POP50": 3576473, "MAX_POP300": 3576473, "MAX_POP310": 3576473, "MAX_NATSCA": 300, "MIN_AREAKM": 900, "MAX_AREAKM": 2344, "MIN_AREAMI": 347, "MAX_AREAMI": 905, "MIN_PERKM": 997, "MAX_PERKM": 2982, "MIN_PERMI": 620, "MAX_PERMI": 1853, "MIN_BBXMIN": 3.575, "MAX_BBXMIN": 3.983529, "MIN_BBXMAX": 4.666667, "MAX_BBXMAX": 5, "MIN_BBYMIN": 50.6, "MAX_BBYMIN": 50.65, "MIN_BBYMAX": 51.016667, "MAX_BBYMAX": 51.408333, "MEAN_BBXC": 4.329159, "MEAN_BBYC": 50.919556, "TIMEZONE": "Europe/Brussels", "UN_FID": 384, "POP1950": 1415, "POP1955": 1449, "POP1960": 1485, "POP1965": 1525, "POP1970": 1568, "POP1975": 1610, "POP1980": 1654, "POP1985": 1654, "POP1990": 1680, "POP1995": 1715, "POP2000": 1733, "POP2005": 1742, "POP2010": 1743, "POP2015": 1744, "POP2020": 1744, "POP2025": 1744, "POP2050": 1744, "MIN_ZOOM": 4.7, "WIKIDATAID": "Q239", "WOF_ID": 1175610569, "CAPALT": 0, "NAME_EN": "Brussels", "NAME_DE": "Brüssel", "NAME_ES": "Bruselas", "NAME_FR": "Bruxelles", "NAME_PT": "Bruxelas", "NAME_RU": "Брюссель", "NAME_ZH": "布鲁塞尔", "LABEL": null, "NAME_AR": "مدينة بروكسل", "NAME_BN": "ব্রাসেলস", "NAME_EL": "Βρυξέλλες", "NAME_HI": "ब्रसेल्स", "NAME_HU": "Brüsszel", "NAME_ID": "Brussel", "NAME_IT": "Bruxelles", "NAME_JA": "ブリュッセル＝ヴィル", "NAME_KO": "브뤼셀 시", "NAME_NL": "Brussel", "NAME_PL": "Bruksela", "NAME_SV": "Bryssel", "NAME_TR": "Brüksel", "NAME_VI": "Bruxelles", "NE_ID": 1159151465, "NAME_FA": "شهر بروکسل", "NAME_HE": "בריסל", "NAME_UK": "Брюссель", "NAME_UR": "برسلز شہر", "NAME_ZHT": "布魯塞爾市", "GEONAMESID": 2800866, "FCLASS_ISO": null, "FCLASS_US": null, "FCLASS_FR": null, "FCLASS_RU": null, "FCLASS_ES": null, "FCLASS_CN": null, "FCLASS_TW": null, "FCLASS_IN": null, "FCLASS_NP": null, "FCLASS_PK": null, "FCLASS_DE": null, "FCLASS_GB": null, "FCLASS_BR": null, "FCLASS_IL": null, "FCLASS_PS": null, "FCLASS_SA": null, "FCLASS_EG": null, "FCLASS_MA": null, "FCLASS_PT": null, "FCLASS_AR": null, "FCLASS_JP": null, "FCLASS_KO": null, "FCLASS_VN": null, "FCLASS_TR": null, "FCLASS_ID": null, "FCLASS_PL": null, "FCLASS_GR": null, "FCLASS_IT": null, "FCLASS_NL": null, "FCLASS_SE": null, "FCLASS_BD": null, "FCLASS_UA": null, "FCLASS_TLC": null}, "bbox": [4.331371, 50.835263, 4.331371, 50.835263], "geometry": {"type": "Point", "coordinates": [4.331371, 50.835263]}}, {"type": "Feature", "properties": {"SCALERANK": 1, "NATSCALE": 300, "LABELRANK": 7, "FEATURECLA": "Admin-1 capital", "NAME": "Geneva", "NAMEPAR": null, "NAMEALT": null, "NAMEASCII": "Geneva", "ADM0CAP": 0, "CAPIN": null, "WORLDCITY": 1, "MEGACITY": 0, "SOV0NAME": "Switzerland", "SOV_A3": "CHE", "ADM0NAME": "Switzerland", "ADM0_A3": "CHE", "ADM1NAME": "Genève", "ISO_A2": "CH", "NOTE": null, "LATITUDE": 46.210008, "LONGITUDE": 6.140028, "POP_MAX": 1240000, "POP_MIN": 192385, "POP_OTHER": 508284, "RANK_MAX": 12, "RANK_MIN": 9, "MEGANAME": null, "LS_NAME": "Geneva", "MAX_POP10": 530422, "MAX_POP20": 530422, "MAX_POP50": 530422, "MAX_POP300": 0, "MAX_POP310": 0, "MAX_NATSCA": 50, "MIN_AREAKM": 179, "MAX_AREAKM": 179, "MIN_AREAMI": 69, "MAX_AREAMI": 69, "MIN_PERKM": 215, "MAX_PERKM": 215, "MIN_PERMI": 134, "MAX_PERMI": 134, "MIN_BBXMIN": 5.966667, "MAX_BBXMIN": 5.966667, "MIN_BBXMAX": 6.325, "MAX_BBXMAX": 6.325, "MIN_BBYMIN": 46.133333, "MAX_BBYMIN": 46.133333, "MIN_BBYMAX": 46.291667, "MAX_BBYMAX": 46.291667, "MEAN_BBXC": 6.1424, "MEAN_BBYC": 46.209427, "TIMEZONE": "Europe/Zurich", "UN_FID": 0, "POP1950": 0, "POP1955": 0, "POP1960": 0, "POP1965": 0, "POP1970": 0, "POP1975": 0, "POP1980": 0, "POP1985": 0, "POP1990": 0, "POP1995": 0, "POP2000": 0, "POP2005": 0, "POP2010": 0, "POP2015": 0, "POP2020": 0, "POP2025": 0, "POP2050": 0, "MIN_ZOOM": 3.7, "WIKIDATAID": "Q71", "WOF_ID": 101748445, "CAPALT": 0, "NAME_EN": "Geneva", "NAME_DE": "Genf", "NAME_ES": "Ginebra", "NAME_FR": "Genève", "NAME_PT": "Genebra", "NAME_RU": "Женева", "NAME_ZH": "日内瓦", "LABEL": null, "NAME_AR": "جنيف", "NAME_BN": "জেনেভা", "NAME_EL": "Γενεύη", "NAME_HI": "जिनेवा", "NAME_HU": "Genf", "NAME_ID": "Jenewa", "NAME_IT": "Ginevra", "NAME_JA": "ジュネーヴ", "NAME_KO": "제네바", "NAME_NL": "Genève", "NAME_PL": "Genewa", "NAME_SV": "Genève", "NAME_TR": "Cenevre", "NAME_VI": "Genève", "NE_ID": 1159151505, "NAME_FA": "ژنو", "NAME_HE": "ז'נבה", "NAME_UK": "Женева", "NAME_UR": "جنیوا", "NAME_ZHT": "日內瓦", "GEONAMESID": 2660646, "FCLASS_ISO": null, "FCLASS_US": null, "FCLASS_FR": null, "FCLASS_RU": null, "FCLASS_ES": null, "FCLASS_CN": null, "FCLASS_TW": null, "FCLASS_IN": null, "FCLASS_NP": null, "FCLASS_PK": null, "FCLASS_DE": null, "FCLASS_GB": null, "FCLASS_BR": null, "FCLASS_IL": null, "FCLASS_PS": null, "FCLASS_SA": null, "FCLASS_EG": null, "FCLASS_MA": null, "FCLASS_PT": null, "FCLASS_AR": null, "FCLASS_JP": null, "FCLASS_KO": null, "FCLASS_VN": null, "FCLASS_TR": null, "FCLASS_ID": null, "FCLASS_PL": null, "FCLASS_GR": null, "FCLASS_IT": null, "FCLASS_NL": null, "FCLASS_SE": null, "FCLASS_BD": null, "FCLASS_UA": null, "FCLASS_TLC": null}, "bbox": [6.140028, 46.210008, 6.140028, 46.210008], "geometry": {"type": "Point", "coordinates": [6.140028, 46.210008]}}, {"type": "Feature", "properties": {"SCALERANK": 1, "NATSCALE": 300, "LABELRANK": 8, "FEATURECLA": "Admin-0 capital", "NAME": "Amsterdam", "NAMEPAR": null, "NAMEALT": null, "NAMEASCII": "Amsterdam", "ADM0CAP": 1, "CAPIN": "De facto capita", "WORLDCITY": 1, "MEGACITY": 1, "SOV0NAME": "Kingdom of the Netherlands", "SOV_A3": "NLD", "ADM0NAME": "Netherlands", "ADM0_A3": "NLD", "ADM1NAME": "Noord-Holland", "ISO_A2": "NL", "NOTE": null, "LATITUDE": 52.351915, "LONGITUDE": 4.914694, "POP_MAX": 1031000, "POP_MIN": 741636, "POP_OTHER": 962488, "RANK_MAX": 12, "RANK_MIN": 11, "MEGANAME": "Amsterdam", "LS_NAME": "Amsterdam", "MAX_POP10": 1072902, "MAX_POP20": 1072902, "MAX_POP50": 1108173, "MAX_POP300": 1108173, "MAX_POP310": 1108173, "MAX_NATSCA": 300, "MIN_AREAKM": 275, "MAX_AREAKM": 300, "MIN_AREAMI": 106, "MAX_AREAMI": 116, "MIN_PERKM": 293, "MAX_PERKM": 343, "MIN_PERMI": 182, "MAX_PERMI": 213, "MIN_BBXMIN": 4.725, "MAX_BBXMIN": 4.757753, "MIN_BBXMAX": 5.058333, "MAX_BBXMAX": 5.058333, "MIN_BBYMIN": 52.183333, "MAX_BBYMIN": 52.183333, "MIN_BBYMAX": 52.508333, "MAX_BBYMAX": 52.533333, "MEAN_BBXC": 4.871429, "MEAN_BBYC": 52.348868, "TIMEZONE": "Europe/Amsterdam", "UN_FID": 379, "POP1950": 851, "POP1955": 871, "POP1960": 895, "POP1965": 942, "POP1970": 927, "POP1975": 978, "POP1980": 941, "POP1985": 907, "POP1990": 936, "POP1995": 988, "POP2000": 1005, "POP2005": 1023, "POP2010": 1031, "POP2015": 1044, "POP2020": 1064, "POP2025": 1078, "POP2050": 1089, "MIN_ZOOM": 3.7, "WIKIDATAID": "Q727", "WOF_ID": 101751893, "CAPALT": 0, "NAME_EN": "Amsterdam", "NAME_DE": "Amsterdam", "NAME_ES": "Ámsterdam", "NAME_FR": "Amsterdam", "NAME_PT": "Amesterdão", "NAME_RU": "Амстердам", "NAME_ZH": "阿姆斯特丹", "LABEL": null, "NAME_AR": "أمستردام", "NAME_BN": "আমস্টারডাম", "NAME_EL": "Άμστερνταμ", "NAME_HI": "ऐम्स्टर्डैम", "NAME_HU": "Amszterdam", "NAME_ID": "Amsterdam", "NAME_IT": "Amsterdam", "NAME_JA": "アムステルダム", "NAME_KO": "암스테르담", "NAME_NL": "Amsterdam", "NAME_PL": "Amsterdam", "NAME_SV": "Amsterdam", "NAME_TR": "Amsterdam", "NAME_VI": "Amsterdam", "NE_ID": 1159151519, "NAME_FA": "آمستردام", "NAME_HE": "אמסטרדם", "NAME_UK": "Амстердам", "NAME_UR": "ایمسٹرڈیم", "NAME_ZHT": "阿姆斯特丹", "GEONAMESID": 2759794, "FCLASS_ISO": null, "FCLASS_US": null, "FCLASS_FR": null, "FCLASS_RU": null, "FCLASS_ES": null, "FCLASS_CN": null, "FCLASS_TW": null, "FCLASS_IN": null, "FCLASS_NP": null, "FCLASS_PK": null, "FCLASS_DE": null, "FCLASS_GB": null, "FCLASS_BR": null, "FCLASS_IL": null, "FCLASS_PS": null, "FCLASS_SA": null, "FCLASS_EG": null, "FCLASS_MA": null, "FCLASS_PT": null, "FCLASS_AR": null, "FCLASS_JP": null, "FCLASS_KO": null, "FCLASS_VN": null, "FCLASS_TR": null, "FCLASS_ID": null, "FCLASS_PL": null, "FCLASS_GR": null, "FCLASS_IT": null, "FCLASS_NL": null, "FCLASS_SE": null, "FCLASS_BD": null, "FCLASS_UA": null, "FCLASS_TLC": null}, "bbox": [4.914694, 52.351914, 4.914694, 52.351914], "geometry": {"type": "Point", "coordinates": [4.914694, 52.351914]}}, {"type": "Feature", "properties": {"SCALERANK": 1, "NATSCALE": 300, "LABELRANK": 3, "FEATURECLA": "Admin-0 capital", "NAME": "Berlin", "NAMEPAR": null, "NAMEALT": null, "NAMEASCII": "Berlin", "ADM0CAP": 1, "CAPIN": null, "WORLDCITY": 1, "MEGACITY": 1, "SOV0NAME": "Germany", "SOV_A3": "DEU", "ADM0NAME": "Germany", "ADM0_A3": "DEU", "ADM1NAME": "Berlin", "ISO_A2": "DE", "NOTE": null, "LATITUDE": 52.523765, "LONGITUDE": 13.399603, "POP_MAX": 3406000, "POP_MIN": 3094014, "POP_OTHER": 3013258, "RANK_MAX": 12, "RANK_MIN": 12, "MEGANAME": "Berlin", "LS_NAME": "Berlin", "MAX_POP10": 3094014, "MAX_POP20": 3093307, "MAX_POP50": 3503466, "MAX_POP300": 3503466, "MAX_POP310": 3503466, "MAX_NATSCA": 300, "MIN_AREAKM": 811, "MAX_AREAKM": 1021, "MIN_AREAMI": 313, "MAX_AREAMI": 394, "MIN_PERKM": 482, "MAX_PERKM": 709, "MIN_PERMI": 300, "MAX_PERMI": 441, "MIN_BBXMIN": 12.958333, "MAX_BBXMIN": 13.193843, "MIN_BBXMAX": 13.925, "MAX_BBXMAX": 13.925, "MIN_BBYMIN": 52.275, "MAX_BBYMIN": 52.275, "MIN_BBYMAX": 52.708333, "MAX_BBYMAX": 52.708333, "MEAN_BBXC": 13.418329, "MEAN_BBYC": 52.503658, "TIMEZONE": "Europe/Berlin", "UN_FID": 192, "POP1950": 3352, "POP1955": 3299, "POP1960": 3260, "POP1965": 3232, "POP1970": 3206, "POP1975": 3130, "POP1980": 3056, "POP1985": 3060, "POP1990": 3422, "POP1995": 3471, "POP2000": 3384, "POP2005": 3391, "POP2010": 3406, "POP2015": 3423, "POP2020": 3434, "POP2025": 3436, "POP2050": 3436, "MIN_ZOOM": 2.7, "WIKIDATAID": "Q64", "WOF_ID": 101748799, "CAPALT": 0, "NAME_EN": "Berlin", "NAME_DE": "Berlin", "NAME_ES": "Berlín", "NAME_FR": "Berlin", "NAME_PT": "Berlim", "NAME_RU": "Берлин", "NAME_ZH": "柏林", "LABEL": null, "NAME_AR": "برلين", "NAME_BN": "বার্লিন", "NAME_EL": "Βερολίνο", "NAME_HI": "बर्लिन", "NAME_HU": "Berlin", "NAME_ID": "Berlin", "NAME_IT": "Berlino", "NAME_JA": "ベルリン", "NAME_KO": "베를린", "NAME_NL": "Berlijn", "NAME_PL": "Berlin", "NAME_SV": "Berlin", "NAME_TR": "Berlin", "NAME_VI": "Berlin", "NE_ID": 1159151529, "NAME_FA": "برلین", "NAME_HE": "ברלין", "NAME_UK": "Берлін", "NAME_UR": "برلن", "NAME_ZHT": "柏林", "GEONAMESID": 2950159, "FCLASS_ISO": null, "FCLASS_US": null, "FCLASS_FR": null, "FCLASS_RU": null, "FCLASS_ES": null, "FCLASS_CN": null, "FCLASS_TW": null, "FCLASS_IN": null, "FCLASS_NP": null, "FCLASS_PK": null, "FCLASS_DE": null, "FCLASS_GB": null, "FCLASS_BR": null, "FCLASS_IL": null, "FCLASS_PS": null, "FCLASS_SA": null, "FCLASS_EG": null, "FCLASS_MA": null, "FCLASS_PT": null, "FCLASS_AR": null, "FCLASS_JP": null, "FCLASS_KO": null, "FCLASS_VN": null, "FCLASS_TR": null, "FCLASS_ID": null, "FCLASS_PL": null, "FCLASS_GR": null, "FCLASS_IT": null, "FCLASS_NL": null, "FCLASS_SE": null, "FCLASS_BD": null, "FCLASS_UA": null, "FCLASS_TLC": null}, "bbox": [13.399603, 52.523764, 13.399603, 52.523764], "geometry": {"type": "Point", "coordinates": [13.399603, 52.523764]}}, {"type": "Feature", "properties": {"SCALERANK": 0, "NATSCALE": 600, "LABELRANK": 5, "FEATURECLA": "Admin-0 capital", "NAME": "London", "NAMEPAR": null, "NAMEALT": null, "NAMEASCII": "London", "ADM0CAP": 1, "CAPIN": null, "WORLDCITY": 1, "MEGACITY": 1, "SOV0NAME": "United Kingdom", "SOV_A3": "GBR", "ADM0NAME": "United Kingdom", "ADM0_A3": "GBR", "ADM1NAME": "Westminster", "ISO_A2": "GB", "NOTE": null, "LATITUDE": 51.501941, "LONGITUDE": -0.118668, "POP_MAX": 8567000, "POP_MIN": 7421209, "POP_OTHER": 326670, "RANK_MAX": 13, "RANK_MIN": 13, "MEGANAME": "London", "LS_NAME": "London2", "MAX_POP10": 7721282, "MAX_POP20": 8370578, "MAX_POP50": 10011551, "MAX_POP300": 10011551, "MAX_POP310": 10011551, "MAX_NATSCA": 300, "MIN_AREAKM": 1914, "MAX_AREAKM": 3198, "MIN_AREAMI": 739, "MAX_AREAMI": 1235, "MIN_PERKM": 994, "MAX_PERKM": 2440, "MIN_PERMI": 618, "MAX_PERMI": 1516, "MIN_BBXMIN": -1.091667, "MAX_BBXMIN": -0.546866, "MIN_BBXMAX": 0.307108, "MAX_BBXMAX": 0.816667, "MIN_BBYMIN": 51.133333, "MAX_BBYMIN": 51.208333, "MIN_BBYMAX": 51.825, "MAX_BBYMAX": 51.825, "MEAN_BBXC": -0.169651, "MEAN_BBYC": 51.489624, "TIMEZONE": "Europe/London", "UN_FID": 519, "POP1950": 8361, "POP1955": 8278, "POP1960": 8196, "POP1965": 7869, "POP1970": 7509, "POP1975": 7546, "POP1980": 7660, "POP1985": 7667, "POP1990": 7654, "POP1995": 7908, "POP2000": 8225, "POP2005": 8505, "POP2010": 8567, "POP2015": 8607, "POP2020": 8618, "POP2025": 8618, "POP2050": 8618, "MIN_ZOOM": 1.7, "WIKIDATAID": "Q84", "WOF_ID": 101750367, "CAPALT": 0, "NAME_EN": "London", "NAME_DE": "London", "NAME_ES": "Londres", "NAME_FR": "Londres", "NAME_PT": "Londres", "NAME_RU": "Лондон", "NAME_ZH": "伦敦", "LABEL": null, "NAME_AR": "لندن", "NAME_BN": "লন্ডন", "NAME_EL": "Λονδίνο", "NAME_HI": "लंदन", "NAME_HU": "London", "NAME_ID": "London", "NAME_IT": "Londra", "NAME_JA": "ロンドン", "NAME_KO": "런던", "NAME_NL": "Londen", "NAME_PL": "Londyn", "NAME_SV": "London", "NAME_TR": "Londra", "NAME_VI": "Luân Đôn", "NE_ID": 1159151577, "NAME_FA": "لندن", "NAME_HE": "לונדון", "NAME_UK": "Лондон", "NAME_UR": "لندن", "NAME_ZHT": "倫敦", "GEONAMESID": 2643743, "FCLASS_ISO": null, "FCLASS_US": null, "FCLASS_FR": null, "FCLASS_RU": null, "FCLASS_ES": null, "FCLASS_CN": null, "FCLASS_TW": null, "FCLASS_IN": null, "FCLASS_NP": null, "FCLASS_PK": null, "FCLASS_DE": null, "FCLASS_GB": null, "FCLASS_BR": null, "FCLASS_IL": null, "FCLASS_PS": null, "FCLASS_SA": null, "FCLASS_EG": null, "FCLASS_MA": null, "FCLASS_PT": null, "FCLASS_AR": null, "FCLASS_JP": null, "FCLASS_KO": null, "FCLASS_VN": null, "FCLASS_TR": null, "FCLASS_ID": null, "FCLASS_PL": null, "FCLASS_GR": null, "FCLASS_IT": null, "FCLASS_NL": null, "FCLASS_SE": null, "FCLASS_BD": null, "FCLASS_UA": null, "FCLASS_TLC": null}, "bbox": [-0.118668, 51.501941, -0.118668, 51.501941], "geometry": {"type": "Point", "coordinates": [-0.118668, 51.501941]}}, {"type": "Feature", "properties": {"SCALERANK": 0, "NATSCALE": 600, "LABELRANK": 3, "FEATURECLA": "Admin-0 capital", "NAME": "Paris", "NAMEPAR": null, "NAMEALT": null, "NAMEASCII": "Paris", "ADM0CAP": 1, "CAPIN": null, "WORLDCITY": 1, "MEGACITY": 1, "SOV0NAME": "French Republic", "SOV_A3": "FRA", "ADM0NAME": "France", "ADM0_A3": "FRA", "ADM1NAME": "Île-de-France", "ISO_A2": "FR", "NOTE": null, "LATITUDE": 48.868639, "LONGITUDE": 2.33139, "POP_MAX": 9904000, "POP_MIN": 11177, "POP_OTHER": 7142744, "RANK_MAX": 13, "RANK_MIN": 6, "MEGANAME": "Paris", "LS_NAME": "Paris", "MAX_POP10": 7454172, "MAX_POP20": 7970513, "MAX_POP50": 9960588, "MAX_POP300": 9960588, "MAX_POP310": 9960588, "MAX_NATSCA": 300, "MIN_AREAKM": 1121, "MAX_AREAKM": 2415, "MIN_AREAMI": 433, "MAX_AREAMI": 932, "MIN_PERKM": 542, "MAX_PERKM": 1891, "MIN_PERMI": 337, "MAX_PERMI": 1175, "MIN_BBXMIN": 1.658333, "MAX_BBXMIN": 2.152754, "MIN_BBXMAX": 2.658336, "MAX_BBXMAX": 2.925, "MIN_BBYMIN": 48.491667, "MAX_BBYMIN": 48.591667, "MIN_BBYMAX": 49.183333, "MAX_BBYMAX": 49.183333, "MEAN_BBXC": 2.352277, "MEAN_BBYC": 48.839027, "TIMEZONE": "Europe/Paris", "UN_FID": 189, "POP1950": 6522, "POP1955": 6796, "POP1960": 7411, "POP1965": 7968, "POP1970": 8350, "POP1975": 8558, "POP1980": 8669, "POP1985": 8956, "POP1990": 9330, "POP1995": 9510, "POP2000": 9692, "POP2005": 9852, "POP2010": 9904, "POP2015": 9958, "POP2020": 10007, "POP2025": 10031, "POP2050": 10036, "MIN_ZOOM": 1.7, "WIKIDATAID": "Q90", "WOF_ID": 101751119, "CAPALT": 0, "NAME_EN": "Paris", "NAME_DE": "Paris", "NAME_ES": "París", "NAME_FR": "Paris", "NAME_PT": "Paris", "NAME_RU": "Париж", "NAME_ZH": "巴黎", "LABEL": null, "NAME_AR": "باريس", "NAME_BN": "প্যারিস", "NAME_EL": "Παρίσι", "NAME_HI": "पैरिस", "NAME_HU": "Párizs", "NAME_ID": "Paris", "NAME_IT": "Parigi", "NAME_JA": "パリ", "NAME_KO": "파리", "NAME_NL": "Parijs", "NAME_PL": "Paryż", "NAME_SV": "Paris", "NAME_TR": "Paris", "NAME_VI": "Paris", "NE_ID": 1159151613, "NAME_FA": "پاریس", "NAME_HE": "פריז", "NAME_UK": "Париж", "NAME_UR": "پیرس", "NAME_ZHT": "巴黎", "GEONAMESID": 2988507, "FCLASS_ISO": null, "FCLASS_US": null, "FCLASS_FR": null, "FCLASS_RU": null, "FCLASS_ES": null, "FCLASS_CN": null, "FCLASS_TW": null, "FCLASS_IN": null, "FCLASS_NP": null, "FCLASS_PK": null, "FCLASS_DE": null, "FCLASS_GB": null, "FCLASS_BR": null, "FCLASS_IL": null, "FCLASS_PS": null, "FCLASS_SA": null, "FCLASS_EG": null, "FCLASS_MA": null, "FCLASS_PT": null, "FCLASS_AR": null, "FCLASS_JP": null, "FCLASS_KO": null, "FCLASS_VN": null, "FCLASS_TR": null, "FCLASS_ID": null, "FCLASS_PL": null, "FCLASS_GR": null, "FCLASS_IT": null, "FCLASS_NL": null, "FCLASS_SE": null, "FCLASS_BD": null, "FCLASS_UA": null, "FCLASS_TLC": null}, "bbox": [2.352992, 48.858092, 2.352992, 48.858092], "geometry": {"type": "Point", "coordinates": [2.352992, 48.858092]}}]}