{"type": "FeatureCollection", "features": [{"type": "Feature", "properties": {"dissolve": "1050River", "scalerank": 9.0, "featurecla": "River", "name": "Vltava", "name_alt": "Moldau", "rivernum": 1050, "note": "Version 1.2 edit in N. America and Europe", "min_zoom": 7.1, "name_en": "Vltava", "min_label": 8.1}, "bbox": [13.578543, 48.623969, 14.472911, 50.342719], "geometry": {"type": "MultiLineString", "coordinates": [[[13.578543, 49.01321], [13.61378, 49.010037], [13.655284, 48.997423], [13.712576, 48.963487], [13.729747, 48.961778], [13.746349, 48.964057], [13.768565, 48.959093], [13.826182, 48.935614], [13.850597, 48.901231], [13.85906, 48.895941], [13.880056, 48.875678], [13.931163, 48.840359], [13.944102, 48.828152], [13.953136, 48.803046], [13.963878, 48.787543], [13.984141, 48.777777]], [[13.985769, 48.779364], [13.991222, 48.775906], [14.018565, 48.765489], [14.036388, 48.755723], [14.04363, 48.74962], [14.048757, 48.741156], [14.050955, 48.723334], [14.053477, 48.714871], [14.059988, 48.708075], [14.076915, 48.700873], [14.084727, 48.696234], [14.099294, 48.684434], [14.105479, 48.682888], [14.131358, 48.682685], [14.135997, 48.680976], [14.138194, 48.679023], [14.142019, 48.673529], [14.14324, 48.672146], [14.175304, 48.648505], [14.188162, 48.643581], [14.203136, 48.643256], [14.23406, 48.647773], [14.248546, 48.645331], [14.253347, 48.642768], [14.255138, 48.640692], [14.257091, 48.63935], [14.261729, 48.638739], [14.266856, 48.639838], [14.277354, 48.644477], [14.283702, 48.644558], [14.288992, 48.642279], [14.303477, 48.631659], [14.315929, 48.62641], [14.328868, 48.623969], [14.341319, 48.625596], [14.352794, 48.633083], [14.36321, 48.644151], [14.36671, 48.651923], [14.363048, 48.678046], [14.360037, 48.690131], [14.341726, 48.735378], [14.308279, 48.770575], [14.301524, 48.794135], [14.306326, 48.808051], [14.316824, 48.815863], [14.358328, 48.827012], [14.365001, 48.83039], [14.369884, 48.83515], [14.372325, 48.843126], [14.372325, 48.861396], [14.375011, 48.870144], [14.381114, 48.876899], [14.382579, 48.879177], [14.383311, 48.882636], [14.383474, 48.885199], [14.38323, 48.887641], [14.384044, 48.899115], [14.385183, 48.904568], [14.38795, 48.9088], [14.394542, 48.91352], [14.408865, 48.920193], [14.422537, 48.92475], [14.435313, 48.930935], [14.447439, 48.942206], [14.451915, 48.954047], [14.456554, 48.974677], [14.458018, 48.993598], [14.451915, 49.00019], [14.466075, 49.006415], [14.451834, 49.019884], [14.444998, 49.024441], [14.438162, 49.027533], [14.446788, 49.053412], [14.45281, 49.063096], [14.466075, 49.069037], [14.462576, 49.084296], [14.462657, 49.139106], [14.451915, 49.157172], [14.455984, 49.169135], [14.455577, 49.184882], [14.451834, 49.200629], [14.445567, 49.21247], [14.435232, 49.217841], [14.398448, 49.231635], [14.382986, 49.240424], [14.366466, 49.244452], [14.350108, 49.251166], [14.342703, 49.263699], [14.342052, 49.276435], [14.339285, 49.286404], [14.333181, 49.296088], [14.322032, 49.308051], [14.280528, 49.3428], [14.251964, 49.389716], [14.242931, 49.396796], [14.24171, 49.404324], [14.228445, 49.419989], [14.21339, 49.433539], [14.205984, 49.434638], [14.203868, 49.437567], [14.199229, 49.440497], [14.194509, 49.445746], [14.190359, 49.463813], [14.181407, 49.478339], [14.179942, 49.487494], [14.181895, 49.495917], [14.188243, 49.51203], [14.18922, 49.521023], [14.180349, 49.579169], [14.184988, 49.596015], [14.196707, 49.612372], [14.203136, 49.618354], [14.21282, 49.623358], [14.219005, 49.609687], [14.235281, 49.631049], [14.245535, 49.637071], [14.26002, 49.63703], [14.253835, 49.6612], [14.266368, 49.673692], [14.287771, 49.681505], [14.307791, 49.691677], [14.303722, 49.696112], [14.299571, 49.698025], [14.288585, 49.698432], [14.300955, 49.699897], [14.310964, 49.703559], [14.316335, 49.709825], [14.315196, 49.71894], [14.340017, 49.724066], [14.351573, 49.723822], [14.363048, 49.71894], [14.359386, 49.727566], [14.359141, 49.733466], [14.363048, 49.746894], [14.379324, 49.739081], [14.394949, 49.743516], [14.410167, 49.752875], [14.425059, 49.759874], [14.413097, 49.770535], [14.411062, 49.784491], [14.417898, 49.798285], [14.431895, 49.808295], [14.427013, 49.81627], [14.431895, 49.819607], [14.440196, 49.822374], [14.445567, 49.828803], [14.447439, 49.839789], [14.445811, 49.841661], [14.440929, 49.840522], [14.431895, 49.842393], [14.407481, 49.853217], [14.39796, 49.859565], [14.390391, 49.869737], [14.389903, 49.876044], [14.392589, 49.882351], [14.396007, 49.887641], [14.397227, 49.890896], [14.394216, 49.896023], [14.385916, 49.906562], [14.380382, 49.916693], [14.375662, 49.920518], [14.371511, 49.92475], [14.369884, 49.93122], [14.372569, 49.937934], [14.384939, 49.939236], [14.390391, 49.944892], [14.393565, 49.953681], [14.395681, 49.96308], [14.398692, 50.007636], [14.403575, 50.025702], [14.412283, 50.043077], [14.425059, 50.062201], [14.410085, 50.078233], [14.417491, 50.087999], [14.452566, 50.099718], [14.457286, 50.108995], [14.439138, 50.115668], [14.397227, 50.123603], [14.404796, 50.155707], [14.404063, 50.164618], [14.39446, 50.174628], [14.384532, 50.176459], [14.356212, 50.172065], [14.370372, 50.183621], [14.375499, 50.190009], [14.377371, 50.199327], [14.372569, 50.19831], [14.362234, 50.209662], [14.352224, 50.223497], [14.349376, 50.229438], [14.319591, 50.243964], [14.311534, 50.250271], [14.306326, 50.261298], [14.311778, 50.269477], [14.328298, 50.281277], [14.337413, 50.308539], [14.342703, 50.315456], [14.352224, 50.318223], [14.448171, 50.322455], [14.470144, 50.328192], [14.472911, 50.342719]]]}}, {"type": "Feature", "properties": {"dissolve": "1057River", "scalerank": 9.0, "featurecla": "River", "name": "Vienne", "name_alt": null, "rivernum": 1057, "note": null, "min_zoom": 7.1, "name_en": "Vienne", "min_label": 8.1}, "bbox": [0.075369, 45.693915, 1.980235, 47.218207], "geometry": {"type": "LineString", "coordinates": [[1.980235, 45.703721], [1.920095, 45.695502], [1.893565, 45.696153], [1.871023, 45.709906], [1.858165, 45.699408], [1.845958, 45.693915], [1.839366, 45.696357], [1.843191, 45.709906], [1.830821, 45.715847], [1.788585, 45.724189], [1.736746, 45.742051], [1.718272, 45.745876], [1.716075, 45.74669], [1.700694, 45.754462], [1.68922, 45.76203], [1.681082, 45.765448], [1.651378, 45.765163], [1.608653, 45.777167], [1.557058, 45.782904], [1.525157, 45.793769], [1.497488, 45.809027], [1.454356, 45.844346], [1.397472, 45.902289], [1.383067, 45.894884], [1.333751, 45.879991], [1.323009, 45.871649], [1.313487, 45.853298], [1.291515, 45.841498], [1.247325, 45.826606], [1.215099, 45.804063], [1.198253, 45.795722], [1.175304, 45.792426], [1.153494, 45.796088], [1.138438, 45.805609], [1.116954, 45.834052], [1.086843, 45.863145], [1.053884, 45.875596], [0.880544, 45.895535], [0.794851, 45.881863], [0.750743, 45.884385], [0.69337, 45.895616], [0.652761, 45.917182], [0.658376, 45.950751], [0.655691, 45.965603], [0.684581, 46.068793], [0.687511, 46.089179], [0.687673, 46.108466], [0.684581, 46.127468], [0.679454, 46.144477], [0.671886, 46.162421], [0.678722, 46.162421], [0.677745, 46.170111], [0.672537, 46.19123], [0.671886, 46.19713], [0.677257, 46.205634], [0.684093, 46.212714], [0.688487, 46.220486], [0.685557, 46.231269], [0.692393, 46.231269], [0.686778, 46.243842], [0.687999, 46.246772], [0.692393, 46.251776], [0.68865, 46.257025], [0.687673, 46.259101], [0.692393, 46.266059], [0.685557, 46.266059], [0.691173, 46.284247], [0.689382, 46.327826], [0.704763, 46.363593], [0.704763, 46.38463], [0.695811, 46.429633], [0.688975, 46.436835], [0.680349, 46.443305], [0.671886, 46.450995], [0.664236, 46.461737], [0.645518, 46.501166], [0.641531, 46.506781], [0.638682, 46.513292], [0.637136, 46.525458], [0.638194, 46.533149], [0.64324, 46.551785], [0.644054, 46.560248], [0.635916, 46.571845], [0.603038, 46.601264], [0.595958, 46.61225], [0.552013, 46.708441], [0.544119, 46.737331], [0.534841, 46.837714], [0.537852, 46.853949], [0.551524, 46.874823], [0.554617, 46.892361], [0.559988, 46.903876], [0.583995, 46.930854], [0.589366, 46.946967], [0.585623, 46.964911], [0.570567, 46.988837], [0.568858, 47.005316], [0.554617, 47.053738], [0.544688, 47.077501], [0.518077, 47.098944], [0.48585, 47.114814], [0.458995, 47.122016], [0.340505, 47.136339], [0.321788, 47.145819], [0.303396, 47.148139], [0.194998, 47.176581], [0.158376, 47.180203], [0.126964, 47.189643], [0.09962, 47.202908], [0.075369, 47.218207]]}}, {"type": "Feature", "properties": {"dissolve": "105Lake Centerline", "scalerank": 4.0, "featurecla": "Lake Centerline", "name": "Rhein", "name_alt": null, "rivernum": 105, "note": null, "min_zoom": 4.0, "name_en": "Rhein", "min_label": 5.0}, "bbox": [8.881114, 47.511176, 9.554373, 47.695502], "geometry": {"type": "MultiLineString", "coordinates": [[[9.182872, 47.670681], [9.233816, 47.65644], [9.272634, 47.650336], [9.549327, 47.533759], [9.552257, 47.529324], [9.553152, 47.521064], [9.552664, 47.51496], [9.554373, 47.511176]], [[9.127615, 47.670681], [9.079031, 47.688666], [9.052175, 47.695502], [9.028087, 47.694892], [8.987071, 47.677517], [8.965017, 47.671332], [8.947439, 47.665107], [8.928884, 47.659613], [8.907725, 47.655137], [8.893077, 47.656277], [8.881114, 47.656358]]]}}, {"type": "Feature", "properties": {"dissolve": "105River", "scalerank": 4.0, "featurecla": "River", "name": "Rhein", "name_alt": null, "rivernum": 105, "note": null, "min_zoom": 4.0, "name_en": "Rhein", "min_label": 5.0}, "bbox": [8.710216, 46.622667, 9.649832, 47.670681], "geometry": {"type": "MultiLineString", "coordinates": [[[9.127615, 47.670681], [9.182872, 47.670681]], [[9.408702, 46.834581], [9.496267, 46.863105], [9.532237, 46.887478], [9.552745, 46.930772], [9.545909, 46.961371], [9.545909, 46.964301], [9.540457, 46.974677], [9.495616, 47.026475], [9.48463, 47.043158], [9.47698, 47.059882], [9.475352, 47.073513], [9.48699, 47.084255], [9.502371, 47.094997], [9.511892, 47.108344], [9.511241, 47.129665], [9.50294, 47.145616], [9.492198, 47.160102], [9.484386, 47.176581], [9.486827, 47.210273], [9.503917, 47.243964], [9.552745, 47.300116], [9.586843, 47.32807], [9.59075, 47.334906], [9.595876, 47.352566], [9.600515, 47.361518], [9.639171, 47.394802], [9.648936, 47.40998], [9.649832, 47.452257], [9.621104, 47.469509], [9.583995, 47.481024], [9.554373, 47.511176]], [[8.710216, 46.622667], [8.714122, 46.650662], [8.729421, 46.669298], [8.747813, 46.675727], [8.750906, 46.676337], [8.829112, 46.68769], [8.868175, 46.714911], [8.892345, 46.726508], [8.917735, 46.73432], [8.964854, 46.739569], [9.045584, 46.757758], [9.135671, 46.785671], [9.147146, 46.786689], [9.182872, 46.785671], [9.197032, 46.788398], [9.226085, 46.797431], [9.264578, 46.802436], [9.304617, 46.816107], [9.346609, 46.821601], [9.389578, 46.832139], [9.415538, 46.834581]]]}}, {"type": "Feature", "properties": {"dissolve": "1062River", "scalerank": 9.0, "featurecla": "River", "name": "Dora Baltea", "name_alt": null, "rivernum": 1062, "note": null, "min_zoom": 7.1, "name_en": "Dora Baltea", "min_label": 8.1}, "bbox": [6.882742, 45.213406, 8.036306, 45.815294], "geometry": {"type": "LineString", "coordinates": [[6.882742, 45.805609], [6.928477, 45.815294], [6.949718, 45.815294], [7.10491, 45.745551], [7.13323, 45.738959], [7.230968, 45.729275], [7.242931, 45.732693], [7.254324, 45.738389], [7.268565, 45.74376], [7.302989, 45.748725], [7.338145, 45.748562], [7.408132, 45.745063], [7.46282, 45.751899], [7.467296, 45.753974], [7.476085, 45.761501], [7.480724, 45.764228], [7.487234, 45.764919], [7.492198, 45.762803], [7.496837, 45.760199], [7.502371, 45.759345], [7.524669, 45.765448], [7.534109, 45.765896], [7.5442, 45.763983], [7.566824, 45.757025], [7.578787, 45.755398], [7.635753, 45.758816], [7.651378, 45.750352], [7.661388, 45.722724], [7.666677, 45.698432], [7.673269, 45.686103], [7.686697, 45.679307], [7.712169, 45.671454], [7.732188, 45.66059], [7.758962, 45.62991], [7.777517, 45.615302], [7.823253, 45.591376], [7.834158, 45.57628], [7.840587, 45.547187], [7.840343, 45.537299], [7.837901, 45.531602], [7.837169, 45.526068], [7.841563, 45.51614], [7.851817, 45.504991], [7.893565, 45.48371], [7.9074, 45.466661], [7.917166, 45.423407], [7.925466, 45.409003], [7.939626, 45.392035], [7.948009, 45.369696], [7.956798, 45.326036], [7.955089, 45.323554], [7.950694, 45.32099], [7.946788, 45.317816], [7.945811, 45.313056], [7.94866, 45.309394], [7.957937, 45.302069], [7.961192, 45.298122], [7.967703, 45.287462], [8.018565, 45.228298], [8.036306, 45.213406]]}}, {"type": "Feature", "properties": {"dissolve": "1063River", "scalerank": 9.0, "featurecla": "River", "name": "Durance", "name_alt": null, "rivernum": 1063, "note": null, "min_zoom": 7.1, "name_en": "Durance", "min_label": 8.1}, "bbox": [4.762706, 43.666042, 6.681163, 44.922187], "geometry": {"type": "LineString", "coordinates": [[6.681163, 44.922187], [6.659597, 44.911566], [6.621511, 44.88406], [6.580821, 44.840399], [6.575125, 44.827745], [6.57252, 44.809923], [6.574474, 44.766466], [6.57781, 44.748318], [6.598562, 44.703152], [6.603038, 44.680976], [6.593272, 44.657009], [6.543224, 44.611274], [6.528331, 44.592231], [6.504893, 44.568305], [6.475841, 44.557929], [6.399913, 44.551866], [6.390636, 44.549343], [6.365245, 44.534695], [6.324718, 44.493598], [6.297048, 44.476752], [6.258718, 44.4678], [6.094412, 44.473578], [6.073497, 44.467597], [6.031993, 44.434394], [6.016287, 44.425727], [5.9817, 44.41413], [5.966075, 44.405707], [5.955821, 44.395535], [5.937266, 44.362372], [5.927989, 44.353583], [5.917654, 44.345771], [5.908621, 44.337022], [5.903819, 44.325385], [5.906505, 44.316514], [5.914236, 44.312527], [5.919607, 44.305976], [5.916189, 44.289496], [5.914317, 44.2685], [5.922618, 44.246934], [5.937511, 44.229844], [5.955251, 44.222276], [5.95989, 44.209499], [5.965099, 44.182644], [5.969656, 44.169623], [6.004161, 44.113471], [6.011241, 44.096503], [6.009776, 44.079413], [5.996349, 44.05976], [5.940359, 44.013983], [5.923757, 43.992865], [5.911794, 43.969062], [5.886892, 43.894151], [5.871104, 43.862901], [5.759044, 43.736151], [5.735606, 43.717882], [5.710948, 43.706081], [5.64446, 43.694892], [5.622325, 43.680732], [5.58253, 43.666042], [5.530935, 43.669257], [5.413585, 43.695176], [5.395193, 43.701931], [5.37794, 43.711249], [5.347341, 43.734442], [5.336599, 43.739773], [5.32488, 43.741645], [5.308279, 43.742051], [5.254649, 43.749294], [5.192638, 43.749091], [5.087169, 43.786811], [5.065929, 43.798529], [4.968516, 43.866726], [4.905935, 43.895453], [4.772472, 43.932807], [4.762706, 43.932237]]}}, {"type": "Feature", "properties": {"dissolve": "1064River", "scalerank": 9.0, "featurecla": "River", "name": "Tarn", "name_alt": null, "rivernum": 1064, "note": "Changed in 2.0", "min_zoom": 7.1, "name_en": "Tarn", "min_label": 8.1}, "bbox": [1.029104, 43.790595, 3.597911, 44.375027], "geometry": {"type": "LineString", "coordinates": [[3.585216, 44.219102], [3.581065, 44.246446], [3.583914, 44.269884], [3.595876, 44.296413], [3.597911, 44.312771], [3.590017, 44.334337], [3.571544, 44.358832], [3.563487, 44.36282], [3.557058, 44.37287], [3.539968, 44.375027], [3.52825, 44.374579], [3.514578, 44.370469], [3.506033, 44.364366], [3.498464, 44.356513], [3.489757, 44.349677], [3.477712, 44.346869], [3.467296, 44.349392], [3.434825, 44.366156], [3.421072, 44.367865], [3.409109, 44.365546], [3.312755, 44.32449], [3.251638, 44.323065], [3.239268, 44.314805], [3.229666, 44.252387], [3.225108, 44.240058], [3.219249, 44.231391], [3.211925, 44.225369], [3.202891, 44.221015], [3.163829, 44.208319], [3.123709, 44.178412], [3.102224, 44.140896], [3.076671, 44.109442], [3.024669, 44.097927], [2.971446, 44.096788], [2.918875, 44.088813], [2.91627, 44.086371], [2.914236, 44.082099], [2.910899, 44.077582], [2.905203, 44.074897], [2.883474, 44.075995], [2.841482, 44.088243], [2.820242, 44.08747], [2.814382, 44.084337], [2.803396, 44.074327], [2.797781, 44.070421], [2.788259, 44.067165], [2.768565, 44.062852], [2.759288, 44.059109], [2.747732, 44.05032], [2.726736, 44.028632], [2.715099, 44.019355], [2.68157, 44.009589], [2.609386, 44.015815], [2.575938, 44.010932], [2.554454, 43.998887], [2.516043, 43.968777], [2.495046, 43.957099], [2.466563, 43.950629], [2.115733, 43.936103], [2.066173, 43.926093], [1.986501, 43.918647], [1.961111, 43.913153], [1.906668, 43.891669], [1.818858, 43.874579], [1.808767, 43.869249], [1.792247, 43.853827], [1.786062, 43.849433], [1.764415, 43.83865], [1.727224, 43.808865], [1.706554, 43.797309], [1.675548, 43.790595], [1.643809, 43.792426], [1.611746, 43.800971], [1.580333, 43.814317], [1.518565, 43.851182], [1.470714, 43.896064], [1.451427, 43.908026], [1.385427, 43.923529], [1.36614, 43.934272], [1.355154, 43.948188], [1.329031, 44.011298], [1.326915, 44.018093], [1.323985, 44.024604], [1.317149, 44.033881], [1.247081, 44.103827], [1.225759, 44.115505], [1.199229, 44.118476], [1.142833, 44.10753], [1.123546, 44.10696], [1.08546, 44.117743], [1.070811, 44.117377], [1.058116, 44.113105], [1.045909, 44.106024], [1.035899, 44.096503], [1.029104, 44.08282]]}}, {"type": "Feature", "properties": {"dissolve": "1069River", "scalerank": 9.0, "featurecla": "River", "name": "Marne", "name_alt": null, "rivernum": 1069, "note": null, "min_zoom": 7.1, "name_en": "Marne", "min_label": 8.1}, "bbox": [2.40919, 47.877224, 5.407725, 49.090277], "geometry": {"type": "LineString", "coordinates": [[5.407725, 47.877224], [5.387462, 47.877305], [5.36378, 47.882636], [5.331798, 47.898505], [5.323416, 47.902777], [5.299083, 47.924994], [5.262706, 48.004462], [5.242198, 48.027167], [5.192882, 48.057807], [5.17921, 48.071845], [5.162364, 48.094509], [5.156912, 48.104804], [5.152761, 48.118028], [5.151134, 48.136501], [5.159923, 48.182237], [5.155935, 48.204291], [5.139415, 48.240912], [5.139415, 48.265082], [5.147716, 48.293402], [5.144786, 48.306952], [5.128347, 48.316189], [5.132579, 48.317898], [5.137218, 48.321601], [5.141775, 48.32685], [5.146251, 48.333564], [5.153982, 48.348212], [5.159923, 48.364122], [5.163341, 48.379259], [5.163341, 48.391628], [5.153005, 48.437323], [5.153819, 48.442939], [5.161388, 48.452094], [5.16212, 48.456407], [5.156261, 48.462348], [5.13323, 48.481228], [5.113292, 48.511339], [5.059744, 48.56269], [5.042247, 48.588731], [5.041515, 48.593695], [5.044119, 48.60574], [5.043386, 48.609646], [5.036306, 48.613349], [5.02947, 48.612372], [5.022472, 48.61046], [5.015798, 48.611396], [4.992117, 48.622504], [4.970632, 48.628933], [4.948253, 48.631415], [4.900645, 48.631293], [4.837413, 48.644599], [4.795177, 48.645819], [4.711436, 48.638617], [4.668956, 48.646918], [4.644786, 48.658393], [4.584239, 48.702948], [4.580577, 48.710273], [4.574229, 48.746365], [4.568289, 48.7567], [4.560069, 48.766059], [4.55071, 48.774115], [4.540701, 48.780585], [4.533214, 48.789008], [4.512462, 48.828396], [4.493907, 48.8463], [4.473399, 48.86164], [4.463796, 48.865261], [4.441173, 48.870185], [4.433767, 48.87519], [4.41863, 48.895575], [4.410818, 48.903754], [4.40032, 48.912421], [4.368663, 48.931912], [4.358897, 48.940701], [4.340099, 48.969591], [4.329845, 48.977851], [4.311778, 48.985053], [4.249034, 48.999701], [4.167654, 49.039374], [4.136648, 49.045274], [4.033946, 49.046698], [4.019705, 49.049384], [4.014822, 49.054877], [4.01238, 49.061957], [4.005056, 49.069159], [3.994884, 49.072699], [3.959646, 49.075792], [3.894542, 49.088568], [3.806163, 49.082628], [3.756847, 49.090277], [3.540701, 49.088894], [3.513845, 49.081122], [3.463634, 49.055487], [3.435964, 49.048936], [3.413829, 49.047431], [3.40325, 49.044989], [3.393484, 49.039984], [3.389171, 49.03498], [3.3838, 49.02143], [3.380138, 49.01557], [3.373302, 49.010118], [3.346202, 48.995795], [3.329763, 48.990098], [3.279959, 48.981472], [3.263438, 48.977851], [3.247569, 48.977607], [3.232188, 48.980414], [3.19866, 48.992133], [3.186046, 48.993232], [3.175059, 48.988593], [3.143565, 48.966091], [3.125255, 48.958848], [3.105724, 48.955349], [3.038341, 48.956407], [3.013845, 48.961005], [3.003917, 48.969916], [3.01531, 48.97724], [3.03533, 48.981147], [3.047293, 48.989691], [3.034679, 49.010932], [3.024425, 49.016466], [3.017589, 49.012152], [3.011404, 49.004218], [3.003347, 48.999091], [2.992361, 48.998562], [2.956716, 49.002631], [2.952566, 49.003974], [2.948009, 49.002875], [2.940115, 48.996283], [2.930837, 48.983832], [2.935557, 48.97956], [2.943533, 48.975531], [2.943614, 48.963446], [2.92864, 48.946357], [2.908621, 48.943793], [2.888357, 48.946723], [2.872813, 48.94599], [2.864757, 48.937364], [2.852306, 48.912218], [2.844493, 48.905626], [2.829356, 48.90644], [2.820486, 48.914862], [2.808523, 48.938259], [2.795909, 48.943305], [2.778087, 48.9383], [2.757335, 48.929755], [2.72169, 48.920356], [2.723562, 48.914862], [2.739513, 48.905707], [2.749766, 48.902655], [2.762625, 48.902045], [2.767996, 48.898953], [2.756521, 48.888536], [2.735281, 48.880561], [2.637136, 48.872626], [2.572683, 48.879218], [2.562999, 48.878933], [2.55364, 48.877387], [2.545584, 48.873562], [2.537527, 48.864691], [2.525401, 48.845038], [2.513927, 48.836615], [2.491954, 48.832831], [2.482351, 48.82921], [2.482595, 48.822292], [2.493175, 48.81745], [2.508474, 48.813422], [2.52003, 48.807196], [2.52003, 48.795518], [2.508556, 48.786892], [2.494395, 48.788845], [2.480642, 48.796454], [2.456716, 48.813992], [2.44158, 48.817898], [2.425466, 48.818183], [2.40919, 48.816107]]}}, {"type": "Feature", "properties": {"dissolve": "1147River", "scalerank": 4.0, "featurecla": "River", "name": "IJssel", "name_alt": null, "rivernum": 1147, "note": "Version 1.3", "min_zoom": 4.0, "name_en": "IJssel", "min_label": 5.0}, "bbox": [5.857677, 51.958686, 6.207774, 52.581163], "geometry": {"type": "LineString", "coordinates": [[5.857677, 52.576768], [5.877126, 52.581163], [5.910167, 52.569485], [5.947113, 52.538357], [5.974294, 52.52086], [6.0171, 52.52086], [6.030691, 52.511013], [6.042817, 52.507839], [6.049653, 52.505316], [6.056407, 52.498684], [6.063894, 52.489407], [6.081554, 52.477729], [6.089041, 52.473782], [6.095388, 52.467922], [6.104177, 52.452053], [6.11199, 52.439805], [6.132742, 52.421291], [6.134776, 52.404446], [6.124115, 52.394395], [6.120046, 52.380357], [6.104666, 52.376899], [6.086762, 52.373521], [6.081554, 52.370592], [6.087332, 52.359442], [6.078054, 52.350979], [6.069265, 52.329006], [6.068044, 52.321763], [6.070649, 52.318345], [6.080984, 52.309312], [6.086111, 52.305528], [6.106537, 52.299709], [6.112478, 52.287421], [6.124522, 52.270901], [6.124034, 52.262559], [6.124034, 52.256252], [6.12794, 52.254503], [6.139171, 52.251288], [6.144054, 52.248806], [6.145925, 52.243923], [6.141938, 52.235093], [6.146088, 52.230292], [6.159923, 52.225328], [6.167003, 52.232042], [6.176524, 52.236925], [6.18922, 52.237413], [6.186371, 52.2213], [6.186371, 52.205715], [6.192231, 52.1824], [6.194184, 52.159044], [6.192231, 52.129869], [6.205821, 52.110419], [6.207774, 52.094835], [6.194184, 52.08511], [6.170828, 52.079291], [6.122162, 52.061794], [6.116384, 52.048163], [6.122162, 52.036485], [6.139659, 52.042344], [6.155284, 52.038438], [6.159109, 52.028713], [6.147472, 52.015123], [6.122162, 52.005398], [6.0949, 51.997585], [6.075531, 52.005398], [6.054128, 52.00731], [6.028819, 51.999538], [6.001557, 51.989814], [5.993826, 51.97427], [5.964692, 51.972317], [5.954926, 51.964504], [5.939382, 51.958686]]}}, {"type": "Feature", "properties": {"dissolve": "129River", "scalerank": 4.0, "featurecla": "River", "name": "Seine", "name_alt": null, "rivernum": 129, "note": null, "min_zoom": 4.0, "name_en": "Seine", "min_label": 5.0}, "bbox": [0.493175, 47.512641, 4.712657, 49.527167], "geometry": {"type": "LineString", "coordinates": [[4.712657, 47.512641], [4.704112, 47.526964], [4.700857, 47.540961], [4.704763, 47.554511], [4.705333, 47.571804], [4.707693, 47.577908], [4.704519, 47.585313], [4.697439, 47.59162], [4.690359, 47.599677], [4.687185, 47.612616], [4.687022, 47.63585], [4.685313, 47.644355], [4.673595, 47.678575], [4.667491, 47.684394], [4.653005, 47.691189], [4.623057, 47.697618], [4.610362, 47.703315], [4.605235, 47.714708], [4.59962, 47.741034], [4.585216, 47.763007], [4.565196, 47.780585], [4.543142, 47.793565], [4.54656, 47.805854], [4.56365, 47.834499], [4.570486, 47.852607], [4.576182, 47.862576], [4.584727, 47.869249], [4.566173, 47.868923], [4.552989, 47.875434], [4.543712, 47.885769], [4.536876, 47.896593], [4.542898, 47.899441], [4.545665, 47.902615], [4.547618, 47.906195], [4.550548, 47.910224], [4.536062, 47.919949], [4.50587, 47.958075], [4.505544, 47.966864], [4.49171, 47.985785], [4.475352, 48.003689], [4.467459, 48.009304], [4.453543, 48.027045], [4.392589, 48.062038], [4.378673, 48.092108], [4.378673, 48.112901], [4.375906, 48.123074], [4.365977, 48.12873], [4.344656, 48.136176], [4.335623, 48.140815], [4.330496, 48.145209], [4.324474, 48.148505], [4.313487, 48.149848], [4.284353, 48.148464], [4.275645, 48.149848], [4.182791, 48.212592], [4.159597, 48.211859], [4.152843, 48.226142], [4.14503, 48.239081], [4.134288, 48.25019], [4.125499, 48.259101], [4.111827, 48.275214], [4.084483, 48.324897], [4.067068, 48.335395], [4.043386, 48.342882], [4.0053, 48.375759], [3.977306, 48.391913], [3.94044, 48.444648], [3.913259, 48.472357], [3.903738, 48.487128], [3.905772, 48.499294], [3.872813, 48.521674], [3.831065, 48.528754], [3.787283, 48.531317], [3.748057, 48.540229], [3.743337, 48.54446], [3.730968, 48.560736], [3.726573, 48.562934], [3.720876, 48.56684], [3.715994, 48.568671], [3.713878, 48.56448], [3.711843, 48.562079], [3.70696, 48.558702], [3.701182, 48.555772], [3.696951, 48.554511], [3.676524, 48.553168], [3.65504, 48.548774], [3.635671, 48.541287], [3.621349, 48.530341], [3.608165, 48.523017], [3.588878, 48.520535], [3.550059, 48.519802], [3.543875, 48.52204], [3.537039, 48.52619], [3.531261, 48.526313], [3.528982, 48.516669], [3.524832, 48.512152], [3.504893, 48.50141], [3.498546, 48.499294], [3.488943, 48.498358], [3.476003, 48.493964], [3.46754, 48.492458], [3.461599, 48.492743], [3.455984, 48.493679], [3.449229, 48.493964], [3.440196, 48.492458], [3.43922, 48.489936], [3.419119, 48.472602], [3.409841, 48.469265], [3.402029, 48.469428], [3.396007, 48.467556], [3.392345, 48.458319], [3.384939, 48.458319], [3.370779, 48.465847], [3.350271, 48.466905], [3.331554, 48.461127], [3.323497, 48.448065], [3.314626, 48.439317], [3.293875, 48.431708], [3.254649, 48.42414], [3.210216, 48.433417], [3.187266, 48.435736], [3.168956, 48.427924], [3.15447, 48.418036], [3.11321, 48.40115], [3.096934, 48.396837], [3.074718, 48.395616], [3.012218, 48.403673], [2.863048, 48.381619], [2.851085, 48.386908], [2.846934, 48.391303], [2.826834, 48.401679], [2.820079, 48.403673], [2.815115, 48.402655], [2.805675, 48.397976], [2.799734, 48.396837], [2.795909, 48.399848], [2.796397, 48.406562], [2.797781, 48.41352], [2.79656, 48.417344], [2.78297, 48.418728], [2.768565, 48.417751], [2.75587, 48.41828], [2.747488, 48.42414], [2.745779, 48.437079], [2.752696, 48.447455], [2.76238, 48.456366], [2.767996, 48.465155], [2.761729, 48.483995], [2.739268, 48.487738], [2.710867, 48.487087], [2.686697, 48.492458], [2.677989, 48.502143], [2.677013, 48.512234], [2.677419, 48.522895], [2.671804, 48.534003], [2.66033, 48.540351], [2.649669, 48.537665], [2.631358, 48.526638], [2.614268, 48.52322], [2.604991, 48.524359], [2.583018, 48.534003], [2.54713, 48.542426], [2.535167, 48.547065], [2.535167, 48.554511], [2.54835, 48.561062], [2.544119, 48.566718], [2.515391, 48.575019], [2.49171, 48.575873], [2.488536, 48.582831], [2.488048, 48.605414], [2.475759, 48.629462], [2.447276, 48.652289], [2.391856, 48.684882], [2.426036, 48.714911], [2.440929, 48.731513], [2.443126, 48.742947], [2.427745, 48.756781], [2.422048, 48.763699], [2.419688, 48.770819], [2.420339, 48.791775], [2.418224, 48.796739], [2.412283, 48.807807], [2.39088, 48.833848], [2.358816, 48.855414], [2.32252, 48.866807], [2.288829, 48.862372], [2.254812, 48.838487], [2.235362, 48.833808], [2.226817, 48.85281], [2.233165, 48.869086], [2.248464, 48.886257], [2.266612, 48.90115], [2.281993, 48.910834], [2.319102, 48.923448], [2.327322, 48.930732], [2.329845, 48.94831], [2.318858, 48.958116], [2.294688, 48.956732], [2.254649, 48.944892], [2.229259, 48.92829], [2.213878, 48.920762], [2.1963, 48.91767], [2.183767, 48.912909], [2.162852, 48.890489], [2.151622, 48.88288], [2.124929, 48.886176], [2.121755, 48.910712], [2.136241, 48.938544], [2.166515, 48.954128], [2.172293, 48.960028], [2.177013, 48.967841], [2.178966, 48.975653], [2.177419, 48.984971], [2.173106, 48.988593], [2.166677, 48.990058], [2.145274, 48.997178], [2.093272, 49.00019], [2.072765, 48.995185], [2.060964, 48.982978], [2.041759, 48.951768], [2.024425, 48.942816], [2.008311, 48.946641], [2.000255, 48.959825], [2.007742, 48.979071], [1.990001, 49.00141], [1.977957, 49.009548], [1.95989, 49.013861], [1.941091, 49.013617], [1.813894, 48.981269], [1.798839, 48.979315], [1.764659, 48.979071], [1.75115, 48.982245], [1.733897, 48.990058], [1.719168, 49.000108], [1.71282, 49.010077], [1.704031, 49.013536], [1.647878, 49.013861], [1.619314, 49.020209], [1.636892, 49.035509], [1.699148, 49.069037], [1.674734, 49.076361], [1.653494, 49.078192], [1.633067, 49.073594], [1.589122, 49.047471], [1.577566, 49.042833], [1.562022, 49.041124], [1.547048, 49.046413], [1.534841, 49.057929], [1.525157, 49.069403], [1.513845, 49.07746], [1.509695, 49.09101], [1.507335, 49.095771], [1.501964, 49.097846], [1.485525, 49.100531], [1.479421, 49.102607], [1.457042, 49.126166], [1.448985, 49.12995], [1.438975, 49.133002], [1.432058, 49.140326], [1.425955, 49.149359], [1.41863, 49.157172], [1.387136, 49.174262], [1.384451, 49.17829], [1.358816, 49.183295], [1.346446, 49.197537], [1.350597, 49.212429], [1.374278, 49.219306], [1.389903, 49.226426], [1.389659, 49.241156], [1.375499, 49.253445], [1.349783, 49.253445], [1.333425, 49.244574], [1.295584, 49.218044], [1.278575, 49.21247], [1.26824, 49.213568], [1.243907, 49.219306], [1.232839, 49.223497], [1.235281, 49.232856], [1.242849, 49.242255], [1.247325, 49.246609], [1.253835, 49.256415], [1.258718, 49.260362], [1.261241, 49.265815], [1.260183, 49.291693], [1.258718, 49.300482], [1.253917, 49.306098], [1.088552, 49.314643], [1.034679, 49.29739], [1.006277, 49.294542], [0.993419, 49.308051], [1.003347, 49.319403], [1.026378, 49.327989], [1.052745, 49.333441], [1.092459, 49.336859], [1.108572, 49.342882], [1.119314, 49.355333], [1.12379, 49.376288], [1.114757, 49.411933], [1.089773, 49.440009], [1.056163, 49.449978], [1.021414, 49.430935], [1.000662, 49.372016], [0.990001, 49.362657], [0.952322, 49.356228], [0.933035, 49.357489], [0.917735, 49.370144], [0.913585, 49.388739], [0.9192, 49.40766], [0.927664, 49.427436], [0.932058, 49.448594], [0.929128, 49.472846], [0.920095, 49.486151], [0.90504, 49.490058], [0.873953, 49.483588], [0.866628, 49.480984], [0.86085, 49.475857], [0.856212, 49.465684], [0.857188, 49.458441], [0.866628, 49.430935], [0.872325, 49.425605], [0.867931, 49.41413], [0.860362, 49.40351], [0.856212, 49.400499], [0.851003, 49.394395], [0.839285, 49.399034], [0.811534, 49.42003], [0.809011, 49.426215], [0.808523, 49.438341], [0.820242, 49.455756], [0.82488, 49.467353], [0.819347, 49.47252], [0.813894, 49.474677], [0.799978, 49.484076], [0.780284, 49.488878], [0.778005, 49.495714], [0.77825, 49.504584], [0.774343, 49.513495], [0.759695, 49.522081], [0.739919, 49.526068], [0.695486, 49.527167], [0.681163, 49.519599], [0.671641, 49.501899], [0.658376, 49.465684], [0.647634, 49.45307], [0.6338, 49.444607], [0.615896, 49.439887], [0.592459, 49.438341], [0.572927, 49.444037], [0.540212, 49.473171], [0.520437, 49.486151], [0.508067, 49.492051], [0.501882, 49.493598], [0.493175, 49.493598]]}}, {"type": "Feature", "properties": {"dissolve": "130River", "scalerank": 4.0, "featurecla": "River", "name": "Oder", "name_alt": null, "rivernum": 130, "note": null, "min_zoom": 4.0, "name_en": "Oder", "min_label": 5.0}, "bbox": [14.123546, 49.625556, 18.351003, 53.598212], "geometry": {"type": "LineString", "coordinates": [[16.0, 51.69891897980734], [15.988699, 51.702582], [15.971609, 51.705512], [15.928722, 51.70657], [15.921641, 51.71015], [15.917979, 51.715522], [15.910655, 51.730577], [15.908376, 51.73371], [15.899343, 51.731553], [15.891612, 51.726874], [15.885509, 51.722195], [15.881277, 51.720038], [15.871755, 51.722968], [15.866873, 51.72838], [15.861583, 51.731391], [15.850271, 51.726874], [15.812999, 51.761583], [15.802501, 51.7685], [15.784841, 51.770535], [15.771414, 51.768337], [15.759776, 51.769599], [15.747813, 51.782091], [15.750662, 51.785712], [15.754649, 51.788275], [15.740408, 51.800076], [15.734141, 51.802558], [15.743663, 51.819363], [15.770763, 51.849392], [15.774425, 51.857204], [15.780528, 51.862616], [15.795665, 51.884548], [15.788829, 51.888251], [15.761485, 51.898139], [15.771007, 51.903876], [15.7824, 51.915066], [15.791677, 51.927191], [15.795665, 51.936062], [15.773855, 51.965847], [15.774425, 51.967068], [15.772146, 51.971788], [15.773204, 51.97602], [15.772634, 51.979031], [15.764903, 51.980089], [15.737315, 51.980089], [15.685802, 51.973904], [15.685802, 51.980089], [15.692638, 51.980089], [15.679617, 51.992458], [15.656912, 51.999945], [15.640147, 52.011298], [15.644786, 52.035346], [15.480398, 52.049018], [15.456309, 52.047675], [15.446056, 52.049018], [15.435802, 52.052598], [15.42156, 52.060614], [15.411388, 52.06269], [15.402273, 52.060818], [15.378835, 52.051296], [15.370535, 52.049018], [15.358409, 52.049994], [15.253835, 52.072455], [15.216238, 52.075385], [15.166433, 52.052924], [15.099783, 52.049018], [15.079275, 52.051459], [15.060476, 52.057888], [15.027843, 52.076931], [14.992442, 52.06212], [14.960623, 52.056342], [14.887218, 52.056464], [14.871755, 52.059638], [14.842703, 52.073757], [14.775401, 52.081407], [14.760916, 52.076931], [14.695811, 52.10696], [14.685802, 52.121283], [14.691905, 52.147244], [14.702647, 52.165473], [14.706716, 52.179755], [14.692068, 52.19363], [14.692068, 52.199774], [14.711599, 52.215766], [14.711925, 52.236192], [14.696462, 52.25373], [14.668386, 52.261298], [14.639903, 52.265326], [14.60613, 52.276068], [14.583669, 52.291449], [14.58961, 52.309638], [14.568614, 52.338731], [14.544932, 52.382392], [14.539317, 52.422146], [14.591075, 52.450059], [14.615245, 52.473578], [14.631765, 52.497016], [14.627208, 52.507676], [14.608572, 52.518134], [14.616384, 52.541327], [14.644216, 52.577216], [14.61321, 52.592841], [14.549571, 52.63642], [14.489675, 52.650946], [14.460867, 52.674831], [14.441905, 52.680243], [14.431326, 52.686387], [14.397227, 52.727403], [14.381765, 52.738471], [14.275401, 52.785956], [14.24822, 52.794867], [14.215505, 52.818305], [14.195486, 52.823594], [14.173269, 52.824652], [14.152273, 52.828559], [14.134939, 52.836859], [14.123546, 52.850898], [14.149913, 52.864854], [14.16033, 52.877021], [14.16448, 52.895941], [14.16212, 52.908393], [14.149913, 52.943874], [14.143972, 52.953966], [14.143972, 52.96015], [14.192393, 52.981879], [14.253184, 53.001166], [14.312185, 53.029568], [14.342947, 53.048896], [14.356212, 53.066962], [14.35906, 53.075303], [14.389089, 53.131944], [14.386974, 53.14643], [14.38087, 53.160509], [14.377371, 53.176825], [14.380138, 53.190131], [14.38738, 53.202338], [14.397227, 53.211249], [14.407725, 53.214667], [14.41505, 53.221259], [14.441173, 53.252143], [14.451915, 53.261786], [14.446544, 53.262885], [14.445567, 53.265815], [14.4463, 53.270087], [14.445567, 53.275458], [14.449718, 53.287909], [14.456472, 53.301337], [14.46461, 53.314032], [14.472911, 53.32392], [14.490977, 53.33572], [14.496837, 53.337592], [14.502126, 53.340033], [14.503917, 53.345974], [14.504812, 53.352729], [14.507091, 53.358018], [14.538097, 53.380439], [14.548025, 53.392768], [14.562673, 53.42414], [14.569102, 53.433702], [14.574229, 53.436103], [14.581065, 53.436713], [14.587087, 53.438341], [14.58961, 53.443671], [14.591319, 53.450873], [14.625743, 53.501736], [14.630626, 53.516303], [14.628591, 53.537665], [14.602468, 53.571316], [14.595876, 53.598212]]}}, {"type": "Feature", "properties": {"dissolve": "140River", "scalerank": 4.0, "featurecla": "River", "name": "Rhin", "name_alt": "Rhein", "rivernum": 140, "note": null, "min_zoom": 4.0, "name_en": "Rhein", "min_label": 5.0}, "bbox": [7.511241, 47.544501, 8.881114, 48.965399], "geometry": {"type": "LineString", "coordinates": [[8.881114, 47.656358], [8.852061, 47.671007], [8.815684, 47.684272], [8.776541, 47.693671], [8.639822, 47.696234], [8.631521, 47.690497], [8.624522, 47.681505], [8.607351, 47.670681], [8.617442, 47.666327], [8.624522, 47.659044], [8.624766, 47.65058], [8.614268, 47.642686], [8.6067, 47.656562], [8.602468, 47.647488], [8.599864, 47.612616], [8.594412, 47.600531], [8.568044, 47.575466], [8.559581, 47.560818], [8.539317, 47.568671], [8.52296, 47.577663], [8.505138, 47.585028], [8.480154, 47.58808], [8.417491, 47.581081], [8.353526, 47.581244], [8.315684, 47.58808], [8.305837, 47.592475], [8.298757, 47.602118], [8.293386, 47.61168], [8.288097, 47.616034], [8.276541, 47.616889], [8.250499, 47.62226], [8.232432, 47.622138], [8.17864, 47.616034], [8.173269, 47.613796], [8.168386, 47.608913], [8.161632, 47.604031], [8.14324, 47.600369], [8.121593, 47.592393], [8.113292, 47.58808], [8.104991, 47.581488], [8.100841, 47.576443], [8.096446, 47.572089], [8.086681, 47.567654], [8.041677, 47.560818], [7.911632, 47.560818], [7.908946, 47.56505], [7.906993, 47.57449], [7.903738, 47.583848], [7.897634, 47.58808], [7.833181, 47.590766], [7.819102, 47.595526], [7.801036, 47.57628], [7.784923, 47.563422], [7.766124, 47.55622], [7.682872, 47.544501], [7.660899, 47.546495], [7.609141, 47.565009], [7.588552, 47.567654], [7.583507, 47.572943], [7.585378, 47.584255], [7.58961, 47.595038], [7.59197, 47.5987], [7.589773, 47.608222], [7.584646, 47.613471], [7.578136, 47.617214], [7.572032, 47.62226], [7.549734, 47.652696], [7.536143, 47.665473], [7.521251, 47.670681], [7.517345, 47.67532], [7.514089, 47.686062], [7.511241, 47.707587], [7.514822, 47.713568], [7.531505, 47.72545], [7.537364, 47.732123], [7.537771, 47.748399], [7.525401, 47.783393], [7.528087, 47.797309], [7.54241, 47.829657], [7.547862, 47.834499], [7.561453, 47.839545], [7.56365, 47.850653], [7.558523, 47.869249], [7.558604, 47.873725], [7.557872, 47.876288], [7.557302, 47.87877], [7.558523, 47.882921], [7.561453, 47.887397], [7.567882, 47.891628], [7.572032, 47.896593], [7.57838, 47.906562], [7.580089, 47.911078], [7.578868, 47.927314], [7.584483, 47.940701], [7.611095, 47.959662], [7.620616, 47.971706], [7.618419, 48.002875], [7.575206, 48.0539], [7.572032, 48.095242], [7.578298, 48.114773], [7.585134, 48.12995], [7.592296, 48.138861], [7.599132, 48.144965], [7.604259, 48.152859], [7.606375, 48.167182], [7.612804, 48.17947], [7.675955, 48.238715], [7.686534, 48.253241], [7.692882, 48.270128], [7.694998, 48.290473], [7.701915, 48.311469], [7.718028, 48.320258], [7.736339, 48.326931], [7.750255, 48.34162], [7.751475, 48.355577], [7.746349, 48.368964], [7.739757, 48.381659], [7.736583, 48.393744], [7.737804, 48.406806], [7.745128, 48.433295], [7.750255, 48.444648], [7.757091, 48.454169], [7.763682, 48.460639], [7.768809, 48.470323], [7.770763, 48.489325], [7.77589, 48.498399], [7.787852, 48.506537], [7.812918, 48.519802], [7.812918, 48.526638], [7.801199, 48.547797], [7.80128, 48.582587], [7.809744, 48.615261], [7.851817, 48.658962], [7.863536, 48.664374], [7.880056, 48.667914], [7.895437, 48.676825], [7.922781, 48.698554], [7.934581, 48.703559], [7.948009, 48.712185], [7.958669, 48.721625], [7.963145, 48.72956], [7.964366, 48.748643], [7.969656, 48.757514], [7.980968, 48.760037], [8.009044, 48.760362], [8.016775, 48.76203], [8.02239, 48.765326], [8.024587, 48.770819], [8.026785, 48.780341], [8.031423, 48.78559], [8.036062, 48.78852], [8.038259, 48.791042], [8.047048, 48.791287], [8.083669, 48.804389], [8.089773, 48.807807], [8.102224, 48.821601], [8.147472, 48.903998], [8.178722, 48.942939], [8.199718, 48.958848], [8.229991, 48.965399]]}}, {"type": "Feature", "properties": {"dissolve": "141River", "scalerank": 4.0, "featurecla": "River", "name": "Nederrijn", "name_alt": null, "rivernum": 141, "note": null, "min_zoom": 4.0, "name_en": "Nederrijn", "min_label": 5.0}, "bbox": [5.331065, 51.879706, 6.031016, 51.987494], "geometry": {"type": "LineString", "coordinates": [[6.031016, 51.879706], [6.028087, 51.889838], [6.024587, 51.89643], [6.018728, 51.90058], [6.009207, 51.905585], [5.981212, 51.916327], [5.967296, 51.924506], [5.961436, 51.936062], [5.951834, 51.950141], [5.929454, 51.965033], [5.886241, 51.987494], [5.861746, 51.973334], [5.803966, 51.973415], [5.783865, 51.959581], [5.742605, 51.968573], [5.705496, 51.962958], [5.668224, 51.952338], [5.626231, 51.946601], [5.58196, 51.953192], [5.504893, 51.981879], [5.461681, 51.987494], [5.449392, 51.985419], [5.429454, 51.97663], [5.420177, 51.973904], [5.408946, 51.974189], [5.382742, 51.980089], [5.360362, 51.976915], [5.331065, 51.962958]]}}, {"type": "Feature", "properties": {"dissolve": "142River", "scalerank": 4.0, "featurecla": "River", "name": "Lek", "name_alt": null, "rivernum": 142, "note": null, "min_zoom": 4.0, "name_en": "Lek", "min_label": 5.0}, "bbox": [4.098399, 51.895616, 5.331065, 52.00373], "geometry": {"type": "LineString", "coordinates": [[5.331065, 51.962958], [5.310313, 51.959581], [5.254161, 51.979031], [5.239187, 51.976996], [5.221202, 51.968329], [5.197276, 51.965522], [5.172781, 51.967597], [5.153982, 51.973904], [5.144542, 51.981147], [5.130626, 51.995917], [5.118419, 52.001817], [5.104747, 52.00373], [5.09547, 52.0008], [5.086599, 51.996609], [5.063731, 51.992743], [5.054861, 51.988471], [5.040294, 51.976996], [5.030203, 51.974229], [4.98878, 51.980089], [4.986746, 51.978542], [4.9546, 51.967068], [4.926524, 51.949164], [4.916515, 51.946601], [4.851003, 51.949164], [4.830577, 51.946601], [4.776134, 51.92239], [4.740164, 51.916042], [4.680919, 51.898139], [4.594981, 51.898139], [4.571707, 51.901394], [4.528005, 51.915473], [4.509044, 51.918647], [4.461192, 51.905585], [4.340831, 51.895616], [4.308849, 51.898261], [4.277029, 51.912218], [4.23821, 51.918647], [4.127696, 51.982123], [4.098399, 51.989081]]}}, {"type": "Feature", "properties": {"dissolve": "150River", "scalerank": 4.0, "featurecla": "River", "name": "Rhine", "name_alt": null, "rivernum": 150, "note": null, "min_zoom": 4.0, "name_en": "Rhine", "min_label": 5.0}, "bbox": [4.985362, 48.965399, 8.504405, 51.90058], "geometry": {"type": "LineString", "coordinates": [[8.229991, 48.965399], [8.26238, 48.988349], [8.283458, 49.009833], [8.356944, 49.109442], [8.361339, 49.119452], [8.380544, 49.214708], [8.387136, 49.231879], [8.39796, 49.239122], [8.410655, 49.243516], [8.479747, 49.29682], [8.483328, 49.309394], [8.459727, 49.314887], [8.461681, 49.32331], [8.497569, 49.376288], [8.497488, 49.386339], [8.490977, 49.402899], [8.490001, 49.411078], [8.491873, 49.413031], [8.501394, 49.429023], [8.504405, 49.430935], [8.493663, 49.442491], [8.477712, 49.446234], [8.459402, 49.447618], [8.442312, 49.452012], [8.442312, 49.458848], [8.46339, 49.465684], [8.46339, 49.47252], [8.449962, 49.491075], [8.427501, 49.534044], [8.408214, 49.55504], [8.416677, 49.579291], [8.399832, 49.610216], [8.375255, 49.640937], [8.360362, 49.664333], [8.362071, 49.690741], [8.378917, 49.710273], [8.406261, 49.722276], [8.438894, 49.726386], [8.460623, 49.743598], [8.473643, 49.75727], [8.476492, 49.767361], [8.462413, 49.770941], [8.442068, 49.76789], [8.423595, 49.767157], [8.415701, 49.777615], [8.413585, 49.784532], [8.408458, 49.792548], [8.389659, 49.815131], [8.386241, 49.823676], [8.384044, 49.832139], [8.380138, 49.842393], [8.370291, 49.856472], [8.347423, 49.878363], [8.339854, 49.890896], [8.354991, 49.925482], [8.335216, 49.959499], [8.227957, 50.038031], [8.21282, 50.044257], [8.200613, 50.046169], [8.173595, 50.045681], [8.04835, 50.018256], [8.009532, 49.999132], [7.961681, 49.982978], [7.918468, 49.973741], [7.87794, 49.972846], [7.860118, 49.989854], [7.857188, 50.002468], [7.84962, 50.010565], [7.784923, 50.048367], [7.765147, 50.063666], [7.757091, 50.086127], [7.752371, 50.092963], [7.730154, 50.113349], [7.722911, 50.123603], [7.724294, 50.144639], [7.7199, 50.158393], [7.706065, 50.164618], [7.693044, 50.166856], [7.651296, 50.178819], [7.642996, 50.184678], [7.624278, 50.213935], [7.613048, 50.22602], [7.588145, 50.240912], [7.579275, 50.249945], [7.588552, 50.253974], [7.621837, 50.253852], [7.636485, 50.255723], [7.647878, 50.26081], [7.647878, 50.267646], [7.615896, 50.286892], [7.601003, 50.300482], [7.59197, 50.315456], [7.591238, 50.332221], [7.597179, 50.347968], [7.605968, 50.364366], [7.613048, 50.383653], [7.580821, 50.41116], [7.54363, 50.417548], [7.503429, 50.417507], [7.46282, 50.42532], [7.398448, 50.449774], [7.387218, 50.449164], [7.33253, 50.486762], [7.269298, 50.56684], [7.243093, 50.582953], [7.223318, 50.589179], [7.213308, 50.595811], [7.209483, 50.60871], [7.208995, 50.633816], [7.205496, 50.651068], [7.196544, 50.669623], [7.185313, 50.686591], [7.174978, 50.699001], [7.159109, 50.71015], [7.121023, 50.728705], [7.105968, 50.739936], [7.088634, 50.763739], [7.082042, 50.767279], [7.071218, 50.769477], [7.043386, 50.780382], [7.037771, 50.784695], [7.028087, 50.805528], [7.006602, 50.819892], [6.985362, 50.830512], [6.975597, 50.839911], [6.986257, 50.855414], [7.035574, 50.874945], [7.051443, 50.890815], [6.985606, 50.901719], [6.975597, 50.908474], [6.973562, 50.918402], [6.96461, 50.934027], [6.962657, 50.942654], [6.966319, 50.952826], [6.983897, 50.962429], [6.989268, 50.972724], [6.986257, 50.98017], [6.97755, 50.985622], [6.968028, 50.990017], [6.962657, 50.994452], [6.962657, 51.003974], [6.968679, 51.024197], [6.966075, 51.02794], [6.950613, 51.03323], [6.894298, 51.068915], [6.860037, 51.072781], [6.852794, 51.076361], [6.851329, 51.086778], [6.859141, 51.093044], [6.868907, 51.096788], [6.87379, 51.100287], [6.878103, 51.113878], [6.875662, 51.120673], [6.849376, 51.12755], [6.847911, 51.136542], [6.852794, 51.151475], [6.845714, 51.159695], [6.843435, 51.160834], [6.838878, 51.159003], [6.82545, 51.158311], [6.811046, 51.15115], [6.802175, 51.151068], [6.798106, 51.161444], [6.793142, 51.183539], [6.779714, 51.185248], [6.759776, 51.18126], [6.736095, 51.186225], [6.728038, 51.196479], [6.723399, 51.212348], [6.724294, 51.226996], [6.732921, 51.233425], [6.740896, 51.231309], [6.749522, 51.227729], [6.758311, 51.226142], [6.7671, 51.230292], [6.770274, 51.237576], [6.766124, 51.242621], [6.759776, 51.246772], [6.756521, 51.251085], [6.745372, 51.256415], [6.722423, 51.262152], [6.703868, 51.27086], [6.705333, 51.28559], [6.724783, 51.302924], [6.72877, 51.310614], [6.72991, 51.326239], [6.711355, 51.337104], [6.675955, 51.347602], [6.653738, 51.360134], [6.674571, 51.377468], [6.690929, 51.380439], [6.708995, 51.380886], [6.725027, 51.38288], [6.736095, 51.391059], [6.739268, 51.406806], [6.732432, 51.419867], [6.708751, 51.439521], [6.708751, 51.445665], [6.717296, 51.453396], [6.720632, 51.462592], [6.71697, 51.470323], [6.705333, 51.47366], [6.688894, 51.475409], [6.684825, 51.480048], [6.688487, 51.48664], [6.695079, 51.494086], [6.704763, 51.499945], [6.714854, 51.50255], [6.719249, 51.506944], [6.712169, 51.518337], [6.702647, 51.525743], [6.692312, 51.53144], [6.682302, 51.538275], [6.674571, 51.549384], [6.68572, 51.564968], [6.655935, 51.572048], [6.592052, 51.576687], [6.592052, 51.582831], [6.594005, 51.594184], [6.589285, 51.612616], [6.586681, 51.62991], [6.595876, 51.637478], [6.600597, 51.640733], [6.597097, 51.647976], [6.590343, 51.655382], [6.585867, 51.659247], [6.576427, 51.660956], [6.5442, 51.659247], [6.510509, 51.663845], [6.49171, 51.668647], [6.479177, 51.67536], [6.451671, 51.70364], [6.436209, 51.71369], [6.413992, 51.720038], [6.420339, 51.740912], [6.407481, 51.753607], [6.38502, 51.759874], [6.363048, 51.761583], [6.342214, 51.765692], [6.330496, 51.775946], [6.322276, 51.789333], [6.311534, 51.802558], [6.277761, 51.820868], [6.083507, 51.853949], [6.067882, 51.860622], [6.054698, 51.869981], [6.035167, 51.87934], [6.013845, 51.885321], [5.995535, 51.884548], [5.990977, 51.879747], [5.982351, 51.862738], [5.975108, 51.857204], [5.965831, 51.857001], [5.954519, 51.859687], [5.944998, 51.863634], [5.929454, 51.876776], [5.903738, 51.869981], [5.85963, 51.85102], [5.843923, 51.853217], [5.813243, 51.866523], [5.797537, 51.870185], [5.790701, 51.870185], [5.763927, 51.887315], [5.718761, 51.894477], [5.542979, 51.90058], [5.461681, 51.891954], [5.431407, 51.874783], [5.37379, 51.817939], [5.337576, 51.810004], [5.328136, 51.81391], [5.313894, 51.826117], [5.304128, 51.829901], [5.292735, 51.830146], [5.277273, 51.825141], [5.180593, 51.81623], [5.153738, 51.818386], [5.112966, 51.827745], [5.091807, 51.829901], [4.985362, 51.823676]]}}, {"type": "Feature", "properties": {"dissolve": "151River", "scalerank": 4.0, "featurecla": "River", "name": "Waal", "name_alt": null, "rivernum": 151, "note": "Version 1.3", "min_zoom": 4.0, "name_en": "Waal", "min_label": 5.0}, "bbox": [4.07781, 51.708279, 4.985362, 51.843655], "geometry": {"type": "MultiLineString", "coordinates": [[[4.985362, 51.823676], [4.934581, 51.830105], [4.908865, 51.829779], [4.870128, 51.808051], [4.845225, 51.803087], [4.790212, 51.802558], [4.761485, 51.788926], [4.739757, 51.774278], [4.725597, 51.756903], [4.675548, 51.719387]], [[4.403168, 51.708279], [4.323985, 51.728705], [4.256196, 51.757025], [4.160167, 51.800767], [4.07781, 51.843655]]]}}, {"type": "Feature", "properties": {"dissolve": "155River", "scalerank": 5.0, "featurecla": "River", "name": "Ebro", "name_alt": null, "rivernum": 155, "note": null, "min_zoom": 4.7, "name_en": "Ebro", "min_label": 5.7}, "bbox": [-4.309275, 40.707831, 0.873709, 43.026882], "geometry": {"type": "LineString", "coordinates": [[-4.309275, 43.016872], [-4.276357, 43.018378], [-4.250071, 43.02501], [-4.22761, 43.026882], [-4.211741, 43.022488], [-4.188791, 43.011176], [-4.17634, 43.008572], [-4.16218, 43.008409], [-4.135487, 43.012274], [-4.130198, 43.012397], [-4.118235, 43.010321], [-4.099924, 43.009141], [-4.086008, 43.005154], [-4.076550059843888, 43.0]]}}, {"type": "Feature", "properties": {"dissolve": "160River", "scalerank": 5.0, "featurecla": "River", "name": "Elbe", "name_alt": null, "rivernum": 160, "note": null, "min_zoom": 4.7, "name_en": "Elbe", "min_label": 5.7}, "bbox": [9.819021, 50.021186, 15.93214, 53.549831], "geometry": {"type": "MultiLineString", "coordinates": [[[10.06544, 53.463284], [10.062022, 53.477973], [10.058604, 53.51557], [10.052989, 53.529364], [10.041433, 53.534206], [9.996755, 53.542263], [9.826427, 53.549831]], [[10.06544, 53.463284], [10.061778, 53.465888], [10.046153, 53.474718], [10.029307, 53.47838], [9.977306, 53.481513], [9.965261, 53.485419], [9.938731, 53.497138], [9.910574, 53.505968], [9.874278, 53.522528], [9.842214, 53.52558], [9.830577, 53.528022], [9.819021, 53.540351]], [[10.065929, 53.461046], [10.06544, 53.463284]], [[12.501801, 51.879177], [12.492849, 51.881944], [12.482351, 51.874213], [12.473643, 51.863105], [12.465017, 51.857204], [12.452322, 51.85932], [12.4463, 51.865994], [12.446218, 51.875027], [12.451427, 51.884548], [12.440359, 51.881781], [12.419688, 51.87226], [12.401622, 51.867255], [12.381033, 51.854071], [12.372569, 51.85102], [12.354747, 51.855048], [12.335134, 51.865261], [12.317882, 51.878526], [12.307302, 51.891954], [12.286876, 51.88581], [12.262136, 51.883979], [12.240977, 51.87995], [12.232188, 51.867133], [12.226573, 51.861599], [12.21461, 51.866034], [12.203543, 51.873643], [12.200938, 51.877712], [12.029552, 51.870185], [12.021251, 51.871894], [12.020681, 51.875759], [12.021739, 51.880439], [12.019298, 51.884548], [11.889659, 51.973904], [11.886892, 51.984442], [11.889903, 51.991278], [11.894542, 51.99726], [11.897146, 52.00495], [11.890391, 52.024115], [11.874685, 52.025743], [11.841807, 52.014838], [11.81837, 52.020372], [11.799083, 52.032742], [11.781423, 52.040391], [11.762706, 52.031928], [11.745616, 52.029242], [11.723155, 52.038926], [11.702403, 52.052843], [11.691091, 52.06269], [11.669444, 52.093858], [11.660085, 52.112413], [11.656261, 52.127794], [11.659434, 52.140652], [11.675955, 52.174872], [11.683604, 52.186143], [11.711681, 52.20185], [11.717703, 52.206651], [11.718761, 52.215522], [11.713796, 52.222683], [11.707286, 52.229438], [11.704031, 52.237657], [11.710704, 52.246853], [11.751882, 52.281806], [11.771739, 52.315131], [11.786143, 52.330512], [11.803966, 52.336982], [11.847097, 52.338813], [11.864757, 52.342882], [11.903005, 52.360907], [11.910655, 52.367499], [11.916921, 52.377997], [11.930105, 52.376532], [11.94044, 52.37873], [11.944021, 52.383857], [11.937429, 52.391669], [11.937429, 52.399034], [11.947927, 52.400458], [11.957205, 52.403428], [11.965017, 52.407579], [11.971446, 52.412136], [11.989024, 52.435981], [11.992117, 52.443183], [11.993175, 52.44831], [11.998302, 52.457628], [11.999522, 52.463935], [11.997244, 52.469591], [11.992442, 52.472113], [11.987478, 52.473822], [11.985281, 52.47724], [11.983409, 52.488593], [11.979177, 52.496039], [11.97462, 52.501776], [11.971446, 52.507676], [11.973399, 52.535712], [12.030284, 52.706895], [12.03297, 52.724311], [12.040212, 52.744249], [12.042003, 52.756659], [12.036794, 52.762152], [12.027843, 52.79206], [12.026134, 52.795722], [12.026866, 52.806098], [12.034434, 52.836249], [12.03948, 52.845038], [12.040457, 52.850898], [12.038097, 52.851752], [12.028494, 52.858262], [12.026134, 52.861151], [12.018972, 52.874579], [12.00172, 52.880479], [11.965343, 52.885077], [11.937999, 52.894843], [11.924571, 52.898139], [11.906749, 52.899359], [11.896658, 52.901557], [11.831716, 52.928087], [11.833263, 52.932481], [11.845225, 52.943427], [11.850597, 52.954942], [11.83839, 52.959296], [11.807058, 52.96015], [11.793142, 52.966986], [11.762706, 52.99494], [11.747081, 52.992947], [11.721609, 52.983995], [11.711436, 52.981879], [11.694021, 52.983832], [11.688975, 52.989814], [11.687429, 52.999335], [11.680431, 53.01203], [11.668875, 53.017157], [11.635753, 53.018012], [11.622081, 53.022244], [11.630382, 53.027411], [11.635997, 53.036933], [11.635671, 53.046088], [11.625499, 53.050157], [11.581065, 53.04267], [11.532156, 53.054511], [11.509044, 53.056342], [11.490489, 53.060614], [11.460704, 53.079291], [11.437755, 53.083686], [11.416759, 53.080756], [11.384044, 53.066962], [11.365489, 53.063829], [11.344005, 53.066189], [11.327403, 53.072292], [11.290701, 53.098334], [11.26238, 53.130561], [11.255626, 53.136054], [11.239513, 53.141872], [11.232107, 53.148627], [11.224539, 53.152899], [11.214366, 53.148871], [11.201182, 53.140326], [11.194265, 53.140815], [11.183849, 53.151923], [11.176036, 53.158718], [11.170177, 53.16531], [11.164317, 53.170722], [11.155935, 53.173692], [11.14324, 53.172553], [11.132986, 53.167507], [11.124766, 53.161973], [11.109141, 53.155585], [11.099539, 53.148383], [11.089285, 53.14407], [11.077403, 53.148871], [11.067882, 53.155382], [11.039968, 53.166205], [10.929942, 53.228339], [10.839122, 53.259955], [10.80714, 53.275458], [10.786632, 53.29328], [10.774913, 53.300116], [10.755626, 53.302802], [10.739268, 53.308295], [10.734548, 53.32156], [10.734141, 53.337714], [10.731375, 53.351833], [10.709646, 53.368232], [10.675304, 53.373562], [10.601085, 53.371649], [10.569347, 53.363715], [10.52825, 53.37226], [10.386241, 53.423692], [10.350352, 53.431912], [10.285085, 53.432481], [10.275808, 53.430609], [10.26588, 53.426947], [10.243582, 53.409247], [10.241384, 53.40644], [10.186453, 53.404242], [10.169688, 53.40644], [10.153494, 53.41352], [10.142833, 53.422553], [10.131277, 53.430447], [10.111095, 53.433702], [10.098888, 53.439317], [10.06544, 53.463284]], [[12.501801, 51.879177], [12.501475, 51.879584], [12.499197, 51.884548], [12.506602, 51.877712], [12.501801, 51.879177]], [[13.191173, 51.47366], [13.190196, 51.486029], [13.184744, 51.491523], [13.175548, 51.493232], [13.163829, 51.494086], [13.157644, 51.492499], [13.152761, 51.487738], [13.150076, 51.482774], [13.149669, 51.480414], [13.144216, 51.481513], [13.139822, 51.483913], [13.137218, 51.486274], [13.136648, 51.487331], [13.118907, 51.494086], [13.100027, 51.505072], [13.08074, 51.512397], [13.061453, 51.508368], [13.0595, 51.527696], [13.047781, 51.537299], [13.032481, 51.54267], [13.019949, 51.549384], [13.009044, 51.563747], [13.009532, 51.573065], [13.027354, 51.596503], [13.007335, 51.605414], [12.964041, 51.637803], [12.941661, 51.644965], [12.929617, 51.646186], [12.91448, 51.649726], [12.901785, 51.655219], [12.89088, 51.669949], [12.861827, 51.668158], [12.848562, 51.672227], [12.843679, 51.679755], [12.828787, 51.713813], [12.820811, 51.723944], [12.81658, 51.728095], [12.814708, 51.732693], [12.809011, 51.787665], [12.81422, 51.809353], [12.83546, 51.823676], [12.822439, 51.828884], [12.653087, 51.863715], [12.618907, 51.867051], [12.587901, 51.857204], [12.573253, 51.866238], [12.549815, 51.870144], [12.525157, 51.869249], [12.506602, 51.86404], [12.506765, 51.870917], [12.504568, 51.875515], [12.501801, 51.879177]], [[15.582774, 50.692816], [15.590343, 50.684638], [15.612804, 50.650173], [15.617442, 50.640937], [15.617686, 50.618191], [15.619802, 50.601142], [15.625743, 50.587673], [15.63795, 50.575507], [15.665294, 50.564399], [15.701345, 50.555365], [15.733084, 50.541083], [15.747813, 50.514024], [15.743419, 50.498358], [15.73585, 50.480414], [15.737071, 50.465522], [15.766368, 50.457831], [15.788015, 50.449774], [15.809988, 50.4383], [15.811209, 50.436062], [15.814871, 50.427436], [15.816173, 50.42532], [15.884288, 50.404405], [15.916515, 50.386908], [15.917572, 50.370225]], [[15.917572, 50.370225], [15.917979, 50.363837], [15.917979, 50.370673], [15.917572, 50.370225]], [[15.917572, 50.370225], [15.911794, 50.363837], [15.924571, 50.3581], [15.93214, 50.356391], [15.93214, 50.350165], [15.92335, 50.344184], [15.891775, 50.328437], [15.882091, 50.319648], [15.864513, 50.294949], [15.830496, 50.262641], [15.820486, 50.2414], [15.829763, 50.219794], [15.815359, 50.191352], [15.811453, 50.178046], [15.809988, 50.158393], [15.81129, 50.137234], [15.807384, 50.12519], [15.795665, 50.109931], [15.844005, 50.082709], [15.844005, 50.075222], [15.816173, 50.062201], [15.781505, 50.05036], [15.77825, 50.048529], [15.677257, 50.048774], [15.62086, 50.041083], [15.3838, 50.047919], [15.363292, 50.044623], [15.344981, 50.038845], [15.336925, 50.030829], [15.261241, 50.021186], [15.243907, 50.023261], [15.215261, 50.032253], [15.202891, 50.034247], [15.190359, 50.039822], [15.170339, 50.06623], [15.158865, 50.075222], [15.163748, 50.090196], [15.16155, 50.105048], [15.154307, 50.11876], [15.144542, 50.130439], [15.139089, 50.133857], [15.117198, 50.14411], [15.11199, 50.148708], [15.10198, 50.15998], [15.09669, 50.164618], [15.064626, 50.178046], [15.035655, 50.177069], [14.973155, 50.164618], [14.856456, 50.178819], [14.82488, 50.176785], [14.790538, 50.170722], [14.756847, 50.168647], [14.726817, 50.178819], [14.707042, 50.174831], [14.683767, 50.181912], [14.644216, 50.205593], [14.615652, 50.22956], [14.610118, 50.229438], [14.605398, 50.238959], [14.594168, 50.238105], [14.580577, 50.23371], [14.569102, 50.232856], [14.564626, 50.23725], [14.540212, 50.255968], [14.534353, 50.257392], [14.533132, 50.258165], [14.528087, 50.271511], [14.526866, 50.277045], [14.528087, 50.284857], [14.527517, 50.287462], [14.524669, 50.288031], [14.516612, 50.286811], [14.513927, 50.287462], [14.508474, 50.292304], [14.503184, 50.294501], [14.490001, 50.294949], [14.485118, 50.297919], [14.48699, 50.304267], [14.490977, 50.310248], [14.493419, 50.312323], [14.493337, 50.323432], [14.491384, 50.332872], [14.485525, 50.339626], [14.472911, 50.342719], [14.452159, 50.353095], [14.45338, 50.366156], [14.459972, 50.380439], [14.455577, 50.394232], [14.438406, 50.404649], [14.401134, 50.419379], [14.386974, 50.428738], [14.375418, 50.44538], [14.369314, 50.459744], [14.360037, 50.469916], [14.339285, 50.4737], [14.322439, 50.470526], [14.305919, 50.461982], [14.293468, 50.449652], [14.288585, 50.435248], [14.283458, 50.43244], [14.249766, 50.432156], [14.241628, 50.435126], [14.239675, 50.44241], [14.240245, 50.451443], [14.239513, 50.459418], [14.235281, 50.47663], [14.233165, 50.492255], [14.22755, 50.506659], [14.21282, 50.52029], [14.196544, 50.526638], [14.149343, 50.534451], [14.130382, 50.534532], [14.092947, 50.522162], [14.073985, 50.519477], [14.054617, 50.527655], [14.062022, 50.534532], [14.046886, 50.545518], [14.03948, 50.558661], [14.034923, 50.571845], [14.027843, 50.582953], [14.048106, 50.595526], [14.067556, 50.601142], [14.074636, 50.60871], [14.05836, 50.627021], [14.045828, 50.647976], [14.064138, 50.657497], [14.093272, 50.662177], [14.132498, 50.676337], [14.15797, 50.676785], [14.182384, 50.680609], [14.198497, 50.699001], [14.196462, 50.717597], [14.188243, 50.73725], [14.188894, 50.754747], [14.21282, 50.767279], [14.205984, 50.774726], [14.22405, 50.7862], [14.232188, 50.793524], [14.239513, 50.802069], [14.232188, 50.810004], [14.225597, 50.824571], [14.220876, 50.840644], [14.219005, 50.853217], [14.223155, 50.869981], [14.229666, 50.876776], [14.230154, 50.883857], [14.215994, 50.901679], [14.202078, 50.908881], [14.103526, 50.926337], [14.062022, 50.925605], [14.065115, 50.93476], [14.070811, 50.941474], [14.078624, 50.945176], [14.088634, 50.946072], [14.069509, 50.95954], [14.0442, 50.960069], [14.000011, 50.953477], [13.964366, 50.964789], [13.951834, 50.966498], [13.908458, 50.964057], [13.896983, 50.966498], [13.891531, 50.972113], [13.886485, 50.988593], [13.879812, 50.997585], [13.804454, 51.065782], [13.792003, 51.070502], [13.778819, 51.068386], [13.765391, 51.064154], [13.75294, 51.06269], [13.741384, 51.065782], [13.719737, 51.07453], [13.690359, 51.076972], [13.683279, 51.078925], [13.664806, 51.090033], [13.638927, 51.099433], [13.561778, 51.117377], [13.419444, 51.200263], [13.403494, 51.213568], [13.415538, 51.232733], [13.413097, 51.254014], [13.399913, 51.276557], [13.379893, 51.29918], [13.366628, 51.30744], [13.351248, 51.310085], [13.318126, 51.309149], [13.299246, 51.312852], [13.292654, 51.322333], [13.290457, 51.33454], [13.283946, 51.346706], [13.271007, 51.351101], [13.254649, 51.350287], [13.240164, 51.352078], [13.232839, 51.364366], [13.239024, 51.373481], [13.251638, 51.375556], [13.256358, 51.380561], [13.239024, 51.398505], [13.232188, 51.401313], [13.216238, 51.403144], [13.208263, 51.408474], [13.205577, 51.412909], [13.198009, 51.432685], [13.197276, 51.446967], [13.199718, 51.457872], [13.197927, 51.466498], [13.184337, 51.47366]]]}}, {"type": "Feature", "properties": {"dissolve": "208River", "scalerank": 6.0, "featurecla": "River", "name": "Mur", "name_alt": "Drava", "rivernum": 208, "note": null, "min_zoom": 5.0, "name_en": "Mur", "min_label": 6.0}, "bbox": [13.499278, 45.552843, 18.927501, 47.417304], "geometry": {"type": "LineString", "coordinates": [[13.499278, 47.162787], [13.554698, 47.136542], [13.588878, 47.116726], [13.617198, 47.105496], [13.658865, 47.100206], [13.705577, 47.104763], [13.74464, 47.117865], [13.776785, 47.12873], [13.798757, 47.130968], [13.809825, 47.122097], [13.814138, 47.106553], [13.821788, 47.09044], [13.833018, 47.086982], [13.886241, 47.080024], [13.90447, 47.079901], [13.968761, 47.097846], [13.989675, 47.100409], [14.003835, 47.105048], [14.0171, 47.115302], [14.032888, 47.124823], [14.054617, 47.127631], [14.065359, 47.125108], [14.085948, 47.116523], [14.09669, 47.11404], [14.140554, 47.120876], [14.204112, 47.120225], [14.219005, 47.122016], [14.273204, 47.140326], [14.367361, 47.147406], [14.377371, 47.149237], [14.403331, 47.161689], [14.443533, 47.201524], [14.468191, 47.215766], [14.55364, 47.229682], [14.584239, 47.227118], [14.641043, 47.201972], [14.671886, 47.203721], [14.686534, 47.208604], [14.700369, 47.211737], [14.71461, 47.21308], [14.788829, 47.206163], [14.817882, 47.208441], [14.842784, 47.221625], [14.847097, 47.233262], [14.847423, 47.248969], [14.849783, 47.262885], [14.859874, 47.268826], [14.874766, 47.27086], [14.891531, 47.276394], [14.905447, 47.284288], [14.911143, 47.293647], [14.912364, 47.301093], [14.915782, 47.304633], [14.920177, 47.306912], [14.975027, 47.348456], [14.98878, 47.35574], [15.003917, 47.358832], [15.031749, 47.358507], [15.041677, 47.360175], [15.055186, 47.365017], [15.073171, 47.374823], [15.10255, 47.397976], [15.119314, 47.407416], [15.138357, 47.412624], [15.212657, 47.416815], [15.235606, 47.411404], [15.250987, 47.40998], [15.258067, 47.411566], [15.265066, 47.414822], [15.272634, 47.417304], [15.281749, 47.416815], [15.283702, 47.413031], [15.284923, 47.406073], [15.288992, 47.399359], [15.299083, 47.396308], [15.305837, 47.391954], [15.345225, 47.352362], [15.367117, 47.324286], [15.358409, 47.312445], [15.328868, 47.302191], [15.308849, 47.291938], [15.329519, 47.279649], [15.321462, 47.277208], [15.314708, 47.27265], [15.310476, 47.266425], [15.309011, 47.259101], [15.313975, 47.246649], [15.323497, 47.240587], [15.332774, 47.236151], [15.336925, 47.228461], [15.33782, 47.218126], [15.341563, 47.204169], [15.342459, 47.193956], [15.33961, 47.187201], [15.326345, 47.17296], [15.322683, 47.163601], [15.335623, 47.134304], [15.411876, 47.103339], [15.438731, 47.08161], [15.440684, 47.07335], [15.442393, 47.051581], [15.446056, 47.040066], [15.46339, 47.022895], [15.470714, 47.0008], [15.493419, 46.974718], [15.501475, 46.957465], [15.501231, 46.939236], [15.498953, 46.918809], [15.501964, 46.902289], [15.517589, 46.895453], [15.529796, 46.887234], [15.569753, 46.834581], [15.582774, 46.810858], [15.580333, 46.793769], [15.574148, 46.778103], [15.575938, 46.758857], [15.587657, 46.742865], [15.60613, 46.730007], [15.651622, 46.711046], [15.728038, 46.703233], [15.754649, 46.704291], [15.822439, 46.72309], [15.850271, 46.724718], [15.878103, 46.720974], [15.945811, 46.697374], [15.986501, 46.69245], [15.997325, 46.687201], [16.0, 46.684904918363046]]}}, {"type": "Feature", "properties": {"dissolve": "255Lake Centerline", "scalerank": 6.0, "featurecla": "Lake Centerline", "name": "Rhne", "name_alt": null, "rivernum": 255, "note": null, "min_zoom": 5.0, "name_en": "Rhne", "min_label": 6.0}, "bbox": [6.133311, 46.204617, 6.86614, 46.457587], "geometry": {"type": "LineString", "coordinates": [[6.133311, 46.204617], [6.140636, 46.215155], [6.148123, 46.22016], [6.163015, 46.232489], [6.175059, 46.248643], [6.185313, 46.268581], [6.213552, 46.315741], [6.218923, 46.329372], [6.240001, 46.349189], [6.268484, 46.375312], [6.301036, 46.394721], [6.331798, 46.401638], [6.364675, 46.402696], [6.397227, 46.408474], [6.482351, 46.44892], [6.546397, 46.457587], [6.613048, 46.456122], [6.762218, 46.429511], [6.761404, 46.431179], [6.838308, 46.417507], [6.856375, 46.409044], [6.86614, 46.402777]]}}, {"type": "Feature", "properties": {"dissolve": "255River", "scalerank": 6.0, "featurecla": "River", "name": "Rhône", "name_alt": null, "rivernum": 255, "note": null, "min_zoom": 5.0, "name_en": "Rhône", "min_label": 6.0}, "bbox": [4.351329, 43.453192, 8.378591, 46.578803], "geometry": {"type": "MultiLineString", "coordinates": [[[8.378591, 46.578803], [8.369151, 46.564521], [8.3567, 46.556423], [8.348155, 46.543484], [8.32545, 46.527208], [8.292654, 46.508653], [8.26116, 46.488837], [8.250499, 46.482245], [8.106456, 46.3935], [8.038259, 46.362494], [8.029063, 46.349066], [8.007498, 46.33808], [7.963145, 46.324652], [7.924327, 46.318915], [7.798595, 46.324652], [7.62672, 46.331407], [7.604259, 46.327216], [7.567882, 46.308946], [7.476492, 46.290473], [7.429617, 46.261339], [7.391287, 46.253933], [7.361583, 46.23725], [7.195323, 46.18126], [7.102061, 46.132107], [7.071788, 46.128241], [7.062999, 46.133979], [7.051687, 46.145372], [7.041921, 46.157742], [7.037771, 46.166124], [7.036876, 46.186876], [7.033376, 46.200059], [7.02589, 46.209906], [7.003429, 46.23078], [6.939952, 46.307481], [6.935313, 46.316596], [6.930919, 46.334255], [6.920177, 46.340155], [6.906749, 46.342108], [6.894298, 46.347968], [6.890554, 46.355414], [6.891775, 46.36286], [6.894216, 46.369574], [6.894298, 46.374701], [6.88795, 46.383246], [6.873057, 46.395372], [6.866384, 46.402615]], [[6.133311, 46.204617], [6.122325, 46.205268], [6.108572, 46.207628], [6.098562, 46.210801], [6.093435, 46.211941], [6.092214, 46.212958], [6.082042, 46.211046], [6.072032, 46.208686], [6.061778, 46.207546], [6.050792, 46.204617], [6.02003, 46.183458], [6.00172, 46.175605], [5.967703, 46.139187], [5.9546, 46.128241], [5.944835, 46.127143], [5.92335, 46.129584], [5.913748, 46.128241], [5.905528, 46.122626], [5.892996, 46.105902], [5.886241, 46.099311], [5.871593, 46.093329], [5.863699, 46.097235], [5.856944, 46.105048], [5.845958, 46.111029], [5.825206, 46.095282], [5.824229, 46.050238], [5.839122, 45.970567], [5.840587, 45.932929], [5.83196, 45.89822], [5.799571, 45.831855], [5.792003, 45.811103], [5.788829, 45.796942], [5.775401, 45.795478], [5.758311, 45.795478], [5.73585, 45.792548], [5.72047, 45.777411], [5.708018, 45.757107], [5.708669, 45.734076], [5.71339, 45.713202], [5.712901, 45.700141], [5.694102, 45.687079], [5.660574, 45.65705], [5.64088, 45.645779], [5.619884, 45.643744], [5.600515, 45.655585], [5.565929, 45.701361], [5.547048, 45.71955], [5.477712, 45.764106], [5.450206, 45.792996], [5.433035, 45.831081], [5.434337, 45.831977], [5.437511, 45.832831], [5.438975, 45.833686], [5.434988, 45.839219], [5.430186, 45.844265], [5.384939, 45.873887], [5.36907, 45.87995], [5.36199, 45.879218], [5.357107, 45.875922], [5.347097, 45.873887], [5.333507, 45.867987], [5.318777, 45.854031], [5.272878, 45.799831], [5.257335, 45.78974], [5.239187, 45.785671], [5.2199, 45.788845], [5.191091, 45.802924], [5.166921, 45.809027], [5.1338, 45.822699], [5.118419, 45.826606], [5.102468, 45.826199], [5.067393, 45.820665], [5.050304, 45.81977], [4.992198, 45.826606], [4.975597, 45.824571], [4.946951, 45.815619], [4.916921, 45.811347], [4.877371, 45.79918], [4.865245, 45.792426], [4.861501, 45.778266], [4.861095, 45.760199], [4.855968, 45.749945], [4.838064, 45.758897], [4.830577, 45.752387], [4.824392, 45.744656], [4.843679, 45.717353], [4.840505, 45.683173], [4.823171, 45.648139], [4.799815, 45.618028], [4.802419, 45.592963], [4.839285, 45.572943], [4.870046, 45.549669], [4.854747, 45.515001], [4.786388, 45.47309], [4.76002, 45.444444], [4.755382, 45.402045], [4.773448, 45.356635], [4.77589, 45.337185], [4.783458, 45.324897], [4.799001, 45.313422], [4.811534, 45.299343], [4.81072, 45.27912], [4.816905, 45.27912], [4.812511, 45.260199], [4.811534, 45.228705], [4.814138, 45.197374], [4.827322, 45.157904], [4.822439, 45.132758], [4.822765, 45.111192], [4.844737, 45.10102], [4.841075, 45.088324], [4.845876, 45.080756], [4.853445, 45.07449], [4.858409, 45.065619], [4.858572, 45.053819], [4.85255, 45.033271], [4.851003, 45.021552], [4.857432, 45.002305], [4.885916, 44.966742], [4.892589, 44.94953], [4.888601, 44.932237], [4.868582, 44.884833], [4.861827, 44.875067], [4.858084, 44.871121], [4.835867, 44.854071], [4.830577, 44.850898], [4.828298, 44.837022], [4.822276, 44.830756], [4.81365, 44.826931], [4.803233, 44.820502], [4.788259, 44.807644], [4.777599, 44.795437], [4.771251, 44.779364], [4.769054, 44.754706], [4.77296, 44.741482], [4.791189, 44.712755], [4.796397, 44.696357], [4.78948, 44.658474], [4.766612, 44.631456], [4.740001, 44.606269], [4.721365, 44.573432], [4.70338, 44.474718], [4.699636, 44.465522], [4.677013, 44.437201], [4.67213, 44.428534], [4.670339, 44.420925], [4.673513, 44.415147], [4.666026, 44.39171], [4.657644, 44.275662], [4.659841, 44.26435], [4.666026, 44.258165], [4.675222, 44.253282], [4.683523, 44.246365], [4.692393, 44.217108], [4.704112, 44.207302], [4.715831, 44.194444], [4.721365, 44.168728], [4.71754, 44.123114], [4.719249, 44.103135], [4.72877, 44.085557], [4.735606, 44.085557], [4.752615, 44.096462], [4.770681, 44.088243], [4.787283, 44.07392], [4.799815, 44.06627], [4.851003, 44.025417], [4.850841, 44.013861], [4.846365, 44.007514], [4.83839, 44.004828], [4.827403, 44.004218], [4.816661, 44.000841], [4.818614, 43.992743], [4.823253, 43.98253], [4.820567, 43.973212], [4.770681, 43.936876], [4.762218, 43.932237], [4.753835, 43.930976], [4.707693, 43.908067], [4.655447, 43.888861], [4.646739, 43.884141], [4.646739, 43.811835], [4.641287, 43.789252], [4.611501, 43.737331], [4.616384, 43.713568], [4.615896, 43.709133]], [[4.617442, 43.710028], [4.615896, 43.709133]], [[4.615896, 43.709133], [4.602794, 43.701606], [4.591319, 43.706081], [4.574229, 43.709418], [4.512462, 43.709418], [4.479666, 43.699734], [4.461681, 43.677191], [4.447765, 43.651801], [4.427013, 43.633734], [4.427013, 43.627509], [4.440115, 43.622504], [4.4546, 43.621039], [4.463878, 43.61754], [4.461192, 43.606391], [4.448904, 43.595974], [4.419444, 43.589219], [4.406668, 43.579128], [4.403331, 43.57156], [4.388113, 43.561876], [4.351329, 43.544949], [4.359548, 43.537421], [4.401052, 43.453192]], [[4.615896, 43.709133], [4.610281, 43.658718], [4.622325, 43.648017], [4.6421, 43.638739], [4.677013, 43.594306], [4.694591, 43.579128]]]}}, {"type": "Feature", "properties": {"dissolve": "302River", "scalerank": 6.0, "featurecla": "River", "name": "Thames", "name_alt": null, "rivernum": 302, "note": "Version 1.2 edit in N. America and Europe", "min_zoom": 5.0, "name_en": "Thames", "min_label": 6.0}, "bbox": [-2.050771, 51.389594, 0.384532, 51.842068], "geometry": {"type": "LineString", "coordinates": [[-2.050771, 51.842068], [-2.022125, 51.834581], [-1.997874, 51.820583], [-1.979726, 51.796983], [-1.971181, 51.770616], [-1.969472, 51.735216], [-1.951568, 51.713243], [-1.937978, 51.69005], [-1.848215, 51.658067], [-1.828684, 51.6553], [-1.818186, 51.657416], [-1.739695, 51.66002], [-1.720286, 51.665391], [-1.715077, 51.669623], [-1.710032, 51.675849], [-1.703318, 51.681952], [-1.692942, 51.685858], [-1.682688, 51.685411], [-1.640859, 51.678412], [-1.620025, 51.681667], [-1.562001, 51.700141], [-1.483713, 51.700141], [-1.472808, 51.702338], [-1.451243, 51.711737], [-1.439443, 51.713813], [-1.428538, 51.711737], [-1.416819, 51.707546], [-1.404286, 51.704657], [-1.391265, 51.706366], [-1.375234, 51.720526], [-1.36148, 51.760199], [-1.343495, 51.775255], [-1.32551, 51.781928], [-1.313954, 51.783637], [-1.30134, 51.782091], [-1.294179, 51.776435], [-1.284332, 51.758612], [-1.257802, 51.745144], [-1.248118, 51.723741], [-1.241526, 51.70246], [-1.230214, 51.692694], [-1.222157, 51.689521], [-1.222157, 51.682481], [-1.229807, 51.675401], [-1.288889, 51.659247], [-1.272898, 51.647325], [-1.252594, 51.6435], [-1.216298, 51.644965], [-1.214915, 51.649726], [-1.206532, 51.658026], [-1.197092, 51.66059], [-1.190256, 51.63996], [-1.183827, 51.63585], [-1.143137, 51.624132], [-1.130686, 51.617214], [-1.125071, 51.604438], [-1.123769, 51.579779], [-1.130767, 51.565619], [-1.143544, 51.552802], [-1.150095, 51.537218], [-1.13801, 51.514594], [-1.123118, 51.503201], [-1.103342, 51.494574], [-1.081125, 51.489122], [-1.058909, 51.487331], [-1.041575, 51.482245], [-1.003651, 51.459337], [-0.987253, 51.453152], [-0.964508, 51.454698], [-0.931223, 51.469916], [-0.906809, 51.476508], [-0.887034, 51.491238], [-0.880442, 51.497504], [-0.87328, 51.507514], [-0.874094, 51.512966], [-0.878896, 51.518256], [-0.883616, 51.528266], [-0.887034, 51.548163], [-0.882151, 51.551093], [-0.868723, 51.546169], [-0.846262, 51.542548], [-0.774241, 51.55683], [-0.760732, 51.555528], [-0.743153, 51.562079], [-0.718984, 51.563341], [-0.696848, 51.55919], [-0.685618, 51.549384], [-0.688791, 51.529812], [-0.699452, 51.517401], [-0.701243, 51.507188], [-0.678782, 51.494086], [-0.661692, 51.491645], [-0.620188, 51.495063], [-0.603586, 51.494086], [-0.590484, 51.487331], [-0.579091, 51.475531], [-0.572906, 51.460964], [-0.575754, 51.445665], [-0.531565, 51.433702], [-0.469797, 51.389594], [-0.424875, 51.391059], [-0.417958, 51.394355], [-0.411366, 51.398383], [-0.403066, 51.402208], [-0.390696, 51.404731], [-0.384999, 51.407172], [-0.379709, 51.41116], [-0.37385, 51.412787], [-0.349558, 51.399766], [-0.349192, 51.398505], [-0.334381, 51.398383], [-0.32372, 51.400906], [-0.3155, 51.407294], [-0.308176, 51.419013], [-0.318796, 51.428046], [-0.320383, 51.436103], [-0.308176, 51.445665], [-0.32315, 51.464708], [-0.310129, 51.472683], [-0.270985, 51.47366], [-0.259592, 51.475775], [-0.24706, 51.485175], [-0.23648, 51.487331], [-0.226064, 51.484198], [-0.20995, 51.470649], [-0.198313, 51.467393], [-0.17927, 51.470079], [-0.156728, 51.477362], [-0.135487, 51.487169], [-0.102203, 51.50906], [-0.084788, 51.511664], [-0.067209, 51.508083], [-0.048777, 51.500922], [-0.037668, 51.497504], [-0.006581, 51.494086], [0.009939, 51.500596], [0.020681, 51.502387], [0.048269, 51.491156], [0.071951, 51.492499], [0.128673, 51.504584], [0.148448, 51.505194], [0.168468, 51.499457], [0.188406, 51.483832], [0.20338, 51.476508], [0.274669, 51.459988], [0.306326, 51.466905], [0.322276, 51.466986], [0.329275, 51.45657], [0.337576, 51.448757], [0.356375, 51.446397], [0.368175, 51.448798], [0.384532, 51.453152]]}}, {"type": "Feature", "properties": {"dissolve": "38River", "scalerank": 2.0, "featurecla": "River", "name": "Donau", "name_alt": "Danube", "rivernum": 38, "note": null, "min_zoom": 2.1, "name_en": "Danube", "min_label": 3.1}, "bbox": [8.17921, 47.91706, 17.206472, 49.027533], "geometry": {"type": "MultiLineString", "coordinates": [[[12.5088, 48.927598], [12.506602, 48.93126]], [[12.5088, 48.927598], [12.506602, 48.923855]], [[8.17921, 48.093533], [8.195079, 48.076036], [8.212087, 48.056708], [8.230642, 48.04739], [8.275564, 48.04975], [8.291515, 48.04682], [8.305919, 48.038113], [8.313975, 48.027289], [8.320486, 48.015163], [8.329356, 48.002387], [8.336111, 47.998969], [8.345388, 47.998114], [8.36378, 47.998969], [8.372, 47.997423], [8.37672, 47.993598], [8.381033, 47.989081], [8.387706, 47.985378], [8.419363, 47.97956], [8.435476, 47.973171], [8.442312, 47.961493], [8.44573, 47.944892], [8.455333, 47.93419], [8.47047, 47.92947], [8.490001, 47.930732], [8.508311, 47.938788], [8.519705, 47.947781], [8.530935, 47.949083], [8.548757, 47.934434], [8.562755, 47.92654], [8.597179, 47.923692], [8.614268, 47.91706], [8.639089, 47.927354], [8.764415, 47.938178], [8.764089, 47.957831], [8.781749, 47.971544], [8.844737, 48.00198], [8.894786, 48.040595], [8.918956, 48.035468], [8.927013, 48.029975], [8.914561, 48.020087], [8.914561, 48.012641], [8.942312, 48.0185], [8.956798, 48.023261], [8.963145, 48.030056], [8.961599, 48.036811], [8.959239, 48.039903], [8.959972, 48.043158], [8.967214, 48.050482], [8.974376, 48.053046], [8.993337, 48.054714], [8.997244, 48.057644], [9.013682, 48.077989], [9.050059, 48.090888], [9.087657, 48.093126], [9.107107, 48.08157], [9.114513, 48.08157], [9.123709, 48.087714], [9.138601, 48.086982], [9.172618, 48.08157], [9.180919, 48.082709], [9.202647, 48.088975], [9.210867, 48.088202], [9.214529, 48.086249], [9.217296, 48.083808], [9.223155, 48.08157], [9.34669, 48.067328], [9.377126, 48.073065], [9.402599, 48.087348], [9.462657, 48.141954], [9.511892, 48.205105], [9.518565, 48.211859], [9.524587, 48.223456], [9.530447, 48.232123], [9.538992, 48.239081], [9.552745, 48.245429], [9.568126, 48.248481], [9.58489, 48.248481], [9.607921, 48.245429], [9.631277, 48.239285], [9.640147, 48.238552], [9.670339, 48.239936], [9.683767, 48.238796], [9.696707, 48.239569], [9.710378, 48.245429], [9.743663, 48.272773], [9.75823, 48.280788], [9.772878, 48.284613], [9.819591, 48.287055], [9.833995, 48.291938], [9.855154, 48.307318], [9.867442, 48.314276], [9.909597, 48.326687], [9.915782, 48.327948], [9.943126, 48.346503], [10.036388, 48.433295], [10.046153, 48.437812], [10.068044, 48.442939], [10.175792, 48.451483], [10.196544, 48.456], [10.234386, 48.469753], [10.313975, 48.480292], [10.370128, 48.498155], [10.387462, 48.508734], [10.394949, 48.52322], [10.399669, 48.546454], [10.412039, 48.561469], [10.429617, 48.57038], [10.570811, 48.600857], [10.608572, 48.615912], [10.656179, 48.645819], [10.694835, 48.654731], [10.709239, 48.665961], [10.721934, 48.679511], [10.73821, 48.691107], [10.805593, 48.715766], [10.884044, 48.7331], [11.3803, 48.747423], [11.395763, 48.750434], [11.403575, 48.753119], [11.430919, 48.771674], [11.440603, 48.774237], [11.519054, 48.767401], [11.605398, 48.773749], [11.648204, 48.782009], [11.683604, 48.794135], [11.749441, 48.834662], [11.758067, 48.841498], [11.766124, 48.849392], [11.774181, 48.86164], [11.785167, 48.886827], [11.793468, 48.896552], [11.798757, 48.896796], [11.813731, 48.890692], [11.820567, 48.891628], [11.834972, 48.903998], [11.858816, 48.914984], [11.881277, 48.917751], [11.958751, 48.916612], [11.965343, 48.91767], [11.970225, 48.921413], [11.97877, 48.933458], [11.985281, 48.937445], [11.999766, 48.937934], [12.01116, 48.934516], [12.021251, 48.934394], [12.03297, 48.944892], [12.01588, 48.953315], [12.00172, 48.955878], [11.99822, 48.959825], [12.031912, 48.985907], [12.039561, 48.993964], [12.038829, 49.00495], [12.03297, 49.027533], [12.115896, 49.026475], [12.157156, 49.020453], [12.190603, 49.006415], [12.220225, 49.019314], [12.265066, 49.021796], [12.312266, 49.01496], [12.348888, 49.00019], [12.343923, 48.992377], [12.332774, 48.980333], [12.328543, 48.972235], [12.413259, 48.970811], [12.444753, 48.964667], [12.458507, 48.966091], [12.465017, 48.965399], [12.470958, 48.961737], [12.472585, 48.957221], [12.474783, 48.953396], [12.482432, 48.951768], [12.502859, 48.951768], [12.506602, 48.950507], [12.511648, 48.947821], [12.518321, 48.94538], [12.527029, 48.944892], [12.527029, 48.937445], [12.517589, 48.937934], [12.51295, 48.934841], [12.5088, 48.927598]], [[16.0, 48.36190134434578], [15.94573, 48.363389], [15.911794, 48.372382], [15.876882, 48.395046], [15.856375, 48.404364], [15.833995, 48.408759], [15.811209, 48.409003], [15.763113, 48.402899], [15.751231, 48.404731], [15.723806, 48.415229], [15.710134, 48.417792], [15.673839, 48.419867], [15.639578, 48.425645], [15.608409, 48.427191], [15.524669, 48.414008], [15.519542, 48.41531], [15.512625, 48.42182], [15.508718, 48.424384], [15.489431, 48.423407], [15.467052, 48.413153], [15.42921, 48.388048], [15.41212, 48.366238], [15.397878, 48.306708], [15.384044, 48.280788], [15.356456, 48.25849], [15.323741, 48.244005], [15.240733, 48.225531], [15.15504, 48.218085], [15.133718, 48.211982], [15.104259, 48.186794], [15.087657, 48.183132], [15.078868, 48.186103], [15.060557, 48.196234], [15.051199, 48.200019], [15.027761, 48.204169], [15.003917, 48.205105], [14.987804, 48.209093], [14.952647, 48.236925], [14.94044, 48.241889], [14.929373, 48.243842], [14.879893, 48.242214], [14.861827, 48.236884], [14.846934, 48.227362], [14.832286, 48.21308], [14.818533, 48.205512], [14.675304, 48.182318], [14.65447, 48.18655], [14.63738, 48.196967], [14.610118, 48.223334], [14.597097, 48.2331], [14.582042, 48.240058], [14.564871, 48.244086], [14.459239, 48.245429], [14.4428, 48.248887], [14.395925, 48.266303], [14.37322, 48.281521], [14.342703, 48.293809], [14.333995, 48.302558], [14.319265, 48.320909], [14.307791, 48.327948], [14.278005, 48.311469], [14.240489, 48.315985], [14.168224, 48.335395], [14.152029, 48.332953], [14.11671, 48.322943], [14.09669, 48.321723], [14.062429, 48.324774], [14.049083, 48.32921], [14.037527, 48.338487], [14.027843, 48.355658], [14.018565, 48.395697], [14.010997, 48.412869], [13.999929, 48.421739], [13.986746, 48.42414], [13.958507, 48.423448], [13.941335, 48.427354], [13.894542, 48.45185], [13.871593, 48.458767], [13.823985, 48.461249], [13.801199, 48.467882], [13.746104, 48.50906], [13.726248, 48.519802], [13.672862, 48.535712], [13.657644, 48.551337], [13.641124, 48.559353], [13.62379, 48.565619], [13.520193, 48.584825], [13.486583, 48.581855], [13.424571, 48.581855], [13.413259, 48.585761], [13.388845, 48.598904], [13.379893, 48.601671], [13.318126, 48.609158], [13.259532, 48.609158], [13.235037, 48.617987], [13.190684, 48.644477], [13.167247, 48.650092], [13.115489, 48.674343], [13.111501, 48.684149], [13.09075, 48.695258], [13.08196, 48.704698], [13.086192, 48.706366], [13.095632, 48.712185], [13.083263, 48.719184], [13.060069, 48.728461], [13.037527, 48.732123], [13.027354, 48.722439], [13.021414, 48.718288], [13.010671, 48.724921], [13.005382, 48.734565], [13.016856, 48.739529], [13.029959, 48.742987], [13.032888, 48.751247], [13.030284, 48.760565], [13.027354, 48.767401], [13.016775, 48.782538], [12.972585, 48.826483], [12.955007, 48.83572], [12.917003, 48.842312], [12.911306, 48.845649], [12.874685, 48.844672], [12.862234, 48.849392], [12.833018, 48.831081], [12.8213, 48.828233], [12.80714, 48.828559], [12.783214, 48.834296], [12.770193, 48.83572], [12.764171, 48.840522], [12.758474, 48.851833], [12.75408, 48.864325], [12.752371, 48.873236], [12.74822, 48.87991], [12.677908, 48.904731], [12.654307, 48.909125], [12.625743, 48.910834], [12.616954, 48.909044], [12.592947, 48.899115], [12.584727, 48.893419], [12.575369, 48.890163], [12.553966, 48.901638], [12.540782, 48.903998], [12.540782, 48.910834], [12.553722, 48.91767], [12.539724, 48.920844], [12.52532, 48.918891], [12.513438, 48.919745], [12.5088, 48.927598]]]}}, {"type": "Feature", "properties": {"dissolve": "443River", "scalerank": 7.0, "featurecla": "River", "name": "Tevere", "name_alt": "Tiber", "rivernum": 443, "note": null, "min_zoom": 6.0, "name_en": "Tiber", "min_label": 7.0}, "bbox": [12.031423, 41.742499, 12.63795, 43.765163], "geometry": {"type": "LineString", "coordinates": [[12.052013, 43.765163], [12.037852, 43.7567], [12.031423, 43.738552], [12.033214, 43.716864], [12.04005, 43.702257], [12.060557, 43.647284], [12.066417, 43.613837], [12.046641, 43.593329], [12.046641, 43.586534], [12.082042, 43.579942], [12.112315, 43.56977], [12.138927, 43.554226], [12.163341, 43.531317], [12.167491, 43.522325], [12.168956, 43.513495], [12.171886, 43.5067], [12.186941, 43.502021], [12.211192, 43.489691], [12.222097, 43.478583], [12.232921, 43.463813], [12.240001, 43.44831], [12.239024, 43.435085], [12.232188, 43.442491], [12.246349, 43.380927], [12.252696, 43.366807], [12.261404, 43.361925], [12.298595, 43.348497], [12.31422, 43.346381], [12.309825, 43.324815], [12.323985, 43.310899], [12.362559, 43.291693], [12.409434, 43.214952], [12.425304, 43.197089], [12.438487, 43.174099], [12.458018, 43.164008], [12.45574, 43.153266], [12.444591, 43.137478], [12.444591, 43.11697], [12.447683, 43.113145], [12.461843, 43.106635], [12.465017, 43.102973], [12.45989, 43.094184], [12.434255, 43.070909], [12.424001, 43.058946], [12.429373, 43.051866], [12.429373, 43.044053], [12.424978, 43.036729], [12.417166, 43.031033], [12.421072, 43.028754], [12.423757, 43.026801], [12.426524, 43.025255], [12.430919, 43.024197], [12.417003, 43.009548], [12.413503, 43.001247], [12.41391123675038, 43.0]]}}, {"type": "Feature", "properties": {"dissolve": "494River", "scalerank": 7.0, "featurecla": "River", "name": "Sava", "name_alt": null, "rivernum": 494, "note": null, "min_zoom": 6.0, "name_en": "Sava", "min_label": 7.0}, "bbox": [15.229503, 44.631781, 20.455089, 46.045844], "geometry": {"type": "LineString", "coordinates": [[15.229503, 46.045844], [15.247, 46.04031], [15.277843, 46.043972], [15.296641, 46.043524], [15.364513, 46.024766], [15.435313, 46.017768], [15.456309, 46.009955], [15.473562, 45.995307], [15.477794, 45.987616], [15.483165, 45.971259], [15.489187, 45.963446], [15.500011, 45.956855], [15.545665, 45.941433], [15.552745, 45.940009], [15.567393, 45.939561], [15.582286, 45.939643], [15.58961, 45.938788], [15.597097, 45.936835], [15.621023, 45.923692], [15.687511, 45.869981], [15.757335, 45.850043], [15.773855, 45.840644], [15.809988, 45.840888], [15.822439, 45.832831], [15.851817, 45.804307], [15.857677, 45.796169], [15.866954, 45.791612], [15.983897, 45.788275], [16.0, 45.7846252047644]]}}, {"type": "Feature", "properties": {"dissolve": "534River", "scalerank": 7.0, "featurecla": "River", "name": "Mosel", "name_alt": null, "rivernum": 534, "note": "Changed in 2.0", "min_zoom": 6.0, "name_en": "Mosel", "min_label": 7.0}, "bbox": [5.893077, 47.957872, 7.606375, 50.370673], "geometry": {"type": "LineString", "coordinates": [[6.922048, 48.015408], [6.878917, 48.011664], [6.8567, 48.004503], [6.84075, 47.992987], [6.8296, 47.971706], [6.816905, 47.963162], [6.796886, 47.958564], [6.773936, 47.957872], [6.752452, 47.962592], [6.73585, 47.971055], [6.723399, 47.985378], [6.711925, 48.003974], [6.694509, 48.018256], [6.667003, 48.021999], [6.635183, 48.023057], [6.606944, 48.031033], [6.594168, 48.045274], [6.599132, 48.061794], [6.607432, 48.079617], [6.605724, 48.088975], [6.595144, 48.09337], [6.560476, 48.114122], [6.550466, 48.122504], [6.5442, 48.122504], [6.536632, 48.120225], [6.525157, 48.121365], [6.514822, 48.125678], [6.510183, 48.133083], [6.506847, 48.146552], [6.498546, 48.147488], [6.487478, 48.143866], [6.476085, 48.143622], [6.455984, 48.15644], [6.446707, 48.174506], [6.445079, 48.195746], [6.448009, 48.218085], [6.427501, 48.252875], [6.413992, 48.273383], [6.397634, 48.287136], [6.393484, 48.293809], [6.392996, 48.305772], [6.256847, 48.403673], [6.256847, 48.409939], [6.264659, 48.415229], [6.275645, 48.429633], [6.28419, 48.437812], [6.301524, 48.44599], [6.308604, 48.451483], [6.311534, 48.461737], [6.306895, 48.485297], [6.295095, 48.504421], [6.263113, 48.534003], [6.247081, 48.54503], [6.228933, 48.554511], [6.223318, 48.55919], [6.221934, 48.563666], [6.219737, 48.566921], [6.211843, 48.568183], [6.19752, 48.567694], [6.190603, 48.568549], [6.184825, 48.571601], [6.170828, 48.583848], [6.149587, 48.598822], [6.125987, 48.607733], [6.105398, 48.601671], [6.087332, 48.610297], [6.066824, 48.61697], [6.048513, 48.626329], [6.03712, 48.643256], [6.017589, 48.65058], [5.913748, 48.646674], [5.910411, 48.650214], [5.903331, 48.650214], [5.896251, 48.652045], [5.893077, 48.660956], [5.894216, 48.671698], [5.897472, 48.676947], [5.913748, 48.684882], [5.92156, 48.685655], [5.943289, 48.684434], [5.947765, 48.688015], [5.950613, 48.693183], [5.968923, 48.704698], [5.989919, 48.736274], [6.002859, 48.748358], [6.02003, 48.753119], [6.057628, 48.753119], [6.069591, 48.750067], [6.078543, 48.750556], [6.088634, 48.756537], [6.105642, 48.764228], [6.123953, 48.766913], [6.135671, 48.772162], [6.133311, 48.787909], [6.122813, 48.79682], [6.111501, 48.80036], [6.107432, 48.805976], [6.11907, 48.821397], [6.110037, 48.825466], [6.103282, 48.82746], [6.097667, 48.826483], [6.092459, 48.821397], [6.08489, 48.834174], [6.0796, 48.84866], [6.080984, 48.861599], [6.092459, 48.869818], [6.092459, 48.876654], [6.072032, 48.881171], [6.053966, 48.896796], [6.044851, 48.917548], [6.050792, 48.93126], [6.057628, 48.937445], [6.049571, 48.949897], [6.030447, 48.992743], [6.042166, 49.0008], [6.04713, 49.012274], [6.050548, 49.026068], [6.057628, 49.041124], [6.084972, 49.082099], [6.102224, 49.096055], [6.152029, 49.12462], [6.170909, 49.12995], [6.190196, 49.13878], [6.203787, 49.158271], [6.205577, 49.177191], [6.18865, 49.184516], [6.193614, 49.199286], [6.19573, 49.21544], [6.192393, 49.229763], [6.181163, 49.239122], [6.18865, 49.246609], [6.181163, 49.253445], [6.18629, 49.258409], [6.189626, 49.263454], [6.194835, 49.273871], [6.170909, 49.287299], [6.167898, 49.309516], [6.167979, 49.334418], [6.15325, 49.355821], [6.181326, 49.364569], [6.195567, 49.371161], [6.201671, 49.380072], [6.209483, 49.385932], [6.253184, 49.404242], [6.263194, 49.405585], [6.27003, 49.409247], [6.280772, 49.421007], [6.289806, 49.427029], [6.296641, 49.425849], [6.303477, 49.423122], [6.311534, 49.42475], [6.318614, 49.432644], [6.321951, 49.441596], [6.325938, 49.449001], [6.335704, 49.452012], [6.345985, 49.452122], [6.345307, 49.455349], [6.34538, 49.462718], [6.342279, 49.493001], [6.350754, 49.53491], [6.350754, 49.566588], [6.356438, 49.577595], [6.371528, 49.592995], [6.397573, 49.613872], [6.407701, 49.627411], [6.415246, 49.634646], [6.417933, 49.639142], [6.417003, 49.645756], [6.410905, 49.649632], [6.404498, 49.652474], [6.402741, 49.655782], [6.418243, 49.669889], [6.491727, 49.700792], [6.510183, 49.712714], [6.536388, 49.712958], [6.563162, 49.70893], [6.589041, 49.708319], [6.612559, 49.71894], [6.620616, 49.731635], [6.630056, 49.761542], [6.637136, 49.767361], [6.687185, 49.779975], [6.695079, 49.784369], [6.698009, 49.802354], [6.702322, 49.814968], [6.708751, 49.822577], [6.722097, 49.824897], [6.734304, 49.821967], [6.746755, 49.81745], [6.771251, 49.812079], [6.794119, 49.798407], [6.80421, 49.794623], [6.819509, 49.795233], [6.829845, 49.798041], [6.839529, 49.79914], [6.852794, 49.794623], [6.844493, 49.814724], [6.839285, 49.822699], [6.832286, 49.828803], [6.846609, 49.841824], [6.858897, 49.841417], [6.898936, 49.819892], [6.90032, 49.823188], [6.900564, 49.836249], [6.895193, 49.856879], [6.894298, 49.870632], [6.900564, 49.883409], [6.911632, 49.889716], [6.921804, 49.886583], [6.929942, 49.87698], [6.935313, 49.863593], [6.951915, 49.889838], [6.968923, 49.907497], [6.993093, 49.916775], [7.060069, 49.921495], [7.049571, 49.933905], [6.996104, 49.96662], [7.010427, 49.977973], [7.02532, 49.979193], [7.064871, 49.971747], [7.068533, 49.969062], [7.072927, 49.969428], [7.089366, 49.982489], [7.095388, 49.985053], [7.100515, 49.984198], [7.105968, 49.9796], [7.105968, 49.973456], [7.100759, 49.96129], [7.10963, 49.953192], [7.123709, 49.953559], [7.13323, 49.96662], [7.128835, 49.975409], [7.118419, 49.984727], [7.112071, 49.995225], [7.11964, 50.007514], [7.114268, 50.023464], [7.113536, 50.041327], [7.118419, 50.051581], [7.130138, 50.044786], [7.153819, 50.022528], [7.168386, 50.015204], [7.174978, 50.024278], [7.168712, 50.040595], [7.15447, 50.047878], [7.138601, 50.052802], [7.127126, 50.062201], [7.126231, 50.074897], [7.129893, 50.087348], [7.128591, 50.09748], [7.112804, 50.103135], [7.134532, 50.103135], [7.156016, 50.098334], [7.174815, 50.090766], [7.187918, 50.082709], [7.194998, 50.086493], [7.202159, 50.089464], [7.197276, 50.094428], [7.195242, 50.097846], [7.193044, 50.100531], [7.187918, 50.103135], [7.198985, 50.108222], [7.210704, 50.110216], [7.236339, 50.109931], [7.236339, 50.117377], [7.225759, 50.125596], [7.226817, 50.135362], [7.230968, 50.144599], [7.229503, 50.150946], [7.219493, 50.151068], [7.19044, 50.140163], [7.178233, 50.137274], [7.171397, 50.14057], [7.167491, 50.147813], [7.167166, 50.155097], [7.171153, 50.158393], [7.246511, 50.172065], [7.276052, 50.171942], [7.289073, 50.17475], [7.301524, 50.181952], [7.31422, 50.186469], [7.345714, 50.183621], [7.359793, 50.185085], [7.368175, 50.192491], [7.375906, 50.20421], [7.38502, 50.215115], [7.397716, 50.219794], [7.421641, 50.224433], [7.449229, 50.232856], [7.449229, 50.240302], [7.441824, 50.240302], [7.441824, 50.246527], [7.446544, 50.250922], [7.446951, 50.251654], [7.444753, 50.253282], [7.441824, 50.26081], [7.45281, 50.267849], [7.456554, 50.28087], [7.458018, 50.296007], [7.46282, 50.30919], [7.473643, 50.317003], [7.487234, 50.318427], [7.521251, 50.315456], [7.53004, 50.319648], [7.544851, 50.329047], [7.556163, 50.338446], [7.554698, 50.342719], [7.551768, 50.347032], [7.557058, 50.356716], [7.568614, 50.370673], [7.578624, 50.370063], [7.606375, 50.363837]]}}, {"type": "Feature", "properties": {"dissolve": "563River", "scalerank": 7.0, "featurecla": "River", "name": "Weser", "name_alt": null, "rivernum": 563, "note": null, "min_zoom": 6.0, "name_en": "Weser", "min_label": 7.0}, "bbox": [8.483897, 50.411566, 10.978038, 53.358018], "geometry": {"type": "LineString", "coordinates": [[10.978038, 50.487087], [10.974376, 50.470649], [10.965099, 50.457343], [10.953298, 50.451728], [10.927989, 50.440782], [10.894949, 50.418036], [10.875499, 50.411566], [10.798839, 50.412706], [10.757498, 50.419745], [10.67921, 50.447618], [10.66505, 50.450995], [10.645763, 50.452582], [10.645681, 50.457099], [10.631847, 50.483018], [10.61378, 50.503201], [10.608572, 50.507188], [10.574229, 50.518907], [10.450206, 50.527655], [10.417735, 50.543158], [10.398936, 50.603461], [10.367686, 50.623887], [10.369151, 50.64293], [10.35198, 50.675727], [10.354666, 50.685329], [10.354666, 50.692816], [10.348074, 50.699408], [10.348806, 50.704413], [10.352468, 50.708808], [10.354666, 50.713324], [10.354666, 50.736884], [10.349539, 50.748847], [10.336843, 50.755316], [10.321056, 50.760199], [10.306895, 50.767279], [10.299815, 50.778184], [10.295828, 50.791815], [10.289561, 50.803331], [10.275808, 50.808214], [10.203868, 50.821885], [10.150157, 50.842963], [10.141775, 50.839911], [10.132986, 50.833035], [10.112804, 50.835028], [10.073497, 50.843614], [10.008718, 50.839708], [9.978933, 50.844672], [9.957449, 50.863471], [9.967214, 50.86282], [9.975597, 50.864081], [9.991628, 50.870307], [9.984141, 50.877143], [9.997244, 50.886786], [10.019054, 50.918769], [10.031912, 50.931749], [10.051687, 50.936876], [10.061697, 50.94127], [10.065929, 50.949774], [10.069835, 50.961127], [10.078787, 50.968451], [10.101492, 50.98017], [10.096609, 50.981716], [10.095876, 50.982449], [10.095958, 50.983751], [10.094005, 50.987006], [10.102712, 51.003689], [10.109874, 51.011257], [10.121267, 51.01496], [10.136485, 51.000312], [10.167247, 50.997911], [10.19752, 50.999701], [10.211355, 50.997585], [10.214366, 51.007107], [10.221202, 51.01199], [10.228038, 51.018175], [10.23113, 51.031684], [10.228933, 51.033881], [10.224864, 51.039659], [10.223074, 51.045681], [10.227794, 51.048448], [10.237722, 51.048651], [10.243826, 51.050238], [10.247732, 51.054511], [10.251638, 51.06269], [10.2588, 51.060167], [10.261892, 51.058621], [10.26588, 51.055284], [10.26588, 51.059597], [10.266856, 51.064317], [10.267507, 51.06977], [10.26588, 51.076361], [10.280691, 51.075385], [10.286632, 51.073757], [10.293875, 51.068915], [10.301768, 51.075059], [10.313162, 51.079291], [10.326427, 51.081732], [10.340343, 51.082587], [10.331798, 51.087348], [10.302908, 51.095486], [10.289806, 51.096869], [10.287364, 51.09455], [10.281261, 51.090522], [10.274913, 51.088731], [10.272146, 51.093451], [10.273936, 51.100124], [10.278819, 51.104682], [10.285655, 51.107774], [10.293875, 51.109931], [10.284679, 51.114203], [10.267996, 51.114936], [10.259044, 51.117377], [10.253673, 51.121772], [10.241222, 51.134874], [10.237315, 51.137803], [10.22047, 51.135077], [10.207774, 51.128363], [10.194509, 51.126329], [10.175792, 51.137803], [10.18336, 51.144639], [10.172781, 51.147895], [10.164968, 51.154486], [10.162771, 51.16295], [10.169688, 51.171942], [10.152029, 51.190375], [10.122569, 51.194281], [10.059825, 51.19245], [10.04835, 51.196845], [10.028738, 51.210639], [10.021983, 51.213568], [10.006521, 51.214464], [9.996267, 51.21837], [9.992849, 51.22663], [9.997813, 51.240831], [9.994395, 51.241238], [9.984141, 51.240831], [9.984141, 51.247667], [9.99464, 51.247016], [10.001882, 51.248725], [10.007009, 51.253241], [10.011404, 51.261339], [9.985118, 51.269802], [9.962169, 51.307563], [9.943126, 51.302314], [9.945486, 51.307807], [9.94573, 51.310655], [9.9463, 51.313015], [9.949962, 51.316596], [9.949962, 51.322821], [9.934093, 51.320339], [9.891612, 51.322821], [9.879649, 51.329047], [9.874034, 51.341132], [9.867849, 51.349189], [9.85377, 51.343288], [9.843028, 51.352973], [9.812429, 51.365505], [9.805919, 51.37405], [9.800059, 51.385443], [9.785655, 51.389594], [9.751964, 51.391059], [9.736583, 51.396186], [9.716075, 51.409491], [9.684337, 51.414008], [9.657156, 51.422553], [9.6421, 51.425238], [9.636485, 51.430365], [9.634288, 51.435614], [9.635997, 51.440741], [9.6421, 51.445665], [9.6421, 51.453152], [9.635997, 51.456326], [9.633311, 51.459174], [9.631847, 51.46251], [9.628429, 51.467393], [9.6421, 51.467393], [9.6421, 51.47366], [9.621511, 51.482611], [9.611013, 51.495795], [9.602224, 51.509955], [9.586843, 51.52204], [9.607677, 51.524726], [9.616954, 51.535834], [9.615652, 51.551093], [9.604259, 51.566107], [9.596609, 51.574164], [9.587169, 51.589219], [9.580007, 51.596503], [9.57073, 51.601874], [9.539073, 51.610785], [9.539073, 51.617011], [9.545095, 51.620551], [9.55421, 51.627509], [9.560802, 51.636298], [9.559581, 51.644965], [9.552501, 51.645372], [9.53004, 51.634304], [9.521739, 51.631293], [9.507335, 51.631619], [9.497813, 51.634141], [9.492361, 51.641303], [9.490652, 51.655544], [9.484793, 51.660834], [9.471446, 51.658149], [9.457693, 51.651435], [9.450369, 51.644965], [9.432384, 51.650743], [9.417654, 51.644965], [9.403575, 51.637315], [9.388194, 51.637478], [9.375418, 51.648546], [9.374522, 51.661811], [9.382335, 51.673041], [9.395193, 51.678412], [9.391287, 51.690009], [9.39031, 51.707587], [9.391775, 51.724433], [9.395193, 51.73371], [9.382579, 51.745185], [9.377615, 51.76142], [9.382253, 51.775824], [9.41155, 51.787136], [9.420421, 51.797797], [9.419119, 51.807644], [9.402029, 51.810004], [9.402029, 51.81623], [9.410655, 51.821112], [9.433279, 51.825873], [9.442882, 51.829901], [9.445079, 51.84573], [9.457774, 51.866319], [9.46046, 51.884345], [9.418386, 51.895087], [9.409353, 51.901923], [9.408376, 51.908718], [9.418956, 51.911811], [9.470144, 51.905585], [9.468679, 51.913357], [9.46575, 51.918728], [9.461599, 51.922431], [9.456554, 51.925482], [9.466482, 51.929511], [9.497325, 51.930609], [9.511892, 51.932929], [9.505789, 51.953477], [9.515147, 51.982937], [9.508067, 51.998114], [9.495291, 52.000922], [9.45989, 51.990546], [9.442882, 51.994412], [9.434337, 52.007392], [9.422374, 52.042019], [9.41212, 52.049018], [9.406016, 52.049506], [9.391856, 52.052924], [9.384532, 52.055732], [9.372569, 52.062445], [9.365001, 52.070746], [9.364757, 52.080146], [9.374522, 52.089952], [9.363048, 52.097357], [9.343435, 52.117621], [9.333018, 52.124701], [9.292898, 52.134223], [9.281912, 52.141791], [9.263927, 52.160509], [9.255544, 52.163153], [9.222911, 52.168647], [9.18629, 52.179307], [9.137706, 52.183376], [9.063731, 52.197618], [8.990977, 52.186143], [8.898204, 52.171942], [8.874278, 52.179511], [8.852061, 52.212836], [8.833425, 52.220323], [8.847097, 52.235053], [8.866466, 52.243516], [8.887218, 52.247341], [8.90504, 52.248236], [8.922862, 52.25491], [8.925222, 52.270535], [8.925222, 52.288845], [8.93572, 52.303494], [8.93572, 52.309638], [8.929128, 52.327419], [8.944835, 52.343573], [8.966563, 52.358995], [8.977306, 52.374579], [8.979666, 52.398301], [8.987722, 52.414415], [9.002615, 52.423611], [9.025808, 52.426378], [9.025808, 52.432563], [9.015798, 52.441474], [9.013682, 52.457302], [9.017589, 52.474473], [9.025808, 52.48786], [9.041433, 52.479763], [9.058116, 52.474718], [9.073904, 52.474473], [9.087169, 52.480984], [9.087169, 52.48786], [9.081309, 52.490668], [9.078543, 52.493476], [9.076427, 52.496934], [9.073009, 52.501532], [9.100841, 52.501532], [9.100841, 52.507676], [9.079845, 52.521999], [9.079845, 52.529405], [9.101329, 52.529893], [9.109874, 52.54324], [9.114513, 52.584052], [9.12379, 52.604031], [9.135671, 52.60871], [9.150564, 52.609402], [9.169119, 52.61754], [9.166677, 52.631659], [9.178477, 52.638699], [9.194102, 52.645535], [9.202647, 52.659125], [9.187918, 52.662421], [9.184744, 52.672716], [9.185313, 52.686713], [9.182872, 52.70071], [9.206554, 52.696479], [9.215505, 52.69656], [9.223155, 52.70071], [9.218679, 52.708808], [9.218923, 52.714179], [9.223155, 52.717963], [9.230642, 52.721259], [9.230642, 52.727403], [9.205089, 52.731472], [9.190929, 52.746365], [9.188243, 52.765489], [9.196462, 52.78266], [9.167491, 52.789984], [9.162852, 52.792589], [9.161388, 52.804511], [9.159434, 52.807644], [9.160655, 52.809272], [9.169119, 52.816759], [9.199636, 52.83043], [9.203136, 52.833808], [9.206798, 52.84101], [9.212657, 52.84809], [9.223155, 52.850898], [9.213064, 52.857367], [9.203136, 52.860378], [9.193126, 52.860378], [9.182872, 52.857733], [9.185557, 52.865424], [9.191417, 52.870185], [9.199718, 52.872341], [9.210704, 52.872016], [9.210704, 52.878241], [9.190359, 52.885199], [9.17571, 52.899237], [9.173269, 52.914822], [9.189708, 52.926622], [9.17628, 52.930203], [9.177745, 52.935167], [9.185232, 52.941759], [9.189708, 52.950263], [9.184337, 52.959784], [9.17213, 52.964952], [9.098562, 52.970771], [9.079031, 52.978868], [9.079845, 52.99494], [9.062999, 52.999335], [9.035655, 53.000759], [9.008311, 52.999294], [8.990977, 52.99494], [8.986827, 53.010443], [8.970388, 53.010688], [8.949474, 53.00727], [8.932302, 53.01203], [8.914968, 53.01911], [8.889659, 53.026231], [8.872813, 53.035834], [8.881114, 53.050157], [8.881114, 53.056342], [8.867198, 53.063503], [8.830821, 53.066514], [8.812918, 53.070014], [8.779226, 53.086737], [8.726003, 53.120673], [8.711192, 53.127794], [8.695567, 53.132107], [8.665212, 53.134955], [8.655203, 53.138292], [8.639822, 53.149726], [8.632742, 53.15644], [8.631358, 53.159451], [8.617117, 53.176703], [8.61085, 53.179877], [8.589122, 53.178819], [8.57781, 53.179633], [8.55421, 53.18948], [8.512869, 53.199571], [8.504405, 53.210883], [8.501231, 53.216905], [8.487071, 53.235175], [8.483897, 53.245063], [8.483897, 53.286078], [8.485769, 53.302924], [8.497325, 53.34162], [8.504405, 53.358018]]}}, {"type": "Feature", "properties": {"dissolve": "597River", "scalerank": 7.0, "featurecla": "River", "name": "Mincio", "name_alt": null, "rivernum": 597, "note": null, "min_zoom": 6.0, "name_en": "Mincio", "min_label": 7.0}, "bbox": [10.676768, 45.073065, 10.977957, 45.450466], "geometry": {"type": "LineString", "coordinates": [[10.69044, 45.450466], [10.69866, 45.435126], [10.702159, 45.422675], [10.704112, 45.402045], [10.701915, 45.38227], [10.705007, 45.373725], [10.717784, 45.367296], [10.717784, 45.361111], [10.706798, 45.353583], [10.706228, 45.329372], [10.697276, 45.320136], [10.697276, 45.31269], [10.714122, 45.303982], [10.715261, 45.293402], [10.707449, 45.282172], [10.679942, 45.254177], [10.677257, 45.247138], [10.676768, 45.234158], [10.678966, 45.217597], [10.688243, 45.186591], [10.69044, 45.17239], [10.69988, 45.169501], [10.779307, 45.168524], [10.790294, 45.165595], [10.813406, 45.14879], [10.841238, 45.134548], [10.863048, 45.117621], [10.864919, 45.114691], [10.89503, 45.111884], [10.927175, 45.103705], [10.956309, 45.090684], [10.977957, 45.073065]]}}, {"type": "Feature", "properties": {"dissolve": "643River", "scalerank": 8.0, "featurecla": "River", "name": "Dordogne", "name_alt": null, "rivernum": 643, "note": null, "min_zoom": 7.0, "name_en": "Dordogne", "min_label": 8.0}, "bbox": [-0.493723, 44.812771, 2.754893, 45.617987], "geometry": {"type": "MultiLineString", "coordinates": [[[2.754893, 45.593858], [2.730968, 45.595242], [2.696056, 45.610541], [2.639903, 45.617621], [2.618907, 45.617987], [2.597341, 45.614325], [2.588796, 45.610216], [2.552664, 45.585761], [2.534597, 45.574327], [2.531505, 45.57331], [2.523448, 45.563788], [2.520763, 45.518826], [2.515391, 45.504462], [2.520763, 45.485907], [2.51531, 45.463731], [2.506358, 45.440619], [2.50172, 45.419135], [2.496023, 45.405463], [2.481212, 45.39704], [2.461192, 45.393622], [2.439708, 45.395209], [2.420095, 45.401801], [2.383718, 45.419013], [2.361095, 45.422553], [2.352712, 45.419745], [2.35198, 45.41295], [2.355968, 45.405097], [2.368419, 45.390082], [2.370291, 45.383653], [2.368419, 45.376899], [2.360362, 45.359198], [2.344168, 45.340603], [2.339854, 45.338446], [2.320079, 45.323676], [2.319835, 45.320136], [2.312266, 45.315782], [2.305186, 45.296495], [2.299001, 45.292182], [2.286876, 45.29088], [2.277517, 45.287543], [2.261485, 45.27912], [2.257253, 45.278876], [2.255056, 45.281114], [2.252615, 45.282416], [2.247813, 45.27912], [2.245535, 45.275824], [2.242686, 45.268378], [2.230886, 45.248887], [2.22462, 45.240994], [2.216807, 45.237576], [2.144786, 45.23074], [2.13795, 45.232001], [2.126231, 45.236599], [2.121023, 45.237576], [2.114187, 45.235419], [2.108165, 45.23074], [2.104259, 45.22602], [2.103933, 45.223944], [2.091726, 45.225409], [2.069102, 45.230902], [2.056082, 45.23074], [2.038259, 45.221259], [2.026052, 45.202989], [2.007742, 45.161811], [1.992442, 45.143663], [1.932546, 45.107856], [1.911306, 45.084255], [1.912771, 45.087348], [1.900401, 45.076606], [1.900564, 45.071234], [1.912771, 45.065619], [1.912771, 45.059394], [1.901296, 45.057237], [1.857432, 45.056342], [1.835948, 45.039089], [1.829275, 45.027411], [1.843191, 45.018419], [1.830496, 45.006944], [1.831798, 44.995063], [1.838878, 44.982001], [1.843191, 44.966905], [1.839529, 44.951524], [1.830577, 44.937079], [1.819509, 44.924628], [1.809011, 44.915391]], [[1.809011, 44.908637], [1.771251, 44.911241], [1.723643, 44.915391], [1.718028, 44.918728], [1.701182, 44.933214], [1.696056, 44.93655], [1.673269, 44.93476], [1.661388, 44.9324], [1.651378, 44.929063], [1.63502, 44.917548], [1.602794, 44.887397], [1.586192, 44.881293], [1.577322, 44.882514], [1.575125, 44.883734], [1.565684, 44.871405], [1.559337, 44.865505], [1.55128, 44.860622], [1.542735, 44.85696], [1.534679, 44.8546], [1.520193, 44.853095], [1.50172, 44.855048], [1.486095, 44.862616], [1.479421, 44.878201], [1.469981, 44.88699], [1.447765, 44.887803], [1.404307, 44.881293], [1.344981, 44.858181], [1.317638, 44.852362], [1.302013, 44.842597], [1.292003, 44.840277], [1.280691, 44.841498], [1.260265, 44.846381], [1.254161, 44.847195], [1.249929, 44.844672], [1.24586, 44.839464], [1.242605, 44.832953], [1.240489, 44.826687], [1.222179, 44.830878], [1.191824, 44.812771], [1.17156, 44.820502], [1.178966, 44.826687], [1.175548, 44.82807], [1.173106, 44.827704], [1.171886, 44.828477], [1.17156, 44.833523], [1.165294, 44.833523], [1.160899, 44.827094], [1.153819, 44.821234], [1.147146, 44.820665], [1.144298, 44.830105], [1.138845, 44.834052], [1.126394, 44.832058], [1.112559, 44.828152], [1.103282, 44.826687], [1.043875, 44.858181], [1.027599, 44.861436], [1.019542, 44.855414], [1.012462, 44.837348], [1.003673, 44.833523], [0.969981, 44.832343], [0.959239, 44.833523], [0.941905, 44.841864], [0.926036, 44.853868], [0.909679, 44.861029], [0.890391, 44.8546], [0.877452, 44.863593], [0.872081, 44.869981], [0.870046, 44.878201], [0.865001, 44.886054], [0.854991, 44.878241], [0.847341, 44.866278], [0.849376, 44.861436], [0.829763, 44.864122], [0.805105, 44.887397], [0.788585, 44.881293], [0.790701, 44.852484], [0.751882, 44.84337], [0.370291, 44.861436], [0.360037, 44.860053], [0.34197, 44.855536], [0.332693, 44.8546], [0.322195, 44.856635], [0.315359, 44.861151], [0.310232, 44.865668], [0.304861, 44.867621], [0.25115, 44.879218], [0.233084, 44.881293], [0.239919, 44.867621], [0.223806, 44.857611], [0.193126, 44.831855], [0.17449, 44.826687], [0.031098, 44.840277], [0.028005, 44.84337], [0.010549, 44.856269], [0.006521, 44.857978], [0.000662, 44.862982], [-0.012685, 44.861355], [-0.034495, 44.8546], [-0.097727, 44.845526], [-0.132069, 44.826239], [-0.149485, 44.828966], [-0.177805, 44.847195], [-0.188059, 44.850898], [-0.196767, 44.852118], [-0.204416, 44.854438], [-0.211985, 44.861436], [-0.216868, 44.870225], [-0.216379, 44.875678], [-0.213612, 44.881537], [-0.211985, 44.891547], [-0.216379, 44.899726], [-0.225901, 44.902167], [-0.235504, 44.900946], [-0.23998, 44.898017], [-0.244374, 44.889757], [-0.253489, 44.898383], [-0.260976, 44.9112], [-0.260325, 44.915391], [-0.281199, 44.923529], [-0.290273, 44.917263], [-0.298166, 44.908311], [-0.315663, 44.908637], [-0.329335, 44.93655], [-0.337717, 44.941718], [-0.348215, 44.945909], [-0.358551, 44.948594], [-0.366526, 44.94953], [-0.449045, 44.94953], [-0.46052, 44.956163], [-0.479726, 44.987616], [-0.493723, 44.997992]]]}}, {"type": "Feature", "properties": {"dissolve": "669Lake Centerline", "scalerank": 8.0, "featurecla": "Lake Centerline", "name": "Ticino", "name_alt": null, "rivernum": 669, "note": null, "min_zoom": 7.0, "name_en": "Ticino", "min_label": 8.0}, "bbox": [8.562918, 45.726386, 8.843191, 46.171698], "geometry": {"type": "LineString", "coordinates": [[8.620535, 45.726386], [8.592459, 45.738471], [8.586599, 45.744208], [8.568858, 45.765815], [8.562918, 45.792914], [8.573741, 45.811713], [8.584402, 45.824774], [8.5949, 45.841498], [8.595876, 45.863349], [8.583751, 45.886176], [8.577647, 45.905097], [8.587413, 45.922187], [8.607351, 45.936347], [8.628347, 45.945746], [8.652517, 45.964667], [8.701671, 46.000434], [8.729991, 46.035956], [8.723888, 46.061225], [8.726085, 46.087266], [8.737559, 46.109646], [8.761404, 46.128363], [8.786062, 46.144395], [8.817068, 46.159857], [8.843191, 46.171698]]}}, {"type": "Feature", "properties": {"dissolve": "669River", "scalerank": 8.0, "featurecla": "River", "name": "Ticino", "name_alt": null, "rivernum": 669, "note": null, "min_zoom": 7.0, "name_en": "Ticino", "min_label": 8.0}, "bbox": [8.403982, 46.171698, 9.048106, 46.543036], "geometry": {"type": "LineString", "coordinates": [[8.403982, 46.495958], [8.427257, 46.489081], [8.452403, 46.488715], [8.480235, 46.497585], [8.514415, 46.511827], [8.527273, 46.522813], [8.569591, 46.535102], [8.614024, 46.543036], [8.676036, 46.541693], [8.709727, 46.535427], [8.734386, 46.524034], [8.756847, 46.510565], [8.806326, 46.491767], [8.829763, 46.47602], [8.879405, 46.42532], [8.934093, 46.391181], [8.962576, 46.365261], [8.984874, 46.335964], [9.025401, 46.266303], [9.043142, 46.250027], [9.048106, 46.240668], [9.041189, 46.230902], [9.032237, 46.22309], [9.018565, 46.205024], [9.010753, 46.198432], [8.984141, 46.189154], [8.843191, 46.171698]]}}, {"type": "Feature", "properties": {"dissolve": "691Lake Centerline", "scalerank": 8.0, "featurecla": "Lake Centerline", "name": "Oich", "name_alt": null, "rivernum": 691, "note": null, "min_zoom": 7.0, "name_en": "Oich", "min_label": 8.0}, "bbox": [-4.968984, 56.928168, -4.835846, 57.010199], "geometry": {"type": "LineString", "coordinates": [[-4.85118629328622, 57.0], [-4.854807, 56.997748], [-4.864329, 56.990505], [-4.882314, 56.972968], [-4.891428, 56.966661], [-4.914377, 56.95836], [-4.931223, 56.946316], [-4.94929, 56.938056], [-4.958079, 56.931667], [-4.968984, 56.928168]]}}, {"type": "Feature", "properties": {"dissolve": "718River", "scalerank": 8.0, "featurecla": "River", "name": "Inn", "name_alt": null, "rivernum": 718, "note": null, "min_zoom": 7.0, "name_en": "Inn", "min_label": 8.0}, "bbox": [9.744395, 46.403184, 13.486583, 48.581855], "geometry": {"type": "LineString", "coordinates": [[9.746023, 46.403184], [9.744395, 46.424669], [9.755544, 46.438259], [9.78297, 46.455024], [9.799083, 46.464057], [9.805593, 46.475369], [9.815847, 46.482774], [9.827078, 46.488715], [9.836681, 46.495429], [9.87086, 46.536322], [9.904796, 46.565985], [10.010509, 46.638373], [10.086925, 46.697699], [10.095632, 46.706244], [10.097179, 46.71662], [10.08839, 46.737128], [10.089773, 46.747626], [10.096934, 46.758897], [10.105235, 46.768175], [10.115733, 46.775092], [10.129893, 46.779161], [10.189952, 46.781317], [10.299246, 46.80683], [10.391775, 46.84101], [10.428884, 46.862128], [10.460704, 46.889838], [10.514334, 46.959988], [10.653575, 47.061835], [10.65919, 47.069525], [10.660655, 47.079128], [10.657725, 47.089423], [10.647146, 47.107937], [10.638845, 47.116523], [10.627452, 47.122748], [10.603201, 47.12995], [10.586681, 47.131619], [10.578787, 47.133572], [10.572276, 47.138454], [10.570079, 47.158393], [10.58839, 47.174343], [10.703136, 47.219428], [10.805186, 47.229356], [10.829763, 47.236599], [10.843191, 47.24433], [10.863943, 47.262478], [10.87615, 47.268907], [11.026541, 47.310981], [11.117117, 47.309516], [11.22462, 47.282904], [11.317638, 47.282782], [11.36907, 47.274848], [11.384288, 47.276679], [11.43157, 47.290635], [11.53655, 47.30154], [11.60906, 47.318427], [11.677013, 47.345486], [11.762869, 47.398993], [11.773936, 47.403754], [11.822276, 47.416815], [11.844005, 47.429633], [11.881358, 47.459174], [11.904226, 47.471991], [12.031261, 47.506537], [12.044444, 47.511501], [12.054454, 47.518093], [12.072683, 47.535468], [12.084727, 47.544623], [12.141287, 47.577826], [12.201589, 47.630072], [12.205333, 47.636501], [12.206228, 47.645819], [12.2046, 47.672553], [12.201915, 47.678046], [12.196707, 47.680365], [12.18865, 47.685858], [12.181163, 47.69241], [12.177908, 47.697943], [12.174734, 47.711534], [12.167003, 47.717149], [12.157481, 47.719835], [12.149099, 47.724677], [12.141775, 47.737494], [12.135427, 47.756781], [12.13087, 47.778144], [12.129161, 47.797309], [12.131277, 47.805243], [12.141775, 47.829413], [12.146007, 47.834499], [12.156179, 47.838935], [12.153982, 47.849189], [12.142833, 47.869249], [12.144542, 47.910834], [12.150564, 47.950385], [12.163259, 47.987006], [12.184337, 48.020087], [12.207286, 48.046454], [12.222423, 48.059353], [12.239024, 48.067328], [12.239024, 48.074774], [12.218679, 48.074774], [12.235281, 48.103827], [12.248546, 48.117458], [12.266368, 48.122504], [12.266368, 48.12995], [12.260427, 48.133165], [12.257823, 48.13585], [12.256033, 48.139024], [12.252696, 48.143622], [12.26531, 48.143622], [12.27296, 48.147162], [12.279063, 48.152126], [12.286876, 48.156684], [12.302989, 48.159003], [12.312185, 48.162299], [12.321056, 48.170966], [12.334727, 48.163438], [12.330984, 48.173285], [12.328543, 48.177191], [12.331798, 48.178249], [12.333914, 48.178412], [12.334727, 48.179796], [12.348399, 48.179267], [12.390391, 48.176581], [12.403575, 48.177191], [12.409597, 48.179633], [12.415538, 48.184272], [12.423106, 48.188788], [12.434581, 48.190782], [12.43922, 48.194525], [12.441335, 48.20128], [12.445974, 48.204698], [12.458181, 48.198269], [12.47405, 48.210028], [12.482107, 48.214179], [12.492931, 48.218085], [12.485281, 48.222724], [12.480235, 48.227729], [12.472423, 48.239814], [12.650076, 48.252875], [12.714854, 48.266547], [12.777273, 48.259101], [12.787852, 48.263048], [12.802501, 48.270535], [12.818126, 48.27501], [12.832205, 48.269884], [12.844005, 48.25963], [12.854747, 48.254665], [12.867931, 48.252997], [12.886729, 48.252875], [12.895518, 48.247626], [12.931163, 48.211859], [12.946707, 48.220282], [12.978933, 48.232245], [13.016043, 48.25613], [13.032237, 48.263861], [13.135997, 48.291327], [13.273692, 48.307318], [13.307302, 48.319892], [13.40504, 48.376817], [13.418956, 48.392401], [13.424571, 48.413642], [13.426687, 48.418769], [13.431082, 48.423936], [13.435557, 48.430854], [13.437673, 48.44123], [13.43572, 48.46955], [13.437673, 48.478827], [13.442312, 48.487982], [13.455984, 48.506903], [13.458751, 48.516669], [13.456554, 48.525458], [13.447276, 48.53502], [13.443289, 48.553168], [13.440196, 48.557644], [13.439464, 48.561143], [13.445079, 48.568183], [13.454031, 48.573676], [13.486583, 48.581855]]}}, {"type": "Feature", "properties": {"dissolve": "720River", "scalerank": 8.0, "featurecla": "River", "name": "Warta", "name_alt": null, "rivernum": 720, "note": null, "min_zoom": 7.0, "name_en": "Warta", "min_label": 8.0}, "bbox": [14.61321, 50.481635, 19.488699, 52.741034], "geometry": {"type": "LineString", "coordinates": [[16.0, 52.639869250047695], [15.927501, 52.633612], [15.917979, 52.628445], [15.90032, 52.61404], [15.894949, 52.611396], [15.882091, 52.610175], [15.872813, 52.608262], [15.863536, 52.607856], [15.850271, 52.611396], [15.829763, 52.631863], [15.8213, 52.634589], [15.752126, 52.642849], [15.732432, 52.641181], [15.713634, 52.631863], [15.706309, 52.639268], [15.6963, 52.633897], [15.687185, 52.632839], [15.677257, 52.633124], [15.665782, 52.631863], [15.632986, 52.619452], [15.624278, 52.61754], [15.59905, 52.629421], [15.590261, 52.631863], [15.587332, 52.630805], [15.555919, 52.625027], [15.545339, 52.625434], [15.539073, 52.627631], [15.532481, 52.628485], [15.520681, 52.625027], [15.515636, 52.620388], [15.513927, 52.614325], [15.510671, 52.608344], [15.501475, 52.603868], [15.478201, 52.604193], [15.461192, 52.61404], [15.409109, 52.665839], [15.40089, 52.681098], [15.397716, 52.703803], [15.420095, 52.724718], [15.423839, 52.736111], [15.401134, 52.741034], [15.37379, 52.733466], [15.357188, 52.726182], [15.347097, 52.727891], [15.333181, 52.734239], [15.289968, 52.727484], [15.267996, 52.72663], [15.247569, 52.734239], [15.241384, 52.730089], [15.191335, 52.71369], [15.182628, 52.709052], [15.18922, 52.706895], [15.190929, 52.702948], [15.17864, 52.67654], [15.17571, 52.665229], [15.168468, 52.659369], [15.151378, 52.652289], [15.124034, 52.628689], [15.108816, 52.620673], [15.086192, 52.61754], [15.072439, 52.622178], [15.04127, 52.644558], [15.021007, 52.652289], [14.998546, 52.653022], [14.966726, 52.642198], [14.948985, 52.639268], [14.88738, 52.63585], [14.681407, 52.586941], [14.660574, 52.586453], [14.640066, 52.589871], [14.61321, 52.592841]]}}, {"type": "Feature", "properties": {"dissolve": "721River", "scalerank": 8.0, "featurecla": "River", "name": "Main", "name_alt": null, "rivernum": 721, "note": null, "min_zoom": 7.0, "name_en": "Main", "min_label": 8.0}, "bbox": [8.291515, 49.666938, 11.632009, 50.201239], "geometry": {"type": "LineString", "coordinates": [[11.539561, 49.856716], [11.594737, 49.828803], [11.599864, 49.832343], [11.611583, 49.838243], [11.615896, 49.842393], [11.618093, 49.848944], [11.617686, 49.855333], [11.615896, 49.863593], [11.627208, 49.891669], [11.627615, 49.903673], [11.615896, 49.911322], [11.632009, 49.91946], [11.631765, 49.927843], [11.626882, 49.936387], [11.628917, 49.944892], [11.628917, 49.952338], [11.610362, 49.953152], [11.583263, 49.949164], [11.567556, 49.952338], [11.553477, 49.959052], [11.541189, 49.968126], [11.531668, 49.9796], [11.52589, 49.993272], [11.515066, 49.989936], [11.506602, 49.995795], [11.49171, 50.014431], [11.463064, 50.028876], [11.449229, 50.040351], [11.44337, 50.058417], [11.431895, 50.074978], [11.405528, 50.087714], [11.354666, 50.103135], [11.274425, 50.127509], [11.238536, 50.132432], [11.229259, 50.137315], [11.212332, 50.149726], [11.162364, 50.176337], [11.143484, 50.189643], [11.125418, 50.199246], [11.106619, 50.201239], [11.084972, 50.19184], [11.032644, 50.142157], [11.011974, 50.130439], [10.978526, 50.121527], [10.963145, 50.113349], [10.956716, 50.099718], [10.953543, 50.08515], [10.936778, 50.046576], [10.90919, 50.002956], [10.894216, 49.98668], [10.878917, 49.9796], [10.85906, 49.975531], [10.861095, 49.964626], [10.869395, 49.949164], [10.867931, 49.93122], [10.854503, 49.921495], [10.835867, 49.920274], [10.772878, 49.926947], [10.759776, 49.932563], [10.73821, 49.952338], [10.724864, 49.960232], [10.618093, 49.993272], [10.581716, 49.996446], [10.549246, 50.005235], [10.491222, 50.034247], [10.469168, 50.02086], [10.43922, 50.01435], [10.374522, 50.014431], [10.347179, 50.018988], [10.326834, 50.027411], [10.293875, 50.049384], [10.279552, 50.054755], [10.252126, 50.053656], [10.228038, 50.041042], [10.179942, 49.998725], [10.175222, 49.992499], [10.17449, 49.985297], [10.175792, 49.973456], [10.182628, 49.946234], [10.182791, 49.93419], [10.175792, 49.924994], [10.175792, 49.918158], [10.189952, 49.906073], [10.18336, 49.896593], [10.169688, 49.888495], [10.162283, 49.880316], [10.169688, 49.870063], [10.205496, 49.868272], [10.21754, 49.856716], [10.184581, 49.85932], [10.170665, 49.856269], [10.172781, 49.845893], [10.205251, 49.822943], [10.211355, 49.815131], [10.212657, 49.803412], [10.208263, 49.797309], [10.197276, 49.794989], [10.179617, 49.794623], [10.163503, 49.792589], [10.156993, 49.7862], [10.149181, 49.759874], [10.161388, 49.743435], [10.151622, 49.723578], [10.121267, 49.691677], [10.149181, 49.678005], [10.117117, 49.666938], [10.082205, 49.666938], [10.05071, 49.675076], [10.028819, 49.688544], [10.024099, 49.695502], [10.02003, 49.70893], [10.014822, 49.715847], [10.008067, 49.719346], [10.000418, 49.721259], [9.994151, 49.723904], [9.985118, 49.745673], [9.970876, 49.756863], [9.956554, 49.764675], [9.949962, 49.770779], [9.944509, 49.778632], [9.908946, 49.80154], [9.901134, 49.804145], [9.88738, 49.805976], [9.881765, 49.808295], [9.875418, 49.8133], [9.873057, 49.816962], [9.871511, 49.821357], [9.867442, 49.828803], [9.847585, 49.856716], [9.84254, 49.877875], [9.840099, 49.883409], [9.81422, 49.906806], [9.806407, 49.919298], [9.812185, 49.93122], [9.803722, 49.937038], [9.771902, 49.948554], [9.75823, 49.986436], [9.74171, 49.998074], [9.72283, 50.004706], [9.71282, 50.014187], [9.723562, 50.034125], [9.705984, 50.038153], [9.69988, 50.038275], [9.687266, 50.03559], [9.682791, 50.035427], [9.664561, 50.039171], [9.658214, 50.039415], [9.65211, 50.038601], [9.64031, 50.034939], [9.634695, 50.032538], [9.616466, 50.020697], [9.609548, 50.01789], [9.591319, 50.013292], [9.585623, 50.010606], [9.579845, 50.00613], [9.576671, 50.0008], [9.5713, 49.988389], [9.562918, 49.973944], [9.560557, 49.968533], [9.559011, 49.960395], [9.5595, 49.953925], [9.562511, 49.948188], [9.57252, 49.937445], [9.601085, 49.882025], [9.602957, 49.872016], [9.600352, 49.862738], [9.591075, 49.843329], [9.583669, 49.831732], [9.580821, 49.825385], [9.580251, 49.816718], [9.58489, 49.812079], [9.601329, 49.807563], [9.610606, 49.802436], [9.609548, 49.797309], [9.602061, 49.792548], [9.569021, 49.780137], [9.556814, 49.777899], [9.544688, 49.778632], [9.490896, 49.795111], [9.472341, 49.795437], [9.436697, 49.791938], [9.400401, 49.783393], [9.351736, 49.78559], [9.33961, 49.783026], [9.328136, 49.778184], [9.317638, 49.771186], [9.29363, 49.746853], [9.27589, 49.73664], [9.269054, 49.731024], [9.264415, 49.721259], [9.26295, 49.716742], [9.260997, 49.71251], [9.258067, 49.709052], [9.253835, 49.706407], [9.250987, 49.70539], [9.247813, 49.704861], [9.245372, 49.705675], [9.244314, 49.709011], [9.238292, 49.718695], [9.224376, 49.724392], [9.208507, 49.728217], [9.196462, 49.732611], [9.185069, 49.742621], [9.181407, 49.752387], [9.182872, 49.777615], [9.176931, 49.789903], [9.163748, 49.798774], [9.148936, 49.805528], [9.138682, 49.811713], [9.137706, 49.822089], [9.155447, 49.863593], [9.156912, 49.885565], [9.149343, 49.909206], [9.132823, 49.930365], [9.107107, 49.944892], [9.107107, 49.952338], [9.117361, 49.953803], [9.125662, 49.957872], [9.133311, 49.964464], [9.141856, 49.973456], [9.127371, 49.978949], [9.110606, 49.980536], [9.076427, 49.9796], [9.06837, 49.984483], [9.031993, 50.021186], [9.026622, 50.043036], [9.025808, 50.044786], [9.021251, 50.048204], [9.011485, 50.049384], [9.00172, 50.048204], [8.997244, 50.044786], [8.992198, 50.0456], [8.983328, 50.049831], [8.97991, 50.059149], [8.990977, 50.075222], [8.975027, 50.082058], [8.947276, 50.089545], [8.93572, 50.0963], [8.914561, 50.118109], [8.904552, 50.125271], [8.88795, 50.130439], [8.80128, 50.138699], [8.78297, 50.138129], [8.772472, 50.132148], [8.778087, 50.117377], [8.760916, 50.112128], [8.699636, 50.107001], [8.642589, 50.096137], [8.548757, 50.0963], [8.533621, 50.092149], [8.523367, 50.082099], [8.507823, 50.058417], [8.466807, 50.027411], [8.444998, 50.019965], [8.421153, 50.005968], [8.395193, 49.997748], [8.367198, 50.007514], [8.348806, 50.001288], [8.305349, 50.000515], [8.291515, 49.993272]]}}, {"type": "Feature", "properties": {"dissolve": "722River", "scalerank": 8.0, "featurecla": "River", "name": "Ems", "name_alt": null, "rivernum": 722, "note": null, "min_zoom": 7.0, "name_en": "Ems", "min_label": 8.0}, "bbox": [7.243093, 51.794623, 8.772878, 53.303087], "geometry": {"type": "LineString", "coordinates": [[8.772878, 51.880194], [8.688731, 51.857204], [8.637869, 51.836737], [8.576671, 51.836737], [8.567149, 51.835639], [8.54949, 51.831], [8.542003, 51.829901], [8.538992, 51.826768], [8.533458, 51.813178], [8.528575, 51.810004], [8.511485, 51.807807], [8.485118, 51.798041], [8.442556, 51.794623], [8.435476, 51.795722], [8.430349, 51.800076], [8.42571, 51.812527], [8.421886, 51.81623], [8.406179, 51.819607], [8.360362, 51.823676], [8.330007, 51.835273], [8.305186, 51.853054], [8.297618, 51.873155], [8.319509, 51.891954], [8.319509, 51.898139], [8.312022, 51.898139], [8.311697, 51.903632], [8.313894, 51.904649], [8.316905, 51.904364], [8.319509, 51.905585], [8.278331, 51.927069], [8.147472, 51.973904], [8.128347, 51.967149], [8.00408, 51.953437], [7.99464, 51.956122], [7.973074, 51.965155], [7.857432, 51.972764], [7.80836, 51.983262], [7.770763, 52.001817], [7.770274, 52.006212], [7.771902, 52.007392], [7.774669, 52.007351], [7.77825, 52.008083], [7.769216, 52.011664], [7.760183, 52.013699], [7.740001, 52.014838], [7.730724, 52.017605], [7.727468, 52.023993], [7.726248, 52.030829], [7.722911, 52.035346], [7.713796, 52.038153], [7.708669, 52.037869], [7.70281, 52.036241], [7.691905, 52.035346], [7.682628, 52.038642], [7.669444, 52.053168], [7.657725, 52.056464], [7.656179, 52.06037], [7.650808, 52.078396], [7.647878, 52.083767], [7.640066, 52.084784], [7.617849, 52.083279], [7.613048, 52.086859], [7.590831, 52.114814], [7.588145, 52.127875], [7.613048, 52.130927], [7.607595, 52.141425], [7.610037, 52.14997], [7.619151, 52.155829], [7.633556, 52.158881], [7.633556, 52.165717], [7.578543, 52.172553], [7.551768, 52.180487], [7.537364, 52.199774], [7.542166, 52.211697], [7.53655, 52.220282], [7.524913, 52.225409], [7.511241, 52.227118], [7.510671, 52.231879], [7.511974, 52.233344], [7.514415, 52.233588], [7.517507, 52.234565], [7.509288, 52.2449], [7.498546, 52.251085], [7.484304, 52.254218], [7.466238, 52.255072], [7.459646, 52.261664], [7.442882, 52.292996], [7.435557, 52.303494], [7.358897, 52.334174], [7.352957, 52.344428], [7.343679, 52.352566], [7.340587, 52.361151], [7.343679, 52.369818], [7.352957, 52.377997], [7.349864, 52.378445], [7.339366, 52.377997], [7.339366, 52.385443], [7.346202, 52.385443], [7.346202, 52.391669], [7.325694, 52.391669], [7.33253, 52.412136], [7.333018, 52.417304], [7.331228, 52.418484], [7.328136, 52.418321], [7.325694, 52.419542], [7.330251, 52.421088], [7.339366, 52.426378], [7.339366, 52.432563], [7.330821, 52.439032], [7.312022, 52.462958], [7.296316, 52.491278], [7.293468, 52.50373], [7.297781, 52.529405], [7.28712, 52.532294], [7.277029, 52.536485], [7.271983, 52.543809], [7.277354, 52.556708], [7.273448, 52.558051], [7.263682, 52.562934], [7.277354, 52.562934], [7.277354, 52.57038], [7.265554, 52.573676], [7.256521, 52.579047], [7.252696, 52.586941], [7.257335, 52.597724], [7.252615, 52.599311], [7.243093, 52.603868], [7.253347, 52.611192], [7.257823, 52.621039], [7.256765, 52.631171], [7.249929, 52.639268], [7.249929, 52.645453], [7.257335, 52.645453], [7.257335, 52.652289], [7.249929, 52.652289], [7.249929, 52.659125], [7.263438, 52.665554], [7.277843, 52.690009], [7.291515, 52.70071], [7.270763, 52.715196], [7.263357, 52.738715], [7.259695, 52.765448], [7.249929, 52.789496], [7.259939, 52.795193], [7.263113, 52.802069], [7.257823, 52.807685], [7.243093, 52.809353], [7.251394, 52.820828], [7.278819, 52.831081], [7.284841, 52.840684], [7.291026, 52.844428], [7.303722, 52.860053], [7.312755, 52.877061], [7.308604, 52.885077], [7.302257, 52.891913], [7.296804, 52.907986], [7.291515, 52.940294], [7.295339, 52.958686], [7.310557, 52.991563], [7.312022, 53.001166], [7.31837, 53.011664], [7.319347, 53.025662], [7.316824, 53.039618], [7.312022, 53.050157], [7.30714, 53.053575], [7.290538, 53.06212], [7.288259, 53.063829], [7.283458, 53.068183], [7.285167, 53.077908], [7.291515, 53.094265], [7.30657, 53.104438], [7.362315, 53.118028], [7.359793, 53.132107], [7.359793, 53.138292], [7.364513, 53.142646], [7.366466, 53.147406], [7.366628, 53.162787], [7.368419, 53.172797], [7.37322, 53.177517], [7.379893, 53.180854], [7.387218, 53.186713], [7.393728, 53.190131], [7.40032, 53.190375], [7.405528, 53.193142], [7.407644, 53.204128], [7.410167, 53.210273], [7.416433, 53.215399], [7.423595, 53.219102], [7.428722, 53.220893], [7.428722, 53.228339], [7.404552, 53.242784], [7.396739, 53.253933], [7.392751, 53.288845], [7.38795, 53.298855], [7.377615, 53.303087], [7.366628, 53.302802]]}}, {"type": "Feature", "properties": {"dissolve": "777River", "scalerank": 8.0, "featurecla": "River", "name": "Yonne", "name_alt": null, "rivernum": 777, "note": null, "min_zoom": 7.0, "name_en": "Yonne", "min_label": 8.0}, "bbox": [2.960948, 47.040066, 3.967784, 48.396837], "geometry": {"type": "LineString", "coordinates": [[3.967784, 47.040066], [3.94044, 47.087836], [3.936778, 47.10456], [3.935557, 47.118842], [3.929617, 47.129503], [3.912608, 47.135606], [3.878347, 47.169745], [3.861257, 47.168769], [3.848562, 47.17239], [3.823741, 47.184027], [3.809744, 47.187201], [3.77589, 47.184027], [3.745616, 47.188585], [3.716075, 47.201036], [3.688243, 47.21955], [3.662608, 47.242051], [3.650076, 47.257595], [3.65032, 47.265245], [3.655772, 47.271674], [3.65919, 47.283026], [3.660574, 47.29031], [3.663503, 47.294298], [3.665945, 47.298611], [3.666026, 47.306952], [3.663585, 47.310004], [3.658621, 47.312812], [3.653982, 47.317003], [3.649669, 47.333767], [3.644542, 47.334011], [3.638194, 47.332058], [3.632579, 47.334906], [3.629568, 47.341986], [3.625173, 47.358466], [3.610769, 47.380723], [3.608653, 47.391791], [3.612071, 47.423651], [3.597667, 47.418158], [3.580333, 47.420478], [3.563487, 47.427802], [3.550059, 47.437323], [3.552989, 47.447577], [3.550304, 47.45421], [3.544119, 47.455756], [3.536388, 47.450954], [3.518321, 47.473253], [3.519216, 47.496283], [3.531993, 47.51557], [3.550059, 47.526679], [3.565115, 47.529161], [3.59075, 47.526475], [3.604666, 47.526679], [3.603201, 47.528266], [3.607921, 47.532782], [3.618337, 47.54031], [3.616954, 47.537218], [3.62379, 47.535102], [3.638194, 47.533515], [3.634939, 47.542792], [3.635916, 47.549506], [3.641531, 47.55329], [3.651866, 47.553982], [3.645925, 47.579128], [3.645681, 47.584662], [3.649343, 47.595771], [3.658458, 47.595526], [3.669688, 47.592597], [3.679861, 47.595526], [3.684988, 47.604315], [3.684337, 47.611884], [3.681407, 47.61872], [3.679861, 47.625678], [3.681082, 47.681749], [3.677419, 47.687079], [3.666026, 47.697333], [3.656179, 47.70185], [3.64503, 47.703803], [3.636241, 47.708604], [3.632579, 47.721503], [3.599376, 47.737576], [3.591075, 47.746405], [3.591319, 47.755683], [3.597097, 47.764187], [3.612071, 47.779893], [3.594168, 47.79088], [3.585216, 47.79796], [3.577403, 47.807196], [3.578624, 47.811306], [3.576101, 47.839382], [3.573985, 47.845079], [3.535899, 47.903184], [3.536388, 47.920478], [3.513927, 47.954413], [3.462332, 47.972113], [3.369151, 47.987616], [3.369314, 47.988552], [3.354503, 47.994452], [3.302989, 48.012641], [3.302989, 48.020087], [3.322032, 48.028632], [3.318858, 48.040554], [3.296153, 48.061103], [3.288992, 48.070339], [3.28712, 48.074001], [3.288748, 48.092108], [3.286388, 48.100409], [3.281016, 48.107489], [3.274343, 48.112738], [3.268809, 48.115749], [3.278087, 48.125271], [3.304454, 48.143419], [3.309825, 48.153266], [3.302908, 48.16059], [3.262136, 48.184638], [3.274913, 48.208767], [3.263601, 48.230536], [3.24464, 48.250596], [3.230642, 48.277167], [3.194753, 48.321357], [3.184011, 48.328559], [3.107595, 48.348456], [3.106863, 48.350409], [3.095388, 48.359565], [3.090099, 48.362738], [3.082449, 48.363796], [3.066417, 48.362494], [3.059744, 48.365831], [3.035899, 48.372748], [3.001964, 48.373236], [2.972179, 48.377753], [2.960948, 48.396837]]}}, {"type": "Feature", "properties": {"dissolve": "821River", "scalerank": 8.0, "featurecla": "River", "name": "Schelde", "name_alt": "Steldt", "rivernum": 821, "note": null, "min_zoom": 7.0, "name_en": "Schelde", "min_label": 8.0}, "bbox": [3.181326, 49.990546, 4.395274, 51.268622], "geometry": {"type": "LineString", "coordinates": [[3.263682, 49.990546], [3.229747, 50.007921], [3.208018, 50.024848], [3.202891, 50.045681], [3.219168, 50.074652], [3.229177, 50.083279], [3.238943, 50.089545], [3.244395, 50.096544], [3.241384, 50.107245], [3.23463, 50.109809], [3.197439, 50.117987], [3.181326, 50.131171], [3.191417, 50.152371], [3.212087, 50.173204], [3.274913, 50.222764], [3.287771, 50.237128], [3.319509, 50.279242], [3.336843, 50.294745], [3.357107, 50.306464], [3.381765, 50.315741], [3.406016, 50.319525], [3.449229, 50.315497], [3.471202, 50.316962], [3.491628, 50.32746], [3.506033, 50.345526], [3.531423, 50.38581], [3.581716, 50.431667], [3.586843, 50.43891], [3.583507, 50.444607], [3.57252, 50.45307], [3.557384, 50.461615], [3.452647, 50.500922], [3.438162, 50.50906], [3.430349, 50.521348], [3.429373, 50.535834], [3.435802, 50.566352], [3.434744, 50.579657], [3.426524, 50.587348], [3.403575, 50.599148], [3.382986, 50.617499], [3.367117, 50.636542], [3.35613, 50.658149], [3.350271, 50.68419], [3.367361, 50.717353], [3.412771, 50.747382], [3.592947, 50.832221], [3.605968, 50.842353], [3.636892, 50.877956], [3.646495, 50.884304], [3.667247, 50.893012], [3.677175, 50.899604], [3.68336, 50.910671], [3.675955, 50.917304], [3.663748, 50.923448], [3.656016, 50.933051], [3.655284, 50.947374], [3.660574, 50.951361], [3.670095, 50.951931], [3.68214, 50.956081], [3.707693, 50.974229], [3.728038, 50.994208], [3.743826, 51.017361], [3.7553, 51.0456], [3.77947, 51.042548], [3.793224, 51.033718], [3.804861, 51.021552], [3.822927, 51.008653], [3.836436, 51.003485], [3.847179, 51.002875], [3.873057, 51.008734], [3.989675, 51.015001], [4.010753, 51.013129], [4.020925, 51.013536], [4.032644, 51.018256], [4.041677, 51.026475], [4.054942, 51.045274], [4.066417, 51.052069], [4.079356, 51.053819], [4.089366, 51.051052], [4.098888, 51.046495], [4.110362, 51.043158], [4.122081, 51.044745], [4.141856, 51.056912], [4.153005, 51.059516], [4.16212, 51.054999], [4.170339, 51.046454], [4.179454, 51.040798], [4.191417, 51.044623], [4.1963, 51.054511], [4.193289, 51.066107], [4.187511, 51.077419], [4.184581, 51.086737], [4.18336, 51.095649], [4.182058, 51.09988], [4.185313, 51.104275], [4.197927, 51.113593], [4.215831, 51.121527], [4.235606, 51.123969], [4.276134, 51.123969], [4.315929, 51.132148], [4.328543, 51.147773], [4.333018, 51.169704], [4.348643, 51.196641], [4.391775, 51.224921], [4.395274, 51.234402], [4.30836, 51.268622]]}}, {"type": "Feature", "properties": {"dissolve": "822River", "scalerank": 8.0, "featurecla": "River", "name": "Trent", "name_alt": null, "rivernum": 822, "note": null, "min_zoom": 7.0, "name_en": "Trent", "min_label": 8.0}, "bbox": [-2.19636, 52.753119, -0.705556, 53.691962], "geometry": {"type": "LineString", "coordinates": [[-2.164052, 53.040147], [-2.194244, 52.998114], [-2.19636, 52.979315], [-2.182688, 52.95246], [-2.166453, 52.9324], [-2.147654, 52.914822], [-2.104563, 52.886013], [-2.050608, 52.862128], [-2.035227, 52.851386], [-1.998687, 52.814317], [-1.981842, 52.804511], [-1.900787, 52.769843], [-1.88036, 52.765489], [-1.834299, 52.765977], [-1.794016, 52.76496], [-1.730458, 52.753119], [-1.712961, 52.759223], [-1.680084, 52.783881], [-1.653391, 52.799018], [-1.586252, 52.853135], [-1.559519, 52.865343], [-1.530751, 52.869737], [-1.408437, 52.860053], [-1.380849, 52.863552], [-1.295644, 52.894395], [-1.262847, 52.895819], [-1.222157, 52.915635], [-1.144521, 52.964057], [-1.100535, 52.973822], [-1.063954, 52.968573], [-1.051829, 52.968817], [-1.038319, 52.974921], [-1.028798, 52.993923], [-0.983957, 53.008165], [-0.911936, 53.058417], [-0.830556, 53.09748], [-0.802887, 53.125596], [-0.790598, 53.157579], [-0.768381, 53.278673], [-0.748362, 53.311713], [-0.744944, 53.322781], [-0.747141, 53.330634], [-0.76301, 53.362616], [-0.767649, 53.366889], [-0.774241, 53.369574], [-0.77953, 53.372992], [-0.780263, 53.379706], [-0.775787, 53.390489], [-0.774485, 53.396064], [-0.775461, 53.401313], [-0.788808, 53.419501], [-0.798655, 53.429226], [-0.801503, 53.439887], [-0.794016, 53.461127], [-0.780344, 53.482611], [-0.749013, 53.519965], [-0.739247, 53.542996], [-0.724436, 53.664903], [-0.705556, 53.691962]]}}, {"type": "Feature", "properties": {"dissolve": "863River", "scalerank": 8.0, "featurecla": "River", "name": "Adige", "name_alt": null, "rivernum": 863, "note": null, "min_zoom": 7.0, "name_en": "Adige", "min_label": 8.0}, "bbox": [10.529714, 45.0987, 12.321462, 46.844753], "geometry": {"type": "LineString", "coordinates": [[10.710948, 46.827175], [10.689708, 46.830186], [10.667003, 46.839138], [10.644949, 46.844753], [10.624929, 46.837714], [10.606619, 46.828152], [10.560802, 46.820868], [10.539073, 46.813503], [10.529714, 46.7685], [10.53004, 46.712226], [10.53655, 46.703315], [10.57838, 46.667263], [10.615245, 46.650946], [10.680919, 46.635443], [10.713634, 46.632514], [10.778331, 46.633897], [10.845225, 46.628241], [10.909434, 46.631415], [10.931163, 46.635565], [10.951345, 46.642401], [10.967703, 46.652696], [10.978445, 46.656562], [11.000173, 46.650214], [11.008962, 46.652696], [11.016124, 46.657782], [11.084158, 46.685126], [11.104666, 46.690131], [11.118419, 46.687201], [11.163829, 46.646674], [11.176443, 46.629177], [11.191335, 46.587917], [11.203136, 46.568468], [11.221446, 46.560248], [11.231375, 46.552191], [11.272634, 46.506293], [11.300222, 46.491238], [11.306895, 46.484565], [11.306163, 46.477484], [11.303722, 46.466132], [11.303722, 46.455634], [11.310557, 46.450995], [11.311778, 46.439399], [11.258311, 46.309841], [11.240001, 46.280137], [11.218028, 46.259223], [11.162852, 46.232245], [11.146007, 46.220771], [11.101329, 46.169867], [11.091075, 46.161811], [11.084972, 46.159206], [11.081798, 46.156684], [11.080984, 46.149359], [11.082449, 46.138861], [11.086681, 46.125067], [11.092214, 46.112982], [11.107921, 46.099962], [11.115164, 46.081855], [11.121837, 46.046332], [11.121593, 46.027533], [11.118582, 46.00495], [11.112804, 45.986029], [11.104747, 45.978054], [11.094493, 45.947333], [11.089285, 45.940497], [11.053477, 45.929633], [11.038341, 45.91828], [11.002126, 45.878445], [10.994884, 45.858954], [11.002371, 45.83572], [11.013845, 45.812323], [11.018809, 45.792426], [11.009207, 45.773057], [10.990001, 45.758246], [10.95045, 45.737169], [10.916921, 45.708279], [10.888438, 45.676378], [10.895925, 45.668972], [10.848074, 45.6081], [10.840587, 45.59573], [10.835704, 45.589667], [10.83074, 45.586982], [10.821462, 45.584337], [10.820811, 45.577663], [10.822683, 45.568671], [10.820811, 45.559109], [10.802745, 45.529853], [10.802419, 45.515326], [10.813406, 45.498236], [10.826915, 45.491075], [10.863292, 45.483832], [10.875499, 45.477118], [10.888113, 45.47956], [10.933604, 45.481757], [10.943614, 45.480577], [10.951589, 45.47073], [10.969737, 45.459052], [11.005789, 45.442979], [11.003103, 45.439399], [10.998302, 45.429999], [11.016368, 45.430121], [11.024425, 45.431993], [11.032481, 45.436225], [11.028331, 45.416531], [11.039561, 45.401231], [11.073985, 45.381537], [11.073985, 45.395209], [11.194347, 45.370469], [11.25172, 45.34752], [11.259044, 45.31269], [11.272634, 45.31269], [11.272634, 45.306464], [11.268484, 45.30504], [11.259044, 45.299628], [11.261648, 45.294542], [11.26238, 45.291449], [11.259695, 45.287299], [11.252208, 45.27912], [11.28004, 45.264919], [11.276541, 45.248074], [11.292491, 45.224921], [11.331065, 45.186062], [11.341726, 45.178087], [11.382498, 45.161811], [11.395763, 45.151475], [11.406423, 45.14057], [11.417898, 45.131903], [11.44573, 45.126532], [11.478689, 45.116523], [11.488292, 45.111274], [11.496593, 45.111355], [11.539561, 45.128363], [11.566824, 45.129218], [11.60255, 45.1258], [11.637625, 45.118598], [11.663097, 45.107856], [11.694347, 45.110867], [11.718679, 45.110297], [11.753835, 45.0987], [11.773936, 45.107367], [11.800955, 45.128363], [11.840017, 45.138861], [12.081065, 45.147406], [12.115001, 45.142035], [12.189138, 45.114325], [12.228445, 45.108832], [12.266368, 45.120876], [12.280935, 45.128241], [12.28533, 45.133857], [12.286876, 45.145372], [12.321462, 45.164903]]}}, {"type": "Feature", "properties": {"dissolve": "869River", "scalerank": 8.0, "featurecla": "River", "name": "Doubs", "name_alt": null, "rivernum": 869, "note": null, "min_zoom": 7.0, "name_en": "Doubs", "min_label": 8.0}, "bbox": [4.951101, 46.647569, 7.168386, 47.492214], "geometry": {"type": "LineString", "coordinates": [[6.150157, 46.647569], [6.143321, 46.66824], [6.146251, 46.686143], [6.163341, 46.700059], [6.185802, 46.710883], [6.22283, 46.733181], [6.258311, 46.747748], [6.285899, 46.763048], [6.288015, 46.776882], [6.286143, 46.793972], [6.297293, 46.800482], [6.338796, 46.834581], [6.340017, 46.851874], [6.349864, 46.861925], [6.362804, 46.868598], [6.372976, 46.875556], [6.3567, 46.913113], [6.352957, 46.933539], [6.359304, 46.950019], [6.366873, 46.946112], [6.375011, 46.944648], [6.383556, 46.945502], [6.392507, 46.94835], [6.424083, 46.968695], [6.484141, 47.022325], [6.506358, 47.03323], [6.55421, 47.03323], [6.566335, 47.035712], [6.601736, 47.052802], [6.605479, 47.053005], [6.615733, 47.051703], [6.620779, 47.052069], [6.627126, 47.054633], [6.639089, 47.061957], [6.645925, 47.06391], [6.644705, 47.067735], [6.648936, 47.07685], [6.658702, 47.091498], [6.666759, 47.096137], [6.676524, 47.099229], [6.695811, 47.101671], [6.73113, 47.099148], [6.745535, 47.104275], [6.744151, 47.121283], [6.774181, 47.128445], [6.839773, 47.169745], [6.858816, 47.191189], [6.887869, 47.211534], [6.955821, 47.245469], [6.951671, 47.270331], [6.958018, 47.290839], [6.976817, 47.304023], [7.009776, 47.306952], [7.018728, 47.309638], [7.029063, 47.317328], [7.037771, 47.320624], [7.042735, 47.319851], [7.048595, 47.316962], [7.055837, 47.314399], [7.065115, 47.314399], [7.13323, 47.334906], [7.156668, 47.34752], [7.168386, 47.358466], [7.167491, 47.368964], [7.10255, 47.361518], [7.083751, 47.356309], [7.075206, 47.355333], [7.047618, 47.355333], [6.986257, 47.347927], [6.917898, 47.347927], [6.898936, 47.345404], [6.868337, 47.335395], [6.859548, 47.334906], [6.849376, 47.329169], [6.832937, 47.326728], [6.798106, 47.32807], [6.778575, 47.332343], [6.766531, 47.338324], [6.759776, 47.346137], [6.756521, 47.355333], [6.756847, 47.363145], [6.760671, 47.373643], [6.767751, 47.385199], [6.777599, 47.396308], [6.773204, 47.406806], [6.778494, 47.415229], [6.78655, 47.42536], [6.795584, 47.455919], [6.807384, 47.455512], [6.822276, 47.451199], [6.835948, 47.454372], [6.844005, 47.466742], [6.84197, 47.477729], [6.832449, 47.486396], [6.818614, 47.491889], [6.80421, 47.492214], [6.791921, 47.48782], [6.780772, 47.482042], [6.770193, 47.478217], [6.72283, 47.478217], [6.715587, 47.474799], [6.709239, 47.469509], [6.694509, 47.463935], [6.647878, 47.454047], [6.625743, 47.439032], [6.612559, 47.437323], [6.604991, 47.442939], [6.597423, 47.453315], [6.58961, 47.461534], [6.582042, 47.461208], [6.564708, 47.44477], [6.555349, 47.446845], [6.546072, 47.445502], [6.537608, 47.441962], [6.530528, 47.437323], [6.546804, 47.432156], [6.554942, 47.430609], [6.564708, 47.430487], [6.564708, 47.423651], [6.547781, 47.421902], [6.531016, 47.41828], [6.515636, 47.412055], [6.502696, 47.402533], [6.504649, 47.398383], [6.508067, 47.387397], [6.510183, 47.383246], [6.490245, 47.378485], [6.438162, 47.3758], [6.42449, 47.372382], [6.416026, 47.366278], [6.406179, 47.362982], [6.3838, 47.361518], [6.378835, 47.359198], [6.351817, 47.341742], [6.337169, 47.343573], [6.311778, 47.339138], [6.287852, 47.33157], [6.277354, 47.324286], [6.26588, 47.31448], [6.210948, 47.296454], [6.142589, 47.28974], [6.119884, 47.283759], [6.098562, 47.273383], [6.093191, 47.27265], [6.086599, 47.273627], [6.081065, 47.273627], [6.078787, 47.269721], [6.078543, 47.260362], [6.077078, 47.256049], [6.067882, 47.248603], [6.055349, 47.241034], [6.043875, 47.240668], [6.016612, 47.245469], [6.021251, 47.240912], [6.026378, 47.234809], [6.030447, 47.231879], [5.947765, 47.197089], [5.958181, 47.197455], [5.961436, 47.197089], [5.961436, 47.190863], [5.930105, 47.179633], [5.916515, 47.179755], [5.899343, 47.190863], [5.893077, 47.184027], [5.906749, 47.176581], [5.906749, 47.169745], [5.898367, 47.164578], [5.895763, 47.159288], [5.894705, 47.153266], [5.889659, 47.145819], [5.882091, 47.142279], [5.86378, 47.142279], [5.844656, 47.134141], [5.848318, 47.161689], [5.842296, 47.169745], [5.793468, 47.17182], [5.77711, 47.169745], [5.731212, 47.14879], [5.721853, 47.142442], [5.715587, 47.142442], [5.707205, 47.150906], [5.688487, 47.152655], [5.616628, 47.143419], [5.585378, 47.135606], [5.57073, 47.126654], [5.549571, 47.104071], [5.536876, 47.094672], [5.520925, 47.092597], [5.500011, 47.092231], [5.485525, 47.087958], [5.489187, 47.074164], [5.481212, 47.067898], [5.459158, 47.055854], [5.450857, 47.053738], [5.452647, 47.052517], [5.452891, 47.04914], [5.451915, 47.044379], [5.44988, 47.038642], [5.446788, 47.03266], [5.443126, 47.026964], [5.438731, 47.022284], [5.433849, 47.018907], [5.441335, 47.012763], [5.416433, 47.012803], [5.390636, 47.00788], [5.376231, 46.993232], [5.385997, 46.964301], [5.375906, 46.957384], [5.369314, 46.933132], [5.358165, 46.923367], [5.348399, 46.929389], [5.337901, 46.931423], [5.327566, 46.929389], [5.3178, 46.923367], [5.296072, 46.935004], [5.263357, 46.937812], [5.230479, 46.931667], [5.208507, 46.916531], [5.206472, 46.92475], [5.202322, 46.930121], [5.1963, 46.933865], [5.187999, 46.937038], [5.173025, 46.931464], [5.167654, 46.930772], [5.163341, 46.933132], [5.158214, 46.937567], [5.154307, 46.941962], [5.153982, 46.943874], [5.131277, 46.943223], [5.115733, 46.937323], [5.076345, 46.905382], [5.062511, 46.900824], [5.047781, 46.900743], [5.013357, 46.904324], [4.993419, 46.904079], [4.97283, 46.899848], [4.9546, 46.889228], [4.96754, 46.873847], [4.964285, 46.853135], [4.951101, 46.83336]]}}, {"type": "Feature", "properties": {"dissolve": "870River", "scalerank": 8.0, "featurecla": "River", "name": "Severn", "name_alt": null, "rivernum": 870, "note": "Version 1.2 edit in N. America and Europe", "min_zoom": 7.0, "name_en": "Severn", "min_label": 8.0}, "bbox": [-3.690745, 51.777777, -2.15331, 52.746772], "geometry": {"type": "LineString", "coordinates": [[-3.690745, 52.528998], [-3.663645, 52.524766], [-3.644846, 52.518663], [-3.630849, 52.498155], [-3.612782, 52.484971], [-3.586822, 52.473497], [-3.560862, 52.465928], [-3.543691, 52.464138], [-3.509999, 52.452338], [-3.48705, 52.452338], [-3.464833, 52.455146], [-3.445627, 52.465399], [-3.437571, 52.476101], [-3.427642, 52.500067], [-3.421091, 52.510688], [-3.410227, 52.519151], [-3.397288, 52.524359], [-3.369618, 52.528591], [-3.277821, 52.526435], [-3.248118, 52.534044], [-3.22761, 52.544989], [-3.190745, 52.573676], [-3.156077, 52.610053], [-3.073557, 52.727118], [-3.056386, 52.740546], [-3.049224, 52.743964], [-3.045562, 52.745225], [-3.0419, 52.746121], [-3.02831, 52.746772], [-2.96996, 52.74079], [-2.927724, 52.740994], [-2.913075, 52.738634], [-2.884755, 52.730902], [-2.870513, 52.728542], [-2.850657, 52.730292], [-2.81135, 52.741034], [-2.791331, 52.742255], [-2.789784, 52.739122], [-2.790028, 52.725613], [-2.788157, 52.721381], [-2.777537, 52.718817], [-2.744618, 52.721788], [-2.727528, 52.718573], [-2.720286, 52.714057], [-2.716624, 52.707465], [-2.70995, 52.69831], [-2.661855, 52.65705], [-2.632558, 52.639757], [-2.606638, 52.633246], [-2.514475, 52.64765], [-2.482493, 52.641303], [-2.465077, 52.628689], [-2.45344, 52.609809], [-2.438873, 52.566107], [-2.437245, 52.555243], [-2.437082, 52.532904], [-2.434153, 52.52204], [-2.373362, 52.429958], [-2.345774, 52.398301], [-2.304026, 52.362982], [-2.286936, 52.341579], [-2.27656, 52.331], [-2.272043, 52.321967], [-2.271474, 52.315985], [-2.272532, 52.299994], [-2.271392, 52.291815], [-2.265452, 52.278184], [-2.250885, 52.253119], [-2.244944, 52.237331], [-2.241038, 52.207221], [-2.238596, 52.199897], [-2.232004, 52.186591], [-2.229482, 52.179267], [-2.228505, 52.160468], [-2.235748, 52.124294], [-2.236562, 52.107611], [-2.23176, 52.094835], [-2.188954, 52.021348], [-2.178131, 52.008857], [-2.155019, 51.991767], [-2.15331, 51.990261], [-2.220204, 51.92947], [-2.252675, 51.910427], [-2.260976, 51.901923], [-2.254709, 51.885932], [-2.254221, 51.880479], [-2.257883, 51.873887], [-2.26358, 51.867621], [-2.291005, 51.845038], [-2.299387, 51.843573], [-2.30842, 51.845771], [-2.325673, 51.845526], [-2.338368, 51.840928], [-2.344228, 51.833564], [-2.347727, 51.824164], [-2.353017, 51.813788], [-2.362375, 51.804511], [-2.384104, 51.78852], [-2.391347, 51.777777]]}}, {"type": "Feature", "properties": {"dissolve": "944River", "scalerank": 8.0, "featurecla": "River", "name": "Ticino", "name_alt": null, "rivernum": 944, "note": null, "min_zoom": 7.0, "name_en": "Ticino", "min_label": 8.0}, "bbox": [8.620535, 45.14057, 9.224132, 45.726386], "geometry": {"type": "LineString", "coordinates": [[8.620535, 45.726386], [8.642507, 45.721503], [8.649669, 45.713487], [8.648448, 45.685167], [8.653087, 45.677761], [8.672537, 45.670681], [8.679942, 45.662299], [8.682546, 45.648017], [8.678722, 45.639757], [8.674246, 45.632392], [8.674083, 45.620307], [8.677745, 45.615587], [8.692638, 45.6046], [8.69752, 45.599799], [8.699229, 45.593451], [8.698253, 45.581], [8.700694, 45.575385], [8.708181, 45.562445], [8.720225, 45.51911], [8.727306, 45.509833], [8.73699, 45.504991], [8.758067, 45.497626], [8.778575, 45.481065], [8.815929, 45.421902], [8.864757, 45.35932], [8.940603, 45.304226], [8.990245, 45.257758], [9.027843, 45.232245], [9.067393, 45.211615], [9.172374, 45.178005], [9.205821, 45.162177], [9.224132, 45.14057]]}}, {"type": "Feature", "properties": {"dissolve": "953River", "scalerank": 8.0, "featurecla": "River", "name": "Caledonian Canal", "name_alt": null, "rivernum": 953, "note": null, "min_zoom": 7.0, "name_en": "Caledonian Canal", "min_label": 8.0}, "bbox": [-5.119781, 56.818427, -4.968984, 56.928168], "geometry": {"type": "LineString", "coordinates": [[-4.968984, 56.928168], [-4.985829, 56.911892], [-5.028147, 56.889838], [-5.10733, 56.833564], [-5.119781, 56.818427]]}}, {"type": "Feature", "properties": {"dissolve": "968River", "scalerank": 8.0, "featurecla": "River", "name": "Sane", "name_alt": null, "rivernum": 968, "note": null, "min_zoom": 7.0, "name_en": "Sane", "min_label": 8.0}, "bbox": [4.746755, 45.751532, 4.968272, 46.83336], "geometry": {"type": "LineString", "coordinates": [[4.951101, 46.83336], [4.934255, 46.820909], [4.91741, 46.811794], [4.908458, 46.808173], [4.881114, 46.80626], [4.87672, 46.803656], [4.873546, 46.796658], [4.861827, 46.783067], [4.865733, 46.771186], [4.88502, 46.753933], [4.908132, 46.738308], [4.944591, 46.724189], [4.959158, 46.705634], [4.967052, 46.681016], [4.968272, 46.655829], [4.964041, 46.630968], [4.956065, 46.603949], [4.945567, 46.578925], [4.934255, 46.560248], [4.939626, 46.542263], [4.942312, 46.516913], [4.939952, 46.49433], [4.920339, 46.475124], [4.906261, 46.409451], [4.897878, 46.396023], [4.886404, 46.38288], [4.876475, 46.368354], [4.867117, 46.331732], [4.855398, 46.314805], [4.830577, 46.286566], [4.812266, 46.250434], [4.805675, 46.229112], [4.802175, 46.201728], [4.797537, 46.184027], [4.796316, 46.159125], [4.794607, 46.151435], [4.790212, 46.141913], [4.774181, 46.118109], [4.769054, 46.107774], [4.7588, 46.077012], [4.749034, 46.059434], [4.749685, 46.040473], [4.753917, 46.019965], [4.755382, 45.997911], [4.746755, 45.96662], [4.748546, 45.956895], [4.757335, 45.951361], [4.784434, 45.94477], [4.790212, 45.940212], [4.794363, 45.93122], [4.812673, 45.922675], [4.820079, 45.906562], [4.838064, 45.888699], [4.839122, 45.878974], [4.838064, 45.854519], [4.841238, 45.846625], [4.849376, 45.832465], [4.851003, 45.823188], [4.84905, 45.813666], [4.840017, 45.799994], [4.838064, 45.789008], [4.837413, 45.777167], [4.836111, 45.768581], [4.830577, 45.751532]]}}, {"type": "Feature", "properties": {"dissolve": "970River", "scalerank": 8.0, "featurecla": "River", "name": "Maas", "name_alt": "Meuse", "rivernum": 970, "note": "Changed in 2.0", "min_zoom": 7.0, "name_en": "Maas", "min_label": 8.0}, "bbox": [4.177175, 50.768117, 6.181163, 51.834906], "geometry": {"type": "MultiLineString", "coordinates": [[[5.69093, 50.768117], [5.698253, 50.784003], [5.704112, 50.82453], [5.700369, 50.864285], [5.681407, 50.884589], [5.687918, 50.88935], [5.701427, 50.905056], [5.705496, 50.906846], [5.717052, 50.909491], [5.721853, 50.911933], [5.73463, 50.924262], [5.751964, 50.947537], [5.763438, 50.959662], [5.753835, 50.963324], [5.74407, 50.963487], [5.721853, 50.959662], [5.76116, 50.999457], [5.77711, 51.023871], [5.763438, 51.035427], [5.765798, 51.048651], [5.770925, 51.058417], [5.779063, 51.061591], [5.790701, 51.055284], [5.798269, 51.061713], [5.803884, 51.068874], [5.81129, 51.082587], [5.808523, 51.086615], [5.806895, 51.089667], [5.804454, 51.096869], [5.815359, 51.096137], [5.826101, 51.097195], [5.836192, 51.099799], [5.845388, 51.103705], [5.822765, 51.119086], [5.825857, 51.130439], [5.85963, 51.151475], [5.874766, 51.152655], [5.8838, 51.159003], [5.890636, 51.166775], [5.899343, 51.171942], [5.916515, 51.171495], [5.932791, 51.167019], [5.9463, 51.166693], [5.9546, 51.178778], [5.94573, 51.180772], [5.941661, 51.183539], [5.938975, 51.187323], [5.934093, 51.19245], [5.953787, 51.192003], [5.969005, 51.193386], [5.979015, 51.200303], [5.982595, 51.216986], [5.990164, 51.228949], [6.005382, 51.239366], [6.015636, 51.249701], [6.009207, 51.261339], [6.009207, 51.267605], [6.031016, 51.270209], [6.064708, 51.295966], [6.100515, 51.308865], [6.113048, 51.324408], [6.122813, 51.342719], [6.133311, 51.35753], [6.142507, 51.362657], [6.152843, 51.366075], [6.161876, 51.371853], [6.167491, 51.384223], [6.166026, 51.391791], [6.155772, 51.406806], [6.15325, 51.415595], [6.156749, 51.431098], [6.17449, 51.463935], [6.181163, 51.480414], [6.180105, 51.481147], [6.180349, 51.503282], [6.181163, 51.508368], [6.172293, 51.512722], [6.145763, 51.518622], [6.14031, 51.525092], [6.132579, 51.543972], [6.114024, 51.553412], [6.0713, 51.563015], [6.059255, 51.567328], [6.053396, 51.570258], [6.049327, 51.57449], [6.043386, 51.582831], [6.031016, 51.612616], [6.027029, 51.617011], [6.025808, 51.620551], [6.006114, 51.641181], [5.997081, 51.646796], [5.987071, 51.650662], [5.982107, 51.655829], [5.988699, 51.665391], [5.973155, 51.676215], [5.959727, 51.712266], [5.944347, 51.720038], [5.903982, 51.722602], [5.888113, 51.728868], [5.879405, 51.741156], [5.882498, 51.753201], [5.862559, 51.759304], [5.759776, 51.762478], [5.689952, 51.792589], [5.670584, 51.795722], [5.661143, 51.800116], [5.648855, 51.819363], [5.642996, 51.823676], [5.598399, 51.829901], [5.534434, 51.823798], [5.519786, 51.826768], [5.500743, 51.834906], [5.481375, 51.830105], [5.461681, 51.82099], [5.441335, 51.81623], [5.40089, 51.818142], [5.38087, 51.81155], [5.372488, 51.79206], [5.367361, 51.775255], [5.354421, 51.762478], [5.336925, 51.753241], [5.3178, 51.747341], [5.118826, 51.733669], [5.089041, 51.731553], [5.071462, 51.722195], [5.060802, 51.720038], [4.903494, 51.719672], [4.878917, 51.726874], [4.866466, 51.7213], [4.840831, 51.717719], [4.826671, 51.713813]], [[4.177175, 51.686021], [4.19158, 51.679999], [4.217703, 51.664415], [4.250824, 51.653835], [4.280203, 51.64822], [4.333669, 51.656887], [4.372732, 51.67357], [4.403168, 51.708279], [4.506521, 51.695217], [4.544851, 51.69595], [4.5796, 51.702501], [4.620779, 51.714748], [4.643972, 51.719102], [4.675548, 51.719387], [4.740164, 51.72545], [4.762218, 51.725369], [4.811697, 51.712755], [4.830577, 51.712266]]]}}, {"type": "Feature", "properties": {"dissolve": "724River", "scalerank": 8.0, "featurecla": "River", "name": "Maas", "name_alt": "Maas", "rivernum": 724, "note": null, "min_zoom": 7.0, "name_en": "Maas", "min_label": 8.0}, "bbox": [4.701427, 49.767361, 4.707693, 49.767361], "geometry": {"type": "LineString", "coordinates": [[4.707693, 49.767361], [4.701427, 49.767361]]}}, {"type": "Feature", "properties": {"dissolve": "724River", "scalerank": 8.0, "featurecla": "River", "name": "Maas", "name_alt": "Maas", "rivernum": 724, "note": null, "min_zoom": 7.0, "name_en": "Maas", "min_label": 8.0}, "bbox": [4.625743, 47.999783, 5.729259, 50.768117], "geometry": {"type": "LineString", "coordinates": [[5.605235, 48.001329], [5.581309, 47.999783], [5.56129, 48.001003], [5.546886, 48.00613], [5.536876, 48.005886], [5.529959, 48.026394], [5.557302, 48.156684], [5.574962, 48.192939], [5.593679, 48.214789], [5.619395, 48.252875], [5.625255, 48.256619], [5.629405, 48.256659], [5.632091, 48.259101], [5.633067, 48.269884], [5.636648, 48.272773], [5.644542, 48.274115], [5.653738, 48.274197], [5.660411, 48.273383], [5.660085, 48.30976], [5.691661, 48.379828], [5.674001, 48.403673], [5.677419, 48.413682], [5.684581, 48.451483], [5.694998, 48.453966], [5.702322, 48.460639], [5.706716, 48.470526], [5.708263, 48.482489], [5.711355, 48.492214], [5.725597, 48.512803], [5.729259, 48.519802], [5.72877, 48.530707], [5.725597, 48.53795], [5.720714, 48.537787], [5.715587, 48.526638], [5.708263, 48.526638], [5.704519, 48.53852], [5.69752, 48.547471], [5.687266, 48.553005], [5.674001, 48.554511], [5.674001, 48.560736], [5.686941, 48.569281], [5.687185, 48.584296], [5.682628, 48.601345], [5.681407, 48.615912], [5.690196, 48.626736], [5.702078, 48.635565], [5.705089, 48.644965], [5.687673, 48.657538], [5.71575, 48.664578], [5.727794, 48.671454], [5.725597, 48.681464], [5.709402, 48.701036], [5.700857, 48.708319], [5.687673, 48.712185], [5.675955, 48.71072], [5.653087, 48.700873], [5.642996, 48.698554], [5.633311, 48.70307], [5.632823, 48.712917], [5.640147, 48.722357], [5.653575, 48.725857], [5.653575, 48.733222], [5.643809, 48.741563], [5.63738, 48.74494], [5.629649, 48.746365], [5.622081, 48.749823], [5.619314, 48.757839], [5.617198, 48.767117], [5.61199, 48.774237], [5.590099, 48.779608], [5.58839, 48.780463], [5.576589, 48.78266], [5.57545, 48.788194], [5.577403, 48.795925], [5.574718, 48.804389], [5.567556, 48.807685], [5.55071, 48.805935], [5.543712, 48.807807], [5.539806, 48.81448], [5.535818, 48.832099], [5.533458, 48.83572], [5.517751, 48.839667], [5.520193, 48.848456], [5.533458, 48.857611], [5.550548, 48.862372], [5.536794, 48.872382], [5.525401, 48.873236], [5.512706, 48.870551], [5.49586, 48.869818], [5.503917, 48.879177], [5.517996, 48.886908], [5.531016, 48.892035], [5.536876, 48.893419], [5.533132, 48.909491], [5.524181, 48.915961], [5.512706, 48.920681], [5.502126, 48.93126], [5.500987, 48.940863], [5.507253, 48.961859], [5.50587, 48.968817], [5.424246, 49.024278], [5.416759, 49.027533], [5.41212, 49.034532], [5.413829, 49.050238], [5.420177, 49.074652], [5.410574, 49.132595], [5.403087, 49.140163], [5.379324, 49.150987], [5.386729, 49.166938], [5.378184, 49.174262], [5.365001, 49.177517], [5.358165, 49.181423], [5.360037, 49.190985], [5.372488, 49.219306], [5.318858, 49.221259], [5.304128, 49.22545], [5.297374, 49.236151], [5.308604, 49.243516], [5.337576, 49.253445], [5.286306, 49.290961], [5.263845, 49.313259], [5.263194, 49.329169], [5.247488, 49.334744], [5.212901, 49.338813], [5.198009, 49.345893], [5.190196, 49.357733], [5.185802, 49.388536], [5.180593, 49.404242], [5.191091, 49.406073], [5.19752, 49.410509], [5.200694, 49.417792], [5.201671, 49.427802], [5.199474, 49.433458], [5.190196, 49.442694], [5.187999, 49.448594], [5.188975, 49.454372], [5.191173, 49.457343], [5.19337, 49.459418], [5.194265, 49.462266], [5.195079, 49.468573], [5.196462, 49.472724], [5.196707, 49.477607], [5.194265, 49.486151], [5.16505, 49.539496], [5.157481, 49.547227], [5.145274, 49.548774], [5.10491, 49.547309], [5.098643, 49.548204], [5.09547, 49.551622], [5.091482, 49.557563], [5.083995, 49.562323], [5.07073, 49.561876], [5.07073, 49.568142], [5.090099, 49.578721], [5.099294, 49.591132], [5.095958, 49.604071], [5.078136, 49.616523], [4.958425, 49.673896], [4.94044, 49.685411], [4.926768, 49.712714], [4.906261, 49.739366], [4.89446, 49.737413], [4.89324, 49.731553], [4.89503, 49.722968], [4.892589, 49.712714], [4.895274, 49.71369], [4.897878, 49.710476], [4.897472, 49.704861], [4.892589, 49.698432], [4.888601, 49.697374], [4.872081, 49.698432], [4.830333, 49.694688], [4.806163, 49.695136], [4.790212, 49.698432], [4.778982, 49.708116], [4.779307, 49.716132], [4.783132, 49.723904], [4.782725, 49.732611], [4.776378, 49.744167], [4.772472, 49.748399], [4.755382, 49.75373], [4.735525, 49.757514], [4.69158, 49.759874], [4.673513, 49.767361], [4.683279, 49.77265], [4.692556, 49.774115], [4.700857, 49.772244], [4.707693, 49.767361], [4.735606, 49.767361], [4.721365, 49.781033], [4.730724, 49.782172], [4.739675, 49.781806], [4.747813, 49.782782], [4.755382, 49.787869], [4.75408, 49.80268], [4.749278, 49.811794], [4.745779, 49.821112], [4.748546, 49.836249], [4.754161, 49.844916], [4.762136, 49.848171], [4.771902, 49.846991], [4.782725, 49.842393], [4.775401, 49.854193], [4.763682, 49.861192], [4.735606, 49.869737], [4.740245, 49.876044], [4.741384, 49.880886], [4.737722, 49.885443], [4.72877, 49.890896], [4.718923, 49.878241], [4.710216, 49.88349], [4.703868, 49.898464], [4.701427, 49.914822], [4.695567, 49.915595], [4.683523, 49.913886], [4.673513, 49.918524], [4.673513, 49.938666], [4.666677, 49.938666], [4.659434, 49.926866], [4.651134, 49.928575], [4.640391, 49.935329], [4.625743, 49.938666], [4.625743, 49.944892], [4.642019, 49.946601], [4.654226, 49.954617], [4.660818, 49.966417], [4.659841, 49.9796], [4.667247, 49.983832], [4.675792, 49.985785], [4.698009, 49.986436], [4.712413, 49.989447], [4.713552, 49.995632], [4.707774, 50.000556], [4.701427, 50.000067], [4.701834, 50.002224], [4.707205, 50.014228], [4.711681, 50.015692], [4.718761, 50.014228], [4.725759, 50.013739], [4.72877, 50.017768], [4.729259, 50.079901], [4.731212, 50.086453], [4.742442, 50.0963], [4.774669, 50.113837], [4.779307, 50.117377], [4.788829, 50.113552], [4.792247, 50.097927], [4.803233, 50.0963], [4.813894, 50.101426], [4.815196, 50.109483], [4.810476, 50.117784], [4.803233, 50.123603], [4.803233, 50.130439], [4.833018, 50.144355], [4.84547, 50.153998], [4.834239, 50.158393], [4.829845, 50.166938], [4.830577, 50.212429], [4.843028, 50.213162], [4.85906, 50.206366], [4.873057, 50.203559], [4.878917, 50.216132], [4.884288, 50.219184], [4.895274, 50.220567], [4.904063, 50.22309], [4.90325, 50.229438], [4.899425, 50.238837], [4.905772, 50.244452], [4.916759, 50.246772], [4.926768, 50.246527], [4.914724, 50.276801], [4.909679, 50.281277], [4.90211, 50.284491], [4.902761, 50.292344], [4.906016, 50.301581], [4.906261, 50.30919], [4.89796, 50.320258], [4.884776, 50.333848], [4.870291, 50.345486], [4.858409, 50.350165], [4.870372, 50.353705], [4.874522, 50.359198], [4.875743, 50.366889], [4.878917, 50.376899], [4.880138, 50.383002], [4.879893, 50.389919], [4.881847, 50.398139], [4.889171, 50.40823], [4.890147, 50.421454], [4.877696, 50.435004], [4.868419, 50.449571], [4.878917, 50.466254], [4.894786, 50.47248], [4.957774, 50.486762], [4.968516, 50.484687], [4.987722, 50.475694], [4.999034, 50.4737], [5.0088, 50.476142], [5.013927, 50.481879], [5.017507, 50.488471], [5.02296, 50.493516], [5.04241, 50.499579], [5.108328, 50.501003], [5.129405, 50.50491], [5.174327, 50.52265], [5.194265, 50.527655], [5.216238, 50.526923], [5.231375, 50.524115], [5.244151, 50.525702], [5.259776, 50.538275], [5.267833, 50.541856], [5.280528, 50.543158], [5.292979, 50.542019], [5.310557, 50.532823], [5.32073, 50.535712], [5.337576, 50.548163], [5.384939, 50.575141], [5.413259, 50.58515], [5.462169, 50.592475], [5.490408, 50.60696], [5.499034, 50.610216], [5.56072, 50.610216], [5.571462, 50.615749], [5.578543, 50.628363], [5.584402, 50.642198], [5.591563, 50.651882], [5.599132, 50.654568], [5.617931, 50.656073], [5.626231, 50.658026], [5.634776, 50.663275], [5.638927, 50.668402], [5.641612, 50.673529], [5.646169, 50.678534], [5.665945, 50.693427], [5.688162, 50.713975], [5.699636, 50.735785], [5.687673, 50.754218], [5.687673, 50.761054], [5.69093, 50.768117]]}}, {"type": "Feature", "properties": {"dissolve": "79000River", "scalerank": 6.0, "featurecla": "River", "name": "Ariège", "name_alt": null, "rivernum": 79000, "note": "Changed in 2.0", "min_zoom": 5.0, "name_en": "Ariège", "min_label": 6.0}, "bbox": [1.401378, 42.62698, 1.836925, 43.517646], "geometry": {"type": "LineString", "coordinates": [[1.5951789619660621, 43.0], [1.606944, 43.034125], [1.619395, 43.053249], [1.616873, 43.071397], [1.59669, 43.113593], [1.595958, 43.118842], [1.596934, 43.128974], [1.59669, 43.13406], [1.595144, 43.139716], [1.590587, 43.148708], [1.589285, 43.154486], [1.591563, 43.166287], [1.59669, 43.179714], [1.598806, 43.193427], [1.587576, 43.215684], [1.583995, 43.237901], [1.579763, 43.247016], [1.533621, 43.313544], [1.524669, 43.322089], [1.495291, 43.344184], [1.45281, 43.39411], [1.447927, 43.404853], [1.440359, 43.43004], [1.435476, 43.438788], [1.422862, 43.454291], [1.409597, 43.476752], [1.401378, 43.499864], [1.404307, 43.517646]]}}, {"type": "Feature", "properties": {"dissolve": "303River", "scalerank": 6.0, "featurecla": "River", "name": "Garonne", "name_alt": null, "rivernum": 303, "note": "Changed in 2.0", "min_zoom": 5.0, "name_en": "Garonne", "min_label": 6.0}, "bbox": [-0.575754, 42.646104, 1.433767, 44.898017], "geometry": {"type": "LineString", "coordinates": [[0.6245429149090901, 43.0], [0.623953, 43.001329], [0.605886, 43.031521], [0.586192, 43.044867], [0.569998, 43.049872], [0.559825, 43.059678], [0.558767, 43.071885], [0.564464, 43.082546], [0.578136, 43.090196], [0.616954, 43.100898], [0.636648, 43.110053], [0.661143, 43.115017], [0.72283, 43.104844], [0.758556, 43.110216], [0.827403, 43.104804], [0.86614, 43.106309], [0.904307, 43.121039], [0.941905, 43.149766], [0.987722, 43.181179], [1.104666, 43.22252], [1.152354, 43.252061], [1.184988, 43.279324], [1.226003, 43.305854], [1.24879, 43.32628], [1.287527, 43.371894], [1.300059, 43.396104], [1.333018, 43.478949], [1.348888, 43.494249], [1.404307, 43.517646], [1.433767, 43.554999], [1.408621, 43.624579], [1.329845, 43.737331], [1.325125, 43.74079], [1.312511, 43.747829], [1.308767, 43.751044], [1.304942, 43.759792], [1.301931, 43.775743], [1.298757, 43.78144], [1.271739, 43.801866], [1.259288, 43.814154], [1.254161, 43.828925], [1.249522, 43.834052], [1.219981, 43.880723], [1.18865, 43.920844], [1.178966, 43.929145], [1.178966, 43.945339], [1.166677, 43.968207], [1.148448, 43.988593], [1.130626, 43.997382], [1.104503, 44.006456], [1.085948, 44.027777], [1.070974, 44.05268], [1.055431, 44.072537], [1.036388, 44.081122], [1.028795, 44.082893], [1.004812, 44.088487], [0.97169, 44.09044], [0.925222, 44.076606], [0.888927, 44.081244], [0.852794, 44.090888], [0.8296, 44.09988], [0.818858, 44.107367], [0.798595, 44.126329], [0.788585, 44.133979], [0.774181, 44.139268], [0.742361, 44.145575], [0.703868, 44.162177], [0.643484, 44.164252], [0.617198, 44.175605], [0.599132, 44.196845], [0.587657, 44.214423], [0.571218, 44.226386], [0.418142, 44.250678], [0.360118, 44.251492], [0.333181, 44.259955], [0.321788, 44.281684], [0.325369, 44.311143], [0.32488, 44.324164], [0.318777, 44.33629], [0.305675, 44.353827], [0.294444, 44.374213], [0.293224, 44.381049], [0.296153, 44.393866], [0.294444, 44.401475], [0.291433, 44.403103], [0.274669, 44.408962], [0.260916, 44.418565], [0.25294, 44.421983], [0.245291, 44.42296], [0.229503, 44.421983], [0.22283, 44.425401], [0.200938, 44.44538], [0.136892, 44.484076], [0.128429, 44.500312], [0.12379, 44.504503], [0.117198, 44.505235], [0.102143, 44.503241], [0.095876, 44.504503], [0.075369, 44.518744], [0.073822, 44.523017], [0.074148, 44.529731], [0.072439, 44.535956], [0.064871, 44.538642], [0.041677, 44.533271], [0.031668, 44.535427], [0.02768, 44.548896], [0.0206, 44.556993], [-0.027659, 44.565985], [-0.036122, 44.582587], [-0.041331, 44.586493], [-0.051259, 44.586941], [-0.060129, 44.58454], [-0.068105, 44.581366], [-0.07551, 44.579657], [-0.133494, 44.579657], [-0.229482, 44.568061], [-0.260325, 44.573432], [-0.284332, 44.587999], [-0.371816, 44.690985], [-0.38386, 44.699774], [-0.433827, 44.717393], [-0.500315, 44.758368], [-0.520009, 44.778266], [-0.527903, 44.809638], [-0.534983, 44.823676], [-0.550608, 44.832587], [-0.566965, 44.839382], [-0.575754, 44.847195], [-0.573476, 44.861029], [-0.549631, 44.881944], [-0.541697, 44.898017]]}}, {"type": "Feature", "properties": {"dissolve": "178River", "scalerank": 5.0, "featurecla": "River", "name": "Loire", "name_alt": null, "rivernum": 178, "note": "Changed in 2.0", "min_zoom": 4.7, "name_en": "Loire", "min_label": 5.7}, "bbox": [-1.734527, 47.17402, 3.011145, 47.905626], "geometry": {"type": "LineString", "coordinates": [[3.011145, 47.17402], [2.992605, 47.203437], [2.987722, 47.221625], [2.985769, 47.240302], [2.980154, 47.256171], [2.97169, 47.269232], [2.960948, 47.279649], [2.933116, 47.300116], [2.903982, 47.312079], [2.895274, 47.317491], [2.880626, 47.333197], [2.878673, 47.345811], [2.885916, 47.358954], [2.92921, 47.419867], [2.933116, 47.433905], [2.929861, 47.453437], [2.921641, 47.467108], [2.877859, 47.519843], [2.843679, 47.543402], [2.837413, 47.55268], [2.79656, 47.58808], [2.765554, 47.602484], [2.754649, 47.609402], [2.741222, 47.62226], [2.740245, 47.626329], [2.741466, 47.63113], [2.741628, 47.634955], [2.737559, 47.636542], [2.733084, 47.637641], [2.720714, 47.643622], [2.717052, 47.64643], [2.710704, 47.653917], [2.706798, 47.657497], [2.458995, 47.765896], [2.425955, 47.773057], [2.368175, 47.770535], [2.350271, 47.773057], [2.344493, 47.777411], [2.339366, 47.784369], [2.332042, 47.790798], [2.319835, 47.793565], [2.30128, 47.794542], [2.294607, 47.796739], [2.288829, 47.801052], [2.288829, 47.807196], [2.298269, 47.820339], [2.248953, 47.836982], [2.247813, 47.855048], [2.232677, 47.859809], [2.141287, 47.865343], [2.099539, 47.876044], [2.075938, 47.875515], [2.066824, 47.87169], [2.058849, 47.866278], [2.050955, 47.862128], [2.041759, 47.862413], [2.036143, 47.868354], [2.030935, 47.886054], [2.024669, 47.889757], [2.005789, 47.891913], [1.975597, 47.901313], [1.883556, 47.905626], [1.867605, 47.90001], [1.852957, 47.888861], [1.835134, 47.880561], [1.730154, 47.853135], [1.720225, 47.845079], [1.714366, 47.836208], [1.672537, 47.793565], [1.663259, 47.789415], [1.655203, 47.788642], [1.646983, 47.786933], [1.637706, 47.779893], [1.617198, 47.742703], [1.611827, 47.738593], [1.588552, 47.73253], [1.583181, 47.72838], [1.582449, 47.714301], [1.5796, 47.707709], [1.524669, 47.674628], [1.504161, 47.666815], [1.459158, 47.660264], [1.438975, 47.651435], [1.3095, 47.572374], [1.281993, 47.546495], [1.258067, 47.513129], [1.242442, 47.498114], [1.223155, 47.491889], [1.201345, 47.489447], [0.905528, 47.400662], [0.822765, 47.402533], [0.785899, 47.408474], [0.707774, 47.408637], [0.545177, 47.381415], [0.507335, 47.368964], [0.493175, 47.36164], [0.479015, 47.351915], [0.455577, 47.331488], [0.442638, 47.325873], [0.408702, 47.324042], [0.394054, 47.317491], [0.373057, 47.303168], [0.210948, 47.24254], [0.122732, 47.236111], [0.096365, 47.230007], [0.075369, 47.218207], [0.01002, 47.247748], [-0.010243, 47.251654], [-0.032541, 47.253241], [-0.053049, 47.257676], [-0.071848, 47.264594], [-0.089101, 47.273383], [-0.144032, 47.314643], [-0.161122, 47.320624], [-0.180857, 47.324327], [-0.249664, 47.36225], [-0.267161, 47.383246], [-0.274241, 47.389106], [-0.291331, 47.400092], [-0.298573, 47.406277], [-0.313547, 47.412909], [-0.377105, 47.423651], [-0.399485, 47.423855], [-0.455963, 47.416815], [-0.51301, 47.423651], [-0.534739, 47.423651], [-0.609853, 47.413398], [-0.617747, 47.402533], [-0.63622, 47.39114], [-0.671946, 47.3758], [-0.687245, 47.372138], [-0.716868, 47.36994], [-0.731272, 47.370958], [-0.836415, 47.396308], [-0.881744, 47.400255], [-1.000885, 47.383246], [-1.128733, 47.381537], [-1.164784, 47.3758], [-1.223215, 47.351142], [-1.243886, 47.347927], [-1.286204, 47.345811], [-1.30427, 47.340928], [-1.46052, 47.253282], [-1.487864, 47.226182], [-1.500559, 47.218207], [-1.510691, 47.217108], [-1.531931, 47.218817], [-1.542144, 47.218207], [-1.548329, 47.215766], [-1.569407, 47.204535], [-1.588287, 47.199734], [-1.629954, 47.196072], [-1.651357, 47.197089], [-1.712148, 47.210476], [-1.734527, 47.210761]]}}, {"type": "Feature", "properties": {"dissolve": "219River", "scalerank": 6.0, "featurecla": "River", "name": "Po", "name_alt": null, "rivernum": 219, "note": "Version 4 edit", "min_zoom": 5.0, "name_en": "Po", "min_label": 6.0}, "bbox": [7.104074, 44.632423, 12.533865, 45.221747], "geometry": {"type": "MultiLineString", "coordinates": [[[7.647461, 44.839057], [7.614084, 44.82352], [7.564014, 44.811956], [7.553535, 44.796259], [7.52326, 44.783863], [7.498808, 44.768158], [7.479013, 44.751622], [7.451067, 44.739217], [7.448738, 44.721018], [7.45456, 44.707779], [7.451067, 44.685431], [7.444081, 44.658105], [7.42545, 44.638223], [7.40682, 44.632423], [7.381203, 44.633252], [7.353257, 44.639052], [7.332298, 44.652307], [7.300859, 44.668043], [7.274077, 44.682119], [7.248461, 44.686259], [7.217022, 44.683775], [7.192569, 44.687086], [7.192262, 44.687196], [7.166952, 44.696192], [7.141335, 44.701158], [7.104074, 44.701158]], [[7.647472, 44.839057], [7.650564, 44.848334], [7.651134, 44.860785], [7.658458, 44.867214], [7.6692, 44.882758], [7.683116, 44.914333], [7.683116, 44.921169], [7.67156, 44.928534], [7.672374, 44.938585], [7.68922, 44.962104], [7.690603, 44.960557], [7.694021, 44.959581], [7.697195, 44.961737], [7.697276, 44.96955], [7.683035, 44.992743], [7.670584, 45.007392], [7.667003, 45.031358], [7.666759, 45.057237], [7.668712, 45.073432], [7.683849, 45.098578], [7.704519, 45.109931], [7.727957, 45.117011], [7.751394, 45.129503], [7.755789, 45.137641], [7.75823, 45.148871], [7.761648, 45.158759], [7.768809, 45.163031], [7.790294, 45.166856], [7.805105, 45.175971], [7.827078, 45.197821], [7.871104, 45.220282], [7.906261, 45.219794], [7.939382, 45.209988], [7.977224, 45.204047], [8.063894, 45.218288], [8.141775, 45.210801], [8.206228, 45.221747], [8.215099, 45.215155], [8.271739, 45.221015], [8.290212, 45.218288], [8.299571, 45.211005], [8.306651, 45.202216], [8.316824, 45.19477], [8.33489, 45.191596], [8.34197, 45.189154], [8.364757, 45.176093], [8.375011, 45.174262], [8.382253, 45.170193], [8.387625, 45.165798], [8.3921, 45.163113], [8.454519, 45.15058], [8.489675, 45.148464], [8.511241, 45.155626], [8.521251, 45.150946], [8.555186, 45.143256], [8.569591, 45.142035], [8.573171, 45.136908], [8.607351, 45.107856], [8.632009, 45.060899], [8.645437, 45.041083], [8.668875, 45.024685], [8.68214, 45.031195], [8.693858, 45.030463], [8.712901, 45.024685], [8.750906, 45.024685], [8.773855, 45.027452], [8.833425, 45.053249], [8.857432, 45.060411], [8.928884, 45.073065], [8.955251, 45.073839], [8.966563, 45.075873], [8.971202, 45.083604], [8.977794, 45.088446], [8.992686, 45.087714], [9.008718, 45.083848], [9.018321, 45.079901], [9.025076, 45.086371], [9.032725, 45.086615], [9.042003, 45.085395], [9.052989, 45.087348], [9.060802, 45.092963], [9.069591, 45.105414], [9.076427, 45.107856], [9.099376, 45.10989], [9.118419, 45.114854], [9.166921, 45.135199], [9.185557, 45.139228], [9.224539, 45.140489], [9.305675, 45.128363], [9.326345, 45.121853], [9.364513, 45.10456], [9.384532, 45.10102], [9.470144, 45.10102], [9.49171, 45.103461], [9.500499, 45.102973], [9.511892, 45.10102], [9.531912, 45.08808], [9.541677, 45.085883], [9.545909, 45.097276], [9.543956, 45.106757], [9.540457, 45.115749], [9.538829, 45.12405], [9.542491, 45.131415], [9.552501, 45.134711], [9.561046, 45.128852], [9.573253, 45.114691], [9.590099, 45.112413], [9.602794, 45.118109], [9.614268, 45.125352], [9.628429, 45.128363], [9.64031, 45.125922], [9.641287, 45.121934], [9.637218, 45.11697], [9.634695, 45.111274], [9.63502, 45.098497], [9.636648, 45.093817], [9.648936, 45.087348], [9.681326, 45.075222], [9.722179, 45.07213], [9.752371, 45.081895], [9.751964, 45.107856], [9.754812, 45.10932], [9.756602, 45.109076], [9.757742, 45.109931], [9.75823, 45.114691], [9.764415, 45.114691], [9.774913, 45.101386], [9.811697, 45.08454], [9.819591, 45.076483], [9.824229, 45.068549], [9.833507, 45.068142], [9.840099, 45.073676], [9.836681, 45.083604], [9.830089, 45.096137], [9.838634, 45.098415], [9.880626, 45.091417], [9.895681, 45.091742], [9.899425, 45.098985], [9.884776, 45.117743], [9.882742, 45.133979], [9.903738, 45.138292], [9.923025, 45.12991], [9.915782, 45.107856], [9.986339, 45.128526], [9.997813, 45.124579], [10.002126, 45.119493], [10.021414, 45.109931], [10.025645, 45.104438], [10.028087, 45.096991], [10.046153, 45.065619], [10.071707, 45.037421], [10.104747, 45.035102], [10.142833, 45.043158], [10.18336, 45.046413], [10.223562, 45.038031], [10.326834, 44.991156], [10.350271, 44.983913], [10.365164, 44.984687], [10.378917, 44.988715], [10.398936, 44.991156], [10.413829, 44.984687], [10.429942, 44.951239], [10.44337, 44.93655], [10.477712, 44.923204], [10.521169, 44.916042], [10.565359, 44.915473], [10.601085, 44.922309], [10.632498, 44.939317], [10.663259, 44.965115], [10.685232, 44.993516], [10.69044, 45.018419], [10.685232, 45.024278], [10.676768, 45.028673], [10.669932, 45.03498], [10.669363, 45.046413], [10.674246, 45.049262], [10.700694, 45.059394], [10.786632, 45.046413], [10.817556, 45.045233], [10.826915, 45.046413], [10.837576, 45.050849], [10.854991, 45.063096], [10.864919, 45.065619], [10.874197, 45.063544], [10.884695, 45.059841], [10.895437, 45.058173], [10.905528, 45.062527], [10.913015, 45.07099], [10.915945, 45.075629], [10.92156, 45.078152], [10.936209, 45.079901], [10.948741, 45.07807], [10.961436, 45.07392], [10.973643, 45.072781], [10.98463, 45.079901], [11.040457, 45.056098], [11.063487, 45.053249], [11.080333, 45.05622], [11.120779, 45.068386], [11.128673, 45.069363], [11.149669, 45.058783], [11.272634, 45.059394], [11.272472, 45.033718], [11.304942, 45.012803], [11.388682, 44.973456], [11.405691, 44.972235], [11.418875, 44.966742], [11.424083, 44.946479], [11.431651, 44.937567], [11.449718, 44.937364], [11.488292, 44.943386], [11.509288, 44.94245], [11.524669, 44.939805], [11.553233, 44.929063], [11.606212, 44.898627], [11.622081, 44.894965], [11.640147, 44.898139], [11.653819, 44.905707], [11.677419, 44.922309], [11.718028, 44.931749], [11.735606, 44.938422], [11.73878, 44.94953], [11.747325, 44.95661], [11.756277, 44.961005], [11.767589, 44.963202], [11.783458, 44.963813], [11.787527, 44.96601], [11.793468, 44.975369], [11.79713, 44.977484], [11.8213, 44.977484], [11.869558, 44.985216], [11.902599, 44.985907], [11.917898, 44.983181], [11.931163, 44.977484], [11.968435, 44.982937], [12.052175, 44.979804], [12.088145, 44.991156], [12.088145, 44.997992], [12.079275, 45.000027], [12.072195, 45.00255], [12.066173, 45.006171], [12.060313, 45.011013], [12.060313, 45.018419], [12.075206, 45.020941], [12.125743, 45.021552], [12.141368, 45.030341], [12.156749, 45.03144], [12.184337, 45.024685], [12.2317, 45.007351], [12.242198, 45.004828], [12.279959, 44.972683], [12.2942, 44.963813], [12.324962, 44.957587], [12.445974, 44.955756], [12.533865, 44.970038]]]}}, {"type": "Feature", "properties": {"dissolve": "178River", "scalerank": 5.0, "featurecla": "River", "name": "Loire", "name_alt": null, "rivernum": 178, "note": "Changed in 4.0", "min_zoom": 4.7, "name_en": "Loire", "min_label": 5.7}, "bbox": [3.011145, 44.781643, 4.262543, 47.17402], "geometry": {"type": "MultiLineString", "coordinates": [[[3.078192, 46.985095], [3.071707, 46.998969], [3.071462, 47.015977], [3.074148, 47.034776], [3.070811, 47.053738], [3.061778, 47.06269], [3.04949, 47.066962], [3.037608, 47.073106], [3.029307, 47.087836], [3.028494, 47.10224], [3.030284, 47.116645], [3.029959, 47.131903], [3.021902, 47.149237], [3.015147, 47.16767], [3.011145, 47.17402]], [[4.190603, 44.827379], [4.18336, 44.800279], [4.172618, 44.782864], [4.148285, 44.781643], [4.108409, 44.793443], [4.067149, 44.814399], [4.012706, 44.851874], [3.938731, 44.877346], [3.923513, 44.894721], [3.919607, 44.913804], [3.908865, 44.944566], [3.916759, 44.966254], [3.908051, 44.976304], [3.895763, 44.986396], [3.889985, 44.996487], [3.894054, 45.00373], [3.9192, 45.013373], [3.92921, 45.027777], [3.92921, 45.046698], [3.907563, 45.078111], [3.906505, 45.090318], [3.908539, 45.101793], [3.903494, 45.125067], [3.917817, 45.138414], [3.926036, 45.154446], [3.930024, 45.17414], [3.92921, 45.190985], [3.937511, 45.203355], [3.963145, 45.212144], [3.99586, 45.215155], [4.021007, 45.213284], [4.049653, 45.218492], [4.091482, 45.238715], [4.124034, 45.265286], [4.130626, 45.285875], [4.12794, 45.303412], [4.137543, 45.322455], [4.154063, 45.336371], [4.178396, 45.346666], [4.200694, 45.380276], [4.221853, 45.399319], [4.240082, 45.422349], [4.246755, 45.451809], [4.247244, 45.477932], [4.252126, 45.505683], [4.248302, 45.525539], [4.247895, 45.5456], [4.262543, 45.569729], [4.238292, 45.598619], [4.235606, 45.611314], [4.237071, 45.623847], [4.232921, 45.638373], [4.222016, 45.652086], [4.197032, 45.67178], [4.198497, 45.681342], [4.203949, 45.694241], [4.202485, 45.728176], [4.205903, 45.754299], [4.190766, 45.785142], [4.185232, 45.814683], [4.164073, 45.828599], [4.133556, 45.867621], [4.112641, 45.879299], [4.10727, 45.889594], [4.094249, 45.905504], [4.04005, 45.942043], [4.027354, 45.961656], [4.028087, 45.980211], [4.033702, 45.996731], [4.051117, 46.016181], [4.103282, 46.06566], [4.105724, 46.078843], [4.098888, 46.091213], [4.099864, 46.142279], [4.093028, 46.173733], [4.076915, 46.201606], [4.035004, 46.241848], [4.021983, 46.266018], [4.018321, 46.286526], [4.021007, 46.297268], [4.019786, 46.309475], [4.016124, 46.316718], [4.000824, 46.32925], [4.001475, 46.332343], [4.001231, 46.335395], [4.000011, 46.337551], [3.99822, 46.339423], [3.995128, 46.341946], [3.991466, 46.345689], [3.988943, 46.349107], [3.987071, 46.352607], [3.986013, 46.356269], [3.986013, 46.360663], [3.987153, 46.36636], [3.987641, 46.370917], [3.986339, 46.374498], [3.984386, 46.377509], [3.981944, 46.380276], [3.979828, 46.383205], [3.979015, 46.38817], [3.979177, 46.394924], [3.98878, 46.422553], [3.989513, 46.427232], [3.989106, 46.431789], [3.986664, 46.436347], [3.984223, 46.439765], [3.982107, 46.443427], [3.980724, 46.448188], [3.980235, 46.455024], [3.97877, 46.462633], [3.976817, 46.466864], [3.974376, 46.469428], [3.971853, 46.470608], [3.958669, 46.475287], [3.946625, 46.481269], [3.936778, 46.484076], [3.906586, 46.487209], [3.878184, 46.492865], [3.873871, 46.494615], [3.870616, 46.496731], [3.866547, 46.501125], [3.864757, 46.502631], [3.849864, 46.509182], [3.839041, 46.518988], [3.834809, 46.521877], [3.830089, 46.522895], [3.82488, 46.523017], [3.809906, 46.521877], [3.805431, 46.523139], [3.802013, 46.525092], [3.799001, 46.527655], [3.795665, 46.529771], [3.790863, 46.531236], [3.780528, 46.533026], [3.776215, 46.534735], [3.767345, 46.540595], [3.764822, 46.541815], [3.748546, 46.545722], [3.740977, 46.549302], [3.738943, 46.552965], [3.739431, 46.556586], [3.743419, 46.563544], [3.74464, 46.567572], [3.745616, 46.593329], [3.742931, 46.610175], [3.740001, 46.615424], [3.736339, 46.618598], [3.724376, 46.622707], [3.707774, 46.63996], [3.70281, 46.651557], [3.698741, 46.657131], [3.693858, 46.660224], [3.688731, 46.66177], [3.684906, 46.663764], [3.673513, 46.673896], [3.670746, 46.676663], [3.657888, 46.68594], [3.655772, 46.69066], [3.652599, 46.701239], [3.649669, 46.707587], [3.624848, 46.739244], [3.620616, 46.754706], [3.610606, 46.760972], [3.599946, 46.761868], [3.537446, 46.800238], [3.465994, 46.835191], [3.431651, 46.843248], [3.365571, 46.842271], [3.34669, 46.848538], [3.331065, 46.860256], [3.309093, 46.87287], [3.286306, 46.890611], [3.251475, 46.940741], [3.229015, 46.962958], [3.20281, 46.978013], [3.176036, 46.986802], [3.153087, 46.986721], [3.120291, 46.972805], [3.101329, 46.969306], [3.084158, 46.972805], [3.078236, 46.985166]]]}}, {"type": "Feature", "properties": {"dissolve": "303Drau", "scalerank": 7.0, "featurecla": "River", "name": "Drau", "name_alt": "Drava", "rivernum": 303, "note": null, "min_zoom": 6.0, "name_en": "Drau", "min_label": 7.0}, "bbox": [12.294756, 46.301459, 16.87794, 46.838141], "geometry": {"type": "MultiLineString", "coordinates": [[[12.294756, 46.732691], [12.328974, 46.733743], [12.393685, 46.744494], [12.445318, 46.748554], [12.477583, 46.746004], [12.520699, 46.754558], [12.567387, 46.765102], [12.612903, 46.77321], [12.640034, 46.77926], [12.691868, 46.784192], [12.754777, 46.812616], [12.771917, 46.838137]], [[12.771917, 46.838141], [12.838308, 46.815985], [12.89503, 46.788601], [12.95696, 46.762722], [13.024913, 46.748318], [13.088308, 46.744412], [13.139415, 46.744005], [13.173839, 46.747423], [13.226329, 46.758816], [13.275076, 46.764757], [13.322683, 46.774197], [13.349132, 46.788601], [13.356375, 46.806423], [13.357188, 46.824083], [13.368582, 46.834499], [13.401134, 46.834662], [13.437999, 46.826036], [13.47877, 46.802843], [13.542003, 46.780382], [13.574148, 46.761827], [13.610606, 46.749376], [13.63502, 46.738145], [13.659353, 46.723171], [13.679942, 46.706895], [13.707042, 46.690538], [13.790294, 46.658474], [13.826345, 46.639106], [13.858897, 46.624783], [13.894216, 46.619981], [13.924978, 46.618516], [13.966563, 46.605089], [13.993175, 46.602566], [14.026052, 46.594672], [14.099132, 46.55447], [14.138927, 46.544745], [14.171804, 46.544949], [14.213308, 46.553249], [14.246104, 46.556423], [14.35906, 46.557156], [14.418386, 46.563829], [14.4699, 46.573839], [14.493093, 46.582872], [14.502208, 46.594509], [14.52003, 46.61046], [14.551443, 46.628607], [14.593272, 46.645453], [14.630138, 46.653347], [14.649425, 46.649726], [14.667166, 46.64289], [14.736827, 46.64529], [14.786876, 46.644477], [14.811046, 46.649197], [14.83196, 46.657742], [14.846121, 46.667182], [14.857432, 46.671332], [14.886974, 46.660997], [14.918712, 46.659125], [14.939382, 46.651801], [14.958507, 46.639024], [14.983409, 46.611599], [14.99879, 46.601426], [15.018809, 46.598741], [15.065929, 46.611029], [15.088878, 46.614773], [15.110037, 46.613145], [15.129649, 46.607774], [15.148204, 46.60578], [15.185476, 46.617947], [15.204356, 46.614773], [15.224783, 46.606716], [15.246837, 46.600938], [15.274181, 46.598578], [15.341563, 46.598944], [15.371837, 46.596218], [15.394705, 46.590359], [15.421886, 46.579413], [15.43336, 46.582872], [15.442393, 46.583035], [15.454031, 46.555772], [15.46575, 46.546902], [15.483572, 46.547431], [15.533946, 46.565009], [15.570079, 46.572333], [15.603689, 46.574246], [15.675059, 46.562771], [15.700206, 46.555243], [15.712657, 46.539984], [15.718272, 46.521918], [15.726573, 46.507636], [15.743419, 46.496934], [15.799571, 46.475613], [15.828868, 46.454535], [15.851003, 46.438422], [15.920339, 46.398546], [15.942312, 46.382595], [15.967214, 46.378241], [16.0, 46.386199667511285]]]}}]}